{
  "status": "success",
  "data": {
    "rtt_min_ms": {
      "min": 1.521,
      "average": 1.7265,
      "max": 1.932,
      "percentiles": {
        "p25": 1.41825,
        "p50": 1.7265,
        "p75": 2.03475
      }
    },
    "rtt_avg_ms": {
      "min": 20.265,
      "average": 26.833000000000002,
      "max": 33.401,
      "percentiles": {
        "p25": 16.981,
        "p50": 26.833000000000002,
        "p75": 36.685
      }
    },
    "rtt_max_ms": {
      "min": 188.647,
      "average": 252.2965,
      "max": 315.946,
      "percentiles": {
        "p25": 156.82224999999997,
        "p50": 252.2965,
        "p75": 347.77075
      }
    },
    "rtt_mdev_ms": {
      "min": 22.679,
      "average": 39.262,
      "max": 55.845,
      "percentiles": {
        "p25": 14.3875,
        "p50": 39.262,
        "p75": 64.13650000000001
      }
    },
    "packet_loss_percent": {
      "min": 0.0,
      "average": 33.333333333333336,
      "max": 100.0,
      "percentiles": {
        "p25": 0.0,
        "p50": 0.0,
        "p75": 100.0
      }
    }
  },
  "meta": {
    "duration_seconds": 62.033785343170166,
    "test_attempts": 1,
    "vpn_restart_attempts": 0,
    "vpn_restart_duration_seconds": 2.439995765686035,
    "connectivity_wait_duration_seconds": 71.45163345336914,
    "source": "yuki",
    "target": "luna"
  }
}
