{
  "status": "success",
  "data": {
    "rtt_min_ms": {
      "min": 0.84,
      "average": 0.8586666666666667,
      "max": 0.894,
      "percentiles": {
        "p25": 0.84,
        "p50": 0.842,
        "p75": 0.894
      }
    },
    "rtt_avg_ms": {
      "min": 1.077,
      "average": 1.1,
      "max": 1.131,
      "percentiles": {
        "p25": 1.077,
        "p50": 1.092,
        "p75": 1.131
      }
    },
    "rtt_max_ms": {
      "min": 1.169,
      "average": 1.1893333333333334,
      "max": 1.217,
      "percentiles": {
        "p25": 1.169,
        "p50": 1.182,
        "p75": 1.217
      }
    },
    "rtt_mdev_ms": {
      "min": 0.048,
      "average": 0.05433333333333333,
      "max": 0.059,
      "percentiles": {
        "p25": 0.048,
        "p50": 0.056,
        "p75": 0.059
      }
    },
    "packet_loss_percent": {
      "min": 0.0,
      "average": 0.0,
      "max": 0.0,
      "percentiles": {
        "p25": 0.0,
        "p50": 0.0,
        "p75": 0.0
      }
    }
  },
  "meta": {
    "duration_seconds": 60.67706656455994,
    "test_attempts": 1,
    "vpn_restart_attempts": 0,
    "vpn_restart_duration_seconds": 1.7824695110321045,
    "connectivity_wait_duration_seconds": 3.770430326461792,
    "source": "lom",
    "target": "yuki"
  }
}
