{
    "status": "success",
    "data": {
        "rtt_min_ms": {
            "min": 0.802,
            "average": 1.0736666666666668,
            "max": 1.236,
            "percentiles": {
                "p25": 0.802,
                "p50": 1.183,
                "p75": 1.236
            }
        },
        "rtt_avg_ms": {
            "min": 9.523,
            "average": 10.451333333333332,
            "max": 11.257,
            "percentiles": {
                "p25": 9.523,
                "p50": 10.574,
                "p75": 11.257
            }
        },
        "rtt_max_ms": {
            "min": 21.393,
            "average": 22.103,
            "max": 22.966,
            "percentiles": {
                "p25": 21.393,
                "p50": 21.95,
                "p75": 22.966
            }
        },
        "rtt_mdev_ms": {
            "min": 5.085,
            "average": 5.321666666666666,
            "max": 5.673,
            "percentiles": {
                "p25": 5.085,
                "p50": 5.207,
                "p75": 5.673
            }
        },
        "packet_loss_percent": {
            "min": 0.0,
            "average": 2.3333333333333335,
            "max": 4.0,
            "percentiles": {
                "p25": 0.0,
                "p50": 3.0,
                "p75": 4.0
            }
        }
    },
    "meta": {
        "duration_seconds": 61.34134244918823,
        "test_attempts": 1,
        "vpn_restart_attempts": 0,
        "vpn_restart_duration_seconds": 6.95647406578064,
        "connectivity_wait_duration_seconds": 2.5767414569854736,
        "source": "luna",
        "target": "lom"
    }
}