{
    "status": "success",
    "data": {
        "rtt_min_ms": {
            "min": 1.057,
            "average": 1.12,
            "max": 1.197,
            "percentiles": {
                "p25": 1.057,
                "p50": 1.106,
                "p75": 1.197
            }
        },
        "rtt_avg_ms": {
            "min": 9.331,
            "average": 9.877333333333333,
            "max": 10.584,
            "percentiles": {
                "p25": 9.331,
                "p50": 9.717,
                "p75": 10.584
            }
        },
        "rtt_max_ms": {
            "min": 21.698,
            "average": 22.054333333333332,
            "max": 22.364,
            "percentiles": {
                "p25": 21.698,
                "p50": 22.101,
                "p75": 22.364
            }
        },
        "rtt_mdev_ms": {
            "min": 5.448,
            "average": 5.728,
            "max": 6.135,
            "percentiles": {
                "p25": 5.448,
                "p50": 5.601,
                "p75": 6.135
            }
        },
        "packet_loss_percent": {
            "min": 0.0,
            "average": 1.0,
            "max": 2.0,
            "percentiles": {
                "p25": 0.0,
                "p50": 1.0,
                "p75": 2.0
            }
        }
    },
    "meta": {
        "duration_seconds": 61.345505237579346,
        "test_attempts": 1,
        "vpn_restart_attempts": 0,
        "vpn_restart_duration_seconds": 6.9961161613464355,
        "connectivity_wait_duration_seconds": 4.463560581207275,
        "source": "luna",
        "target": "lom"
    }
}