{
    "status": "success",
    "data": {
        "total_bandwidth_mbps": {
            "min": 37.138000000000005,
            "average": 38.864666666666665,
            "max": 40.326,
            "percentiles": {
                "p25": 38.304,
                "p50": 38.9615,
                "p75": 39.49
            }
        },
        "cpu_usage_percent": {
            "min": 0.0,
            "average": 3.050625,
            "max": 10.1,
            "percentiles": {
                "p25": 2.04,
                "p50": 3.03,
                "p75": 3.2525
            }
        },
        "ttfb_ms": {
            "min": 13.0,
            "average": 43.857142857142854,
            "max": 75.0,
            "percentiles": {
                "p25": 27.0,
                "p50": 38.0,
                "p75": 72.0
            }
        },
        "conn_time_ms": {
            "min": 9.0,
            "average": 37.0,
            "max": 63.0,
            "percentiles": {
                "p25": 22.0,
                "p50": 30.0,
                "p75": 61.0
            }
        }
    },
    "meta": {
        "duration_seconds": 31.936893939971924,
        "test_attempts": 1,
        "vpn_restart_attempts": 0,
        "vpn_restart_duration_seconds": 6.924468755722046,
        "connectivity_wait_duration_seconds": 4.091030836105347,
        "source": "luna",
        "target": "lom"
    }
}