{
    "status": "success",
    "data": {
        "encoding": {
            "bitrate_kbps": {
                "min": 3311.6,
                "average": 3349.2965517241378,
                "max": 3498.3,
                "percentiles": {
                    "p25": 3322.5,
                    "p50": 3336.4,
                    "p75": 3357.3500000000004
                }
            },
            "fps": {
                "min": 31.0,
                "average": 32.13793103448276,
                "max": 45.0,
                "percentiles": {
                    "p25": 31.0,
                    "p50": 31.0,
                    "p75": 32.0
                }
            },
            "dropped_frames": {
                "min": 15.0,
                "average": 15.0,
                "max": 15.0,
                "percentiles": {
                    "p25": 15.0,
                    "p50": 15.0,
                    "p75": 15.0
                }
            }
        },
        "network": {
            "packets_dropped": {
                "min": 0.0,
                "average": 0.0,
                "max": 0.0,
                "percentiles": {
                    "p25": 0.0,
                    "p50": 0.0,
                    "p75": 0.0
                }
            },
            "packets_recovered": {
                "min": 0.0,
                "average": 41.70967741935484,
                "max": 126.0,
                "percentiles": {
                    "p25": 27.0,
                    "p50": 40.0,
                    "p75": 51.0
                }
            },
            "rtt_ms": {
                "min": 5.0,
                "average": 11.637315996464489,
                "max": 15.460396523419156,
                "percentiles": {
                    "p25": 10.35136151802796,
                    "p50": 11.9508176954561,
                    "p75": 12.884884592826907
                }
            },
            "quality": {
                "min": 79.0,
                "average": 88.93548387096774,
                "max": 100.0,
                "percentiles": {
                    "p25": 85.0,
                    "p50": 89.0,
                    "p75": 92.0
                }
            },
            "bitrate_bps": {
                "min": 0.0,
                "average": 3155202.0967741935,
                "max": 5163776.0,
                "percentiles": {
                    "p25": 2860287.0,
                    "p50": 3556993.0,
                    "p75": 3619861.0
                }
            }
        }
    },
    "meta": {
        "duration_seconds": 31.62306499481201,
        "test_attempts": 1,
        "vpn_restart_attempts": 0,
        "vpn_restart_duration_seconds": 6.6551353931427,
        "connectivity_wait_duration_seconds": 2.681006669998169,
        "source": "luna",
        "target": "lom"
    }
}