{
  "status": "success",
  "data": {
    "rtt_min_ms": {
      "min": 1.515,
      "average": 2.3186666666666667,
      "max": 3.659,
      "percentiles": {
        "p25": 1.515,
        "p50": 1.782,
        "p75": 3.659
      }
    },
    "rtt_avg_ms": {
      "min": 28.595,
      "average": 34.32233333333333,
      "max": 40.577,
      "percentiles": {
        "p25": 28.595,
        "p50": 33.795,
        "p75": 40.577
      }
    },
    "rtt_max_ms": {
      "min": 222.044,
      "average": 248.82733333333334,
      "max": 284.418,
      "percentiles": {
        "p25": 222.044,
        "p50": 240.02,
        "p75": 284.418
      }
    },
    "rtt_mdev_ms": {
      "min": 28.376,
      "average": 40.70133333333334,
      "max": 56.826,
      "percentiles": {
        "p25": 28.376,
        "p50": 36.902,
        "p75": 56.826
      }
    },
    "packet_loss_percent": {
      "min": 0.0,
      "average": 0.0,
      "max": 0.0,
      "percentiles": {
        "p25": 0.0,
        "p50": 0.0,
        "p75": 0.0
      }
    }
  },
  "meta": {
    "duration_seconds": 61.21868324279785,
    "test_attempts": 1,
    "vpn_restart_attempts": 0,
    "vpn_restart_duration_seconds": 2.829390525817871,
    "connectivity_wait_duration_seconds": 3.3994712829589844,
    "source": "yuki",
    "target": "luna"
  }
}
