{
    "status": "success",
    "data": {
        "rtt_min_ms": {
            "min": 1.74,
            "average": 1.831,
            "max": 1.899,
            "percentiles": {
                "p25": 1.74,
                "p50": 1.854,
                "p75": 1.899
            }
        },
        "rtt_avg_ms": {
            "min": 19.819,
            "average": 22.211666666666666,
            "max": 24.881,
            "percentiles": {
                "p25": 19.819,
                "p50": 21.935,
                "p75": 24.881
            }
        },
        "rtt_max_ms": {
            "min": 91.742,
            "average": 111.34033333333333,
            "max": 136.56,
            "percentiles": {
                "p25": 91.742,
                "p50": 105.719,
                "p75": 136.56
            }
        },
        "rtt_mdev_ms": {
            "min": 19.661,
            "average": 20.709,
            "max": 22.417,
            "percentiles": {
                "p25": 19.661,
                "p50": 20.049,
                "p75": 22.417
            }
        },
        "packet_loss_percent": {
            "min": 0.0,
            "average": 0.0,
            "max": 0.0,
            "percentiles": {
                "p25": 0.0,
                "p50": 0.0,
                "p75": 0.0
            }
        }
    },
    "meta": {
        "duration_seconds": 60.98094582557678,
        "test_attempts": 1,
        "vpn_restart_attempts": 0,
        "vpn_restart_duration_seconds": 2.747797966003418,
        "connectivity_wait_duration_seconds": 2.6788723468780518,
        "source": "yuki",
        "target": "luna"
    }
}