{
    "status": "success",
    "data": {
        "rtt_min_ms": {
            "min": 0.835,
            "average": 1.2976666666666665,
            "max": 1.888,
            "percentiles": {
                "p25": 0.835,
                "p50": 1.17,
                "p75": 1.888
            }
        },
        "rtt_avg_ms": {
            "min": 16.874,
            "average": 19.504666666666665,
            "max": 22.631,
            "percentiles": {
                "p25": 16.874,
                "p50": 19.009,
                "p75": 22.631
            }
        },
        "rtt_max_ms": {
            "min": 76.458,
            "average": 100.19733333333333,
            "max": 120.47,
            "percentiles": {
                "p25": 76.458,
                "p50": 103.664,
                "p75": 120.47
            }
        },
        "rtt_mdev_ms": {
            "min": 13.8,
            "average": 17.952333333333332,
            "max": 24.063,
            "percentiles": {
                "p25": 13.8,
                "p50": 15.994,
                "p75": 24.063
            }
        },
        "packet_loss_percent": {
            "min": 0.0,
            "average": 0.0,
            "max": 0.0,
            "percentiles": {
                "p25": 0.0,
                "p50": 0.0,
                "p75": 0.0
            }
        }
    },
    "meta": {
        "duration_seconds": 60.86982011795044,
        "test_attempts": 1,
        "vpn_restart_attempts": 0,
        "vpn_restart_duration_seconds": 2.649834156036377,
        "connectivity_wait_duration_seconds": 2.9649202823638916,
        "source": "yuki",
        "target": "luna"
    }
}