{
    "status": "success",
    "data": {
        "total_bandwidth_mbps": {
            "min": 1.6669399999999999,
            "average": 2.071188,
            "max": 2.4622,
            "percentiles": {
                "p25": 1.9267750000000001,
                "p50": 2.112875,
                "p75": 2.198735
            }
        },
        "cpu_usage_percent": {
            "min": 0.0,
            "average": 1.250125,
            "max": 45.0,
            "percentiles": {
                "p25": 0.0,
                "p50": 1.0,
                "p75": 1.01
            }
        },
        "ttfb_ms": {
            "min": 114.0,
            "average": 315.375,
            "max": 555.0,
            "percentiles": {
                "p25": 160.25,
                "p50": 320.0,
                "p75": 437.75
            }
        },
        "conn_time_ms": {
            "min": 78.0,
            "average": 200.875,
            "max": 357.0,
            "percentiles": {
                "p25": 108.0,
                "p50": 201.0,
                "p75": 287.5
            }
        }
    },
    "meta": {
        "duration_seconds": 35.165196657180786,
        "test_attempts": 1,
        "vpn_restart_attempts": 0,
        "vpn_restart_duration_seconds": 2.8036975860595703,
        "connectivity_wait_duration_seconds": 3.123368740081787,
        "source": "yuki",
        "target": "luna"
    }
}