{
  "status": "success",
  "data": {
    "total_bandwidth_mbps": {
      "min": 1.54914,
      "average": 2.0623563333333332,
      "max": 2.4512,
      "percentiles": {
        "p25": 1.8997324999999998,
        "p50": 2.1081499999999997,
        "p75": 2.23795
      }
    },
    "cpu_usage_percent": {
      "min": 0.0,
      "average": 1.185375,
      "max": 65.66,
      "percentiles": {
        "p25": 0.0,
        "p50": 1.0,
        "p75": 1.0375
      }
    },
    "ttfb_ms": {
      "min": 107.0,
      "average": 312.25,
      "max": 535.0,
      "percentiles": {
        "p25": 146.25,
        "p50": 280.5,
        "p75": 484.5
      }
    },
    "conn_time_ms": {
      "min": 82.0,
      "average": 224.25,
      "max": 406.0,
      "percentiles": {
        "p25": 105.75,
        "p50": 187.0,
        "p75": 353.25
      }
    }
  },
  "meta": {
    "duration_seconds": 36.21737051010132,
    "test_attempts": 1,
    "vpn_restart_attempts": 0,
    "vpn_restart_duration_seconds": 2.7848010063171387,
    "connectivity_wait_duration_seconds": 2.373392105102539,
    "source": "yuki",
    "target": "luna"
  }
}
