{
    "status": "success",
    "data": {
        "bitrate_kbps": {
            "min": 1903.1,
            "average": 1987.7137931034483,
            "max": 2010.6,
            "percentiles": {
                "p25": 1981.4,
                "p50": 1989.3,
                "p75": 1997.3
            }
        },
        "fps": {
            "min": 31.0,
            "average": 32.13793103448276,
            "max": 45.0,
            "percentiles": {
                "p25": 31.0,
                "p50": 31.0,
                "p75": 32.0
            }
        },
        "dropped_frames": {
            "min": 15.0,
            "average": 15.0,
            "max": 15.0,
            "percentiles": {
                "p25": 15.0,
                "p50": 15.0,
                "p75": 15.0
            }
        }
    },
    "meta": {
        "duration_seconds": 31.783204078674316,
        "test_attempts": 1,
        "vpn_restart_attempts": 0,
        "vpn_restart_duration_seconds": 3.256248950958252,
        "connectivity_wait_duration_seconds": 2.7573628425598145,
        "source": "yuki",
        "target": "luna"
    }
}