{
    "status": "success",
    "data": {
        "rtt_min_ms": {
            "min": 27.499,
            "average": 27.551333333333332,
            "max": 27.582,
            "percentiles": {
                "p25": 27.499,
                "p50": 27.573,
                "p75": 27.582
            }
        },
        "rtt_avg_ms": {
            "min": 47.682,
            "average": 50.904333333333334,
            "max": 54.226,
            "percentiles": {
                "p25": 47.682,
                "p50": 50.805,
                "p75": 54.226
            }
        },
        "rtt_max_ms": {
            "min": 254.957,
            "average": 323.6553333333333,
            "max": 448.085,
            "percentiles": {
                "p25": 254.957,
                "p50": 267.924,
                "p75": 448.085
            }
        },
        "rtt_mdev_ms": {
            "min": 30.223,
            "average": 40.215,
            "max": 55.033,
            "percentiles": {
                "p25": 30.223,
                "p50": 35.389,
                "p75": 55.033
            }
        },
        "packet_loss_percent": {
            "min": 0.0,
            "average": 0.0,
            "max": 0.0,
            "percentiles": {
                "p25": 0.0,
                "p50": 0.0,
                "p75": 0.0
            }
        }
    },
    "meta": {
        "duration_seconds": 61.105674505233765,
        "test_attempts": 1,
        "vpn_restart_attempts": 0,
        "vpn_restart_duration_seconds": 2.3738088607788086,
        "connectivity_wait_duration_seconds": 10.60289978981018,
        "source": "lom",
        "target": "yuki"
    }
}