{
  "status": "success",
  "data": {
    "encoding": {
      "bitrate_kbps": {
        "min": 3303.8,
        "average": 3348.479310344828,
        "max": 3492.3,
        "percentiles": {
          "p25": 3323.2,
          "p50": 3337.1,
          "p75": 3357.1000000000004
        }
      },
      "fps": {
        "min": 31.0,
        "average": 32.13793103448276,
        "max": 45.0,
        "percentiles": {
          "p25": 31.0,
          "p50": 31.0,
          "p75": 32.0
        }
      },
      "dropped_frames": {
        "min": 15.0,
        "average": 15.0,
        "max": 15.0,
        "percentiles": {
          "p25": 15.0,
          "p50": 15.0,
          "p75": 15.0
        }
      }
    },
    "network": {
      "packets_dropped": {
        "min": 0.0,
        "average": 288.3225806451613,
        "max": 389.0,
        "percentiles": {
          "p25": 257.0,
          "p50": 315.0,
          "p75": 327.0
        }
      },
      "packets_recovered": {
        "min": 0.0,
        "average": 0.0967741935483871,
        "max": 1.0,
        "percentiles": {
          "p25": 0.0,
          "p50": 0.0,
          "p75": 0.0
        }
      },
      "rtt_ms": {
        "min": 4.9071674182828415,
        "average": 8.02132514788859,
        "max": 9.76638310026596,
        "percentiles": {
          "p25": 7.48710522688533,
          "p50": 8.020001317821533,
          "p75": 8.84375188447315
        }
      },
      "quality": {
        "min": 8.0,
        "average": 13.03225806451613,
        "max": 100.0,
        "percentiles": {
          "p25": 9.0,
          "p50": 9.0,
          "p75": 12.0
        }
      },
      "bitrate_bps": {
        "min": 0.0,
        "average": 150401.06451612903,
        "max": 248500.0,
        "percentiles": {
          "p25": 143507.0,
          "p50": 152718.0,
          "p75": 169136.0
        }
      }
    }
  },
  "meta": {
    "duration_seconds": 31.645731687545776,
    "test_attempts": 1,
    "vpn_restart_attempts": 0,
    "vpn_restart_duration_seconds": 6.561391592025757,
    "connectivity_wait_duration_seconds": 3.982665777206421,
    "source": "lom",
    "target": "yuki"
  }
}
