{
    "status": "success",
    "data": {
        "rtt_min_ms": {
            "min": 1.941,
            "average": 1.975,
            "max": 2.031,
            "percentiles": {
                "p25": 1.941,
                "p50": 1.953,
                "p75": 2.031
            }
        },
        "rtt_avg_ms": {
            "min": 10.388,
            "average": 11.865333333333334,
            "max": 13.653,
            "percentiles": {
                "p25": 10.388,
                "p50": 11.555,
                "p75": 13.653
            }
        },
        "rtt_max_ms": {
            "min": 21.523,
            "average": 55.33066666666667,
            "max": 73.045,
            "percentiles": {
                "p25": 21.523,
                "p50": 71.424,
                "p75": 73.045
            }
        },
        "rtt_mdev_ms": {
            "min": 4.835,
            "average": 8.208,
            "max": 11.708,
            "percentiles": {
                "p25": 4.835,
                "p50": 8.081,
                "p75": 11.708
            }
        },
        "packet_loss_percent": {
            "min": 0.0,
            "average": 0.0,
            "max": 0.0,
            "percentiles": {
                "p25": 0.0,
                "p50": 0.0,
                "p75": 0.0
            }
        }
    },
    "meta": {
        "duration_seconds": 60.93747115135193,
        "test_attempts": 1,
        "vpn_restart_attempts": 0,
        "vpn_restart_duration_seconds": 2.1862545013427734,
        "connectivity_wait_duration_seconds": 8.336146831512451,
        "source": "lom",
        "target": "yuki"
    }
}