{
  "status": "success",
  "data": {
    "rtt_min_ms": {
      "min": 1.466,
      "average": 1.6376666666666666,
      "max": 1.823,
      "percentiles": {
        "p25": 1.466,
        "p50": 1.624,
        "p75": 1.823
      }
    },
    "rtt_avg_ms": {
      "min": 11.191,
      "average": 11.929,
      "max": 12.615,
      "percentiles": {
        "p25": 11.191,
        "p50": 11.981,
        "p75": 12.615
      }
    },
    "rtt_max_ms": {
      "min": 55.683,
      "average": 67.85733333333333,
      "max": 80.154,
      "percentiles": {
        "p25": 55.683,
        "p50": 67.735,
        "p75": 80.154
      }
    },
    "rtt_mdev_ms": {
      "min": 6.746,
      "average": 9.066333333333333,
      "max": 10.32,
      "percentiles": {
        "p25": 6.746,
        "p50": 10.133,
        "p75": 10.32
      }
    },
    "packet_loss_percent": {
      "min": 0.0,
      "average": 0.0,
      "max": 0.0,
      "percentiles": {
        "p25": 0.0,
        "p50": 0.0,
        "p75": 0.0
      }
    }
  },
  "meta": {
    "duration_seconds": 60.65107536315918,
    "test_attempts": 1,
    "vpn_restart_attempts": 0
  }
}
