{
    "status": "success",
    "data": {
        "rtt_min_ms": {
            "min": 1.349,
            "average": 1.717,
            "max": 1.921,
            "percentiles": {
                "p25": 1.349,
                "p50": 1.881,
                "p75": 1.921
            }
        },
        "rtt_avg_ms": {
            "min": 11.243,
            "average": 12.093,
            "max": 12.622,
            "percentiles": {
                "p25": 11.243,
                "p50": 12.414,
                "p75": 12.622
            }
        },
        "rtt_max_ms": {
            "min": 67.477,
            "average": 71.51166666666667,
            "max": 73.807,
            "percentiles": {
                "p25": 67.477,
                "p50": 73.251,
                "p75": 73.807
            }
        },
        "rtt_mdev_ms": {
            "min": 8.992,
            "average": 9.207,
            "max": 9.453,
            "percentiles": {
                "p25": 8.992,
                "p50": 9.176,
                "p75": 9.453
            }
        },
        "packet_loss_percent": {
            "min": 0.0,
            "average": 0.0,
            "max": 0.0,
            "percentiles": {
                "p25": 0.0,
                "p50": 0.0,
                "p75": 0.0
            }
        }
    },
    "meta": {
        "duration_seconds": 60.89816451072693,
        "test_attempts": 1,
        "vpn_restart_attempts": 0,
        "vpn_restart_duration_seconds": 1.9998233318328857,
        "connectivity_wait_duration_seconds": 5.26081657409668,
        "source": "lom",
        "target": "yuki"
    }
}