{
    "status": "success",
    "data": {
        "rtt_min_ms": {
            "min": 1.637,
            "average": 1.828,
            "max": 1.944,
            "percentiles": {
                "p25": 1.637,
                "p50": 1.903,
                "p75": 1.944
            }
        },
        "rtt_avg_ms": {
            "min": 11.034,
            "average": 11.860000000000001,
            "max": 12.89,
            "percentiles": {
                "p25": 11.034,
                "p50": 11.656,
                "p75": 12.89
            }
        },
        "rtt_max_ms": {
            "min": 58.82,
            "average": 65.06633333333333,
            "max": 75.523,
            "percentiles": {
                "p25": 58.82,
                "p50": 60.856,
                "p75": 75.523
            }
        },
        "rtt_mdev_ms": {
            "min": 6.851,
            "average": 8.415666666666667,
            "max": 10.464,
            "percentiles": {
                "p25": 6.851,
                "p50": 7.932,
                "p75": 10.464
            }
        },
        "packet_loss_percent": {
            "min": 0.0,
            "average": 0.0,
            "max": 0.0,
            "percentiles": {
                "p25": 0.0,
                "p50": 0.0,
                "p75": 0.0
            }
        }
    },
    "meta": {
        "duration_seconds": 60.86493468284607,
        "test_attempts": 1,
        "vpn_restart_attempts": 0,
        "vpn_restart_duration_seconds": 1.9789316654205322,
        "connectivity_wait_duration_seconds": 4.160837411880493,
        "source": "lom",
        "target": "yuki"
    }
}