{
  "status": "success",
  "data": {
    "total_bandwidth_mbps": {
      "min": 3.2446,
      "average": 3.7285266666666668,
      "max": 4.3688,
      "percentiles": {
        "p25": 3.603075,
        "p50": 3.71615,
        "p75": 3.9675
      }
    },
    "cpu_usage_percent": {
      "min": 2.08,
      "average": 4.3605,
      "max": 7.92,
      "percentiles": {
        "p25": 4.08,
        "p50": 4.17,
        "p75": 5.15
      }
    },
    "ttfb_ms": {
      "min": 38.0,
      "average": 333.0,
      "max": 562.0,
      "percentiles": {
        "p25": 99.25,
        "p50": 366.0,
        "p75": 533.75
      }
    },
    "conn_time_ms": {
      "min": 28.0,
      "average": 297.0,
      "max": 513.0,
      "percentiles": {
        "p25": 86.25,
        "p50": 323.5,
        "p75": 481.25
      }
    }
  },
  "meta": {
    "duration_seconds": 33.666990518569946,
    "test_attempts": 1,
    "vpn_restart_attempts": 0
  }
}
