{
  "status": "success",
  "data": {
    "total_bandwidth_mbps": {
      "min": 0.6956,
      "average": 3.562561,
      "max": 4.0971,
      "percentiles": {
        "p25": 3.437525,
        "p50": 3.6656500000000003,
        "p75": 3.891325
      }
    },
    "cpu_usage_percent": {
      "min": 1.03,
      "average": 3.854217391304348,
      "max": 8.26,
      "percentiles": {
        "p25": 3.06,
        "p50": 4.04,
        "p75": 5.05
      }
    },
    "ttfb_ms": {
      "min": 117.0,
      "average": 117.0,
      "max": 117.0,
      "percentiles": {
        "p25": 117.0,
        "p50": 117.0,
        "p75": 117.0
      }
    },
    "conn_time_ms": {
      "min": 74.0,
      "average": 74.0,
      "max": 74.0,
      "percentiles": {
        "p25": 74.0,
        "p50": 74.0,
        "p75": 74.0
      }
    }
  },
  "meta": {
    "duration_seconds": 33.73316788673401,
    "test_attempts": 1,
    "vpn_restart_attempts": 0,
    "vpn_restart_duration_seconds": 2.044231414794922,
    "connectivity_wait_duration_seconds": 244.49336218833923,
    "source": "lom",
    "target": "yuki"
  }
}
