{
    "status": "success",
    "data": {
        "total_bandwidth_mbps": {
            "min": 3.0477999999999996,
            "average": 3.579157,
            "max": 4.3321000000000005,
            "percentiles": {
                "p25": 3.3078250000000002,
                "p50": 3.6215,
                "p75": 3.8300050000000008
            }
        },
        "cpu_usage_percent": {
            "min": 2.02,
            "average": 4.346609442060085,
            "max": 8.16,
            "percentiles": {
                "p25": 3.09,
                "p50": 4.12,
                "p75": 5.1
            }
        },
        "ttfb_ms": {
            "min": 35.0,
            "average": 121.75,
            "max": 192.0,
            "percentiles": {
                "p25": 72.25,
                "p50": 132.5,
                "p75": 152.25
            }
        },
        "conn_time_ms": {
            "min": 25.0,
            "average": 30.625,
            "max": 41.0,
            "percentiles": {
                "p25": 26.25,
                "p50": 30.0,
                "p75": 33.5
            }
        }
    },
    "meta": {
        "duration_seconds": 32.91116166114807,
        "test_attempts": 1,
        "vpn_restart_attempts": 0,
        "vpn_restart_duration_seconds": 2.568270683288574,
        "connectivity_wait_duration_seconds": 481.0038709640503,
        "source": "lom",
        "target": "yuki"
    }
}