{
  "status": "success",
  "data": {
    "encoding": {
      "bitrate_kbps": {
        "min": 3312.8,
        "average": 3353.1724137931033,
        "max": 3495.7,
        "percentiles": {
          "p25": 3327.8999999999996,
          "p50": 3340.4,
          "p75": 3365.75
        }
      },
      "fps": {
        "min": 30.0,
        "average": 32.06896551724138,
        "max": 45.0,
        "percentiles": {
          "p25": 31.0,
          "p50": 31.0,
          "p75": 32.0
        }
      },
      "dropped_frames": {
        "min": 15.0,
        "average": 15.0,
        "max": 15.0,
        "percentiles": {
          "p25": 15.0,
          "p50": 15.0,
          "p75": 15.0
        }
      }
    },
    "network": {
      "packets_dropped": {
        "min": 0.0,
        "average": 288.61290322580646,
        "max": 371.0,
        "percentiles": {
          "p25": 257.0,
          "p50": 324.0,
          "p75": 327.0
        }
      },
      "packets_recovered": {
        "min": 0.0,
        "average": 0.5483870967741935,
        "max": 2.0,
        "percentiles": {
          "p25": 0.0,
          "p50": 0.0,
          "p75": 1.0
        }
      },
      "rtt_ms": {
        "min": 5.76085686455798,
        "average": 12.37296623545352,
        "max": 15.230223218245914,
        "percentiles": {
          "p25": 11.595754722911725,
          "p50": 12.769599335687563,
          "p75": 13.652858246640777
        }
      },
      "quality": {
        "min": 8.0,
        "average": 13.161290322580646,
        "max": 100.0,
        "percentiles": {
          "p25": 9.0,
          "p50": 10.0,
          "p75": 12.0
        }
      },
      "bitrate_bps": {
        "min": 0.0,
        "average": 151975.03225806452,
        "max": 248047.0,
        "percentiles": {
          "p25": 148208.0,
          "p50": 155713.0,
          "p75": 169491.0
        }
      }
    }
  },
  "meta": {
    "duration_seconds": 31.465409994125366,
    "test_attempts": 1,
    "vpn_restart_attempts": 0,
    "vpn_restart_duration_seconds": 5.2144553661346436,
    "connectivity_wait_duration_seconds": 11.107513189315796,
    "source": "luna",
    "target": "lom"
  }
}
