{
    "status": "success",
    "data": {
        "rtt_min_ms": {
            "min": 0.893,
            "average": 1.0406666666666666,
            "max": 1.2,
            "percentiles": {
                "p25": 0.893,
                "p50": 1.029,
                "p75": 1.2
            }
        },
        "rtt_avg_ms": {
            "min": 8.809,
            "average": 9.514333333333333,
            "max": 10.689,
            "percentiles": {
                "p25": 8.809,
                "p50": 9.045,
                "p75": 10.689
            }
        },
        "rtt_max_ms": {
            "min": 22.009,
            "average": 22.107,
            "max": 22.168,
            "percentiles": {
                "p25": 22.009,
                "p50": 22.144,
                "p75": 22.168
            }
        },
        "rtt_mdev_ms": {
            "min": 4.892,
            "average": 5.116,
            "max": 5.369,
            "percentiles": {
                "p25": 4.892,
                "p50": 5.087,
                "p75": 5.369
            }
        },
        "packet_loss_percent": {
            "min": 0.0,
            "average": 0.6666666666666666,
            "max": 1.0,
            "percentiles": {
                "p25": 0.0,
                "p50": 1.0,
                "p75": 1.0
            }
        }
    },
    "meta": {
        "duration_seconds": 61.27054142951965,
        "test_attempts": 1,
        "vpn_restart_attempts": 0,
        "vpn_restart_duration_seconds": 7.803772687911987,
        "connectivity_wait_duration_seconds": 4.1191933155059814,
        "source": "luna",
        "target": "lom"
    }
}