{
  "status": "success",
  "data": {
    "total_bandwidth_mbps": {
      "min": 37.226,
      "average": 39.330533333333335,
      "max": 41.406000000000006,
      "percentiles": {
        "p25": 38.753,
        "p50": 39.325500000000005,
        "p75": 39.969249999999995
      }
    },
    "cpu_usage_percent": {
      "min": 0.0,
      "average": 3.2255416666666665,
      "max": 11.22,
      "percentiles": {
        "p25": 2.045,
        "p50": 3.03,
        "p75": 4.0
      }
    },
    "ttfb_ms": {
      "min": 17.0,
      "average": 39.25,
      "max": 71.0,
      "percentiles": {
        "p25": 20.5,
        "p50": 38.0,
        "p75": 56.0
      }
    },
    "conn_time_ms": {
      "min": 10.0,
      "average": 33.625,
      "max": 62.0,
      "percentiles": {
        "p25": 19.0,
        "p50": 31.0,
        "p75": 48.75
      }
    }
  },
  "meta": {
    "duration_seconds": 31.878732919692993,
    "test_attempts": 1,
    "vpn_restart_attempts": 0,
    "vpn_restart_duration_seconds": 7.074705362319946,
    "connectivity_wait_duration_seconds": 4.285284042358398,
    "source": "luna",
    "target": "lom"
  }
}
