{
  "status": "success",
  "data": {
    "rtt_min_ms": {
      "min": 1.865,
      "average": 2.2133333333333334,
      "max": 2.399,
      "percentiles": {
        "p25": 1.865,
        "p50": 2.376,
        "p75": 2.399
      }
    },
    "rtt_avg_ms": {
      "min": 5.505,
      "average": 5.586,
      "max": 5.705,
      "percentiles": {
        "p25": 5.505,
        "p50": 5.548,
        "p75": 5.705
      }
    },
    "rtt_max_ms": {
      "min": 8.726,
      "average": 8.929333333333334,
      "max": 9.13,
      "percentiles": {
        "p25": 8.726,
        "p50": 8.932,
        "p75": 9.13
      }
    },
    "rtt_mdev_ms": {
      "min": 1.534,
      "average": 1.6340000000000001,
      "max": 1.748,
      "percentiles": {
        "p25": 1.534,
        "p50": 1.62,
        "p75": 1.748
      }
    },
    "packet_loss_percent": {
      "min": 0.0,
      "average": 1.0,
      "max": 2.0,
      "percentiles": {
        "p25": 0.0,
        "p50": 1.0,
        "p75": 2.0
      }
    }
  },
  "meta": {
    "duration_seconds": 61.19379949569702,
    "test_attempts": 1,
    "vpn_restart_attempts": 0,
    "vpn_restart_duration_seconds": 1.749190330505371,
    "connectivity_wait_duration_seconds": 3.862908363342285,
    "source": "yuki",
    "target": "luna"
  }
}
