{
    "status": "success",
    "data": {
        "rtt_min_ms": {
            "min": 1.755,
            "average": 2.1003333333333334,
            "max": 2.304,
            "percentiles": {
                "p25": 1.755,
                "p50": 2.242,
                "p75": 2.304
            }
        },
        "rtt_avg_ms": {
            "min": 5.652,
            "average": 5.738666666666667,
            "max": 5.896,
            "percentiles": {
                "p25": 5.652,
                "p50": 5.668,
                "p75": 5.896
            }
        },
        "rtt_max_ms": {
            "min": 9.199,
            "average": 9.483,
            "max": 9.82,
            "percentiles": {
                "p25": 9.199,
                "p50": 9.43,
                "p75": 9.82
            }
        },
        "rtt_mdev_ms": {
            "min": 1.381,
            "average": 1.6086666666666667,
            "max": 1.762,
            "percentiles": {
                "p25": 1.381,
                "p50": 1.683,
                "p75": 1.762
            }
        },
        "packet_loss_percent": {
            "min": 0.0,
            "average": 0.0,
            "max": 0.0,
            "percentiles": {
                "p25": 0.0,
                "p50": 0.0,
                "p75": 0.0
            }
        }
    },
    "meta": {
        "duration_seconds": 60.80015206336975,
        "test_attempts": 1,
        "vpn_restart_attempts": 0,
        "vpn_restart_duration_seconds": 4.071406841278076,
        "connectivity_wait_duration_seconds": 1.933131456375122,
        "source": "luna",
        "target": "lom"
    }
}