{
    "status": "success",
    "data": {
        "rtt_min_ms": {
            "min": 2.077,
            "average": 2.2516666666666665,
            "max": 2.476,
            "percentiles": {
                "p25": 2.077,
                "p50": 2.202,
                "p75": 2.476
            }
        },
        "rtt_avg_ms": {
            "min": 5.684,
            "average": 5.808333333333334,
            "max": 5.915,
            "percentiles": {
                "p25": 5.684,
                "p50": 5.826,
                "p75": 5.915
            }
        },
        "rtt_max_ms": {
            "min": 9.194,
            "average": 9.374666666666666,
            "max": 9.467,
            "percentiles": {
                "p25": 9.194,
                "p50": 9.463,
                "p75": 9.467
            }
        },
        "rtt_mdev_ms": {
            "min": 1.573,
            "average": 1.7133333333333334,
            "max": 1.864,
            "percentiles": {
                "p25": 1.573,
                "p50": 1.703,
                "p75": 1.864
            }
        },
        "packet_loss_percent": {
            "min": 0.0,
            "average": 0.0,
            "max": 0.0,
            "percentiles": {
                "p25": 0.0,
                "p50": 0.0,
                "p75": 0.0
            }
        }
    },
    "meta": {
        "duration_seconds": 60.80585217475891,
        "test_attempts": 1,
        "vpn_restart_attempts": 0,
        "vpn_restart_duration_seconds": 2.4494075775146484,
        "connectivity_wait_duration_seconds": 2.1471898555755615,
        "source": "luna",
        "target": "lom"
    }
}