{
    "status": "success",
    "data": {
        "total_bandwidth_mbps": {
            "min": 5.294700000000001,
            "average": 6.5853166666666665,
            "max": 7.4307,
            "percentiles": {
                "p25": 6.34795,
                "p50": 6.65405,
                "p75": 6.8269
            }
        },
        "cpu_usage_percent": {
            "min": 0.0,
            "average": 2.858833333333333,
            "max": 37.0,
            "percentiles": {
                "p25": 2.02,
                "p50": 2.08,
                "p75": 3.03
            }
        },
        "ttfb_ms": {
            "min": 46.0,
            "average": 89.375,
            "max": 141.0,
            "percentiles": {
                "p25": 62.25,
                "p50": 85.5,
                "p75": 125.5
            }
        },
        "conn_time_ms": {
            "min": 27.0,
            "average": 59.5,
            "max": 79.0,
            "percentiles": {
                "p25": 50.75,
                "p50": 58.0,
                "p75": 75.75
            }
        }
    },
    "meta": {
        "duration_seconds": 31.89707899093628,
        "test_attempts": 1,
        "vpn_restart_attempts": 0,
        "vpn_restart_duration_seconds": 4.115037441253662,
        "connectivity_wait_duration_seconds": 1.9134435653686523,
        "source": "luna",
        "target": "lom"
    }
}