{
  "status": "success",
  "data": {
    "total_bandwidth_mbps": {
      "min": 816.48,
      "average": 831.291,
      "max": 832.93,
      "percentiles": {
        "p25": 832.2375000000001,
        "p50": 832.46,
        "p75": 832.615
      }
    },
    "cpu_usage_percent": {
      "min": 0.0,
      "average": 22.461166666666667,
      "max": 62.11,
      "percentiles": {
        "p25": 16.33,
        "p50": 19.689999999999998,
        "p75": 26.53
      }
    },
    "ttfb_ms": {
      "min": 19.0,
      "average": 22.333333333333332,
      "max": 25.0,
      "percentiles": {
        "p25": 21.25,
        "p50": 22.0,
        "p75": 24.25
      }
    },
    "conn_time_ms": {
      "min": 17.0,
      "average": 21.0,
      "max": 24.0,
      "percentiles": {
        "p25": 19.25,
        "p50": 21.0,
        "p75": 23.25
      }
    }
  },
  "meta": {
    "duration_seconds": 31.318830490112305,
    "test_attempts": 1,
    "vpn_restart_attempts": 0,
    "vpn_restart_duration_seconds": 7.009951591491699,
    "connectivity_wait_duration_seconds": 3.857701063156128,
    "source": "yuki",
    "target": "luna"
  }
}
