{
  "status": "success",
  "data": {
    "rtt_min_ms": {
      "min": 1.624,
      "average": 1.8126666666666666,
      "max": 1.967,
      "percentiles": {
        "p25": 1.624,
        "p50": 1.847,
        "p75": 1.967
      }
    },
    "rtt_avg_ms": {
      "min": 5.451,
      "average": 5.592666666666666,
      "max": 5.815,
      "percentiles": {
        "p25": 5.451,
        "p50": 5.512,
        "p75": 5.815
      }
    },
    "rtt_max_ms": {
      "min": 8.446,
      "average": 8.871666666666666,
      "max": 9.319,
      "percentiles": {
        "p25": 8.446,
        "p50": 8.85,
        "p75": 9.319
      }
    },
    "rtt_mdev_ms": {
      "min": 1.626,
      "average": 1.6906666666666665,
      "max": 1.798,
      "percentiles": {
        "p25": 1.626,
        "p50": 1.648,
        "p75": 1.798
      }
    },
    "packet_loss_percent": {
      "min": 0.0,
      "average": 0.3333333333333333,
      "max": 1.0,
      "percentiles": {
        "p25": 0.0,
        "p50": 0.0,
        "p75": 1.0
      }
    }
  },
  "meta": {
    "duration_seconds": 61.02001667022705,
    "test_attempts": 1,
    "vpn_restart_attempts": 0,
    "vpn_restart_duration_seconds": 5.97133994102478,
    "connectivity_wait_duration_seconds": 3.915616512298584,
    "source": "luna",
    "target": "lom"
  }
}
