{
    "status": "success",
    "data": {
        "rtt_min_ms": {
            "min": 1.762,
            "average": 2.0020000000000002,
            "max": 2.2,
            "percentiles": {
                "p25": 1.762,
                "p50": 2.044,
                "p75": 2.2
            }
        },
        "rtt_avg_ms": {
            "min": 5.372,
            "average": 5.539666666666667,
            "max": 5.706,
            "percentiles": {
                "p25": 5.372,
                "p50": 5.541,
                "p75": 5.706
            }
        },
        "rtt_max_ms": {
            "min": 8.783,
            "average": 8.949333333333334,
            "max": 9.096,
            "percentiles": {
                "p25": 8.783,
                "p50": 8.969,
                "p75": 9.096
            }
        },
        "rtt_mdev_ms": {
            "min": 1.629,
            "average": 1.6506666666666667,
            "max": 1.665,
            "percentiles": {
                "p25": 1.629,
                "p50": 1.658,
                "p75": 1.665
            }
        },
        "packet_loss_percent": {
            "min": 0.0,
            "average": 0.3333333333333333,
            "max": 1.0,
            "percentiles": {
                "p25": 0.0,
                "p50": 0.0,
                "p75": 1.0
            }
        }
    },
    "meta": {
        "duration_seconds": 61.00445008277893,
        "test_attempts": 1,
        "vpn_restart_attempts": 0,
        "vpn_restart_duration_seconds": 6.13437819480896,
        "connectivity_wait_duration_seconds": 4.15526008605957,
        "source": "luna",
        "target": "lom"
    }
}