{
  "status": "success",
  "data": {
    "encoding": {
      "bitrate_kbps": {
        "min": 3310.5,
        "average": 3350.3724137931035,
        "max": 3498.9,
        "percentiles": {
          "p25": 3322.8,
          "p50": 3339.7,
          "p75": 3357.7
        }
      },
      "fps": {
        "min": 30.0,
        "average": 32.06896551724138,
        "max": 44.0,
        "percentiles": {
          "p25": 31.0,
          "p50": 31.0,
          "p75": 32.0
        }
      },
      "dropped_frames": {
        "min": 15.0,
        "average": 15.0,
        "max": 15.0,
        "percentiles": {
          "p25": 15.0,
          "p50": 15.0,
          "p75": 15.0
        }
      }
    },
    "network": {
      "packets_dropped": {
        "min": 0.0,
        "average": 288.35483870967744,
        "max": 379.0,
        "percentiles": {
          "p25": 258.0,
          "p50": 320.0,
          "p75": 327.0
        }
      },
      "packets_recovered": {
        "min": 0.0,
        "average": 0.0967741935483871,
        "max": 1.0,
        "percentiles": {
          "p25": 0.0,
          "p50": 0.0,
          "p75": 0.0
        }
      },
      "rtt_ms": {
        "min": 5.224740696494292,
        "average": 8.017609522622266,
        "max": 9.414047389653984,
        "percentiles": {
          "p25": 7.4863619732119,
          "p50": 8.121316735378874,
          "p75": 8.568989558010573
        }
      },
      "quality": {
        "min": 8.0,
        "average": 12.96774193548387,
        "max": 100.0,
        "percentiles": {
          "p25": 9.0,
          "p50": 9.0,
          "p75": 12.0
        }
      },
      "bitrate_bps": {
        "min": 0.0,
        "average": 149237.03225806452,
        "max": 242497.0,
        "percentiles": {
          "p25": 145844.0,
          "p50": 158244.0,
          "p75": 163799.0
        }
      }
    }
  },
  "meta": {
    "duration_seconds": 31.432122945785522,
    "test_attempts": 1,
    "vpn_restart_attempts": 0,
    "vpn_restart_duration_seconds": 5.508442640304565,
    "connectivity_wait_duration_seconds": 8.914869546890259,
    "source": "luna",
    "target": "lom"
  }
}
