{
  "status": "success",
  "data": {
    "total_bandwidth_mbps": {
      "min": 682.56,
      "average": 788.7653333333333,
      "max": 799.87,
      "percentiles": {
        "p25": 789.025,
        "p50": 792.9100000000001,
        "p75": 795.0
      }
    },
    "cpu_usage_percent": {
      "min": 13.64,
      "average": 24.115791666666667,
      "max": 34.69,
      "percentiles": {
        "p25": 21.88,
        "p50": 24.24,
        "p75": 26.26
      }
    },
    "ttfb_ms": {
      "min": 67.0,
      "average": 71.75,
      "max": 75.0,
      "percentiles": {
        "p25": 70.25,
        "p50": 72.0,
        "p75": 73.75
      }
    },
    "conn_time_ms": {
      "min": 40.0,
      "average": 44.5,
      "max": 48.0,
      "percentiles": {
        "p25": 43.0,
        "p50": 44.5,
        "p75": 46.75
      }
    }
  },
  "meta": {
    "duration_seconds": 31.745591163635254,
    "test_attempts": 1,
    "vpn_restart_attempts": 0,
    "vpn_restart_duration_seconds": 1.8700823783874512,
    "connectivity_wait_duration_seconds": 70.04224109649658,
    "source": "yuki",
    "target": "luna"
  }
}
