{
  "status": "success",
  "data": {
    "encoding": {
      "bitrate_kbps": {
        "min": 3312.8,
        "average": 3349.0344827586205,
        "max": 3488.1,
        "percentiles": {
          "p25": 3322.85,
          "p50": 3336.1,
          "p75": 3355.3999999999996
        }
      },
      "fps": {
        "min": 31.0,
        "average": 32.10344827586207,
        "max": 44.0,
        "percentiles": {
          "p25": 31.0,
          "p50": 31.0,
          "p75": 32.0
        }
      },
      "dropped_frames": {
        "min": 15.0,
        "average": 15.0,
        "max": 15.0,
        "percentiles": {
          "p25": 15.0,
          "p50": 15.0,
          "p75": 15.0
        }
      }
    },
    "network": {
      "packets_dropped": {
        "min": 0.0,
        "average": 0.0,
        "max": 0.0,
        "percentiles": {
          "p25": 0.0,
          "p50": 0.0,
          "p75": 0.0
        }
      },
      "packets_recovered": {
        "min": 0.0,
        "average": 0.0,
        "max": 0.0,
        "percentiles": {
          "p25": 0.0,
          "p50": 0.0,
          "p75": 0.0
        }
      },
      "rtt_ms": {
        "min": 4.26406090547378,
        "average": 4.983169369163428,
        "max": 5.8280159370258255,
        "percentiles": {
          "p25": 4.690519711792896,
          "p50": 4.961272141322622,
          "p75": 5.173786405110913
        }
      },
      "quality": {
        "min": 100.0,
        "average": 100.0,
        "max": 100.0,
        "percentiles": {
          "p25": 100.0,
          "p50": 100.0,
          "p75": 100.0
        }
      },
      "bitrate_bps": {
        "min": 0.0,
        "average": 3152532.870967742,
        "max": 4939377.0,
        "percentiles": {
          "p25": 2854313.0,
          "p50": 3544623.0,
          "p75": 3606623.0
        }
      }
    }
  },
  "meta": {
    "duration_seconds": 31.33598756790161,
    "test_attempts": 1,
    "vpn_restart_attempts": 0,
    "vpn_restart_duration_seconds": 1.4566128253936768,
    "connectivity_wait_duration_seconds": 10.048582792282104,
    "source": "yuki",
    "target": "luna"
  }
}
