{
  "status": "success",
  "data": {
    "rtt_min_ms": {
      "min": 1.146,
      "average": 1.269,
      "max": 1.403,
      "percentiles": {
        "p25": 1.146,
        "p50": 1.258,
        "p75": 1.403
      }
    },
    "rtt_avg_ms": {
      "min": 1.618,
      "average": 1.6260000000000001,
      "max": 1.637,
      "percentiles": {
        "p25": 1.618,
        "p50": 1.623,
        "p75": 1.637
      }
    },
    "rtt_max_ms": {
      "min": 1.793,
      "average": 1.9563333333333333,
      "max": 2.165,
      "percentiles": {
        "p25": 1.793,
        "p50": 1.911,
        "p75": 2.165
      }
    },
    "rtt_mdev_ms": {
      "min": 0.083,
      "average": 0.094,
      "max": 0.113,
      "percentiles": {
        "p25": 0.083,
        "p50": 0.086,
        "p75": 0.113
      }
    },
    "packet_loss_percent": {
      "min": 0.0,
      "average": 0.0,
      "max": 0.0,
      "percentiles": {
        "p25": 0.0,
        "p50": 0.0,
        "p75": 0.0
      }
    }
  },
  "meta": {
    "duration_seconds": 60.859145402908325,
    "test_attempts": 1,
    "vpn_restart_attempts": 0,
    "vpn_restart_duration_seconds": 1.7844278812408447,
    "connectivity_wait_duration_seconds": 9.84006142616272,
    "source": "luna",
    "target": "lom"
  }
}
