{
  "status": "success",
  "data": {
    "encoding": {
      "bitrate_kbps": {
        "min": 3311.8,
        "average": 3355.941379310345,
        "max": 3511.6,
        "percentiles": {
          "p25": 3327.15,
          "p50": 3340.0,
          "p75": 3368.3
        }
      },
      "fps": {
        "min": 31.0,
        "average": 32.13793103448276,
        "max": 45.0,
        "percentiles": {
          "p25": 31.0,
          "p50": 31.0,
          "p75": 32.0
        }
      },
      "dropped_frames": {
        "min": 15.0,
        "average": 15.0,
        "max": 15.0,
        "percentiles": {
          "p25": 15.0,
          "p50": 15.0,
          "p75": 15.0
        }
      }
    },
    "network": {
      "packets_dropped": {
        "min": 0.0,
        "average": 0.0,
        "max": 0.0,
        "percentiles": {
          "p25": 0.0,
          "p50": 0.0,
          "p75": 0.0
        }
      },
      "packets_recovered": {
        "min": 0.0,
        "average": 0.0,
        "max": 0.0,
        "percentiles": {
          "p25": 0.0,
          "p50": 0.0,
          "p75": 0.0
        }
      },
      "rtt_ms": {
        "min": 3.7755827926035286,
        "average": 4.72816408454586,
        "max": 5.279350487442628,
        "percentiles": {
          "p25": 4.47361848181837,
          "p50": 4.74608678599859,
          "p75": 5.110547473356606
        }
      },
      "quality": {
        "min": 100.0,
        "average": 100.0,
        "max": 100.0,
        "percentiles": {
          "p25": 100.0,
          "p50": 100.0,
          "p75": 100.0
        }
      },
      "bitrate_bps": {
        "min": 0.0,
        "average": 3149815.35483871,
        "max": 5095521.0,
        "percentiles": {
          "p25": 2851950.0,
          "p50": 3549594.0,
          "p75": 3591508.0
        }
      }
    }
  },
  "meta": {
    "duration_seconds": 31.47285532951355,
    "test_attempts": 1,
    "vpn_restart_attempts": 0,
    "vpn_restart_duration_seconds": 1.5580577850341797,
    "connectivity_wait_duration_seconds": 9.801479816436768,
    "source": "luna",
    "target": "lom"
  }
}
