{
  "start": {
    "connected": [
      {
        "socket": 7,
        "local_host": "116.203.245.100",
        "local_port": 39211,
        "remote_host": "79.243.9.75",
        "remote_port": 5201
      },
      {
        "socket": 9,
        "local_host": "116.203.245.100",
        "local_port": 57210,
        "remote_host": "79.243.9.75",
        "remote_port": 5201
      }
    ],
    "version": "iperf 3.17.1",
    "system_info": "Linux luna 6.12.13 #1-NixOS SMP PREEMPT_DYNAMIC Sat Feb  8 08:58:20 UTC 2025 x86_64",
    "timestamp": {
      "time": "Thu, 27 Feb 2025 19:04:22 GMT",
      "timesecs": 1740683062
    },
    "connecting_to": {
      "host": "gchq.icu",
      "port": 5201
    },
    "cookie": "xqp6gwcys23vymvl77crr2xi2gc6y6w2lupg",
    "target_bitrate": 0,
    "fq_rate": 0,
    "sock_bufsize": 0,
    "sndbuf_actual": 212992,
    "rcvbuf_actual": 212992,
    "test_start": {
      "protocol": "UDP",
      "num_streams": 1,
      "blksize": 1440,
      "omit": 0,
      "duration": 10,
      "bytes": 0,
      "blocks": 0,
      "reverse": 0,
      "tos": 0,
      "target_bitrate": 0,
      "bidir": 1,
      "fqrate": 0,
      "interval": 1
    }
  },
  "intervals": [
    {
      "streams": [
        {
          "socket": 7,
          "start": 0,
          "end": 1.000427,
          "seconds": 1.000427007675171,
          "bytes": 237538080,
          "bits_per_second": 1899493541.6787655,
          "packets": 164958,
          "omitted": false,
          "sender": true
        },
        {
          "socket": 9,
          "start": 0,
          "end": 1.00043,
          "seconds": 1.00042998790741,
          "bytes": 25096320,
          "bits_per_second": 200684268.1914703,
          "jitter_ms": 0.0183626739201243,
          "lost_packets": 62756,
          "packets": 80184,
          "lost_percent": 78.26499052179986,
          "omitted": false,
          "sender": false
        }
      ],
      "sum": {
        "start": 0,
        "end": 1.000427,
        "seconds": 1.000427007675171,
        "bytes": 237538080,
        "bits_per_second": 1899493541.6787655,
        "packets": 164958,
        "omitted": false,
        "sender": true
      },
      "sum_bidir_reverse": {
        "start": 0,
        "end": 1.000427,
        "seconds": 1.000427007675171,
        "bytes": 25096320,
        "bits_per_second": 200684866.021918,
        "jitter_ms": 0.0183626739201243,
        "lost_packets": 62756,
        "packets": 80184,
        "lost_percent": 78.26499052179986,
        "omitted": false,
        "sender": false
      }
    },
    {
      "streams": [
        {
          "socket": 7,
          "start": 1.000427,
          "end": 2.001108,
          "seconds": 1.0006810426712036,
          "bytes": 218975040,
          "bits_per_second": 1750608081.1961515,
          "packets": 152066,
          "omitted": false,
          "sender": true
        },
        {
          "socket": 9,
          "start": 1.00043,
          "end": 2.001111,
          "seconds": 1.0006810426712036,
          "bytes": 20302560,
          "bits_per_second": 162309940.00489616,
          "jitter_ms": 0.032595738124343,
          "lost_packets": 69214,
          "packets": 83313,
          "lost_percent": 83.0770708052765,
          "omitted": false,
          "sender": false
        }
      ],
      "sum": {
        "start": 1.000427,
        "end": 2.001108,
        "seconds": 1.0006810426712036,
        "bytes": 218975040,
        "bits_per_second": 1750608081.1961515,
        "packets": 152066,
        "omitted": false,
        "sender": true
      },
      "sum_bidir_reverse": {
        "start": 1.000427,
        "end": 2.001108,
        "seconds": 1.0006810426712036,
        "bytes": 20302560,
        "bits_per_second": 162309940.00489616,
        "jitter_ms": 0.032595738124343,
        "lost_packets": 69214,
        "packets": 83313,
        "lost_percent": 83.0770708052765,
        "omitted": false,
        "sender": false
      }
    },
    {
      "streams": [
        {
          "socket": 7,
          "start": 2.001108,
          "end": 3.001059,
          "seconds": 0.9999510049819946,
          "bytes": 237324960,
          "bits_per_second": 1898692706.4833407,
          "packets": 164810,
          "omitted": false,
          "sender": true
        },
        {
          "socket": 9,
          "start": 2.001111,
          "end": 3.001062,
          "seconds": 0.9999510049819946,
          "bytes": 20210400,
          "bits_per_second": 161691122.05943662,
          "jitter_ms": 0.020988069364796257,
          "lost_packets": 69068,
          "packets": 83103,
          "lost_percent": 83.11131968761657,
          "omitted": false,
          "sender": false
        }
      ],
      "sum": {
        "start": 2.001108,
        "end": 3.001059,
        "seconds": 0.9999510049819946,
        "bytes": 237324960,
        "bits_per_second": 1898692706.4833407,
        "packets": 164810,
        "omitted": false,
        "sender": true
      },
      "sum_bidir_reverse": {
        "start": 2.001108,
        "end": 3.001059,
        "seconds": 0.9999510049819946,
        "bytes": 20210400,
        "bits_per_second": 161691122.05943662,
        "jitter_ms": 0.020988069364796257,
        "lost_packets": 69068,
        "packets": 83103,
        "lost_percent": 83.11131968761657,
        "omitted": false,
        "sender": false
      }
    },
    {
      "streams": [
        {
          "socket": 7,
          "start": 3.001059,
          "end": 4.001052,
          "seconds": 0.9999930262565613,
          "bytes": 248558400,
          "bits_per_second": 1988481067.156795,
          "packets": 172611,
          "omitted": false,
          "sender": true
        },
        {
          "socket": 9,
          "start": 3.001062,
          "end": 4.001055,
          "seconds": 0.9999930262565613,
          "bytes": 20154240,
          "bits_per_second": 161235044.41183305,
          "jitter_ms": 0.0304250803836081,
          "lost_packets": 68451,
          "packets": 82447,
          "lost_percent": 83.02424587917086,
          "omitted": false,
          "sender": false
        }
      ],
      "sum": {
        "start": 3.001059,
        "end": 4.001052,
        "seconds": 0.9999930262565613,
        "bytes": 248558400,
        "bits_per_second": 1988481067.156795,
        "packets": 172611,
        "omitted": false,
        "sender": true
      },
      "sum_bidir_reverse": {
        "start": 3.001059,
        "end": 4.001052,
        "seconds": 0.9999930262565613,
        "bytes": 20154240,
        "bits_per_second": 161235044.41183305,
        "jitter_ms": 0.0304250803836081,
        "lost_packets": 68451,
        "packets": 82447,
        "lost_percent": 83.02424587917086,
        "omitted": false,
        "sender": false
      }
    },
    {
      "streams": [
        {
          "socket": 7,
          "start": 4.001052,
          "end": 5.001106,
          "seconds": 1.0000540018081665,
          "bytes": 259994880,
          "bits_per_second": 2079846724.516167,
          "packets": 180553,
          "omitted": false,
          "sender": true
        },
        {
          "socket": 9,
          "start": 4.001055,
          "end": 5.001134,
          "seconds": 1.0000790357589722,
          "bytes": 20304000,
          "bits_per_second": 162419163.0781745,
          "jitter_ms": 0.01789205601099568,
          "lost_packets": 69261,
          "packets": 83361,
          "lost_percent": 83.0856155756289,
          "omitted": false,
          "sender": false
        }
      ],
      "sum": {
        "start": 4.001052,
        "end": 5.001106,
        "seconds": 1.0000540018081665,
        "bytes": 259994880,
        "bits_per_second": 2079846724.516167,
        "packets": 180553,
        "omitted": false,
        "sender": true
      },
      "sum_bidir_reverse": {
        "start": 4.001052,
        "end": 5.001106,
        "seconds": 1.0000540018081665,