{
    "status": "success",
    "data": {
        "rtt_min_ms": {
            "min": 1.033,
            "average": 1.1956666666666667,
            "max": 1.287,
            "percentiles": {
                "p25": 1.033,
                "p50": 1.267,
                "p75": 1.287
            }
        },
        "rtt_avg_ms": {
            "min": 1.67,
            "average": 1.6806666666666668,
            "max": 1.699,
            "percentiles": {
                "p25": 1.67,
                "p50": 1.673,
                "p75": 1.699
            }
        },
        "rtt_max_ms": {
            "min": 1.873,
            "average": 2.391,
            "max": 2.82,
            "percentiles": {
                "p25": 1.873,
                "p50": 2.48,
                "p75": 2.82
            }
        },
        "rtt_mdev_ms": {
            "min": 0.13,
            "average": 0.15033333333333335,
            "max": 0.169,
            "percentiles": {
                "p25": 0.13,
                "p50": 0.152,
                "p75": 0.169
            }
        },
        "packet_loss_percent": {
            "min": 0.0,
            "average": 0.0,
            "max": 0.0,
            "percentiles": {
                "p25": 0.0,
                "p50": 0.0,
                "p75": 0.0
            }
        }
    },
    "meta": {
        "duration_seconds": 60.82558059692383,
        "test_attempts": 1,
        "vpn_restart_attempts": 0,
        "vpn_restart_duration_seconds": 2.8590896129608154,
        "connectivity_wait_duration_seconds": 1.793562889099121,
        "source": "luna",
        "target": "lom"
    }
}