{
  "status": "success",
  "data": {
    "total_bandwidth_mbps": {
      "min": 550.72,
      "average": 614.74,
      "max": 658.3599999999999,
      "percentiles": {
        "p25": 603.4075,
        "p50": 624.62,
        "p75": 633.8025
      }
    },
    "cpu_usage_percent": {
      "min": 44.44,
      "average": 55.17625,
      "max": 95.96,
      "percentiles": {
        "p25": 50.0,
        "p50": 51.61,
        "p75": 57.61
      }
    },
    "ttfb_ms": {
      "min": 14.0,
      "average": 17.428571428571427,
      "max": 21.0,
      "percentiles": {
        "p25": 17.0,
        "p50": 17.0,
        "p75": 18.0
      }
    },
    "conn_time_ms": {
      "min": 13.0,
      "average": 16.285714285714285,
      "max": 19.0,
      "percentiles": {
        "p25": 15.0,
        "p50": 16.0,
        "p75": 18.0
      }
    }
  },
  "meta": {
    "duration_seconds": 31.180839776992798,
    "test_attempts": 1,
    "vpn_restart_attempts": 0,
    "vpn_restart_duration_seconds": 2.421358108520508,
    "connectivity_wait_duration_seconds": 1.7900478839874268,
    "source": "luna",
    "target": "lom"
  }
}
