{
    "status": "success",
    "data": {
        "rtt_min_ms": {
            "min": 1.591,
            "average": 1.6956666666666667,
            "max": 1.77,
            "percentiles": {
                "p25": 1.591,
                "p50": 1.726,
                "p75": 1.77
            }
        },
        "rtt_avg_ms": {
            "min": 16.179,
            "average": 16.240333333333332,
            "max": 16.337,
            "percentiles": {
                "p25": 16.179,
                "p50": 16.205,
                "p75": 16.337
            }
        },
        "rtt_max_ms": {
            "min": 37.992,
            "average": 40.266333333333336,
            "max": 41.883,
            "percentiles": {
                "p25": 37.992,
                "p50": 40.924,
                "p75": 41.883
            }
        },
        "rtt_mdev_ms": {
            "min": 9.668,
            "average": 10.029333333333334,
            "max": 10.595,
            "percentiles": {
                "p25": 9.668,
                "p50": 9.825,
                "p75": 10.595
            }
        },
        "packet_loss_percent": {
            "min": 3.0,
            "average": 3.6666666666666665,
            "max": 5.0,
            "percentiles": {
                "p25": 3.0,
                "p50": 3.0,
                "p75": 5.0
            }
        }
    },
    "meta": {
        "duration_seconds": 61.89493441581726,
        "test_attempts": 1,
        "vpn_restart_attempts": 0,
        "vpn_restart_duration_seconds": 6.090096473693848,
        "connectivity_wait_duration_seconds": 4.864910840988159,
        "source": "yuki",
        "target": "luna"
    }
}