{
    "status": "success",
    "data": {
        "encoding": {
            "bitrate_kbps": {
                "min": 3309.9,
                "average": 3350.8,
                "max": 3509.8,
                "percentiles": {
                    "p25": 3323.8,
                    "p50": 3338.4,
                    "p75": 3358.95
                }
            },
            "fps": {
                "min": 31.0,
                "average": 32.13793103448276,
                "max": 45.0,
                "percentiles": {
                    "p25": 31.0,
                    "p50": 31.0,
                    "p75": 32.0
                }
            },
            "dropped_frames": {
                "min": 15.0,
                "average": 15.0,
                "max": 15.0,
                "percentiles": {
                    "p25": 15.0,
                    "p50": 15.0,
                    "p75": 15.0
                }
            }
        },
        "network": {
            "packets_dropped": {
                "min": 0.0,
                "average": 288.51612903225805,
                "max": 371.0,
                "percentiles": {
                    "p25": 257.0,
                    "p50": 316.0,
                    "p75": 330.0
                }
            },
            "packets_recovered": {
                "min": 0.0,
                "average": 1.8064516129032258,
                "max": 4.0,
                "percentiles": {
                    "p25": 1.0,
                    "p50": 2.0,
                    "p75": 3.0
                }
            },
            "rtt_ms": {
                "min": 5.757366238203925,
                "average": 17.71088586680868,
                "max": 23.905190540462826,
                "percentiles": {
                    "p25": 16.293547511540833,
                    "p50": 17.426871935220923,
                    "p75": 20.263450394380214
                }
            },
            "quality": {
                "min": 8.0,
                "average": 13.03225806451613,
                "max": 100.0,
                "percentiles": {
                    "p25": 9.0,
                    "p50": 10.0,
                    "p75": 12.0
                }
            },
            "bitrate_bps": {
                "min": 0.0,
                "average": 150495.8064516129,
                "max": 242746.0,
                "percentiles": {
                    "p25": 148867.0,
                    "p50": 154402.0,
                    "p75": 164819.0
                }
            }
        }
    },
    "meta": {
        "duration_seconds": 31.807753801345825,
        "test_attempts": 1,
        "vpn_restart_attempts": 0,
        "vpn_restart_duration_seconds": 6.2137978076934814,
        "connectivity_wait_duration_seconds": 9.502357244491577,
        "source": "yuki",
        "target": "luna"
    }
}