{
  "status": "success",
  "data": {
    "rtt_min_ms": {
      "min": 0.512,
      "average": 0.529,
      "max": 0.558,
      "percentiles": {
        "p25": 0.512,
        "p50": 0.517,
        "p75": 0.558
      }
    },
    "rtt_avg_ms": {
      "min": 8.771,
      "average": 8.933,
      "max": 9.11,
      "percentiles": {
        "p25": 8.771,
        "p50": 8.918,
        "p75": 9.11
      }
    },
    "rtt_max_ms": {
      "min": 20.624,
      "average": 21.505333333333333,
      "max": 22.336,
      "percentiles": {
        "p25": 20.624,
        "p50": 21.556,
        "p75": 22.336
      }
    },
    "rtt_mdev_ms": {
      "min": 4.807,
      "average": 5.014666666666667,
      "max": 5.289,
      "percentiles": {
        "p25": 4.807,
        "p50": 4.948,
        "p75": 5.289
      }
    },
    "packet_loss_percent": {
      "min": 0.0,
      "average": 0.3333333333333333,
      "max": 1.0,
      "percentiles": {
        "p25": 0.0,
        "p50": 0.0,
        "p75": 1.0
      }
    }
  },
  "meta": {
    "duration_seconds": 60.864068031311035,
    "test_attempts": 1,
    "vpn_restart_attempts": 0
  }
}
