{
  "status": "success",
  "data": {
    "total_bandwidth_mbps": {
      "min": 54.46,
      "average": 62.92733333333333,
      "max": 68.78999999999999,
      "percentiles": {
        "p25": 60.480000000000004,
        "p50": 63.36999999999999,
        "p75": 65.815
      }
    },
    "cpu_usage_percent": {
      "min": 0.0,
      "average": 2.4534166666666666,
      "max": 4.3,
      "percentiles": {
        "p25": 2.04,
        "p50": 2.06,
        "p75": 3.06
      }
    },
    "ttfb_ms": {
      "min": 24.0,
      "average": 28.75,
      "max": 32.0,
      "percentiles": {
        "p25": 25.0,
        "p50": 29.5,
        "p75": 31.75
      }
    },
    "conn_time_ms": {
      "min": 13.0,
      "average": 20.25,
      "max": 25.0,
      "percentiles": {
        "p25": 15.0,
        "p50": 21.5,
        "p75": 24.25
      }
    }
  },
  "meta": {
    "duration_seconds": 31.457075357437134,
    "test_attempts": 1,
    "vpn_restart_attempts": 0
  }
}
