{
  "status": "success",
  "data": {
    "bitrate_kbps": {
      "min": 1754.7,
      "average": 1945.5413793103448,
      "max": 1973.5,
      "percentiles": {
        "p25": 1941.85,
        "p50": 1961.0,
        "p75": 1966.55
      }
    },
    "fps": {
      "min": 31.0,
      "average": 32.13793103448276,
      "max": 45.0,
      "percentiles": {
        "p25": 31.0,
        "p50": 31.0,
        "p75": 32.0
      }
    },
    "dropped_frames": {
      "min": 14.0,
      "average": 14.0,
      "max": 14.0,
      "percentiles": {
        "p25": 14.0,
        "p50": 14.0,
        "p75": 14.0
      }
    }
  },
  "meta": {
    "duration_seconds": 121.30344033241272,
    "test_attempts": 1,
    "vpn_restart_attempts": 0
  }
}
