{
  "status": "success",
  "data": {
    "encoding": {
      "bitrate_kbps": {
        "min": 3306.8,
        "average": 3348.841379310345,
        "max": 3497.7,
        "percentiles": {
          "p25": 3321.5,
          "p50": 3334.8,
          "p75": 3358.05
        }
      },
      "fps": {
        "min": 31.0,
        "average": 32.13793103448276,
        "max": 45.0,
        "percentiles": {
          "p25": 31.0,
          "p50": 31.0,
          "p75": 32.0
        }
      },
      "dropped_frames": {
        "min": 15.0,
        "average": 15.0,
        "max": 15.0,
        "percentiles": {
          "p25": 15.0,
          "p50": 15.0,
          "p75": 15.0
        }
      }
    },
    "network": {
      "packets_dropped": {
        "min": 0.0,
        "average": 0.0,
        "max": 0.0,
        "percentiles": {
          "p25": 0.0,
          "p50": 0.0,
          "p75": 0.0
        }
      },
      "packets_recovered": {
        "min": 0.0,
        "average": 0.0,
        "max": 0.0,
        "percentiles": {
          "p25": 0.0,
          "p50": 0.0,
          "p75": 0.0
        }
      },
      "rtt_ms": {
        "min": 3.780530123979998,
        "average": 4.566277085519235,
        "max": 5.5060035676642,
        "percentiles": {
          "p25": 4.267718500514672,
          "p50": 4.496971251467124,
          "p75": 4.868542412549386
        }
      },
      "quality": {
        "min": 100.0,
        "average": 100.0,
        "max": 100.0,
        "percentiles": {
          "p25": 100.0,
          "p50": 100.0,
          "p75": 100.0
        }
      },
      "bitrate_bps": {
        "min": 0.0,
        "average": 3149208.9032258065,
        "max": 5125923.0,
        "percentiles": {
          "p25": 2827291.0,
          "p50": 3542483.0,
          "p75": 3609423.0
        }
      }
    }
  },
  "meta": {
    "duration_seconds": 31.365144729614258,
    "test_attempts": 1,
    "vpn_restart_attempts": 0,
    "vpn_restart_duration_seconds": 1.4464349746704102,
    "connectivity_wait_duration_seconds": 1.8309545516967773,
    "source": "yuki",
    "target": "luna"
  }
}
