{
  "status": "success",
  "data": {
    "rtt_min_ms": {
      "min": 1.769,
      "average": 1.8593333333333333,
      "max": 2.023,
      "percentiles": {
        "p25": 1.769,
        "p50": 1.786,
        "p75": 2.023
      }
    },
    "rtt_avg_ms": {
      "min": 5.204,
      "average": 5.339333333333333,
      "max": 5.504,
      "percentiles": {
        "p25": 5.204,
        "p50": 5.31,
        "p75": 5.504
      }
    },
    "rtt_max_ms": {
      "min": 8.604,
      "average": 8.789666666666667,
      "max": 9.154,
      "percentiles": {
        "p25": 8.604,
        "p50": 8.611,
        "p75": 9.154
      }
    },
    "rtt_mdev_ms": {
      "min": 1.587,
      "average": 1.635,
      "max": 1.687,
      "percentiles": {
        "p25": 1.587,
        "p50": 1.631,
        "p75": 1.687
      }
    },
    "packet_loss_percent": {
      "min": 0.0,
      "average": 0.3333333333333333,
      "max": 1.0,
      "percentiles": {
        "p25": 0.0,
        "p50": 0.0,
        "p75": 1.0
      }
    }
  },
  "meta": {
    "duration_seconds": 60.81935143470764,
    "test_attempts": 1,
    "vpn_restart_attempts": 0
  }
}
