{
  "status": "success",
  "data": {
    "total_bandwidth_mbps": {
      "min": 44.44,
      "average": 46.473,
      "max": 48.71000000000001,
      "percentiles": {
        "p25": 45.9,
        "p50": 46.375,
        "p75": 47.0475
      }
    },
    "cpu_usage_percent": {
      "min": 10.98,
      "average": 15.33275,
      "max": 20.88,
      "percentiles": {
        "p25": 14.17,
        "p50": 15.22,
        "p75": 16.48
      }
    },
    "ttfb_ms": {
      "min": 25.0,
      "average": 32.25,
      "max": 50.0,
      "percentiles": {
        "p25": 25.0,
        "p50": 27.0,
        "p75": 44.75
      }
    },
    "conn_time_ms": {
      "min": 21.0,
      "average": 28.0,
      "max": 44.0,
      "percentiles": {
        "p25": 21.25,
        "p50": 23.5,
        "p75": 39.25
      }
    }
  },
  "meta": {
    "duration_seconds": 31.345573902130127,
    "test_attempts": 1,
    "vpn_restart_attempts": 0
  }
}
