{
  "status": "success",
  "data": {
    "rtt_min_ms": {
      "min": 0.932,
      "average": 1.0066666666666668,
      "max": 1.05,
      "percentiles": {
        "p25": 0.932,
        "p50": 1.038,
        "p75": 1.05
      }
    },
    "rtt_avg_ms": {
      "min": 1.222,
      "average": 1.2226666666666666,
      "max": 1.224,
      "percentiles": {
        "p25": 1.222,
        "p50": 1.222,
        "p75": 1.224
      }
    },
    "rtt_max_ms": {
      "min": 1.323,
      "average": 1.3306666666666667,
      "max": 1.34,
      "percentiles": {
        "p25": 1.323,
        "p50": 1.329,
        "p75": 1.34
      }
    },
    "rtt_mdev_ms": {
      "min": 0.058,
      "average": 0.06266666666666668,
      "max": 0.069,
      "percentiles": {
        "p25": 0.058,
        "p50": 0.061,
        "p75": 0.069
      }
    },
    "packet_loss_percent": {
      "min": 0.0,
      "average": 0.0,
      "max": 0.0,
      "percentiles": {
        "p25": 0.0,
        "p50": 0.0,
        "p75": 0.0
      }
    }
  },
  "meta": {
    "duration_seconds": 60.68748474121094,
    "test_attempts": 1,
    "vpn_restart_attempts": 0,
    "vpn_restart_duration_seconds": 1.8364157676696777,
    "connectivity_wait_duration_seconds": 1.8058452606201172,
    "source": "lom",
    "target": "yuki"
  }
}
