{
    "status": "success",
    "data": {
        "rtt_min_ms": {
            "min": 0.833,
            "average": 0.9993333333333333,
            "max": 1.122,
            "percentiles": {
                "p25": 0.833,
                "p50": 1.043,
                "p75": 1.122
            }
        },
        "rtt_avg_ms": {
            "min": 1.242,
            "average": 1.252,
            "max": 1.259,
            "percentiles": {
                "p25": 1.242,
                "p50": 1.255,
                "p75": 1.259
            }
        },
        "rtt_max_ms": {
            "min": 1.32,
            "average": 1.3406666666666667,
            "max": 1.372,
            "percentiles": {
                "p25": 1.32,
                "p50": 1.33,
                "p75": 1.372
            }
        },
        "rtt_mdev_ms": {
            "min": 0.044,
            "average": 0.05566666666666666,
            "max": 0.062,
            "percentiles": {
                "p25": 0.044,
                "p50": 0.061,
                "p75": 0.062
            }
        },
        "packet_loss_percent": {
            "min": 0.0,
            "average": 0.0,
            "max": 0.0,
            "percentiles": {
                "p25": 0.0,
                "p50": 0.0,
                "p75": 0.0
            }
        }
    },
    "meta": {
        "duration_seconds": 60.6964054107666,
        "test_attempts": 1,
        "vpn_restart_attempts": 0,
        "vpn_restart_duration_seconds": 1.783679485321045,
        "connectivity_wait_duration_seconds": 1.8490498065948486,
        "source": "lom",
        "target": "yuki"
    }
}