{
    "status": "success",
    "data": {
        "total_bandwidth_mbps": {
            "min": 803.71,
            "average": 811.0803333333333,
            "max": 812.0899999999999,
            "percentiles": {
                "p25": 810.9725000000001,
                "p50": 811.355,
                "p75": 811.6
            }
        },
        "cpu_usage_percent": {
            "min": 5.68,
            "average": 16.134458333333335,
            "max": 34.38,
            "percentiles": {
                "p25": 11.344999999999999,
                "p50": 16.16,
                "p75": 19.39
            }
        },
        "ttfb_ms": {
            "min": 19.0,
            "average": 21.375,
            "max": 25.0,
            "percentiles": {
                "p25": 19.25,
                "p50": 21.5,
                "p75": 22.75
            }
        },
        "conn_time_ms": {
            "min": 18.0,
            "average": 20.375,
            "max": 24.0,
            "percentiles": {
                "p25": 18.0,
                "p50": 21.0,
                "p75": 21.75
            }
        }
    },
    "meta": {
        "duration_seconds": 31.31885075569153,
        "test_attempts": 1,
        "vpn_restart_attempts": 0,
        "vpn_restart_duration_seconds": 1.6247925758361816,
        "connectivity_wait_duration_seconds": 1.7911815643310547,
        "source": "lom",
        "target": "yuki"
    }
}