{
  "status": "success",
  "data": {
    "encoding": {
      "bitrate_kbps": {
        "min": 3310.3,
        "average": 3347.5241379310346,
        "max": 3494.7,
        "percentiles": {
          "p25": 3320.0,
          "p50": 3333.9,
          "p75": 3356.3
        }
      },
      "fps": {
        "min": 31.0,
        "average": 32.13793103448276,
        "max": 45.0,
        "percentiles": {
          "p25": 31.0,
          "p50": 31.0,
          "p75": 32.0
        }
      },
      "dropped_frames": {
        "min": 15.0,
        "average": 15.0,
        "max": 15.0,
        "percentiles": {
          "p25": 15.0,
          "p50": 15.0,
          "p75": 15.0
        }
      }
    },
    "network": {
      "packets_dropped": {
        "min": 0.0,
        "average": 0.0,
        "max": 0.0,
        "percentiles": {
          "p25": 0.0,
          "p50": 0.0,
          "p75": 0.0
        }
      },
      "packets_recovered": {
        "min": 0.0,
        "average": 0.0,
        "max": 0.0,
        "percentiles": {
          "p25": 0.0,
          "p50": 0.0,
          "p75": 0.0
        }
      },
      "rtt_ms": {
        "min": 3.935229013401034,
        "average": 4.715693578651328,
        "max": 5.735954490453594,
        "percentiles": {
          "p25": 4.392248764658727,
          "p50": 4.65436681469264,
          "p75": 4.916458758588832
        }
      },
      "quality": {
        "min": 100.0,
        "average": 100.0,
        "max": 100.0,
        "percentiles": {
          "p25": 100.0,
          "p50": 100.0,
          "p75": 100.0
        }
      },
      "bitrate_bps": {
        "min": 0.0,
        "average": 3151788.5483870967,
        "max": 5090735.0,
        "percentiles": {
          "p25": 2884742.0,
          "p50": 3554043.0,
          "p75": 3591501.0
        }
      }
    }
  },
  "meta": {
    "duration_seconds": 31.332791328430176,
    "test_attempts": 1,
    "vpn_restart_attempts": 0,
    "vpn_restart_duration_seconds": 1.5334091186523438,
    "connectivity_wait_duration_seconds": 1.832838773727417,
    "source": "lom",
    "target": "yuki"
  }
}
