{
  "status": "success",
  "data": {
    "bitrate_kbps": {
      "min": 1916.1,
      "average": 1990.251724137931,
      "max": 2016.6,
      "percentiles": {
        "p25": 1983.45,
        "p50": 1990.6,
        "p75": 1999.25
      }
    },
    "fps": {
      "min": 31.0,
      "average": 32.13793103448276,
      "max": 45.0,
      "percentiles": {
        "p25": 31.0,
        "p50": 31.0,
        "p75": 32.0
      }
    },
    "dropped_frames": {
      "min": 15.0,
      "average": 15.0,
      "max": 15.0,
      "percentiles": {
        "p25": 15.0,
        "p50": 15.0,
        "p75": 15.0
      }
    }
  },
  "meta": {
    "duration_seconds": 31.448046445846558,
    "test_attempts": 1,
    "vpn_restart_attempts": 0,
    "vpn_restart_duration_seconds": 1.913978099822998,
    "connectivity_wait_duration_seconds": 9.838139057159424,
    "source": "lom",
    "target": "yuki"
  }
}
