{
  "status": "success",
  "data": {
    "total_bandwidth_mbps": {
      "min": 2.8914,
      "average": 3.580117,
      "max": 4.117,
      "percentiles": {
        "p25": 3.3987575000000003,
        "p50": 3.65091,
        "p75": 3.7829325
      }
    },
    "cpu_usage_percent": {
      "min": 0.0,
      "average": 3.7904602510460252,
      "max": 8.25,
      "percentiles": {
        "p25": 3.06,
        "p50": 4.04,
        "p75": 4.12
      }
    },
    "ttfb_ms": {
      "min": 77.0,
      "average": 314.5,
      "max": 378.0,
      "percentiles": {
        "p25": 299.25,
        "p50": 348.0,
        "p75": 375.0
      }
    },
    "conn_time_ms": {
      "min": 59.0,
      "average": 223.75,
      "max": 253.0,
      "percentiles": {
        "p25": 243.25,
        "p50": 245.5,
        "p75": 250.5
      }
    }
  },
  "meta": {
    "duration_seconds": 294.2546045780182,
    "test_attempts": 2,
    "vpn_restart_attempts": 0,
    "vpn_restart_duration_seconds": 2.0940377712249756,
    "connectivity_wait_duration_seconds": 4.374946117401123,
    "source": "yuki",
    "target": "luna"
  }
}
