{
  "status": "success",
  "data": {
    "rtt_min_ms": {
      "min": 1.517,
      "average": 1.7173333333333334,
      "max": 2.0,
      "percentiles": {
        "p25": 1.517,
        "p50": 1.635,
        "p75": 2.0
      }
    },
    "rtt_avg_ms": {
      "min": 5.292,
      "average": 5.314666666666667,
      "max": 5.36,
      "percentiles": {
        "p25": 5.292,
        "p50": 5.292,
        "p75": 5.36
      }
    },
    "rtt_max_ms": {
      "min": 8.687,
      "average": 8.761666666666667,
      "max": 8.842,
      "percentiles": {
        "p25": 8.687,
        "p50": 8.756,
        "p75": 8.842
      }
    },
    "rtt_mdev_ms": {
      "min": 1.542,
      "average": 1.6186666666666667,
      "max": 1.708,
      "percentiles": {
        "p25": 1.542,
        "p50": 1.606,
        "p75": 1.708
      }
    },
    "packet_loss_percent": {
      "min": 0.0,
      "average": 0.6666666666666666,
      "max": 2.0,
      "percentiles": {
        "p25": 0.0,
        "p50": 0.0,
        "p75": 2.0
      }
    }
  },
  "meta": {
    "duration_seconds": 60.890607595443726,
    "test_attempts": 1,
    "vpn_restart_attempts": 0
  }
}
