{
  "status": "success",
  "data": {
    "total_bandwidth_mbps": {
      "min": 44.09,
      "average": 46.176,
      "max": 48.39,
      "percentiles": {
        "p25": 45.377500000000005,
        "p50": 46.07,
        "p75": 46.932500000000005
      }
    },
    "cpu_usage_percent": {
      "min": 6.9,
      "average": 10.47425,
      "max": 15.31,
      "percentiles": {
        "p25": 9.38,
        "p50": 10.42,
        "p75": 11.309999999999999
      }
    },
    "ttfb_ms": {
      "min": 23.0,
      "average": 32.0,
      "max": 51.0,
      "percentiles": {
        "p25": 24.0,
        "p50": 27.0,
        "p75": 45.0
      }
    },
    "conn_time_ms": {
      "min": 20.0,
      "average": 29.5,
      "max": 48.0,
      "percentiles": {
        "p25": 21.25,
        "p50": 25.0,
        "p75": 42.25
      }
    }
  },
  "meta": {
    "duration_seconds": 31.27511954307556,
    "test_attempts": 1,
    "vpn_restart_attempts": 0
  }
}
