{
  "status": "success",
  "data": {
    "rtt_min_ms": {
      "min": 1.1,
      "average": 1.153,
      "max": 1.252,
      "percentiles": {
        "p25": 1.1,
        "p50": 1.107,
        "p75": 1.252
      }
    },
    "rtt_avg_ms": {
      "min": 29.477,
      "average": 32.266666666666666,
      "max": 35.996,
      "percentiles": {
        "p25": 29.477,
        "p50": 31.327,
        "p75": 35.996
      }
    },
    "rtt_max_ms": {
      "min": 250.924,
      "average": 375.12333333333333,
      "max": 439.359,
      "percentiles": {
        "p25": 250.924,
        "p50": 435.087,
        "p75": 439.359
      }
    },
    "rtt_mdev_ms": {
      "min": 51.986,
      "average": 60.38166666666667,
      "max": 68.185,
      "percentiles": {
        "p25": 51.986,
        "p50": 60.974,
        "p75": 68.185
      }
    },
    "packet_loss_percent": {
      "min": 0.0,
      "average": 0.0,
      "max": 0.0,
      "percentiles": {
        "p25": 0.0,
        "p50": 0.0,
        "p75": 0.0
      }
    }
  },
  "meta": {
    "duration_seconds": 61.88032603263855,
    "test_attempts": 1,
    "vpn_restart_attempts": 0,
    "vpn_restart_duration_seconds": 2.3209497928619385,
    "connectivity_wait_duration_seconds": 3.4119162559509277,
    "source": "luna",
    "target": "lom"
  }
}
