{
    "status": "success",
    "data": {
        "rtt_min_ms": {
            "min": 1.15,
            "average": 1.1773333333333333,
            "max": 1.208,
            "percentiles": {
                "p25": 1.15,
                "p50": 1.174,
                "p75": 1.208
            }
        },
        "rtt_avg_ms": {
            "min": 24.01,
            "average": 25.571,
            "max": 28.66,
            "percentiles": {
                "p25": 24.01,
                "p50": 24.043,
                "p75": 28.66
            }
        },
        "rtt_max_ms": {
            "min": 240.101,
            "average": 309.748,
            "max": 448.55,
            "percentiles": {
                "p25": 240.101,
                "p50": 240.593,
                "p75": 448.55
            }
        },
        "rtt_mdev_ms": {
            "min": 38.463,
            "average": 46.001666666666665,
            "max": 60.647,
            "percentiles": {
                "p25": 38.463,
                "p50": 38.895,
                "p75": 60.647
            }
        },
        "packet_loss_percent": {
            "min": 0.0,
            "average": 0.0,
            "max": 0.0,
            "percentiles": {
                "p25": 0.0,
                "p50": 0.0,
                "p75": 0.0
            }
        }
    },
    "meta": {
        "duration_seconds": 61.071062088012695,
        "test_attempts": 1,
        "vpn_restart_attempts": 0,
        "vpn_restart_duration_seconds": 2.000467300415039,
        "connectivity_wait_duration_seconds": 4.5351667404174805,
        "source": "luna",
        "target": "lom"
    }
}