{
    "status": "success",
    "data": {
        "rtt_min_ms": {
            "min": 469.166,
            "average": 537.7706666666667,
            "max": 611.044,
            "percentiles": {
                "p25": 469.166,
                "p50": 533.102,
                "p75": 611.044
            }
        },
        "rtt_avg_ms": {
            "min": 1251.784,
            "average": 1367.608,
            "max": 1434.526,
            "percentiles": {
                "p25": 1251.784,
                "p50": 1416.514,
                "p75": 1434.526
            }
        },
        "rtt_max_ms": {
            "min": 2100.386,
            "average": 2275.941,
            "max": 2621.317,
            "percentiles": {
                "p25": 2100.386,
                "p50": 2106.12,
                "p75": 2621.317
            }
        },
        "rtt_mdev_ms": {
            "min": 331.298,
            "average": 424.007,
            "max": 545.208,
            "percentiles": {
                "p25": 331.298,
                "p50": 395.515,
                "p75": 545.208
            }
        },
        "packet_loss_percent": {
            "min": 3.0,
            "average": 4.0,
            "max": 5.0,
            "percentiles": {
                "p25": 3.0,
                "p50": 4.0,
                "p75": 5.0
            }
        }
    },
    "meta": {
        "duration_seconds": 75.30123972892761,
        "test_attempts": 1,
        "vpn_restart_attempts": 0,
        "vpn_restart_duration_seconds": 2.092797040939331,
        "connectivity_wait_duration_seconds": 18.729572534561157,
        "source": "luna",
        "target": "lom"
    }
}