{
    "status": "success",
    "data": {
        "total_bandwidth_mbps": {
            "min": 1.1669399999999999,
            "average": 5.6197225,
            "max": 21.915699999999994,
            "percentiles": {
                "p25": 2.2196375,
                "p50": 3.619475,
                "p75": 8.449987500000002
            }
        },
        "cpu_usage_percent": {
            "min": 0.0,
            "average": 0.7674641148325358,
            "max": 4.39,
            "percentiles": {
                "p25": 0.0,
                "p50": 0.99,
                "p75": 1.01
            }
        },
        "ttfb_ms": {
            "min": 138.0,
            "average": 2499.875,
            "max": 9381.0,
            "percentiles": {
                "p25": 219.75,
                "p50": 334.0,
                "p75": 6411.25
            }
        },
        "conn_time_ms": {
            "min": 32.0,
            "average": 542.0,
            "max": 2171.0,
            "percentiles": {
                "p25": 36.5,
                "p50": 89.5,
                "p75": 1211.5
            }
        }
    },
    "meta": {
        "duration_seconds": 66.25400280952454,
        "test_attempts": 1,
        "vpn_restart_attempts": 0,
        "vpn_restart_duration_seconds": 2.1348283290863037,
        "connectivity_wait_duration_seconds": 4.668306589126587,
        "source": "luna",
        "target": "lom"
    }
}