{
    "status": "success",
    "data": {
        "total_bandwidth_mbps": {
            "min": 0.48041999999999996,
            "average": 3.2773149999999998,
            "max": 6.6289,
            "percentiles": {
                "p25": 1.54131,
                "p50": 3.39862,
                "p75": 4.705627499999999
            }
        },
        "cpu_usage_percent": {
            "min": 0.0,
            "average": 0.9416393442622951,
            "max": 7.27,
            "percentiles": {
                "p25": 0.0,
                "p50": 1.0,
                "p75": 1.9649999999999999
            }
        },
        "ttfb_ms": {
            "min": 36.0,
            "average": 417.5,
            "max": 859.0,
            "percentiles": {
                "p25": 117.75,
                "p50": 342.5,
                "p75": 799.75
            }
        },
        "conn_time_ms": {
            "min": 10.0,
            "average": 101.33333333333333,
            "max": 192.0,
            "percentiles": {
                "p25": 37.0,
                "p50": 88.5,
                "p75": 185.25
            }
        }
    },
    "meta": {
        "duration_seconds": 62.52686357498169,
        "test_attempts": 1,
        "vpn_restart_attempts": 0,
        "vpn_restart_duration_seconds": 2.2904856204986572,
        "connectivity_wait_duration_seconds": 4.482607364654541,
        "source": "luna",
        "target": "lom"
    }
}