{
  "status": "success",
  "data": {
    "encoding": {
      "bitrate_kbps": {
        "min": 3309.8,
        "average": 3349.0689655172414,
        "max": 3499.5,
        "percentiles": {
          "p25": 3321.5,
          "p50": 3335.4,
          "p75": 3358.0
        }
      },
      "fps": {
        "min": 31.0,
        "average": 32.13793103448276,
        "max": 45.0,
        "percentiles": {
          "p25": 31.0,
          "p50": 31.0,
          "p75": 32.0
        }
      },
      "dropped_frames": {
        "min": 15.0,
        "average": 15.0,
        "max": 15.0,
        "percentiles": {
          "p25": 15.0,
          "p50": 15.0,
          "p75": 15.0
        }
      }
    },
    "network": {
      "packets_dropped": {
        "min": 0.0,
        "average": 39.354838709677416,
        "max": 174.0,
        "percentiles": {
          "p25": 0.0,
          "p50": 4.0,
          "p75": 65.0
        }
      },
      "packets_recovered": {
        "min": 0.0,
        "average": 0.0,
        "max": 0.0,
        "percentiles": {
          "p25": 0.0,
          "p50": 0.0,
          "p75": 0.0
        }
      },
      "rtt_ms": {
        "min": 6.60978602978789,
        "average": 1733.122038132074,
        "max": 2745.328045099066,
        "percentiles": {
          "p25": 1343.6684425049134,
          "p50": 1714.7847812916839,
          "p75": 2307.11323829729
        }
      },
      "quality": {
        "min": 65.0,
        "average": 91.29032258064517,
        "max": 100.0,
        "percentiles": {
          "p25": 78.0,
          "p50": 100.0,
          "p75": 100.0
        }
      },
      "bitrate_bps": {
        "min": 0.0,
        "average": 2544957.419354839,
        "max": 4328730.0,
        "percentiles": {
          "p25": 1997989.0,
          "p50": 2461206.0,
          "p75": 3228640.0
        }
      }
    }
  },
  "meta": {
    "duration_seconds": 31.731850624084473,
    "test_attempts": 1,
    "vpn_restart_attempts": 0,
    "vpn_restart_duration_seconds": 2.3953135013580322,
    "connectivity_wait_duration_seconds": 2.9360098838806152,
    "source": "luna",
    "target": "lom"
  }
}
