{
  "status": "success",
  "data": {
    "rtt_min_ms": {
      "min": 0.808,
      "average": 1.2443333333333333,
      "max": 1.488,
      "percentiles": {
        "p25": 0.808,
        "p50": 1.437,
        "p75": 1.488
      }
    },
    "rtt_avg_ms": {
      "min": 1.694,
      "average": 1.7116666666666667,
      "max": 1.722,
      "percentiles": {
        "p25": 1.694,
        "p50": 1.719,
        "p75": 1.722
      }
    },
    "rtt_max_ms": {
      "min": 1.839,
      "average": 2.138,
      "max": 2.68,
      "percentiles": {
        "p25": 1.839,
        "p50": 1.895,
        "p75": 2.68
      }
    },
    "rtt_mdev_ms": {
      "min": 0.073,
      "average": 0.103,
      "max": 0.162,
      "percentiles": {
        "p25": 0.073,
        "p50": 0.074,
        "p75": 0.162
      }
    },
    "packet_loss_percent": {
      "min": 0.0,
      "average": 0.0,
      "max": 0.0,
      "percentiles": {
        "p25": 0.0,
        "p50": 0.0,
        "p75": 0.0
      }
    }
  },
  "meta": {
    "duration_seconds": 60.917070627212524,
    "test_attempts": 1,
    "vpn_restart_attempts": 0,
    "source": "lom",
    "target": "yuki"
  }
}
