{
  "status": "success",
  "data": {
    "total_bandwidth_mbps": {
      "min": 296.39,
      "average": 331.85533333333336,
      "max": 361.26000000000005,
      "percentiles": {
        "p25": 323.85,
        "p50": 332.365,
        "p75": 342.2425
      }
    },
    "cpu_usage_percent": {
      "min": 46.74,
      "average": 61.972,
      "max": 96.91,
      "percentiles": {
        "p25": 57.932500000000005,
        "p50": 62.42,
        "p75": 64.91499999999999
      }
    },
    "ttfb_ms": {
      "min": 12.0,
      "average": 16.25,
      "max": 24.0,
      "percentiles": {
        "p25": 12.5,
        "p50": 14.5,
        "p75": 21.75
      }
    },
    "conn_time_ms": {
      "min": 10.0,
      "average": 14.5,
      "max": 22.0,
      "percentiles": {
        "p25": 10.75,
        "p50": 13.0,
        "p75": 19.75
      }
    }
  },
  "meta": {
    "duration_seconds": 31.028609037399292,
    "test_attempts": 1,
    "vpn_restart_attempts": 0
  }
}
