{
    "status": "success",
    "data": {
        "total_bandwidth_mbps": {
            "min": 583.3499999999999,
            "average": 619.4546666666666,
            "max": 647.04,
            "percentiles": {
                "p25": 612.1025000000001,
                "p50": 622.44,
                "p75": 630.68
            }
        },
        "cpu_usage_percent": {
            "min": 48.89,
            "average": 56.260125,
            "max": 84.85,
            "percentiles": {
                "p25": 52.69,
                "p50": 54.215,
                "p75": 58.195
            }
        },
        "ttfb_ms": {
            "min": 13.0,
            "average": 17.5,
            "max": 25.0,
            "percentiles": {
                "p25": 13.75,
                "p50": 17.5,
                "p75": 19.0
            }
        },
        "conn_time_ms": {
            "min": 12.0,
            "average": 16.5,
            "max": 24.0,
            "percentiles": {
                "p25": 12.75,
                "p50": 16.5,
                "p75": 18.0
            }
        }
    },
    "meta": {
        "duration_seconds": 31.13308334350586,
        "test_attempts": 1,
        "vpn_restart_attempts": 0,
        "source": "lom",
        "target": "yuki"
    }
}