{
  "status": "success",
  "data": {
    "bitrate_kbps": {
      "min": 1759.7,
      "average": 1946.0758620689655,
      "max": 1973.8,
      "percentiles": {
        "p25": 1944.7,
        "p50": 1961.0,
        "p75": 1965.9499999999998
      }
    },
    "fps": {
      "min": 31.0,
      "average": 32.13793103448276,
      "max": 45.0,
      "percentiles": {
        "p25": 31.0,
        "p50": 31.0,
        "p75": 32.0
      }
    },
    "dropped_frames": {
      "min": 15.0,
      "average": 15.0,
      "max": 15.0,
      "percentiles": {
        "p25": 15.0,
        "p50": 15.0,
        "p75": 15.0
      }
    }
  },
  "meta": {
    "duration_seconds": 32.415172815322876,
    "test_attempts": 1,
    "vpn_restart_attempts": 0
  }
}
