{
  "status": "success",
  "data": {
    "rtt_min_ms": {
      "min": 1.015,
      "average": 1.0553333333333332,
      "max": 1.104,
      "percentiles": {
        "p25": 1.015,
        "p50": 1.047,
        "p75": 1.104
      }
    },
    "rtt_avg_ms": {
      "min": 1.42,
      "average": 1.4313333333333333,
      "max": 1.446,
      "percentiles": {
        "p25": 1.42,
        "p50": 1.428,
        "p75": 1.446
      }
    },
    "rtt_max_ms": {
      "min": 1.523,
      "average": 1.543,
      "max": 1.564,
      "percentiles": {
        "p25": 1.523,
        "p50": 1.542,
        "p75": 1.564
      }
    },
    "rtt_mdev_ms": {
      "min": 0.075,
      "average": 0.08366666666666667,
      "max": 0.097,
      "percentiles": {
        "p25": 0.075,
        "p50": 0.079,
        "p75": 0.097
      }
    },
    "packet_loss_percent": {
      "min": 0.0,
      "average": 0.0,
      "max": 0.0,
      "percentiles": {
        "p25": 0.0,
        "p50": 0.0,
        "p75": 0.0
      }
    }
  },
  "meta": {
    "duration_seconds": 60.74791431427002,
    "test_attempts": 1,
    "vpn_restart_attempts": 0,
    "vpn_restart_duration_seconds": 5.763625383377075,
    "connectivity_wait_duration_seconds": 3.847537040710449,
    "source": "yuki",
    "target": "luna"
  }
}
