{
    "status": "success",
    "data": {
        "rtt_min_ms": {
            "min": 1.031,
            "average": 1.0413333333333332,
            "max": 1.056,
            "percentiles": {
                "p25": 1.031,
                "p50": 1.037,
                "p75": 1.056
            }
        },
        "rtt_avg_ms": {
            "min": 1.335,
            "average": 1.339,
            "max": 1.347,
            "percentiles": {
                "p25": 1.335,
                "p50": 1.335,
                "p75": 1.347
            }
        },
        "rtt_max_ms": {
            "min": 1.492,
            "average": 1.5186666666666666,
            "max": 1.54,
            "percentiles": {
                "p25": 1.492,
                "p50": 1.524,
                "p75": 1.54
            }
        },
        "rtt_mdev_ms": {
            "min": 0.081,
            "average": 0.09,
            "max": 0.096,
            "percentiles": {
                "p25": 0.081,
                "p50": 0.093,
                "p75": 0.096
            }
        },
        "packet_loss_percent": {
            "min": 0.0,
            "average": 0.0,
            "max": 0.0,
            "percentiles": {
                "p25": 0.0,
                "p50": 0.0,
                "p75": 0.0
            }
        }
    },
    "meta": {
        "duration_seconds": 60.75756096839905,
        "test_attempts": 1,
        "vpn_restart_attempts": 0,
        "source": "yuki",
        "target": "luna"
    }
}