{
    "status": "success",
    "data": {
        "rtt_min_ms": {
            "min": 1.085,
            "average": 1.0926666666666667,
            "max": 1.102,
            "percentiles": {
                "p25": 1.085,
                "p50": 1.091,
                "p75": 1.102
            }
        },
        "rtt_avg_ms": {
            "min": 1.399,
            "average": 1.4473333333333334,
            "max": 1.506,
            "percentiles": {
                "p25": 1.399,
                "p50": 1.437,
                "p75": 1.506
            }
        },
        "rtt_max_ms": {
            "min": 1.546,
            "average": 4.078333333333333,
            "max": 9.123,
            "percentiles": {
                "p25": 1.546,
                "p50": 1.566,
                "p75": 9.123
            }
        },
        "rtt_mdev_ms": {
            "min": 0.089,
            "average": 0.319,
            "max": 0.769,
            "percentiles": {
                "p25": 0.089,
                "p50": 0.099,
                "p75": 0.769
            }
        },
        "packet_loss_percent": {
            "min": 0.0,
            "average": 0.0,
            "max": 0.0,
            "percentiles": {
                "p25": 0.0,
                "p50": 0.0,
                "p75": 0.0
            }
        }
    },
    "meta": {
        "duration_seconds": 60.7583692073822,
        "test_attempts": 1,
        "vpn_restart_attempts": 0,
        "vpn_restart_duration_seconds": 6.919450283050537,
        "connectivity_wait_duration_seconds": 3.8265724182128906,
        "source": "yuki",
        "target": "luna"
    }
}