{
    "status": "success",
    "data": {
        "bitrate_kbps": {
            "min": 1910.1,
            "average": 1988.4137931034484,
            "max": 2011.9,
            "percentiles": {
                "p25": 1981.7,
                "p50": 1989.6,
                "p75": 1997.75
            }
        },
        "fps": {
            "min": 31.0,
            "average": 32.13793103448276,
            "max": 45.0,
            "percentiles": {
                "p25": 31.0,
                "p50": 31.0,
                "p75": 32.0
            }
        },
        "dropped_frames": {
            "min": 15.0,
            "average": 15.0,
            "max": 15.0,
            "percentiles": {
                "p25": 15.0,
                "p50": 15.0,
                "p75": 15.0
            }
        }
    },
    "meta": {
        "duration_seconds": 31.444291591644287,
        "test_attempts": 1,
        "vpn_restart_attempts": 0,
        "source": "yuki",
        "target": "luna"
    }
}