{
    "status": "success",
    "data": {
        "rtt_min_ms": {
            "min": 1.39,
            "average": 1.6546666666666667,
            "max": 1.829,
            "percentiles": {
                "p25": 1.39,
                "p50": 1.745,
                "p75": 1.829
            }
        },
        "rtt_avg_ms": {
            "min": 5.169,
            "average": 5.242999999999999,
            "max": 5.385,
            "percentiles": {
                "p25": 5.169,
                "p50": 5.175,
                "p75": 5.385
            }
        },
        "rtt_max_ms": {
            "min": 8.729,
            "average": 8.975999999999999,
            "max": 9.225,
            "percentiles": {
                "p25": 8.729,
                "p50": 8.974,
                "p75": 9.225
            }
        },
        "rtt_mdev_ms": {
            "min": 1.799,
            "average": 1.805,
            "max": 1.811,
            "percentiles": {
                "p25": 1.799,
                "p50": 1.805,
                "p75": 1.811
            }
        },
        "packet_loss_percent": {
            "min": 0.0,
            "average": 0.0,
            "max": 0.0,
            "percentiles": {
                "p25": 0.0,
                "p50": 0.0,
                "p75": 0.0
            }
        }
    },
    "meta": {
        "duration_seconds": 60.83518671989441,
        "test_attempts": 1,
        "vpn_restart_attempts": 0,
        "vpn_restart_duration_seconds": 1.9676539897918701,
        "connectivity_wait_duration_seconds": 2.0453855991363525,
        "source": "luna",
        "target": "lom"
    }
}