{
  "status": "success",
  "data": {
    "encoding": {
      "bitrate_kbps": {
        "min": 3300.8,
        "average": 3345.6,
        "max": 3485.7,
        "percentiles": {
          "p25": 3318.85,
          "p50": 3332.9,
          "p75": 3353.1499999999996
        }
      },
      "fps": {
        "min": 31.0,
        "average": 32.13793103448276,
        "max": 45.0,
        "percentiles": {
          "p25": 31.0,
          "p50": 31.0,
          "p75": 32.0
        }
      },
      "dropped_frames": {
        "min": 15.0,
        "average": 15.0,
        "max": 15.0,
        "percentiles": {
          "p25": 15.0,
          "p50": 15.0,
          "p75": 15.0
        }
      }
    },
    "network": {
      "packets_dropped": {
        "min": 0.0,
        "average": 1790.3548387096773,
        "max": 55501.0,
        "percentiles": {
          "p25": 0.0,
          "p50": 0.0,
          "p75": 0.0
        }
      },
      "packets_recovered": {
        "min": 0.0,
        "average": 2.2580645161290325,
        "max": 15.0,
        "percentiles": {
          "p25": 0.0,
          "p50": 1.0,
          "p75": 3.0
        }
      },
      "rtt_ms": {
        "min": 5.347373681800116,
        "average": 7.70721467558386,
        "max": 9.136823548353224,
        "percentiles": {
          "p25": 7.22229547980229,
          "p50": 7.69044057847243,
          "p75": 8.42122299775528
        }
      },
      "quality": {
        "min": 96.0,
        "average": 99.0,
        "max": 100.0,
        "percentiles": {
          "p25": 99.0,
          "p50": 99.0,
          "p75": 100.0
        }
      },
      "bitrate_bps": {
        "min": 0.0,
        "average": 3150521.35483871,
        "max": 5078583.0,
        "percentiles": {
          "p25": 2867629.0,
          "p50": 3491586.0,
          "p75": 3604269.0
        }
      }
    }
  },
  "meta": {
    "duration_seconds": 31.427972078323364,
    "test_attempts": 1,
    "vpn_restart_attempts": 0,
    "vpn_restart_duration_seconds": 1.6584696769714355,
    "connectivity_wait_duration_seconds": 1.9003691673278809,
    "source": "luna",
    "target": "lom"
  }
}
