{
    "status": "success",
    "data": {
        "encoding": {
            "bitrate_kbps": {
                "min": 3312.5,
                "average": 3351.5,
                "max": 3504.9,
                "percentiles": {
                    "p25": 3324.1000000000004,
                    "p50": 3336.5,
                    "p75": 3360.5
                }
            },
            "fps": {
                "min": 31.0,
                "average": 32.10344827586207,
                "max": 44.0,
                "percentiles": {
                    "p25": 31.0,
                    "p50": 31.0,
                    "p75": 32.0
                }
            },
            "dropped_frames": {
                "min": 15.0,
                "average": 15.0,
                "max": 15.0,
                "percentiles": {
                    "p25": 15.0,
                    "p50": 15.0,
                    "p75": 15.0
                }
            }
        },
        "network": {
            "packets_dropped": {
                "min": 0.0,
                "average": 96113.6,
                "max": 655372.0,
                "percentiles": {
                    "p25": 0.0,
                    "p50": 0.0,
                    "p75": 65485.0
                }
            },
            "packets_recovered": {
                "min": 0.0,
                "average": 24.0,
                "max": 229.0,
                "percentiles": {
                    "p25": 0.0,
                    "p50": 0.0,
                    "p75": 6.0
                }
            },
            "rtt_ms": {
                "min": 5.0,
                "average": 154.15505101280948,
                "max": 439.8035386534984,
                "percentiles": {
                    "p25": 5.0,
                    "p50": 94.12189307857312,
                    "p75": 439.8035386534984
                }
            },
            "quality": {
                "min": 2.0,
                "average": 81.8,
                "max": 100.0,
                "percentiles": {
                    "p25": 65.0,
                    "p50": 100.0,
                    "p75": 100.0
                }
            },
            "bitrate_bps": {
                "min": 0.0,
                "average": 830680.5333333333,
                "max": 2098308.0,
                "percentiles": {
                    "p25": 0.0,
                    "p50": 0.0,
                    "p75": 1541321.0
                }
            }
        }
    },
    "meta": {
        "duration_seconds": 31.61402153968811,
        "test_attempts": 1,
        "vpn_restart_attempts": 0,
        "vpn_restart_duration_seconds": 2.5405049324035645,
        "connectivity_wait_duration_seconds": 2.783987283706665,
        "source": "luna",
        "target": "lom"
    }
}