{
  "status": "success",
  "data": {
    "rtt_min_ms": {
      "min": 1.695,
      "average": 1.8696666666666666,
      "max": 2.034,
      "percentiles": {
        "p25": 1.695,
        "p50": 1.88,
        "p75": 2.034
      }
    },
    "rtt_avg_ms": {
      "min": 5.3,
      "average": 5.413333333333333,
      "max": 5.609,
      "percentiles": {
        "p25": 5.3,
        "p50": 5.331,
        "p75": 5.609
      }
    },
    "rtt_max_ms": {
      "min": 8.957,
      "average": 9.006666666666668,
      "max": 9.103,
      "percentiles": {
        "p25": 8.957,
        "p50": 8.96,
        "p75": 9.103
      }
    },
    "rtt_mdev_ms": {
      "min": 1.542,
      "average": 1.6096666666666668,
      "max": 1.679,
      "percentiles": {
        "p25": 1.542,
        "p50": 1.608,
        "p75": 1.679
      }
    },
    "packet_loss_percent": {
      "min": 0.0,
      "average": 1.0,
      "max": 2.0,
      "percentiles": {
        "p25": 0.0,
        "p50": 1.0,
        "p75": 2.0
      }
    }
  },
  "meta": {
    "duration_seconds": 61.016716957092285,
    "test_attempts": 1,
    "vpn_restart_attempts": 0
  }
}
