{
    "status": "success",
    "data": {
        "rtt_min_ms": {
            "min": 1.005,
            "average": 1.0286666666666666,
            "max": 1.056,
            "percentiles": {
                "p25": 1.005,
                "p50": 1.025,
                "p75": 1.056
            }
        },
        "rtt_avg_ms": {
            "min": 15.507,
            "average": 16.167,
            "max": 16.558,
            "percentiles": {
                "p25": 15.507,
                "p50": 16.436,
                "p75": 16.558
            }
        },
        "rtt_max_ms": {
            "min": 37.959,
            "average": 39.61,
            "max": 41.553,
            "percentiles": {
                "p25": 37.959,
                "p50": 39.318,
                "p75": 41.553
            }
        },
        "rtt_mdev_ms": {
            "min": 9.805,
            "average": 9.953333333333333,
            "max": 10.07,
            "percentiles": {
                "p25": 9.805,
                "p50": 9.985,
                "p75": 10.07
            }
        },
        "packet_loss_percent": {
            "min": 6.0,
            "average": 6.666666666666667,
            "max": 7.0,
            "percentiles": {
                "p25": 6.0,
                "p50": 7.0,
                "p75": 7.0
            }
        }
    },
    "meta": {
        "duration_seconds": 61.68176794052124,
        "test_attempts": 1,
        "vpn_restart_attempts": 0,
        "vpn_restart_duration_seconds": 1.9042739868164062,
        "connectivity_wait_duration_seconds": 4.708610773086548,
        "source": "luna",
        "target": "lom"
    }
}