{
    "status": "success",
    "data": {
        "encoding": {
            "bitrate_kbps": {
                "min": 3317.5,
                "average": 3361.4758620689654,
                "max": 3546.4,
                "percentiles": {
                    "p25": 3330.3,
                    "p50": 3340.7,
                    "p75": 3376.5
                }
            },
            "fps": {
                "min": 31.0,
                "average": 32.13793103448276,
                "max": 45.0,
                "percentiles": {
                    "p25": 31.0,
                    "p50": 31.0,
                    "p75": 32.0
                }
            },
            "dropped_frames": {
                "min": 15.0,
                "average": 15.0,
                "max": 15.0,
                "percentiles": {
                    "p25": 15.0,
                    "p50": 15.0,
                    "p75": 15.0
                }
            }
        },
        "network": {
            "packets_dropped": {
                "min": 0.0,
                "average": 0.0,
                "max": 0.0,
                "percentiles": {
                    "p25": 0.0,
                    "p50": 0.0,
                    "p75": 0.0
                }
            },
            "packets_recovered": {
                "min": 0.0,
                "average": 80.7741935483871,
                "max": 185.0,
                "percentiles": {
                    "p25": 68.0,
                    "p50": 78.0,
                    "p75": 95.0
                }
            },
            "rtt_ms": {
                "min": 6.677653896991525,
                "average": 18.688515431306367,
                "max": 24.9404135701159,
                "percentiles": {
                    "p25": 16.32223248164654,
                    "p50": 19.405974685020862,
                    "p75": 20.82848907803017
                }
            },
            "quality": {
                "min": 72.0,
                "average": 80.61290322580645,
                "max": 100.0,
                "percentiles": {
                    "p25": 77.0,
                    "p50": 80.0,
                    "p75": 83.0
                }
            },
            "bitrate_bps": {
                "min": 0.0,
                "average": 3156587.8387096776,
                "max": 5270306.0,
                "percentiles": {
                    "p25": 2854363.0,
                    "p50": 3558461.0,
                    "p75": 3618252.0
                }
            }
        }
    },
    "meta": {
        "duration_seconds": 32.340635538101196,
        "test_attempts": 1,
        "vpn_restart_attempts": 0,
        "vpn_restart_duration_seconds": 0.0,
        "connectivity_wait_duration_seconds": 0.0,
        "source": "luna",
        "target": "lom"
    }
}