{
  "status": "success",
  "data": {
    "rtt_min_ms": {
      "min": 1.882,
      "average": 1.9256666666666666,
      "max": 1.966,
      "percentiles": {
        "p25": 1.882,
        "p50": 1.929,
        "p75": 1.966
      }
    },
    "rtt_avg_ms": {
      "min": 18.312,
      "average": 20.778666666666666,
      "max": 23.315,
      "percentiles": {
        "p25": 18.312,
        "p50": 20.709,
        "p75": 23.315
      }
    },
    "rtt_max_ms": {
      "min": 101.212,
      "average": 104.58366666666667,
      "max": 106.425,
      "percentiles": {
        "p25": 101.212,
        "p50": 106.114,
        "p75": 106.425
      }
    },
    "rtt_mdev_ms": {
      "min": 14.511,
      "average": 16.779,
      "max": 18.816,
      "percentiles": {
        "p25": 14.511,
        "p50": 17.01,
        "p75": 18.816
      }
    },
    "packet_loss_percent": {
      "min": 0.0,
      "average": 0.0,
      "max": 0.0,
      "percentiles": {
        "p25": 0.0,
        "p50": 0.0,
        "p75": 0.0
      }
    }
  },
  "meta": {
    "duration_seconds": 62.32126235961914,
    "test_attempts": 1,
    "vpn_restart_attempts": 0,
    "vpn_restart_duration_seconds": 2.3617706298828125,
    "connectivity_wait_duration_seconds": 244.81848001480103,
    "source": "lom",
    "target": "yuki"
  }
}
