{
  "status": "success",
  "data": {
    "rtt_min_ms": {
      "min": 1.292,
      "average": 1.5403333333333333,
      "max": 1.746,
      "percentiles": {
        "p25": 1.292,
        "p50": 1.583,
        "p75": 1.746
      }
    },
    "rtt_avg_ms": {
      "min": 10.531,
      "average": 10.614333333333333,
      "max": 10.745,
      "percentiles": {
        "p25": 10.531,
        "p50": 10.567,
        "p75": 10.745
      }
    },
    "rtt_max_ms": {
      "min": 22.508,
      "average": 22.601333333333333,
      "max": 22.706,
      "percentiles": {
        "p25": 22.508,
        "p50": 22.59,
        "p75": 22.706
      }
    },
    "rtt_mdev_ms": {
      "min": 5.124,
      "average": 5.349,
      "max": 5.63,
      "percentiles": {
        "p25": 5.124,
        "p50": 5.293,
        "p75": 5.63
      }
    },
    "packet_loss_percent": {
      "min": 2.0,
      "average": 2.3333333333333335,
      "max": 3.0,
      "percentiles": {
        "p25": 2.0,
        "p50": 2.0,
        "p75": 3.0
      }
    }
  },
  "meta": {
    "duration_seconds": 61.73080015182495,
    "test_attempts": 1,
    "vpn_restart_attempts": 0,
    "vpn_restart_duration_seconds": 5.507603406906128,
    "connectivity_wait_duration_seconds": 6.220899820327759,
    "source": "yuki",
    "target": "luna"
  }
}
