{
  "status": "success",
  "data": {
    "encoding": {
      "bitrate_kbps": {
        "min": 3311.4,
        "average": 3350.2379310344827,
        "max": 3502.5,
        "percentiles": {
          "p25": 3324.2,
          "p50": 3335.5,
          "p75": 3360.2
        }
      },
      "fps": {
        "min": 31.0,
        "average": 32.13793103448276,
        "max": 45.0,
        "percentiles": {
          "p25": 31.0,
          "p50": 31.0,
          "p75": 32.0
        }
      },
      "dropped_frames": {
        "min": 15.0,
        "average": 15.0,
        "max": 15.0,
        "percentiles": {
          "p25": 15.0,
          "p50": 15.0,
          "p75": 15.0
        }
      }
    },
    "network": {
      "packets_dropped": {
        "min": 0.0,
        "average": 0.0,
        "max": 0.0,
        "percentiles": {
          "p25": 0.0,
          "p50": 0.0,
          "p75": 0.0
        }
      },
      "packets_recovered": {
        "min": 0.0,
        "average": 0.0,
        "max": 0.0,
        "percentiles": {
          "p25": 0.0,
          "p50": 0.0,
          "p75": 0.0
        }
      },
      "rtt_ms": {
        "min": 4.083689321710737,
        "average": 4.95928858652014,
        "max": 6.059416841852336,
        "percentiles": {
          "p25": 4.61000704429161,
          "p50": 4.9331457901772,
          "p75": 5.286232205043717
        }
      },
      "quality": {
        "min": 100.0,
        "average": 100.0,
        "max": 100.0,
        "percentiles": {
          "p25": 100.0,
          "p50": 100.0,
          "p75": 100.0
        }
      },
      "bitrate_bps": {
        "min": 0.0,
        "average": 3175858.935483871,
        "max": 5148127.0,
        "percentiles": {
          "p25": 2864107.0,
          "p50": 3547942.0,
          "p75": 3606155.0
        }
      }
    }
  },
  "meta": {
    "duration_seconds": 31.43862533569336,
    "test_attempts": 1,
    "vpn_restart_attempts": 0,
    "vpn_restart_duration_seconds": 2.1456594467163086,
    "connectivity_wait_duration_seconds": 1.8011279106140137,
    "source": "luna",
    "target": "lom"
  }
}
