{
  "status": "success",
  "data": {
    "rtt_min_ms": {
      "min": 0.92,
      "average": 1.0350000000000001,
      "max": 1.159,
      "percentiles": {
        "p25": 0.92,
        "p50": 1.026,
        "p75": 1.159
      }
    },
    "rtt_avg_ms": {
      "min": 9.105,
      "average": 9.376000000000001,
      "max": 9.691,
      "percentiles": {
        "p25": 9.105,
        "p50": 9.332,
        "p75": 9.691
      }
    },
    "rtt_max_ms": {
      "min": 19.956,
      "average": 20.988666666666667,
      "max": 23.029,
      "percentiles": {
        "p25": 19.956,
        "p50": 19.981,
        "p75": 23.029
      }
    },
    "rtt_mdev_ms": {
      "min": 4.537,
      "average": 4.741,
      "max": 4.993,
      "percentiles": {
        "p25": 4.537,
        "p50": 4.693,
        "p75": 4.993
      }
    },
    "packet_loss_percent": {
      "min": 3.0,
      "average": 3.0,
      "max": 3.0,
      "percentiles": {
        "p25": 3.0,
        "p50": 3.0,
        "p75": 3.0
      }
    }
  },
  "meta": {
    "duration_seconds": 61.505133628845215,
    "test_attempts": 1,
    "vpn_restart_attempts": 0,
    "vpn_restart_duration_seconds": 1.7647099494934082,
    "connectivity_wait_duration_seconds": 2.3051459789276123,
    "source": "luna",
    "target": "lom"
  }
}
