{
  "status": "success",
  "data": {
    "rtt_min_ms": {
      "min": 1.988,
      "average": 2.0613333333333332,
      "max": 2.146,
      "percentiles": {
        "p25": 1.988,
        "p50": 2.05,
        "p75": 2.146
      }
    },
    "rtt_avg_ms": {
      "min": 5.945,
      "average": 6.029,
      "max": 6.116,
      "percentiles": {
        "p25": 5.945,
        "p50": 6.026,
        "p75": 6.116
      }
    },
    "rtt_max_ms": {
      "min": 8.919,
      "average": 9.472666666666667,
      "max": 9.824,
      "percentiles": {
        "p25": 8.919,
        "p50": 9.675,
        "p75": 9.824
      }
    },
    "rtt_mdev_ms": {
      "min": 1.575,
      "average": 1.6843333333333332,
      "max": 1.781,
      "percentiles": {
        "p25": 1.575,
        "p50": 1.697,
        "p75": 1.781
      }
    },
    "packet_loss_percent": {
      "min": 1.0,
      "average": 2.0,
      "max": 3.0,
      "percentiles": {
        "p25": 1.0,
        "p50": 2.0,
        "p75": 3.0
      }
    }
  },
  "meta": {
    "duration_seconds": 61.400684118270874,
    "test_attempts": 1,
    "vpn_restart_attempts": 0,
    "vpn_restart_duration_seconds": 5.3735010623931885,
    "connectivity_wait_duration_seconds": 3.9031336307525635,
    "source": "yuki",
    "target": "luna"
  }
}
