{
    "status": "success",
    "data": {
        "rtt_min_ms": {
            "min": 1.888,
            "average": 2.344,
            "max": 2.732,
            "percentiles": {
                "p25": 1.888,
                "p50": 2.412,
                "p75": 2.732
            }
        },
        "rtt_avg_ms": {
            "min": 5.534,
            "average": 5.953333333333333,
            "max": 6.38,
            "percentiles": {
                "p25": 5.534,
                "p50": 5.946,
                "p75": 6.38
            }
        },
        "rtt_max_ms": {
            "min": 9.596,
            "average": 9.655666666666667,
            "max": 9.754,
            "percentiles": {
                "p25": 9.596,
                "p50": 9.617,
                "p75": 9.754
            }
        },
        "rtt_mdev_ms": {
            "min": 1.543,
            "average": 1.7186666666666666,
            "max": 1.822,
            "percentiles": {
                "p25": 1.543,
                "p50": 1.791,
                "p75": 1.822
            }
        },
        "packet_loss_percent": {
            "min": 0.0,
            "average": 0.0,
            "max": 0.0,
            "percentiles": {
                "p25": 0.0,
                "p50": 0.0,
                "p75": 0.0
            }
        }
    },
    "meta": {
        "duration_seconds": 60.801366329193115,
        "test_attempts": 1,
        "vpn_restart_attempts": 0,
        "vpn_restart_duration_seconds": 6.309937238693237,
        "connectivity_wait_duration_seconds": 3.9039599895477295,
        "source": "yuki",
        "target": "luna"
    }
}