{
  "status": "success",
  "data": {
    "encoding": {
      "bitrate_kbps": {
        "min": 3311.8,
        "average": 3349.0241379310346,
        "max": 3498.3,
        "percentiles": {
          "p25": 3322.8500000000004,
          "p50": 3335.5,
          "p75": 3359.3
        }
      },
      "fps": {
        "min": 31.0,
        "average": 32.10344827586207,
        "max": 45.0,
        "percentiles": {
          "p25": 31.0,
          "p50": 31.0,
          "p75": 32.0
        }
      },
      "dropped_frames": {
        "min": 15.0,
        "average": 15.0,
        "max": 15.0,
        "percentiles": {
          "p25": 15.0,
          "p50": 15.0,
          "p75": 15.0
        }
      }
    },
    "network": {
      "packets_dropped": {
        "min": 0.0,
        "average": 288.2903225806452,
        "max": 354.0,
        "percentiles": {
          "p25": 258.0,
          "p50": 305.0,
          "p75": 329.0
        }
      },
      "packets_recovered": {
        "min": 0.0,
        "average": 0.0967741935483871,
        "max": 1.0,
        "percentiles": {
          "p25": 0.0,
          "p50": 0.0,
          "p75": 0.0
        }
      },
      "rtt_ms": {
        "min": 5.267106563333315,
        "average": 8.302609400987023,
        "max": 9.15488268012304,
        "percentiles": {
          "p25": 8.126872395061476,
          "p50": 8.429235719389695,
          "p75": 8.655821511550613
        }
      },
      "quality": {
        "min": 8.0,
        "average": 12.838709677419354,
        "max": 100.0,
        "percentiles": {
          "p25": 9.0,
          "p50": 9.0,
          "p75": 12.0
        }
      },
      "bitrate_bps": {
        "min": 0.0,
        "average": 148337.90322580645,
        "max": 251131.0,
        "percentiles": {
          "p25": 144277.0,
          "p50": 152514.0,
          "p75": 160312.0
        }
      }
    }
  },
  "meta": {
    "duration_seconds": 31.750685930252075,
    "test_attempts": 1,
    "vpn_restart_attempts": 0,
    "vpn_restart_duration_seconds": 4.710692644119263,
    "connectivity_wait_duration_seconds": 3.92688250541687,
    "source": "yuki",
    "target": "luna"
  }
}
