{
    "status": "success",
    "data": {
        "bitrate_kbps": {
            "min": 1903.1,
            "average": 1987.4310344827586,
            "max": 2009.7,
            "percentiles": {
                "p25": 1981.4,
                "p50": 1989.2,
                "p75": 1996.5500000000002
            }
        },
        "fps": {
            "min": 31.0,
            "average": 32.172413793103445,
            "max": 45.0,
            "percentiles": {
                "p25": 31.0,
                "p50": 31.0,
                "p75": 32.0
            }
        },
        "dropped_frames": {
            "min": 15.0,
            "average": 15.0,
            "max": 15.0,
            "percentiles": {
                "p25": 15.0,
                "p50": 15.0,
                "p75": 15.0
            }
        }
    },
    "meta": {
        "duration_seconds": 30.716569423675537,
        "test_attempts": 1,
        "vpn_restart_attempts": 0,
        "vpn_restart_duration_seconds": 5.256136655807495,
        "connectivity_wait_duration_seconds": 4.1020588874816895,
        "source": "yuki",
        "target": "luna"
    }
}