{
    "status": "success",
    "data": {
        "total_bandwidth_mbps": {
            "min": 247.24,
            "average": 260.4116666666667,
            "max": 303.74,
            "percentiles": {
                "p25": 254.83249999999998,
                "p50": 258.93499999999995,
                "p75": 263.5025
            }
        },
        "cpu_usage_percent": {
            "min": 0.0,
            "average": 4.400333333333333,
            "max": 12.87,
            "percentiles": {
                "p25": 3.06,
                "p50": 4.04,
                "p75": 5.15
            }
        },
        "ttfb_ms": {
            "min": 23.0,
            "average": 26.375,
            "max": 29.0,
            "percentiles": {
                "p25": 25.0,
                "p50": 26.0,
                "p75": 28.75
            }
        },
        "conn_time_ms": {
            "min": 19.0,
            "average": 21.625,
            "max": 24.0,
            "percentiles": {
                "p25": 20.25,
                "p50": 21.5,
                "p75": 23.5
            }
        }
    },
    "meta": {
        "duration_seconds": 31.360363006591797,
        "test_attempts": 1,
        "vpn_restart_attempts": 0,
        "vpn_restart_duration_seconds": 0.0,
        "connectivity_wait_duration_seconds": 0.0,
        "source": "lom",
        "target": "yuki"
    }
}