{
  "status": "success",
  "data": {
    "encoding": {
      "bitrate_kbps": {
        "min": 3305.4,
        "average": 3341.544827586207,
        "max": 3480.9,
        "percentiles": {
          "p25": 3317.35,
          "p50": 3330.3,
          "p75": 3346.75
        }
      },
      "fps": {
        "min": 31.0,
        "average": 32.13793103448276,
        "max": 45.0,
        "percentiles": {
          "p25": 31.0,
          "p50": 31.0,
          "p75": 32.0
        }
      },
      "dropped_frames": {
        "min": 15.0,
        "average": 15.0,
        "max": 15.0,
        "percentiles": {
          "p25": 15.0,
          "p50": 15.0,
          "p75": 15.0
        }
      }
    },
    "network": {
      "packets_dropped": {
        "min": 0.0,
        "average": 1790.1612903225807,
        "max": 55495.0,
        "percentiles": {
          "p25": 0.0,
          "p50": 0.0,
          "p75": 0.0
        }
      },
      "packets_recovered": {
        "min": 0.0,
        "average": 1.2903225806451613,
        "max": 5.0,
        "percentiles": {
          "p25": 0.0,
          "p50": 1.0,
          "p75": 2.0
        }
      },
      "rtt_ms": {
        "min": 5.081441283483668,
        "average": 7.446124382329364,
        "max": 9.01095907721759,
        "percentiles": {
          "p25": 6.996336089427462,
          "p50": 7.422637996985774,
          "p75": 7.89179023377828
        }
      },
      "quality": {
        "min": 98.0,
        "average": 99.25806451612904,
        "max": 100.0,
        "percentiles": {
          "p25": 99.0,
          "p50": 99.0,
          "p75": 100.0
        }
      },
      "bitrate_bps": {
        "min": 0.0,
        "average": 3151510.0,
        "max": 5177378.0,
        "percentiles": {
          "p25": 2865093.0,
          "p50": 3538876.0,
          "p75": 3605622.0
        }
      }
    }
  },
  "meta": {
    "duration_seconds": 31.542820930480957,
    "test_attempts": 1,
    "vpn_restart_attempts": 0,
    "vpn_restart_duration_seconds": 0.0,
    "connectivity_wait_duration_seconds": 0.0,
    "source": "lom",
    "target": "yuki"
  }
}
