{
  "status": "success",
  "data": {
    "rtt_min_ms": {
      "min": 0.694,
      "average": 0.7743333333333333,
      "max": 0.906,
      "percentiles": {
        "p25": 0.694,
        "p50": 0.723,
        "p75": 0.906
      }
    },
    "rtt_avg_ms": {
      "min": 1.043,
      "average": 1.0663333333333334,
      "max": 1.087,
      "percentiles": {
        "p25": 1.043,
        "p50": 1.069,
        "p75": 1.087
      }
    },
    "rtt_max_ms": {
      "min": 1.148,
      "average": 3.4766666666666666,
      "max": 5.082,
      "percentiles": {
        "p25": 1.148,
        "p50": 4.2,
        "p75": 5.082
      }
    },
    "rtt_mdev_ms": {
      "min": 0.075,
      "average": 0.26633333333333337,
      "max": 0.403,
      "percentiles": {
        "p25": 0.075,
        "p50": 0.321,
        "p75": 0.403
      }
    },
    "packet_loss_percent": {
      "min": 0.0,
      "average": 0.0,
      "max": 0.0,
      "percentiles": {
        "p25": 0.0,
        "p50": 0.0,
        "p75": 0.0
      }
    }
  },
  "meta": {
    "duration_seconds": 60.71643614768982,
    "test_attempts": 1,
    "vpn_restart_attempts": 0,
    "vpn_restart_duration_seconds": 35.95991373062134,
    "connectivity_wait_duration_seconds": 2.1354517936706543,
    "source": "lom",
    "target": "yuki"
  }
}
