{
  "status": "success",
  "data": {
    "total_bandwidth_mbps": {
      "min": 758.26,
      "average": 806.6813333333333,
      "max": 852.4999999999999,
      "percentiles": {
        "p25": 763.6374999999999,
        "p50": 795.79,
        "p75": 851.1700000000001
      }
    },
    "cpu_usage_percent": {
      "min": 4.0,
      "average": 15.866375,
      "max": 83.67,
      "percentiles": {
        "p25": 11.0275,
        "p50": 15.46,
        "p75": 18.7025
      }
    },
    "ttfb_ms": {
      "min": 17.0,
      "average": 20.875,
      "max": 24.0,
      "percentiles": {
        "p25": 20.0,
        "p50": 21.0,
        "p75": 22.5
      }
    },
    "conn_time_ms": {
      "min": 16.0,
      "average": 19.875,
      "max": 23.0,
      "percentiles": {
        "p25": 19.0,
        "p50": 20.0,
        "p75": 21.5
      }
    }
  },
  "meta": {
    "duration_seconds": 31.26569938659668,
    "test_attempts": 1,
    "vpn_restart_attempts": 0,
    "vpn_restart_duration_seconds": 36.73784828186035,
    "connectivity_wait_duration_seconds": 2.1138224601745605,
    "source": "lom",
    "target": "yuki"
  }
}
