{
  "status": "success",
  "data": {
    "encoding": {
      "bitrate_kbps": {
        "min": 3310.6,
        "average": 3348.8137931034485,
        "max": 3501.9,
        "percentiles": {
          "p25": 3320.3,
          "p50": 3334.4,
          "p75": 3358.55
        }
      },
      "fps": {
        "min": 31.0,
        "average": 32.13793103448276,
        "max": 45.0,
        "percentiles": {
          "p25": 31.0,
          "p50": 31.0,
          "p75": 32.0
        }
      },
      "dropped_frames": {
        "min": 15.0,
        "average": 15.0,
        "max": 15.0,
        "percentiles": {
          "p25": 15.0,
          "p50": 15.0,
          "p75": 15.0
        }
      }
    },
    "network": {
      "packets_dropped": {
        "min": 0.0,
        "average": 0.0,
        "max": 0.0,
        "percentiles": {
          "p25": 0.0,
          "p50": 0.0,
          "p75": 0.0
        }
      },
      "packets_recovered": {
        "min": 0.0,
        "average": 0.0,
        "max": 0.0,
        "percentiles": {
          "p25": 0.0,
          "p50": 0.0,
          "p75": 0.0
        }
      },
      "rtt_ms": {
        "min": 3.9867078431568856,
        "average": 4.765446908837641,
        "max": 5.368153818178347,
        "percentiles": {
          "p25": 4.52350434240822,
          "p50": 4.81355619263198,
          "p75": 5.011492172116806
        }
      },
      "quality": {
        "min": 100.0,
        "average": 100.0,
        "max": 100.0,
        "percentiles": {
          "p25": 100.0,
          "p50": 100.0,
          "p75": 100.0
        }
      },
      "bitrate_bps": {
        "min": 0.0,
        "average": 3168468.2580645164,
        "max": 5104986.0,
        "percentiles": {
          "p25": 2868110.0,
          "p50": 3544450.0,
          "p75": 3586231.0
        }
      }
    }
  },
  "meta": {
    "duration_seconds": 31.35373044013977,
    "test_attempts": 1,
    "vpn_restart_attempts": 0,
    "vpn_restart_duration_seconds": 35.445008516311646,
    "connectivity_wait_duration_seconds": 2.12846302986145,
    "source": "lom",
    "target": "yuki"
  }
}
