{
  "status": "success",
  "data": {
    "heatmap": {
      "tc_profiles": [
        "baseline",
        "low_impairment",
        "medium_impairment",
        "high_impairment"
      ],
      "bandwidth": {
        "Easytier": {
          "baseline": 813.0395555555556,
          "low_impairment": 269.67663555555555,
          "medium_impairment": 29.813822444444444,
          "high_impairment": 8.081307055555556
        },
        "Headscale": {},
        "Hyprspace": {
          "baseline": 584.9248888888889,
          "low_impairment": 56.271952222222225,
          "medium_impairment": 3.193006,
          "high_impairment": 2.047003333333333
        },
        "Internal": {
          "baseline": 884.3011111111111,
          "low_impairment": 272.97566666666665,
          "medium_impairment": 128.88146666666665,
          "high_impairment": 71.40876666666666
        },
        "Mycelium": {
          "baseline": 752.5769388888889,
          "low_impairment": 32.631383222222226,
          "medium_impairment": 6.024902277777778,
          "high_impairment": 2.2878937777777777
        },
        "Nebula": {},
        "Tinc": {
          "baseline": 655.8357777777778,
          "low_impairment": 93.43655555555556,
          "medium_impairment": 39.36105555555556,
          "high_impairment": 23.400299999999998
        },
        "VpnCloud": {
          "baseline": 820.6085555555555,
          "low_impairment": 93.35033333333332,
          "medium_impairment": 39.39633333333333,
          "high_impairment": 23.39351111111111
        },
        "Wireguard": {
          "baseline": 844.2844444444445,
          "low_impairment": 93.39033333333333,
          "medium_impairment": 38.73287777777777,
          "high_impairment": 23.189544444444444
        },
        "Yggdrasil": {
          "baseline": 745.3997777777778,
          "low_impairment": 7.6736,
          "medium_impairment": 3.4489306666666666,
          "high_impairment": 2.174491111111111
        },
        "Zerotier": {
          "baseline": 832.9388888888889,
          "low_impairment": 93.41688888888889,
          "medium_impairment": 39.15072222222222,
          "high_impairment": 23.048144444444443
        }
      },
      "cpu": {
        "Easytier": {
          "baseline": 15.375666666666666,
          "low_impairment": 9.328916666666666,
          "medium_impairment": 2.4295657236606596,
          "high_impairment": 1.7432653848160853
        },
        "Headscale": {},
        "Hyprspace": {
          "baseline": 55.056375,
          "low_impairment": 7.729486111111111,
          "medium_impairment": 2.209972222222222,
          "high_impairment": 2.0717499999999998
        },
        "Internal": {
          "baseline": 9.660069444444444,
          "low_impairment": 4.044041666666667,
          "medium_impairment": 4.816958333333333,
          "high_impairment": 3.3354305555555555
        },
        "Mycelium": {
          "baseline": 21.693722222222224,
          "low_impairment": 2.9726473314697,
          "medium_impairment": 0.8573301503593506,
          "high_impairment": 0.7032142779683284
        },
        "Nebula": {},
        "Tinc": {
          "baseline": 14.855680555555555,
          "low_impairment": 4.706166666666666,
          "medium_impairment": 2.7551666666666668,
          "high_impairment": 3.163013888888889
        },
        "VpnCloud": {
          "baseline": 15.118083333333333,
          "low_impairment": 4.145819444444444,
          "medium_impairment": 2.164347222222222,
          "high_impairment": 3.022763888888889
        },
        "Wireguard": {
          "baseline": 30.825166666666668,
          "low_impairment": 4.601125,
          "medium_impairment": 3.7210972222222223,
          "high_impairment": 5.420958333333333
        },
        "Yggdrasil": {
          "baseline": 52.75190277777777,
          "low_impairment": 7.392555555555555,
          "medium_impairment": 3.9472454532575925,
          "high_impairment": 2.7638892117751093
        },
        "Zerotier": {
          "baseline": 22.939375000000002,
          "low_impairment": 5.339166666666667,
          "medium_impairment": 3.1595833333333334,
          "high_impairment": 5.4297361111111115
        }
      },
      "failed": {
        "Headscale": [
          "baseline",
          "low_impairment",
          "medium_impairment",
          "high_impairment"
        ],
        "Nebula": [
          "baseline",
          "low_impairment",
          "medium_impairment",
          "high_impairment"
        ]
      }
    }
  }
}
