{
  "status": "success",
  "data": {
    "rtt_min_ms": {
      "min": 2.072,
      "average": 35.20033333333333,
      "max": 51.783,
      "percentiles": {
        "p25": 2.072,
        "p50": 51.746,
        "p75": 51.783
      }
    },
    "rtt_avg_ms": {
      "min": 28.807,
      "average": 46.76733333333333,
      "max": 55.85,
      "percentiles": {
        "p25": 28.807,
        "p50": 55.645,
        "p75": 55.85
      }
    },
    "rtt_max_ms": {
      "min": 57.461,
      "average": 82.95666666666666,
      "max": 107.321,
      "percentiles": {
        "p25": 57.461,
        "p50": 84.088,
        "p75": 107.321
      }
    },
    "rtt_mdev_ms": {
      "min": 3.276,
      "average": 11.298333333333334,
      "max": 24.509,
      "percentiles": {
        "p25": 3.276,
        "p50": 6.11,
        "p75": 24.509
      }
    },
    "packet_loss_percent": {
      "min": 0.0,
      "average": 0.0,
      "max": 0.0,
      "percentiles": {
        "p25": 0.0,
        "p50": 0.0,
        "p75": 0.0
      }
    }
  },
  "meta": {
    "duration_seconds": 60.95338296890259,
    "test_attempts": 1,
    "vpn_restart_attempts": 0,
    "vpn_restart_duration_seconds": 1.9038619995117188,
    "connectivity_wait_duration_seconds": 10.053669452667236,
    "source": "lom",
    "target": "yuki"
  }
}
