{
    "status": "success",
    "data": {
        "rtt_min_ms": {
            "min": 51.088,
            "average": 51.3,
            "max": 51.41,
            "percentiles": {
                "p25": 51.088,
                "p50": 51.402,
                "p75": 51.41
            }
        },
        "rtt_avg_ms": {
            "min": 54.693,
            "average": 56.19533333333333,
            "max": 58.444,
            "percentiles": {
                "p25": 54.693,
                "p50": 55.449,
                "p75": 58.444
            }
        },
        "rtt_max_ms": {
            "min": 58.597,
            "average": 141.83,
            "max": 285.632,
            "percentiles": {
                "p25": 58.597,
                "p50": 81.261,
                "p75": 285.632
            }
        },
        "rtt_mdev_ms": {
            "min": 1.594,
            "average": 9.735666666666667,
            "max": 24.379,
            "percentiles": {
                "p25": 1.594,
                "p50": 3.234,
                "p75": 24.379
            }
        },
        "packet_loss_percent": {
            "min": 0.0,
            "average": 0.0,
            "max": 0.0,
            "percentiles": {
                "p25": 0.0,
                "p50": 0.0,
                "p75": 0.0
            }
        }
    },
    "meta": {
        "duration_seconds": 60.62853288650513,
        "test_attempts": 1,
        "vpn_restart_attempts": 0,
        "vpn_restart_duration_seconds": 1.8492002487182617,
        "connectivity_wait_duration_seconds": 69.85048532485962,
        "source": "lom",
        "target": "yuki"
    }
}