{
  "status": "success",
  "data": {
    "rtt_min_ms": {
      "min": 27.334,
      "average": 27.939333333333334,
      "max": 28.283,
      "percentiles": {
        "p25": 27.334,
        "p50": 28.201,
        "p75": 28.283
      }
    },
    "rtt_avg_ms": {
      "min": 31.544,
      "average": 32.141333333333336,
      "max": 33.29,
      "percentiles": {
        "p25": 31.544,
        "p50": 31.59,
        "p75": 33.29
      }
    },
    "rtt_max_ms": {
      "min": 34.721,
      "average": 68.34066666666666,
      "max": 131.192,
      "percentiles": {
        "p25": 34.721,
        "p50": 39.109,
        "p75": 131.192
      }
    },
    "rtt_mdev_ms": {
      "min": 1.544,
      "average": 5.377666666666666,
      "max": 12.817,
      "percentiles": {
        "p25": 1.544,
        "p50": 1.772,
        "p75": 12.817
      }
    },
    "packet_loss_percent": {
      "min": 0.0,
      "average": 0.0,
      "max": 0.0,
      "percentiles": {
        "p25": 0.0,
        "p50": 0.0,
        "p75": 0.0
      }
    }
  },
  "meta": {
    "duration_seconds": 60.60431623458862,
    "test_attempts": 1,
    "vpn_restart_attempts": 0
  }
}
