{
    "status": "success",
    "data": {
        "total_bandwidth_mbps": {
            "min": 5.680140000000001,
            "average": 42.487209,
            "max": 333.21,
            "percentiles": {
                "p25": 11.024725,
                "p50": 13.898220000000002,
                "p75": 32.11525
            }
        },
        "cpu_usage_percent": {
            "min": 0.0,
            "average": 1.8437083333333333,
            "max": 12.5,
            "percentiles": {
                "p25": 0.0,
                "p50": 1.01,
                "p75": 2.02
            }
        },
        "ttfb_ms": {
            "min": 125.0,
            "average": 142.5,
            "max": 169.0,
            "percentiles": {
                "p25": 126.5,
                "p50": 145.0,
                "p75": 150.5
            }
        },
        "conn_time_ms": {
            "min": 67.0,
            "average": 76.375,
            "max": 89.0,
            "percentiles": {
                "p25": 67.75,
                "p50": 71.5,
                "p75": 87.75
            }
        }
    },
    "meta": {
        "duration_seconds": 44.471755027770996,
        "test_attempts": 1,
        "vpn_restart_attempts": 0,
        "vpn_restart_duration_seconds": 1.7183573246002197,
        "connectivity_wait_duration_seconds": 10.004493236541748,
        "source": "lom",
        "target": "yuki"
    }
}