{
  "status": "success",
  "data": {
    "total_bandwidth_mbps": {
      "min": 13.598999999999998,
      "average": 44.06912333333333,
      "max": 69.039,
      "percentiles": {
        "p25": 35.42025,
        "p50": 46.003,
        "p75": 51.767
      }
    },
    "cpu_usage_percent": {
      "min": 0.0,
      "average": 9.31175,
      "max": 17.05,
      "percentiles": {
        "p25": 7.2375,
        "p50": 10.1,
        "p75": 12.24
      }
    },
    "ttfb_ms": {
      "min": 35.0,
      "average": 76.125,
      "max": 107.0,
      "percentiles": {
        "p25": 56.0,
        "p50": 78.0,
        "p75": 98.75
      }
    },
    "conn_time_ms": {
      "min": 22.0,
      "average": 31.25,
      "max": 36.0,
      "percentiles": {
        "p25": 30.25,
        "p50": 32.0,
        "p75": 33.75
      }
    }
  },
  "meta": {
    "duration_seconds": 34.682514905929565,
    "test_attempts": 1,
    "vpn_restart_attempts": 0,
    "vpn_restart_duration_seconds": 1.973198652267456,
    "connectivity_wait_duration_seconds": 10.035863399505615,
    "source": "lom",
    "target": "yuki"
  }
}
