{
  "status": "success",
  "data": {
    "total_bandwidth_mbps": {
      "min": 7.820799999999999,
      "average": 9.251853333333333,
      "max": 10.983,
      "percentiles": {
        "p25": 8.8978,
        "p50": 9.17965,
        "p75": 9.707625
      }
    },
    "cpu_usage_percent": {
      "min": 1.03,
      "average": 3.0775,
      "max": 4.72,
      "percentiles": {
        "p25": 2.065,
        "p50": 3.075,
        "p75": 4.07
      }
    },
    "ttfb_ms": {
      "min": 75.0,
      "average": 83.5,
      "max": 88.0,
      "percentiles": {
        "p25": 77.5,
        "p50": 85.5,
        "p75": 87.5
      }
    },
    "conn_time_ms": {
      "min": 43.0,
      "average": 48.5,
      "max": 53.0,
      "percentiles": {
        "p25": 43.75,
        "p50": 49.0,
        "p75": 52.75
      }
    }
  },
  "meta": {
    "duration_seconds": 31.661791563034058,
    "test_attempts": 1,
    "vpn_restart_attempts": 0
  }
}
