{
    "status": "success",
    "data": {
        "bitrate_kbps": {
            "min": 1901.1,
            "average": 1986.8241379310346,
            "max": 2009.2,
            "percentiles": {
                "p25": 1980.95,
                "p50": 1988.8,
                "p75": 1996.4499999999998
            }
        },
        "fps": {
            "min": 31.0,
            "average": 32.13793103448276,
            "max": 45.0,
            "percentiles": {
                "p25": 31.0,
                "p50": 31.0,
                "p75": 32.0
            }
        },
        "dropped_frames": {
            "min": 15.0,
            "average": 15.0,
            "max": 15.0,
            "percentiles": {
                "p25": 15.0,
                "p50": 15.0,
                "p75": 15.0
            }
        }
    },
    "meta": {
        "duration_seconds": 31.663312911987305,
        "test_attempts": 1,
        "vpn_restart_attempts": 0,
        "vpn_restart_duration_seconds": 2.0186474323272705,
        "connectivity_wait_duration_seconds": 12.16599726676941,
        "source": "lom",
        "target": "yuki"
    }
}