{
  "status": "success",
  "data": {
    "bitrate_kbps": {
      "min": 1742.6,
      "average": 1942.5379310344827,
      "max": 1971.0,
      "percentiles": {
        "p25": 1938.4,
        "p50": 1959.2,
        "p75": 1965.4
      }
    },
    "fps": {
      "min": 31.0,
      "average": 32.13793103448276,
      "max": 45.0,
      "percentiles": {
        "p25": 31.0,
        "p50": 31.0,
        "p75": 32.0
      }
    },
    "dropped_frames": {
      "min": 15.0,
      "average": 15.0,
      "max": 15.0,
      "percentiles": {
        "p25": 15.0,
        "p50": 15.0,
        "p75": 15.0
      }
    }
  },
  "meta": {
    "duration_seconds": 31.759820699691772,
    "test_attempts": 1,
    "vpn_restart_attempts": 0
  }
}
