{
  "status": "success",
  "data": {
    "encoding": {
      "bitrate_kbps": {
        "min": 3307.8,
        "average": 3348.558620689655,
        "max": 3491.7,
        "percentiles": {
          "p25": 3321.95,
          "p50": 3337.4,
          "p75": 3355.15
        }
      },
      "fps": {
        "min": 30.0,
        "average": 32.10344827586207,
        "max": 45.0,
        "percentiles": {
          "p25": 31.0,
          "p50": 31.0,
          "p75": 32.0
        }
      },
      "dropped_frames": {
        "min": 14.0,
        "average": 14.0,
        "max": 14.0,
        "percentiles": {
          "p25": 14.0,
          "p50": 14.0,
          "p75": 14.0
        }
      }
    },
    "network": {
      "packets_dropped": {
        "min": 0.0,
        "average": 0.0,
        "max": 0.0,
        "percentiles": {
          "p25": 0.0,
          "p50": 0.0,
          "p75": 0.0
        }
      },
      "packets_recovered": {
        "min": 0.0,
        "average": 1.4193548387096775,
        "max": 12.0,
        "percentiles": {
          "p25": 0.0,
          "p50": 0.0,
          "p75": 0.0
        }
      },
      "rtt_ms": {
        "min": 3.5959464007523225,
        "average": 4.658984011909153,
        "max": 5.558011592405716,
        "percentiles": {
          "p25": 4.331266806008055,
          "p50": 4.561911505955692,
          "p75": 5.040523594244147
        }
      },
      "quality": {
        "min": 96.0,
        "average": 99.51612903225806,
        "max": 100.0,
        "percentiles": {
          "p25": 100.0,
          "p50": 100.0,
          "p75": 100.0
        }
      },
      "bitrate_bps": {
        "min": 0.0,
        "average": 3173152.6774193547,
        "max": 5134624.0,
        "percentiles": {
          "p25": 2871037.0,
          "p50": 3551396.0,
          "p75": 3604585.0
        }
      }
    }
  },
  "meta": {
    "duration_seconds": 32.76722550392151,
    "test_attempts": 1,
    "vpn_restart_attempts": 0,
    "vpn_restart_duration_seconds": 1.6163849830627441,
    "connectivity_wait_duration_seconds": 1.896862268447876,
    "source": "luna",
    "target": "lom"
  }
}
