{
  "status": "success",
  "data": {
    "encoding": {
      "bitrate_kbps": {
        "min": 3311.4,
        "average": 3349.0793103448277,
        "max": 3501.3,
        "percentiles": {
          "p25": 3320.8,
          "p50": 3334.3,
          "p75": 3359.7
        }
      },
      "fps": {
        "min": 31.0,
        "average": 32.13793103448276,
        "max": 45.0,
        "percentiles": {
          "p25": 31.0,
          "p50": 31.0,
          "p75": 32.0
        }
      },
      "dropped_frames": {
        "min": 15.0,
        "average": 15.0,
        "max": 15.0,
        "percentiles": {
          "p25": 15.0,
          "p50": 15.0,
          "p75": 15.0
        }
      }
    },
    "network": {
      "packets_dropped": {
        "min": 0.0,
        "average": 1790.3225806451612,
        "max": 55500.0,
        "percentiles": {
          "p25": 0.0,
          "p50": 0.0,
          "p75": 0.0
        }
      },
      "packets_recovered": {
        "min": 0.0,
        "average": 87.64516129032258,
        "max": 198.0,
        "percentiles": {
          "p25": 68.0,
          "p50": 90.0,
          "p75": 101.0
        }
      },
      "rtt_ms": {
        "min": 7.813825985158908,
        "average": 17.21555178759607,
        "max": 22.85703900635325,
        "percentiles": {
          "p25": 16.2064481228843,
          "p50": 17.6231049039492,
          "p75": 18.87998988117953
        }
      },
      "quality": {
        "min": 71.0,
        "average": 79.3225806451613,
        "max": 100.0,
        "percentiles": {
          "p25": 77.0,
          "p50": 79.0,
          "p75": 81.0
        }
      },
      "bitrate_bps": {
        "min": 0.0,
        "average": 3154236.3870967743,
        "max": 5158119.0,
        "percentiles": {
          "p25": 2838374.0,
          "p50": 3562531.0,
          "p75": 3612370.0
        }
      }
    }
  },
  "meta": {
    "duration_seconds": 31.656211614608765,
    "test_attempts": 1,
    "vpn_restart_attempts": 0,
    "vpn_restart_duration_seconds": 0.0,
    "connectivity_wait_duration_seconds": 0.0,
    "source": "lom",
    "target": "yuki"
  }
}
