{
    "status": "success",
    "data": {
        "rtt_min_ms": {
            "min": 1.037,
            "average": 1.0773333333333333,
            "max": 1.127,
            "percentiles": {
                "p25": 1.037,
                "p50": 1.068,
                "p75": 1.127
            }
        },
        "rtt_avg_ms": {
            "min": 9.45,
            "average": 9.803666666666667,
            "max": 10.235,
            "percentiles": {
                "p25": 9.45,
                "p50": 9.726,
                "p75": 10.235
            }
        },
        "rtt_max_ms": {
            "min": 20.748,
            "average": 21.356,
            "max": 21.697,
            "percentiles": {
                "p25": 20.748,
                "p50": 21.623,
                "p75": 21.697
            }
        },
        "rtt_mdev_ms": {
            "min": 4.806,
            "average": 5.129666666666667,
            "max": 5.362,
            "percentiles": {
                "p25": 4.806,
                "p50": 5.221,
                "p75": 5.362
            }
        },
        "packet_loss_percent": {
            "min": 1.0,
            "average": 1.6666666666666667,
            "max": 2.0,
            "percentiles": {
                "p25": 1.0,
                "p50": 2.0,
                "p75": 2.0
            }
        }
    },
    "meta": {
        "duration_seconds": 61.5715696811676,
        "test_attempts": 1,
        "vpn_restart_attempts": 0,
        "vpn_restart_duration_seconds": 0.0,
        "connectivity_wait_duration_seconds": 0.0,
        "source": "luna",
        "target": "lom"
    }
}