{
  "status": "success",
  "data": {
    "rtt_min_ms": {
      "min": 0.94,
      "average": 1.0056666666666667,
      "max": 1.079,
      "percentiles": {
        "p25": 0.94,
        "p50": 0.998,
        "p75": 1.079
      }
    },
    "rtt_avg_ms": {
      "min": 9.942,
      "average": 10.078,
      "max": 10.17,
      "percentiles": {
        "p25": 9.942,
        "p50": 10.122,
        "p75": 10.17
      }
    },
    "rtt_max_ms": {
      "min": 21.454,
      "average": 21.988666666666667,
      "max": 22.939,
      "percentiles": {
        "p25": 21.454,
        "p50": 21.573,
        "p75": 22.939
      }
    },
    "rtt_mdev_ms": {
      "min": 5.45,
      "average": 5.521333333333334,
      "max": 5.663,
      "percentiles": {
        "p25": 5.45,
        "p50": 5.451,
        "p75": 5.663
      }
    },
    "packet_loss_percent": {
      "min": 2.0,
      "average": 2.0,
      "max": 2.0,
      "percentiles": {
        "p25": 2.0,
        "p50": 2.0,
        "p75": 2.0
      }
    }
  },
  "meta": {
    "duration_seconds": 61.545870780944824,
    "test_attempts": 1,
    "vpn_restart_attempts": 0,
    "vpn_restart_duration_seconds": 0.0,
    "connectivity_wait_duration_seconds": 0.0,
    "source": "luna",
    "target": "lom"
  }
}
