{
    "status": "success",
    "data": {
        "total_bandwidth_mbps": {
            "min": 38.278999999999996,
            "average": 39.39503333333334,
            "max": 40.478,
            "percentiles": {
                "p25": 38.917,
                "p50": 39.406000000000006,
                "p75": 39.9245
            }
        },
        "cpu_usage_percent": {
            "min": 0.0,
            "average": 2.4930416666666666,
            "max": 5.38,
            "percentiles": {
                "p25": 2.02,
                "p50": 2.08,
                "p75": 3.03
            }
        },
        "ttfb_ms": {
            "min": 15.0,
            "average": 41.5,
            "max": 73.0,
            "percentiles": {
                "p25": 28.0,
                "p50": 36.0,
                "p75": 61.5
            }
        },
        "conn_time_ms": {
            "min": 14.0,
            "average": 36.75,
            "max": 71.0,
            "percentiles": {
                "p25": 22.0,
                "p50": 30.0,
                "p75": 52.25
            }
        }
    },
    "meta": {
        "duration_seconds": 32.07751727104187,
        "test_attempts": 1,
        "vpn_restart_attempts": 0,
        "vpn_restart_duration_seconds": 0.0,
        "connectivity_wait_duration_seconds": 0.0,
        "source": "luna",
        "target": "lom"
    }
}