{
    "status": "success",
    "data": {
        "rtt_min_ms": {
            "min": 1.734,
            "average": 1.799,
            "max": 1.868,
            "percentiles": {
                "p25": 1.734,
                "p50": 1.795,
                "p75": 1.868
            }
        },
        "rtt_avg_ms": {
            "min": 19.057,
            "average": 20.149666666666665,
            "max": 21.23,
            "percentiles": {
                "p25": 19.057,
                "p50": 20.162,
                "p75": 21.23
            }
        },
        "rtt_max_ms": {
            "min": 105.158,
            "average": 112.21733333333333,
            "max": 119.232,
            "percentiles": {
                "p25": 105.158,
                "p50": 112.262,
                "p75": 119.232
            }
        },
        "rtt_mdev_ms": {
            "min": 16.511,
            "average": 17.676666666666666,
            "max": 18.899,
            "percentiles": {
                "p25": 16.511,
                "p50": 17.62,
                "p75": 18.899
            }
        },
        "packet_loss_percent": {
            "min": 0.0,
            "average": 0.0,
            "max": 0.0,
            "percentiles": {
                "p25": 0.0,
                "p50": 0.0,
                "p75": 0.0
            }
        }
    },
    "meta": {
        "duration_seconds": 61.105812788009644,
        "test_attempts": 1,
        "vpn_restart_attempts": 0,
        "vpn_restart_duration_seconds": 2.435835123062134,
        "connectivity_wait_duration_seconds": 6.790164947509766,
        "source": "lom",
        "target": "yuki"
    }
}