{
    "status": "success",
    "data": {
        "rtt_min_ms": {
            "min": 1.673,
            "average": 1.8780000000000001,
            "max": 2.004,
            "percentiles": {
                "p25": 1.673,
                "p50": 1.957,
                "p75": 2.004
            }
        },
        "rtt_avg_ms": {
            "min": 18.458,
            "average": 19.956,
            "max": 22.36,
            "percentiles": {
                "p25": 18.458,
                "p50": 19.05,
                "p75": 22.36
            }
        },
        "rtt_max_ms": {
            "min": 91.726,
            "average": 97.00133333333333,
            "max": 104.918,
            "percentiles": {
                "p25": 91.726,
                "p50": 94.36,
                "p75": 104.918
            }
        },
        "rtt_mdev_ms": {
            "min": 16.179,
            "average": 18.582,
            "max": 22.238,
            "percentiles": {
                "p25": 16.179,
                "p50": 17.329,
                "p75": 22.238
            }
        },
        "packet_loss_percent": {
            "min": 0.0,
            "average": 0.0,
            "max": 0.0,
            "percentiles": {
                "p25": 0.0,
                "p50": 0.0,
                "p75": 0.0
            }
        }
    },
    "meta": {
        "duration_seconds": 61.23463320732117,
        "test_attempts": 1,
        "vpn_restart_attempts": 0,
        "vpn_restart_duration_seconds": 1.880110502243042,
        "connectivity_wait_duration_seconds": 246.39671754837036,
        "source": "lom",
        "target": "yuki"
    }
}