{
    "status": "success",
    "data": {
        "total_bandwidth_mbps": {
            "min": 1.6950999999999998,
            "average": 2.2361313333333332,
            "max": 3.5040199999999997,
            "percentiles": {
                "p25": 1.9894825,
                "p50": 2.18098,
                "p75": 2.4182825
            }
        },
        "cpu_usage_percent": {
            "min": 0.0,
            "average": 2.8013478260869564,
            "max": 6.49,
            "percentiles": {
                "p25": 2.04,
                "p50": 3.03,
                "p75": 3.8625
            }
        },
        "ttfb_ms": {
            "min": 69.0,
            "average": 451.875,
            "max": 1133.0,
            "percentiles": {
                "p25": 101.25,
                "p50": 399.5,
                "p75": 718.25
            }
        },
        "conn_time_ms": {
            "min": 21.0,
            "average": 331.5,
            "max": 882.0,
            "percentiles": {
                "p25": 52.25,
                "p50": 294.5,
                "p75": 511.75
            }
        }
    },
    "meta": {
        "duration_seconds": 33.27293872833252,
        "test_attempts": 1,
        "vpn_restart_attempts": 0,
        "vpn_restart_duration_seconds": 2.6467127799987793,
        "connectivity_wait_duration_seconds": 5.650810956954956,
        "source": "lom",
        "target": "yuki"
    }
}