{
  "status": "success",
  "data": {
    "rtt_min_ms": {
      "min": 0.345,
      "average": 0.372,
      "max": 0.415,
      "percentiles": {
        "p25": 0.345,
        "p50": 0.356,
        "p75": 0.415
      }
    },
    "rtt_avg_ms": {
      "min": 0.502,
      "average": 0.5113333333333333,
      "max": 0.516,
      "percentiles": {
        "p25": 0.502,
        "p50": 0.516,
        "p75": 0.516
      }
    },
    "rtt_max_ms": {
      "min": 0.571,
      "average": 0.5856666666666667,
      "max": 0.613,
      "percentiles": {
        "p25": 0.571,
        "p50": 0.573,
        "p75": 0.613
      }
    },
    "rtt_mdev_ms": {
      "min": 0.041,
      "average": 0.04666666666666667,
      "max": 0.051,
      "percentiles": {
        "p25": 0.041,
        "p50": 0.048,
        "p75": 0.051
      }
    },
    "packet_loss_percent": {
      "min": 0.0,
      "average": 0.0,
      "max": 0.0,
      "percentiles": {
        "p25": 0.0,
        "p50": 0.0,
        "p75": 0.0
      }
    }
  },
  "meta": {
    "duration_seconds": 62.83261179924011,
    "test_attempts": 1,
    "vpn_restart_attempts": 0,
    "source": "luna",
    "target": "lom"
  }
}
