{
    "status": "success",
    "data": {
        "total_bandwidth_mbps": {
            "min": 882.1999999999999,
            "average": 888.7433333333335,
            "max": 889.3000000000001,
            "percentiles": {
                "p25": 888.8000000000001,
                "p50": 888.95,
                "p75": 889.1000000000001
            }
        },
        "cpu_usage_percent": {
            "min": 5.05,
            "average": 10.641208333333333,
            "max": 16.49,
            "percentiles": {
                "p25": 9.18,
                "p50": 10.89,
                "p75": 12.12
            }
        },
        "ttfb_ms": {
            "min": 13.0,
            "average": 16.75,
            "max": 19.0,
            "percentiles": {
                "p25": 15.0,
                "p50": 17.0,
                "p75": 19.0
            }
        },
        "conn_time_ms": {
            "min": 13.0,
            "average": 15.875,
            "max": 18.0,
            "percentiles": {
                "p25": 14.0,
                "p50": 16.0,
                "p75": 18.0
            }
        }
    },
    "meta": {
        "duration_seconds": 31.472893476486206,
        "test_attempts": 1,
        "vpn_restart_attempts": 0,
        "source": "luna",
        "target": "lom"
    }
}