{
    "status": "success",
    "data": {
        "total_bandwidth_mbps": {
            "min": 883.0,
            "average": 888.9133333333334,
            "max": 889.3000000000002,
            "percentiles": {
                "p25": 889.0000000000001,
                "p50": 889.1000000000001,
                "p75": 889.2000000000002
            }
        },
        "cpu_usage_percent": {
            "min": 4.41,
            "average": 9.349833333333333,
            "max": 16.0,
            "percentiles": {
                "p25": 8.08,
                "p50": 9.0,
                "p75": 10.31
            }
        },
        "ttfb_ms": {
            "min": 15.0,
            "average": 16.875,
            "max": 20.0,
            "percentiles": {
                "p25": 15.0,
                "p50": 16.5,
                "p75": 18.75
            }
        },
        "conn_time_ms": {
            "min": 14.0,
            "average": 16.375,
            "max": 19.0,
            "percentiles": {
                "p25": 14.25,
                "p50": 16.5,
                "p75": 18.0
            }
        }
    },
    "meta": {
        "duration_seconds": 31.545867919921875,
        "test_attempts": 1,
        "vpn_restart_attempts": 0,
        "vpn_restart_duration_seconds": 0.0,
        "connectivity_wait_duration_seconds": 0.0,
        "source": "luna",
        "target": "lom"
    }
}