{
    "status": "success",
    "data": {
        "encoding": {
            "bitrate_kbps": {
                "min": 3304.8,
                "average": 3347.6689655172413,
                "max": 3493.5,
                "percentiles": {
                    "p25": 3320.9,
                    "p50": 3334.2,
                    "p75": 3356.3999999999996
                }
            },
            "fps": {
                "min": 31.0,
                "average": 32.13793103448276,
                "max": 45.0,
                "percentiles": {
                    "p25": 31.0,
                    "p50": 31.0,
                    "p75": 32.0
                }
            },
            "dropped_frames": {
                "min": 15.0,
                "average": 15.0,
                "max": 15.0,
                "percentiles": {
                    "p25": 15.0,
                    "p50": 15.0,
                    "p75": 15.0
                }
            }
        },
        "network": {
            "packets_dropped": {
                "min": 0.0,
                "average": 0.0,
                "max": 0.0,
                "percentiles": {
                    "p25": 0.0,
                    "p50": 0.0,
                    "p75": 0.0
                }
            },
            "packets_recovered": {
                "min": 0.0,
                "average": 0.0,
                "max": 0.0,
                "percentiles": {
                    "p25": 0.0,
                    "p50": 0.0,
                    "p75": 0.0
                }
            },
            "rtt_ms": {
                "min": 3.1111844689377124,
                "average": 4.145035788964003,
                "max": 5.314503376859473,
                "percentiles": {
                    "p25": 3.692902384348937,
                    "p50": 4.129495057820002,
                    "p75": 4.667524337206782
                }
            },
            "quality": {
                "min": 100.0,
                "average": 100.0,
                "max": 100.0,
                "percentiles": {
                    "p25": 100.0,
                    "p50": 100.0,
                    "p75": 100.0
                }
            },
            "bitrate_bps": {
                "min": 0.0,
                "average": 3167310.709677419,
                "max": 5156463.0,
                "percentiles": {
                    "p25": 2854685.0,
                    "p50": 3533268.0,
                    "p75": 3602321.0
                }
            }
        }
    },
    "meta": {
        "duration_seconds": 34.185649394989014,
        "test_attempts": 1,
        "vpn_restart_attempts": 0,
        "vpn_restart_duration_seconds": 0.0,
        "connectivity_wait_duration_seconds": 0.0,
        "source": "luna",
        "target": "lom"
    }
}