{
    "status": "success",
    "data": {
        "Internal": {
            "status": "success",
            "data": {
                "total_duration_seconds": {
                    "min": 568.6542313865066,
                    "average": 568.6542313865066,
                    "max": 568.6542313865066,
                    "percentiles": {
                        "p25": 568.6542313865066,
                        "p50": 568.6542313865066,
                        "p75": 568.6542313865066
                    }
                },
                "vpn_installation_seconds": {
                    "min": 390.4620205579995,
                    "average": 390.4620205579995,
                    "max": 390.4620205579995,
                    "percentiles": {
                        "p25": 390.4620205579995,
                        "p50": 390.4620205579995,
                        "p75": 390.4620205579995
                    }
                },
                "benchmarking_seconds": {
                    "min": 178.1922108285071,
                    "average": 178.1922108285071,
                    "max": 178.1922108285071,
                    "percentiles": {
                        "p25": 178.1922108285071,
                        "p50": 178.1922108285071,
                        "p75": 178.1922108285071
                    }
                }
            }
        }
    }
}