{
  "status": "success",
  "data": {
    "rtt_min_ms": {
      "min": 2.244,
      "average": 2.583666666666667,
      "max": 2.776,
      "percentiles": {
        "p25": 2.244,
        "p50": 2.731,
        "p75": 2.776
      }
    },
    "rtt_avg_ms": {
      "min": 5.897,
      "average": 6.072333333333334,
      "max": 6.309,
      "percentiles": {
        "p25": 5.897,
        "p50": 6.011,
        "p75": 6.309
      }
    },
    "rtt_max_ms": {
      "min": 9.48,
      "average": 9.751333333333333,
      "max": 9.978,
      "percentiles": {
        "p25": 9.48,
        "p50": 9.796,
        "p75": 9.978
      }
    },
    "rtt_mdev_ms": {
      "min": 1.575,
      "average": 1.6646666666666667,
      "max": 1.786,
      "percentiles": {
        "p25": 1.575,
        "p50": 1.633,
        "p75": 1.786
      }
    },
    "packet_loss_percent": {
      "min": 0.0,
      "average": 0.3333333333333333,
      "max": 1.0,
      "percentiles": {
        "p25": 0.0,
        "p50": 0.0,
        "p75": 1.0
      }
    }
  },
  "meta": {
    "duration_seconds": 60.80760073661804,
    "test_attempts": 1,
    "vpn_restart_attempts": 0
  }
}
