{
  "status": "success",
  "data": {
    "total_bandwidth_mbps": {
      "min": 7.266,
      "average": 7.939033333333334,
      "max": 8.923,
      "percentiles": {
        "p25": 7.677999999999999,
        "p50": 7.993500000000001,
        "p75": 8.20775
      }
    },
    "cpu_usage_percent": {
      "min": 5.32,
      "average": 7.570916666666666,
      "max": 10.89,
      "percentiles": {
        "p25": 6.45,
        "p50": 7.45,
        "p75": 8.42
      }
    },
    "ttfb_ms": {
      "min": 36.0,
      "average": 115.5,
      "max": 279.0,
      "percentiles": {
        "p25": 40.0,
        "p50": 73.5,
        "p75": 233.0
      }
    },
    "conn_time_ms": {
      "min": 24.0,
      "average": 95.5,
      "max": 244.0,
      "percentiles": {
        "p25": 29.25,
        "p50": 57.0,
        "p75": 200.25
      }
    }
  },
  "meta": {
    "duration_seconds": 32.23254466056824,
    "test_attempts": 1,
    "vpn_restart_attempts": 0
  }
}
