{
  "status": "success",
  "data": {
    "bitrate_kbps": {
      "min": 1772.7,
      "average": 1947.3586206896553,
      "max": 1977.4,
      "percentiles": {
        "p25": 1944.05,
        "p50": 1961.0,
        "p75": 1966.55
      }
    },
    "fps": {
      "min": 31.0,
      "average": 32.13793103448276,
      "max": 45.0,
      "percentiles": {
        "p25": 31.0,
        "p50": 31.0,
        "p75": 32.0
      }
    },
    "dropped_frames": {
      "min": 14.0,
      "average": 14.0,
      "max": 14.0,
      "percentiles": {
        "p25": 14.0,
        "p50": 14.0,
        "p75": 14.0
      }
    }
  },
  "meta": {
    "duration_seconds": 31.690058708190918,
    "test_attempts": 1,
    "vpn_restart_attempts": 0
  }
}
