{
    "status": "success",
    "data": {
        "rtt_min_ms": {
            "min": 29.131,
            "average": 275.91566666666665,
            "max": 605.84,
            "percentiles": {
                "p25": 29.131,
                "p50": 192.776,
                "p75": 605.84
            }
        },
        "rtt_avg_ms": {
            "min": 1085.094,
            "average": 1207.779,
            "max": 1427.661,
            "percentiles": {
                "p25": 1085.094,
                "p50": 1110.582,
                "p75": 1427.661
            }
        },
        "rtt_max_ms": {
            "min": 2087.389,
            "average": 2273.4320000000002,
            "max": 2436.165,
            "percentiles": {
                "p25": 2087.389,
                "p50": 2296.742,
                "p75": 2436.165
            }
        },
        "rtt_mdev_ms": {
            "min": 440.889,
            "average": 486.0046666666667,
            "max": 563.339,
            "percentiles": {
                "p25": 440.889,
                "p50": 453.786,
                "p75": 563.339
            }
        },
        "packet_loss_percent": {
            "min": 1.0,
            "average": 2.0,
            "max": 3.0,
            "percentiles": {
                "p25": 1.0,
                "p50": 2.0,
                "p75": 3.0
            }
        }
    },
    "meta": {
        "duration_seconds": 74.90002131462097,
        "test_attempts": 1,
        "vpn_restart_attempts": 0,
        "vpn_restart_duration_seconds": 2.061382293701172,
        "connectivity_wait_duration_seconds": 2.361380100250244,
        "source": "lom",
        "target": "yuki"
    }
}