{
    "status": "success",
    "data": {
        "rtt_min_ms": {
            "min": 1.093,
            "average": 1.1306666666666667,
            "max": 1.171,
            "percentiles": {
                "p25": 1.093,
                "p50": 1.128,
                "p75": 1.171
            }
        },
        "rtt_avg_ms": {
            "min": 22.957,
            "average": 30.547,
            "max": 39.183,
            "percentiles": {
                "p25": 22.957,
                "p50": 29.501,
                "p75": 39.183
            }
        },
        "rtt_max_ms": {
            "min": 247.427,
            "average": 399.6693333333333,
            "max": 518.457,
            "percentiles": {
                "p25": 247.427,
                "p50": 433.124,
                "p75": 518.457
            }
        },
        "rtt_mdev_ms": {
            "min": 38.959,
            "average": 60.290333333333336,
            "max": 82.227,
            "percentiles": {
                "p25": 38.959,
                "p50": 59.685,
                "p75": 82.227
            }
        },
        "packet_loss_percent": {
            "min": 0.0,
            "average": 0.0,
            "max": 0.0,
            "percentiles": {
                "p25": 0.0,
                "p50": 0.0,
                "p75": 0.0
            }
        }
    },
    "meta": {
        "duration_seconds": 61.05506491661072,
        "test_attempts": 1,
        "vpn_restart_attempts": 0,
        "vpn_restart_duration_seconds": 2.4587767124176025,
        "connectivity_wait_duration_seconds": 4.116955995559692,
        "source": "lom",
        "target": "yuki"
    }
}