{
    "status": "success",
    "data": {
        "total_bandwidth_mbps": {
            "min": 1.13727,
            "average": 4.445164666666667,
            "max": 10.4539,
            "percentiles": {
                "p25": 2.6389,
                "p50": 4.3042125,
                "p75": 5.413425000000001
            }
        },
        "cpu_usage_percent": {
            "min": 0.0,
            "average": 0.7173636363636363,
            "max": 4.12,
            "percentiles": {
                "p25": 0.0,
                "p50": 1.0,
                "p75": 1.01
            }
        },
        "ttfb_ms": {
            "min": 100.0,
            "average": 286.375,
            "max": 657.0,
            "percentiles": {
                "p25": 138.25,
                "p50": 261.0,
                "p75": 365.75
            }
        },
        "conn_time_ms": {
            "min": 40.0,
            "average": 61.75,
            "max": 88.0,
            "percentiles": {
                "p25": 42.0,
                "p50": 61.0,
                "p75": 78.5
            }
        }
    },
    "meta": {
        "duration_seconds": 40.53644061088562,
        "test_attempts": 1,
        "vpn_restart_attempts": 0,
        "vpn_restart_duration_seconds": 3.1603755950927734,
        "connectivity_wait_duration_seconds": 2.7404942512512207,
        "source": "lom",
        "target": "yuki"
    }
}