{
  "status": "success",
  "data": {
    "encoding": {
      "bitrate_kbps": {
        "min": 3313.6,
        "average": 3350.786206896552,
        "max": 3504.3,
        "percentiles": {
          "p25": 3322.45,
          "p50": 3335.7,
          "p75": 3360.2
        }
      },
      "fps": {
        "min": 31.0,
        "average": 32.13793103448276,
        "max": 45.0,
        "percentiles": {
          "p25": 31.0,
          "p50": 31.0,
          "p75": 32.0
        }
      },
      "dropped_frames": {
        "min": 15.0,
        "average": 15.0,
        "max": 15.0,
        "percentiles": {
          "p25": 15.0,
          "p50": 15.0,
          "p75": 15.0
        }
      }
    },
    "network": {
      "packets_dropped": {
        "min": 0.0,
        "average": 52.03225806451613,
        "max": 306.0,
        "percentiles": {
          "p25": 0.0,
          "p50": 0.0,
          "p75": 89.0
        }
      },
      "packets_recovered": {
        "min": 0.0,
        "average": 0.0,
        "max": 0.0,
        "percentiles": {
          "p25": 0.0,
          "p50": 0.0,
          "p75": 0.0
        }
      },
      "rtt_ms": {
        "min": 6.2331982411040645,
        "average": 661.6744176127847,
        "max": 1796.9031835110725,
        "percentiles": {
          "p25": 146.45314882512486,
          "p50": 521.7654417659088,
          "p75": 1254.847834744714
        }
      },
      "quality": {
        "min": 38.0,
        "average": 87.6774193548387,
        "max": 100.0,
        "percentiles": {
          "p25": 83.0,
          "p50": 100.0,
          "p75": 100.0
        }
      },
      "bitrate_bps": {
        "min": 0.0,
        "average": 2691030.709677419,
        "max": 5259430.0,
        "percentiles": {
          "p25": 1855167.0,
          "p50": 2810199.0,
          "p75": 3610819.0
        }
      }
    }
  },
  "meta": {
    "duration_seconds": 31.99507999420166,
    "test_attempts": 1,
    "vpn_restart_attempts": 0,
    "vpn_restart_duration_seconds": 1.737403154373169,
    "connectivity_wait_duration_seconds": 4.0449066162109375,
    "source": "lom",
    "target": "yuki"
  }
}
