{
  "status": "success",
  "data": {
    "rtt_min_ms": {
      "min": 0.944,
      "average": 1.1466666666666667,
      "max": 1.293,
      "percentiles": {
        "p25": 0.944,
        "p50": 1.203,
        "p75": 1.293
      }
    },
    "rtt_avg_ms": {
      "min": 9.773,
      "average": 10.139666666666667,
      "max": 10.428,
      "percentiles": {
        "p25": 9.773,
        "p50": 10.218,
        "p75": 10.428
      }
    },
    "rtt_max_ms": {
      "min": 21.055,
      "average": 21.423333333333336,
      "max": 21.763,
      "percentiles": {
        "p25": 21.055,
        "p50": 21.452,
        "p75": 21.763
      }
    },
    "rtt_mdev_ms": {
      "min": 4.765,
      "average": 4.9286666666666665,
      "max": 5.061,
      "percentiles": {
        "p25": 4.765,
        "p50": 4.96,
        "p75": 5.061
      }
    },
    "packet_loss_percent": {
      "min": 1.0,
      "average": 3.0,
      "max": 5.0,
      "percentiles": {
        "p25": 1.0,
        "p50": 3.0,
        "p75": 5.0
      }
    }
  },
  "meta": {
    "duration_seconds": 61.45730185508728,
    "test_attempts": 1,
    "vpn_restart_attempts": 0,
    "vpn_restart_duration_seconds": 0.0,
    "connectivity_wait_duration_seconds": 0.0,
    "source": "yuki",
    "target": "luna"
  }
}
