{
    "status": "success",
    "data": {
        "rtt_min_ms": {
            "min": 1.437,
            "average": 1.6653333333333333,
            "max": 2.112,
            "percentiles": {
                "p25": 1.437,
                "p50": 1.447,
                "p75": 2.112
            }
        },
        "rtt_avg_ms": {
            "min": 5.395,
            "average": 5.596666666666667,
            "max": 5.925,
            "percentiles": {
                "p25": 5.395,
                "p50": 5.47,
                "p75": 5.925
            }
        },
        "rtt_max_ms": {
            "min": 9.146,
            "average": 10.455333333333334,
            "max": 12.985,
            "percentiles": {
                "p25": 9.146,
                "p50": 9.235,
                "p75": 12.985
            }
        },
        "rtt_mdev_ms": {
            "min": 1.67,
            "average": 1.7436666666666667,
            "max": 1.828,
            "percentiles": {
                "p25": 1.67,
                "p50": 1.733,
                "p75": 1.828
            }
        },
        "packet_loss_percent": {
            "min": 0.0,
            "average": 1.0,
            "max": 2.0,
            "percentiles": {
                "p25": 0.0,
                "p50": 1.0,
                "p75": 2.0
            }
        }
    },
    "meta": {
        "duration_seconds": 61.25601291656494,
        "test_attempts": 1,
        "vpn_restart_attempts": 0,
        "vpn_restart_duration_seconds": 7.031776428222656,
        "connectivity_wait_duration_seconds": 2.35876202583313,
        "source": "luna",
        "target": "lom"
    }
}