{
  "status": "success",
  "data": {
    "rtt_min_ms": {
      "min": 1.644,
      "average": 1.8783333333333332,
      "max": 2.215,
      "percentiles": {
        "p25": 1.644,
        "p50": 1.776,
        "p75": 2.215
      }
    },
    "rtt_avg_ms": {
      "min": 4.966,
      "average": 5.1433333333333335,
      "max": 5.238,
      "percentiles": {
        "p25": 4.966,
        "p50": 5.226,
        "p75": 5.238
      }
    },
    "rtt_max_ms": {
      "min": 8.548,
      "average": 8.610666666666667,
      "max": 8.674,
      "percentiles": {
        "p25": 8.548,
        "p50": 8.61,
        "p75": 8.674
      }
    },
    "rtt_mdev_ms": {
      "min": 1.517,
      "average": 1.5796666666666666,
      "max": 1.671,
      "percentiles": {
        "p25": 1.517,
        "p50": 1.551,
        "p75": 1.671
      }
    },
    "packet_loss_percent": {
      "min": 0.0,
      "average": 0.0,
      "max": 0.0,
      "percentiles": {
        "p25": 0.0,
        "p50": 0.0,
        "p75": 0.0
      }
    }
  },
  "meta": {
    "duration_seconds": 60.79918360710144,
    "test_attempts": 1,
    "vpn_restart_attempts": 0,
    "vpn_restart_duration_seconds": 6.8813862800598145,
    "connectivity_wait_duration_seconds": 2.3560104370117188,
    "source": "luna",
    "target": "lom"
  }
}
