{
  "status": "success",
  "data": {
    "rtt_min_ms": {
      "min": 1.339,
      "average": 1.8286666666666667,
      "max": 2.433,
      "percentiles": {
        "p25": 1.339,
        "p50": 1.714,
        "p75": 2.433
      }
    },
    "rtt_avg_ms": {
      "min": 5.063,
      "average": 5.262333333333333,
      "max": 5.376,
      "percentiles": {
        "p25": 5.063,
        "p50": 5.348,
        "p75": 5.376
      }
    },
    "rtt_max_ms": {
      "min": 8.733,
      "average": 8.957333333333333,
      "max": 9.119,
      "percentiles": {
        "p25": 8.733,
        "p50": 9.02,
        "p75": 9.119
      }
    },
    "rtt_mdev_ms": {
      "min": 1.624,
      "average": 1.6740000000000002,
      "max": 1.719,
      "percentiles": {
        "p25": 1.624,
        "p50": 1.679,
        "p75": 1.719
      }
    },
    "packet_loss_percent": {
      "min": 0.0,
      "average": 0.0,
      "max": 0.0,
      "percentiles": {
        "p25": 0.0,
        "p50": 0.0,
        "p75": 0.0
      }
    }
  },
  "meta": {
    "duration_seconds": 60.859193563461304,
    "test_attempts": 1,
    "vpn_restart_attempts": 0,
    "vpn_restart_duration_seconds": 6.852600336074829,
    "connectivity_wait_duration_seconds": 16.97486710548401,
    "source": "luna",
    "target": "lom"
  }
}
