{
    "status": "success",
    "data": {
        "total_bandwidth_mbps": {
            "min": 91.00999999999999,
            "average": 93.62166666666667,
            "max": 96.74000000000001,
            "percentiles": {
                "p25": 92.58000000000001,
                "p50": 93.83500000000001,
                "p75": 94.5325
            }
        },
        "cpu_usage_percent": {
            "min": 1.11,
            "average": 5.659083333333333,
            "max": 24.47,
            "percentiles": {
                "p25": 4.0,
                "p50": 5.0,
                "p75": 6.12
            }
        },
        "ttfb_ms": {
            "min": 19.0,
            "average": 26.75,
            "max": 42.0,
            "percentiles": {
                "p25": 20.5,
                "p50": 23.5,
                "p75": 35.5
            }
        },
        "conn_time_ms": {
            "min": 16.0,
            "average": 23.375,
            "max": 39.0,
            "percentiles": {
                "p25": 17.25,
                "p50": 20.5,
                "p75": 31.5
            }
        }
    },
    "meta": {
        "duration_seconds": 31.519319772720337,
        "test_attempts": 1,
        "vpn_restart_attempts": 0,
        "vpn_restart_duration_seconds": 6.942887306213379,
        "connectivity_wait_duration_seconds": 3.930002212524414,
        "source": "luna",
        "target": "lom"
    }
}