{
    "status": "success",
    "data": {
        "rtt_min_ms": {
            "min": 50.603,
            "average": 50.752,
            "max": 50.878,
            "percentiles": {
                "p25": 50.603,
                "p50": 50.775,
                "p75": 50.878
            }
        },
        "rtt_avg_ms": {
            "min": 51.088,
            "average": 51.465,
            "max": 51.865,
            "percentiles": {
                "p25": 51.088,
                "p50": 51.442,
                "p75": 51.865
            }
        },
        "rtt_max_ms": {
            "min": 51.257,
            "average": 80.44533333333334,
            "max": 131.018,
            "percentiles": {
                "p25": 51.257,
                "p50": 59.061,
                "p75": 131.018
            }
        },
        "rtt_mdev_ms": {
            "min": 0.078,
            "average": 3.155,
            "max": 7.955,
            "percentiles": {
                "p25": 0.078,
                "p50": 1.432,
                "p75": 7.955
            }
        },
        "packet_loss_percent": {
            "min": 0.0,
            "average": 0.0,
            "max": 0.0,
            "percentiles": {
                "p25": 0.0,
                "p50": 0.0,
                "p75": 0.0
            }
        }
    },
    "meta": {
        "duration_seconds": 60.79557418823242,
        "test_attempts": 1,
        "vpn_restart_attempts": 0,
        "vpn_restart_duration_seconds": 1.8200938701629639,
        "connectivity_wait_duration_seconds": 69.92006826400757,
        "source": "lom",
        "target": "yuki"
    }
}