{
    "status": "success",
    "data": {
        "rtt_min_ms": {
            "min": 1.254,
            "average": 1.2973333333333334,
            "max": 1.36,
            "percentiles": {
                "p25": 1.254,
                "p50": 1.278,
                "p75": 1.36
            }
        },
        "rtt_avg_ms": {
            "min": 1.577,
            "average": 4.420999999999999,
            "max": 10.097,
            "percentiles": {
                "p25": 1.577,
                "p50": 1.589,
                "p75": 10.097
            }
        },
        "rtt_max_ms": {
            "min": 1.818,
            "average": 10.320666666666668,
            "max": 26.507,
            "percentiles": {
                "p25": 1.818,
                "p50": 2.637,
                "p75": 26.507
            }
        },
        "rtt_mdev_ms": {
            "min": 0.077,
            "average": 3.9903333333333335,
            "max": 11.772,
            "percentiles": {
                "p25": 0.077,
                "p50": 0.122,
                "p75": 11.772
            }
        },
        "packet_loss_percent": {
            "min": 0.0,
            "average": 0.3333333333333333,
            "max": 1.0,
            "percentiles": {
                "p25": 0.0,
                "p50": 0.0,
                "p75": 1.0
            }
        }
    },
    "meta": {
        "duration_seconds": 61.03302717208862,
        "test_attempts": 1,
        "vpn_restart_attempts": 0,
        "source": "lom",
        "target": "yuki"
    }
}