{
    "status": "success",
    "data": {
        "rtt_min_ms": {
            "min": 1.15,
            "average": 1.2396666666666667,
            "max": 1.368,
            "percentiles": {
                "p25": 1.15,
                "p50": 1.201,
                "p75": 1.368
            }
        },
        "rtt_avg_ms": {
            "min": 1.597,
            "average": 1.8433333333333333,
            "max": 2.324,
            "percentiles": {
                "p25": 1.597,
                "p50": 1.609,
                "p75": 2.324
            }
        },
        "rtt_max_ms": {
            "min": 1.74,
            "average": 5.844,
            "max": 13.289,
            "percentiles": {
                "p25": 1.74,
                "p50": 2.503,
                "p75": 13.289
            }
        },
        "rtt_mdev_ms": {
            "min": 0.067,
            "average": 0.6283333333333333,
            "max": 1.671,
            "percentiles": {
                "p25": 0.067,
                "p50": 0.147,
                "p75": 1.671
            }
        },
        "packet_loss_percent": {
            "min": 0.0,
            "average": 0.0,
            "max": 0.0,
            "percentiles": {
                "p25": 0.0,
                "p50": 0.0,
                "p75": 0.0
            }
        }
    },
    "meta": {
        "duration_seconds": 60.81159687042236,
        "test_attempts": 1,
        "vpn_restart_attempts": 0,
        "vpn_restart_duration_seconds": 1.8671667575836182,
        "connectivity_wait_duration_seconds": 11.891054630279541,
        "source": "lom",
        "target": "yuki"
    }
}