{
  "status": "success",
  "data": {
    "total_bandwidth_mbps": {
      "min": 196.55,
      "average": 297.359,
      "max": 663.3,
      "percentiles": {
        "p25": 227.3125,
        "p50": 278.885,
        "p75": 329.84000000000003
      }
    },
    "cpu_usage_percent": {
      "min": 8.51,
      "average": 16.302875,
      "max": 31.71,
      "percentiles": {
        "p25": 13.7175,
        "p50": 15.46,
        "p75": 18.37
      }
    },
    "ttfb_ms": {
      "min": 112.0,
      "average": 124.125,
      "max": 143.0,
      "percentiles": {
        "p25": 114.25,
        "p50": 121.0,
        "p75": 133.25
      }
    },
    "conn_time_ms": {
      "min": 60.0,
      "average": 66.25,
      "max": 79.0,
      "percentiles": {
        "p25": 61.25,
        "p50": 66.0,
        "p75": 68.5
      }
    }
  },
  "meta": {
    "duration_seconds": 32.28781270980835,
    "test_attempts": 1,
    "vpn_restart_attempts": 0,
    "source": "lom",
    "target": "yuki"
  }
}
