{
    "status": "success",
    "data": {
        "encoding": {
            "bitrate_kbps": {
                "min": 3308.8,
                "average": 3349.4172413793103,
                "max": 3499.5,
                "percentiles": {
                    "p25": 3321.9,
                    "p50": 3335.2,
                    "p75": 3358.6000000000004
                }
            },
            "fps": {
                "min": 31.0,
                "average": 32.13793103448276,
                "max": 45.0,
                "percentiles": {
                    "p25": 31.0,
                    "p50": 31.0,
                    "p75": 32.0
                }
            },
            "dropped_frames": {
                "min": 15.0,
                "average": 15.0,
                "max": 15.0,
                "percentiles": {
                    "p25": 15.0,
                    "p50": 15.0,
                    "p75": 15.0
                }
            }
        },
        "network": {
            "packets_dropped": {
                "min": 0.0,
                "average": 0.0,
                "max": 0.0,
                "percentiles": {
                    "p25": 0.0,
                    "p50": 0.0,
                    "p75": 0.0
                }
            },
            "packets_recovered": {
                "min": 0.0,
                "average": 0.0,
                "max": 0.0,
                "percentiles": {
                    "p25": 0.0,
                    "p50": 0.0,
                    "p75": 0.0
                }
            },
            "rtt_ms": {
                "min": 4.052616702293638,
                "average": 4.927959672182543,
                "max": 6.14784781815553,
                "percentiles": {
                    "p25": 4.552743333068682,
                    "p50": 4.871503552879452,
                    "p75": 5.308945272454945
                }
            },
            "quality": {
                "min": 100.0,
                "average": 100.0,
                "max": 100.0,
                "percentiles": {
                    "p25": 100.0,
                    "p50": 100.0,
                    "p75": 100.0
                }
            },
            "bitrate_bps": {
                "min": 0.0,
                "average": 3172644.935483871,
                "max": 5155939.0,
                "percentiles": {
                    "p25": 2868655.0,
                    "p50": 3559818.0,
                    "p75": 3589742.0
                }
            }
        }
    },
    "meta": {
        "duration_seconds": 31.499783277511597,
        "test_attempts": 1,
        "vpn_restart_attempts": 0,
        "vpn_restart_duration_seconds": 1.5786585807800293,
        "connectivity_wait_duration_seconds": 10.075677394866943,
        "source": "lom",
        "target": "yuki"
    }
}