{
    "status": "success",
    "data": {
        "bitrate_kbps": {
            "min": 1913.1,
            "average": 1989.103448275862,
            "max": 2013.6,
            "percentiles": {
                "p25": 1982.35,
                "p50": 1990.0,
                "p75": 1998.2
            }
        },
        "fps": {
            "min": 31.0,
            "average": 32.13793103448276,
            "max": 45.0,
            "percentiles": {
                "p25": 31.0,
                "p50": 31.0,
                "p75": 32.0
            }
        },
        "dropped_frames": {
            "min": 15.0,
            "average": 15.0,
            "max": 15.0,
            "percentiles": {
                "p25": 15.0,
                "p50": 15.0,
                "p75": 15.0
            }
        }
    },
    "meta": {
        "duration_seconds": 31.72480273246765,
        "test_attempts": 1,
        "vpn_restart_attempts": 0,
        "source": "lom",
        "target": "yuki"
    }
}