{
  "start": {
    "connected": [
      {
        "socket": 7,
        "local_host": "516:b59f:3cb5:5c6e:b93e:2766:5967:b7ab",
        "local_port": 42266,
        "remote_host": "5f4:631b:b835:46e5:d170:bbae:cfb1:7d4a",
        "remote_port": 5201
      },
      {
        "socket": 9,
        "local_host": "516:b59f:3cb5:5c6e:b93e:2766:5967:b7ab",
        "local_port": 42274,
        "remote_host": "5f4:631b:b835:46e5:d170:bbae:cfb1:7d4a",
        "remote_port": 5201
      }
    ],
    "version": "iperf 3.18",
    "system_info": "Linux luna 6.12.19 #1-NixOS SMP PREEMPT_DYNAMIC Thu Mar 13 12:02:20 UTC 2025 x86_64",
    "timestamp": {
      "time": "Mon, 31 Mar 2025 13:38:36 GMT",
      "timesecs": 1743428316
    },
    "connecting_to": {
      "host": "vpn.milo",
      "port": 5201
    },
    "cookie": "nwisc4b3znd56npcswujvfe7bs7bytsojgbp",
    "tcp_mss_default": 1328,
    "target_bitrate": 0,
    "fq_rate": 0,
    "sock_bufsize": 0,
    "sndbuf_actual": 16384,
    "rcvbuf_actual": 131072,
    "test_start": {
      "protocol": "TCP",
      "num_streams": 1,
      "blksize": 131072,
      "omit": 0,
      "duration": 10,
      "bytes": 0,
      "blocks": 0,
      "reverse": 0,
      "tos": 0,
      "target_bitrate": 0,
      "bidir": 1,
      "fqrate": 0,
      "interval": 1
    }
  },
  "intervals": [
    {
      "streams": [
        {
          "socket": 7,
          "start": 0,
          "end": 1.000867,
          "seconds": 1.0008670091629028,
          "bytes": 35389440,
          "bits_per_second": 282870268.884964,
          "retransmits": 0,
          "snd_cwnd": 1772880,
          "snd_wnd": 3562112,
          "rtt": 30140,
          "rttvar": 717,
          "pmtu": 1400,
          "omitted": false,
          "sender": true
        },
        {
          "socket": 9,
          "start": 0,
          "end": 1.000873,
          "seconds": 1.0008729696273804,
          "bytes": 35782656,
          "bits_per_second": 286011568.58754367,
          "omitted": false,
          "sender": false
        }
      ],
      "sum": {
        "start": 0,
        "end": 1.000867,
        "seconds": 1.0008670091629028,
        "bytes": 35389440,
        "bits_per_second": 282870268.884964,
        "retransmits": 0,
        "omitted": false,
        "sender": true
      },
      "sum_bidir_reverse": {
        "start": 0,
        "end": 1.000867,
        "seconds": 1.0008670091629028,
        "bytes": 35782656,
        "bits_per_second": 286013271.8725747,
        "omitted": false,
        "sender": false
      }
    },
    {
      "streams": [
        {
          "socket": 7,
          "start": 1.000867,
          "end": 2.000913,
          "seconds": 1.0000460147857666,
          "bytes": 75366400,
          "bits_per_second": 602903457.526564,
          "retransmits": 801,
          "snd_cwnd": 1312064,
          "snd_wnd": 3612672,
          "rtt": 22169,
          "rttvar": 484,
          "pmtu": 1400,
          "omitted": false,
          "sender": true
        },
        {
          "socket": 9,
          "start": 1.000873,
          "end": 2.000935,
          "seconds": 1.0000619888305664,
          "bytes": 47841280,
          "bits_per_second": 382706516.47059387,
          "omitted": false,
          "sender": false
        }
      ],
      "sum": {
        "start": 1.000867,
        "end": 2.000913,
        "seconds": 1.0000460147857666,
        "bytes": 75366400,
        "bits_per_second": 602903457.526564,
        "retransmits": 801,
        "omitted": false,
        "sender": true
      },
      "sum_bidir_reverse": {
        "start": 1.000867,
        "end": 2.000913,
        "seconds": 1.0000460147857666,
        "bytes": 47841280,
        "bits_per_second": 382712629.5603406,
        "omitted": false,
        "sender": false
      }
    },
    {
      "streams": [
        {
          "socket": 7,
          "start": 2.000913,
          "end": 3.000843,
          "seconds": 0.9999300241470337,
          "bytes": 54001664,
          "bits_per_second": 432043544.615553,
          "retransmits": 0,
          "snd_cwnd": 1401040,
          "snd_wnd": 3612672,
          "rtt": 25022,
          "rttvar": 290,
          "pmtu": 1400,
          "omitted": false,
          "sender": true
        },
        {
          "socket": 9,
          "start": 2.000935,
          "end": 3.00085,
          "seconds": 0.9999150037765503,
          "bytes": 32243712,
          "bits_per_second": 257971622.61367935,
          "omitted": false,
          "sender": false
        }
      ],
      "sum": {
        "start": 2.000913,
        "end": 3.000843,
        "seconds": 0.9999300241470337,
        "bytes": 54001664,
        "bits_per_second": 432043544.615553,
        "retransmits": 0,
        "omitted": false,
        "sender": true
      },
      "sum_bidir_reverse": {
        "start": 2.000913,
        "end": 3.000843,
        "seconds": 0.9999300241470337,
        "bytes": 32243712,
        "bits_per_second": 257967747.51317,
        "omitted": false,
        "sender": false
      }
    },
    {
      "streams": [
        {
          "socket": 7,
          "start": 3.000843,
          "end": 4.000836,
          "seconds": 0.9999930262565613,
          "bytes": 51904512,
          "bits_per_second": 415238991.77019435,
          "retransmits": 0,
          "snd_cwnd": 1468768,
          "snd_wnd": 3611392,
          "rtt": 23866,
          "rttvar": 334,
          "pmtu": 1400,
          "omitted": false,
          "sender": true
        },
        {
          "socket": 9,
          "start": 3.00085,
          "end": 4.000844,
          "seconds": 0.9999939799308777,
          "bytes": 31588352,
          "bits_per_second": 252708337.32165846,
          "omitted": false,
          "sender": false
        }
      ],
      "sum": {
        "start": 3.000843,
        "end": 4.000836,
        "seconds": 0.9999930262565613,
        "bytes": 51904512,
        "bits_per_second": 415238991.77019435,
        "retransmits": 0,
        "omitted": false,
        "sender": true
      },
      "sum_bidir_reverse": {
        "start": 3.000843,
        "end": 4.000836,
        "seconds": 0.9999930262565613,
        "bytes": 31588352,
        "bits_per_second": 252708578.32479,
        "omitted": false,
        "sender": false
      }
    },
    {
      "streams": [
        {
          "socket": 7,
          "start": 4.000836,
          "end": 5.000826,
          "seconds": 0.9999899864196777,
          "bytes": 46399488,
          "bits_per_second": 371199621.03722084,
          "retransmits": 0,
          "snd_cwnd": 1515248,
          "snd_wnd": 3612672,
          "rtt": 25667,
          "rttvar": 64,
          "pmtu": 1400,
          "omitted": false,
          "sender": true
        },
        {
          "socket": 9,
          "start": 4.000844,
          "end": 5.000832,
          "seconds": 0.9999880194664,
          "bytes": 28704768,
          "bits_per_second": 229640895.2204611,
          "omitted": false,
          "sender": false
        }
      ],
      "sum": {
        "start": 4.000836,
        "end": 5.000826,
        "seconds": 0.9999899864196777,
        "bytes": 46399488,
        "bits_per_second": 371199621.03722084,
        "retransmits": 0,
        "omitted": false,
        "sender": true
      },
      "sum_bidir_reverse": {
        "start": 4.000836,
        "end": 5.000826,
        "seconds": 0.9999899864196777,
        "bytes": 28704768,
        "bits_per_second": 229640443.52302647,
        "omitted": false,
        "sender": false
      }
    },
    {
      "streams": [
        {
          "socket": 7,
          "start": 5.000826,
          "end": 6.000843,
          "seconds": 1.0000170469284058,
          "bytes": 46792704,
          "bits_per_second": 374335250.733781,
          "retransmits": 0,
          "snd_cwnd": 1548448,
          "snd_wnd": 3612672,
          "rtt": 24787,
          "rttvar": 484,
          "pmtu": 1400,