{
  "status": "success",
  "data": {
    "total_bandwidth_mbps": {
      "min": 95.18119999999999,
      "average": 327.31220666666667,
      "max": 536.46,
      "percentiles": {
        "p25": 254.48999999999998,
        "p50": 338.6,
        "p75": 392.80249999999995
      }
    },
    "cpu_usage_percent": {
      "min": 1.85,
      "average": 11.645916666666666,
      "max": 25.58,
      "percentiles": {
        "p25": 7.9625,
        "p50": 11.22,
        "p75": 15.15
      }
    },
    "ttfb_ms": {
      "min": 26.0,
      "average": 74.0,
      "max": 84.0,
      "percentiles": {
        "p25": 77.0,
        "p50": 80.0,
        "p75": 83.5
      }
    },
    "conn_time_ms": {
      "min": 19.0,
      "average": 26.625,
      "max": 32.0,
      "percentiles": {
        "p25": 24.5,
        "p50": 26.0,
        "p75": 30.0
      }
    }
  },
  "meta": {
    "duration_seconds": 32.432440757751465,
    "test_attempts": 1,
    "vpn_restart_attempts": 0,
    "vpn_restart_duration_seconds": 1.8659098148345947,
    "connectivity_wait_duration_seconds": 1.9485557079315186,
    "source": "lom",
    "target": "yuki"
  }
}
