{
  "status": "success",
  "data": {
    "rtt_min_ms": {
      "min": 0.863,
      "average": 0.9359999999999999,
      "max": 1.035,
      "percentiles": {
        "p25": 0.863,
        "p50": 0.91,
        "p75": 1.035
      }
    },
    "rtt_avg_ms": {
      "min": 1.179,
      "average": 1.192,
      "max": 1.201,
      "percentiles": {
        "p25": 1.179,
        "p50": 1.196,
        "p75": 1.201
      }
    },
    "rtt_max_ms": {
      "min": 1.39,
      "average": 1.4346666666666665,
      "max": 1.468,
      "percentiles": {
        "p25": 1.39,
        "p50": 1.446,
        "p75": 1.468
      }
    },
    "rtt_mdev_ms": {
      "min": 0.071,
      "average": 0.08266666666666667,
      "max": 0.094,
      "percentiles": {
        "p25": 0.071,
        "p50": 0.083,
        "p75": 0.094
      }
    },
    "packet_loss_percent": {
      "min": 0.0,
      "average": 0.0,
      "max": 0.0,
      "percentiles": {
        "p25": 0.0,
        "p50": 0.0,
        "p75": 0.0
      }
    }
  },
  "meta": {
    "duration_seconds": 60.68237519264221,
    "test_attempts": 1,
    "vpn_restart_attempts": 0,
    "vpn_restart_duration_seconds": 1.8287527561187744,
    "connectivity_wait_duration_seconds": 2.0028932094573975,
    "source": "lom",
    "target": "yuki"
  }
}
