{
    "status": "success",
    "data": {
        "encoding": {
            "bitrate_kbps": {
                "min": 3312.6,
                "average": 3352.4758620689654,
                "max": 3498.9,
                "percentiles": {
                    "p25": 3325.25,
                    "p50": 3339.2,
                    "p75": 3359.1000000000004
                }
            },
            "fps": {
                "min": 31.0,
                "average": 32.10344827586207,
                "max": 44.0,
                "percentiles": {
                    "p25": 31.0,
                    "p50": 31.0,
                    "p75": 32.0
                }
            },
            "dropped_frames": {
                "min": 15.0,
                "average": 15.0,
                "max": 15.0,
                "percentiles": {
                    "p25": 15.0,
                    "p50": 15.0,
                    "p75": 15.0
                }
            }
        },
        "network": {
            "packets_dropped": {
                "min": 0.0,
                "average": 0.0,
                "max": 0.0,
                "percentiles": {
                    "p25": 0.0,
                    "p50": 0.0,
                    "p75": 0.0
                }
            },
            "packets_recovered": {
                "min": 0.0,
                "average": 0.0967741935483871,
                "max": 3.0,
                "percentiles": {
                    "p25": 0.0,
                    "p50": 0.0,
                    "p75": 0.0
                }
            },
            "rtt_ms": {
                "min": 3.697915519490604,
                "average": 4.596751881236055,
                "max": 5.6306583088996955,
                "percentiles": {
                    "p25": 4.269114058385082,
                    "p50": 4.654628458146477,
                    "p75": 4.884223353753359
                }
            },
            "quality": {
                "min": 99.0,
                "average": 99.96774193548387,
                "max": 100.0,
                "percentiles": {
                    "p25": 100.0,
                    "p50": 100.0,
                    "p75": 100.0
                }
            },
            "bitrate_bps": {
                "min": 0.0,
                "average": 3149129.0967741935,
                "max": 5024558.0,
                "percentiles": {
                    "p25": 2841636.0,
                    "p50": 3549578.0,
                    "p75": 3617454.0
                }
            }
        }
    },
    "meta": {
        "duration_seconds": 32.960750102996826,
        "test_attempts": 1,
        "vpn_restart_attempts": 0,
        "vpn_restart_duration_seconds": 1.505528450012207,
        "connectivity_wait_duration_seconds": 1.8500299453735352,
        "source": "lom",
        "target": "yuki"
    }
}