{
    "status": "success",
    "data": {
        "encoding": {
            "bitrate_kbps": {
                "min": 3307.8,
                "average": 3351.713793103448,
                "max": 3489.9,
                "percentiles": {
                    "p25": 3325.5,
                    "p50": 3338.9,
                    "p75": 3359.65
                }
            },
            "fps": {
                "min": 31.0,
                "average": 32.13793103448276,
                "max": 45.0,
                "percentiles": {
                    "p25": 31.0,
                    "p50": 31.0,
                    "p75": 32.0
                }
            },
            "dropped_frames": {
                "min": 15.0,
                "average": 15.0,
                "max": 15.0,
                "percentiles": {
                    "p25": 15.0,
                    "p50": 15.0,
                    "p75": 15.0
                }
            }
        },
        "network": {
            "packets_dropped": {
                "min": 0.0,
                "average": 1790.1290322580646,
                "max": 55494.0,
                "percentiles": {
                    "p25": 0.0,
                    "p50": 0.0,
                    "p75": 0.0
                }
            },
            "packets_recovered": {
                "min": 0.0,
                "average": 1.032258064516129,
                "max": 8.0,
                "percentiles": {
                    "p25": 0.0,
                    "p50": 1.0,
                    "p75": 2.0
                }
            },
            "rtt_ms": {
                "min": 5.495113088179723,
                "average": 8.030012492604152,
                "max": 10.55651420022552,
                "percentiles": {
                    "p25": 7.39202082344288,
                    "p50": 8.06612547896177,
                    "p75": 8.6471558454349
                }
            },
            "quality": {
                "min": 98.0,
                "average": 99.45161290322581,
                "max": 100.0,
                "percentiles": {
                    "p25": 99.0,
                    "p50": 99.0,
                    "p75": 100.0
                }
            },
            "bitrate_bps": {
                "min": 0.0,
                "average": 3158261.806451613,
                "max": 5109752.0,
                "percentiles": {
                    "p25": 2863155.0,
                    "p50": 3569258.0,
                    "p75": 3593005.0
                }
            }
        }
    },
    "meta": {
        "duration_seconds": 32.26798987388611,
        "test_attempts": 1,
        "vpn_restart_attempts": 0,
        "vpn_restart_duration_seconds": 0.0,
        "connectivity_wait_duration_seconds": 0.0,
        "source": "yuki",
        "target": "luna"
    }
}