{
    "status": "success",
    "data": {
        "total_bandwidth_mbps": {
            "min": 542.1300000000001,
            "average": 593.97,
            "max": 644.5699999999999,
            "percentiles": {
                "p25": 579.9200000000001,
                "p50": 586.53,
                "p75": 611.055
            }
        },
        "cpu_usage_percent": {
            "min": 42.22,
            "average": 52.59008333333333,
            "max": 100.0,
            "percentiles": {
                "p25": 48.35,
                "p50": 50.0,
                "p75": 52.11750000000001
            }
        },
        "ttfb_ms": {
            "min": 12.0,
            "average": 17.75,
            "max": 22.0,
            "percentiles": {
                "p25": 15.25,
                "p50": 18.0,
                "p75": 20.75
            }
        },
        "conn_time_ms": {
            "min": 11.0,
            "average": 16.5,
            "max": 20.0,
            "percentiles": {
                "p25": 14.25,
                "p50": 17.0,
                "p75": 19.0
            }
        }
    },
    "meta": {
        "duration_seconds": 31.12865424156189,
        "test_attempts": 1,
        "vpn_restart_attempts": 0,
        "vpn_restart_duration_seconds": 3.5300893783569336,
        "connectivity_wait_duration_seconds": 1.8351588249206543,
        "source": "yuki",
        "target": "luna"
    }
}