{
    "status": "success",
    "data": {
        "total_bandwidth_mbps": {
            "min": 478.9,
            "average": 484.22,
            "max": 493.70000000000005,
            "percentiles": {
                "p25": 480.47499999999997,
                "p50": 484.6,
                "p75": 485.92500000000007
            }
        },
        "cpu_usage_percent": {
            "min": 56.98,
            "average": 69.512,
            "max": 84.34,
            "percentiles": {
                "p25": 60.23,
                "p50": 70.11,
                "p75": 75.72
            }
        },
        "ttfb_ms": {
            "min": 23.0,
            "average": 29.5,
            "max": 34.0,
            "percentiles": {
                "p25": 24.75,
                "p50": 30.5,
                "p75": 33.25
            }
        },
        "conn_time_ms": {
            "min": 21.0,
            "average": 28.25,
            "max": 33.0,
            "percentiles": {
                "p25": 23.0,
                "p50": 29.5,
                "p75": 32.25
            }
        }
    }
}