{
  "status": "success",
  "data": {
    "VpnCloud": {
      "status": "success",
      "data": {
        "total_bandwidth_mbps": {
          "min": 37.806,
          "average": 39.39633333333333,
          "max": 41.263,
          "percentiles": {
            "p25": 38.92675,
            "p50": 39.2945,
            "p75": 40.06708333333333
          }
        },
        "cpu_usage_percent": {
          "min": 0.0,
          "average": 2.164347222222222,
          "max": 7.14,
          "percentiles": {
            "p25": 1.6933333333333334,
            "p50": 2.013333333333333,
            "p75": 2.6975
          }
        },
        "ttfb_ms": {
          "min": 18.0,
          "average": 49.541666666666664,
          "max": 269.0,
          "percentiles": {
            "p25": 21.333333333333332,
            "p50": 27.666666666666668,
            "p75": 47.666666666666664
          }
        },
        "conn_time_ms": {
          "min": 16.0,
          "average": 45.375,
          "max": 261.0,
          "percentiles": {
            "p25": 18.583333333333332,
            "p50": 24.5,
            "p75": 42.083333333333336
          }
        }
      }
    },
    "Zerotier": {
      "status": "success",
      "data": {
        "total_bandwidth_mbps": {
          "min": 37.175,
          "average": 39.15072222222222,
          "max": 41.406000000000006,
          "percentiles": {
            "p25": 38.79025,
            "p50": 39.17016666666667,
            "p75": 39.61875
          }
        },
        "cpu_usage_percent": {
          "min": 0.0,
          "average": 3.1595833333333334,
          "max": 16.33,
          "percentiles": {
            "p25": 2.035,
            "p50": 2.7366666666666664,
            "p75": 3.6866666666666665
          }
        },
        "ttfb_ms": {
          "min": 17.0,
          "average": 43.595238095238095,
          "max": 106.0,
          "percentiles": {
            "p25": 24.75,
            "p50": 39.0,
            "p75": 61.583333333333336
          }
        },
        "conn_time_ms": {
          "min": 10.0,
          "average": 35.470238095238095,
          "max": 81.0,
          "percentiles": {
            "p25": 21.25,
            "p50": 31.0,
            "p75": 45.25
          }
        }
      }
    },
    "Yggdrasil": {
      "status": "success",
      "data": {
        "total_bandwidth_mbps": {
          "min": 2.5482,
          "average": 3.4489306666666666,
          "max": 4.3321000000000005,
          "percentiles": {
            "p25": 3.2499358333333337,
            "p50": 3.5039866666666666,
            "p75": 3.651711666666667
          }
        },
        "cpu_usage_percent": {
          "min": 0.0,
          "average": 3.9472454532575925,
          "max": 8.25,
          "percentiles": {
            "p25": 3.07,
            "p50": 4.043333333333333,
            "p75": 4.473333333333333
          }
        },
        "ttfb_ms": {
          "min": 35.0,
          "average": 219.625,
          "max": 509.0,
          "percentiles": {
            "p25": 156.75,
            "p50": 210.33333333333334,
            "p75": 298.75
          }
        },
        "conn_time_ms": {
          "min": 25.0,
          "average": 111.875,
          "max": 320.0,
          "percentiles": {
            "p25": 103.0,
            "p50": 106.33333333333333,
            "p75": 116.75
          }
        }
      }
    },
    "Tinc": {
      "status": "success",
      "data": {
        "total_bandwidth_mbps": {
          "min": 37.474000000000004,
          "average": 39.36105555555556,
          "max": 41.284,
          "percentiles": {
            "p25": 38.9105,
            "p50": 39.39683333333333,
            "p75": 39.88633333333333
          }
        },
        "cpu_usage_percent": {
          "min": 0.0,
          "average": 2.7551666666666668,
          "max": 22.68,
          "percentiles": {
            "p25": 2.0083333333333333,
            "p50": 2.3833333333333333,
            "p75": 3.33
          }
        },
        "ttfb_ms": {
          "min": 19.0,
          "average": 41.458333333333336,
          "max": 83.0,
          "percentiles": {
            "p25": 26.25,
            "p50": 34.666666666666664,
            "p75": 61.166666666666664
          }
        },
        "conn_time_ms": {
          "min": 13.0,
          "average": 35.708333333333336,
          "max": 75.0,
          "percentiles": {
            "p25": 21.833333333333332,
            "p50": 27.833333333333332,
            "p75": 55.5
          }
        }
      }
    },
    "Mycelium": {
      "status": "success",
      "data": {
        "total_bandwidth_mbps": {
          "min": 1.551,
          "average": 6.024902277777778,
          "max": 13.550499999999998,
          "percentiles": {
            "p25": 5.308798333333334,
            "p50": 5.92449,
            "p75": 6.724830000000001
          }
        },
        "cpu_usage_percent": {
          "min": 0.0,
          "average": 0.8573301503593506,
          "max": 6.56,
          "percentiles": {
            "p25": 0.3125,
            "p50": 0.6633333333333333,
            "p75": 1.2141666666666666
          }
        },
        "ttfb_ms": {
          "min": 29.0,
          "average": 261.9583333333333,
          "max": 1562.0,
          "percentiles": {
            "p25": 121.08333333333333,
            "p50": 199.0,
            "p75": 284.8333333333333
          }
        },
        "conn_time_ms": {
          "min": 16.0,
          "average": 94.20833333333333,
          "max": 429.0,
          "percentiles": {
            "p25": 54.333333333333336,
            "p50": 82.0,
            "p75": 106.66666666666667
          }
        }
      }
    },
    "Easytier": {
      "status": "success",
      "data": {
        "total_bandwidth_mbps": {
          "min": 3.8232999999999997,
          "average": 29.813822444444444,
          "max": 82.126,
          "percentiles": {
            "p25": 24.330841666666668,
            "p50": 31.924066666666665,
            "p75": 37.340650000000004
          }
        },
        "cpu_usage_percent": {
          "min": 0.0,
          "average": 2.4295657236606596,
          "max": 12.12,
          "percentiles": {
            "p25": 1.3433333333333333,
            "p50": 2.02,
            "p75": 3.0625
          }
        },
        "ttfb_ms": {
          "min": 29.0,
          "average": 336.0833333333333,
          "max": 1587.0,
          "percentiles": {
            "p25": 137.5,
            "p50": 237.66666666666666,
            "p75": 589.4166666666666
          }
        },
        "conn_time_ms": {
          "min": 15.0,
          "average": 110.20833333333333,
          "max": 545.0,
          "percentiles": {
            "p25": 46.166666666666664,
            "p50": 66.16666666666667,
            "p75": 187.66666666666666
          }
        }
      }
    },
    "Internal": {
      "status": "success",
      "data": {
        "total_bandwidth_mbps": {
          "min": 121.21999999999998,
          "average": 128.88146666666665,
          "max": 140.81,
          "percentiles": {
            "p25": 125.85083333333333,
            "p50": 128.7133333333333,
            "p75": 132.095
          }
        },
        "cpu_usage_percent": {
          "min": 1.01,
          "average": 4.816958333333333,
          "max": 10.0,
          "percentiles": {
            "p25": 4.04,
            "p50": 5.0,
            "p75": 5.8116666666666665
          }
        },
        "ttfb_ms": {
          "min": 18.0,
          "average": 31.125,
          "max": 47.0,
          "percentiles": {
            "p25": 23.0,
            "p50": 31.166666666666668,
            "p75": 37.25
          }
        },
        "conn_time_ms": {
          "min": 11.0,
          "average": 22.208333333333332,
          "max": 36.0,
          "percentiles": {
            "p25": 17.166666666666668,
            "p50": 23.0,