{
  "status": "success",
  "data": {
    "VpnCloud": {
      "status": "success",
      "data": {
        "total_duration_seconds": {
          "min": 3099.266930932761,
          "average": 3099.266930932761,
          "max": 3099.266930932761,
          "percentiles": {
            "p25": 3099.266930932761,
            "p50": 3099.266930932761,
            "p75": 3099.266930932761
          }
        },
        "vpn_installation_seconds": {
          "min": 199.86118695198093,
          "average": 199.86118695198093,
          "max": 199.86118695198093,
          "percentiles": {
            "p25": 199.86118695198093,
            "p50": 199.86118695198093,
            "p75": 199.86118695198093
          }
        },
        "benchmarking_seconds": {
          "min": 2899.4057439807802,
          "average": 2899.4057439807802,
          "max": 2899.4057439807802,
          "percentiles": {
            "p25": 2899.4057439807802,
            "p50": 2899.4057439807802,
            "p75": 2899.4057439807802
          }
        }
      }
    },
    "Zerotier": {
      "status": "success",
      "data": {
        "total_duration_seconds": {
          "min": 2187.8028818030725,
          "average": 2187.8028818030725,
          "max": 2187.8028818030725,
          "percentiles": {
            "p25": 2187.8028818030725,
            "p50": 2187.8028818030725,
            "p75": 2187.8028818030725
          }
        },
        "vpn_installation_seconds": {
          "min": 140.36717361898627,
          "average": 140.36717361898627,
          "max": 140.36717361898627,
          "percentiles": {
            "p25": 140.36717361898627,
            "p50": 140.36717361898627,
            "p75": 140.36717361898627
          }
        },
        "benchmarking_seconds": {
          "min": 2047.4357081840863,
          "average": 2047.4357081840863,
          "max": 2047.4357081840863,
          "percentiles": {
            "p25": 2047.4357081840863,
            "p50": 2047.4357081840863,
            "p75": 2047.4357081840863
          }
        }
      }
    },
    "Yggdrasil": {
      "status": "success",
      "data": {
        "total_duration_seconds": {
          "min": 6031.136135202425,
          "average": 6031.136135202425,
          "max": 6031.136135202425,
          "percentiles": {
            "p25": 6031.136135202425,
            "p50": 6031.136135202425,
            "p75": 6031.136135202425
          }
        },
        "vpn_installation_seconds": {
          "min": 105.10492371895816,
          "average": 105.10492371895816,
          "max": 105.10492371895816,
          "percentiles": {
            "p25": 105.10492371895816,
            "p50": 105.10492371895816,
            "p75": 105.10492371895816
          }
        },
        "benchmarking_seconds": {
          "min": 5926.031211483467,
          "average": 5926.031211483467,
          "max": 5926.031211483467,
          "percentiles": {
            "p25": 5926.031211483467,
            "p50": 5926.031211483467,
            "p75": 5926.031211483467
          }
        }
      }
    },
    "Tinc": {
      "status": "success",
      "data": {
        "total_duration_seconds": {
          "min": 2466.109691460035,
          "average": 2466.109691460035,
          "max": 2466.109691460035,
          "percentiles": {
            "p25": 2466.109691460035,
            "p50": 2466.109691460035,
            "p75": 2466.109691460035
          }
        },
        "vpn_installation_seconds": {
          "min": 271.0695731040323,
          "average": 271.0695731040323,
          "max": 271.0695731040323,
          "percentiles": {
            "p25": 271.0695731040323,
            "p50": 271.0695731040323,
            "p75": 271.0695731040323
          }
        },
        "benchmarking_seconds": {
          "min": 2195.0401183560025,
          "average": 2195.0401183560025,
          "max": 2195.0401183560025,
          "percentiles": {
            "p25": 2195.0401183560025,
            "p50": 2195.0401183560025,
            "p75": 2195.0401183560025
          }
        }
      }
    },
    "Mycelium": {
      "status": "success",
      "data": {
        "total_duration_seconds": {
          "min": 5640.331864246982,
          "average": 5640.331864246982,
          "max": 5640.331864246982,
          "percentiles": {
            "p25": 5640.331864246982,
            "p50": 5640.331864246982,
            "p75": 5640.331864246982
          }
        },
        "vpn_installation_seconds": {
          "min": 170.74955472297734,
          "average": 170.74955472297734,
          "max": 170.74955472297734,
          "percentiles": {
            "p25": 170.74955472297734,
            "p50": 170.74955472297734,
            "p75": 170.74955472297734
          }
        },
        "benchmarking_seconds": {
          "min": 5469.582309524005,
          "average": 5469.582309524005,
          "max": 5469.582309524005,
          "percentiles": {
            "p25": 5469.582309524005,
            "p50": 5469.582309524005,
            "p75": 5469.582309524005
          }
        }
      }
    },
    "Easytier": {
      "status": "success",
      "data": {
        "total_duration_seconds": {
          "min": 2609.6425963481306,
          "average": 2609.6425963481306,
          "max": 2609.6425963481306,
          "percentiles": {
            "p25": 2609.6425963481306,
            "p50": 2609.6425963481306,
            "p75": 2609.6425963481306
          }
        },
        "vpn_installation_seconds": {
          "min": 575.0861779090483,
          "average": 575.0861779090483,
          "max": 575.0861779090483,
          "percentiles": {
            "p25": 575.0861779090483,
            "p50": 575.0861779090483,
            "p75": 575.0861779090483
          }
        },
        "benchmarking_seconds": {
          "min": 2034.5564184390823,
          "average": 2034.5564184390823,
          "max": 2034.5564184390823,
          "percentiles": {
            "p25": 2034.5564184390823,
            "p50": 2034.5564184390823,
            "p75": 2034.5564184390823
          }
        }
      }
    },
    "Internal": {
      "status": "success",
      "data": {
        "total_duration_seconds": {
          "min": 1472.9352990885382,
          "average": 1472.9352990885382,
          "max": 1472.9352990885382,
          "percentiles": {
            "p25": 1472.9352990885382,
            "p50": 1472.9352990885382,
            "p75": 1472.9352990885382
          }
        },
        "vpn_installation_seconds": {
          "min": 271.5252890409902,
          "average": 271.5252890409902,
          "max": 271.5252890409902,
          "percentiles": {
            "p25": 271.5252890409902,
            "p50": 271.5252890409902,
            "p75": 271.5252890409902
          }
        },
        "benchmarking_seconds": {
          "min": 1201.410010047548,
          "average": 1201.410010047548,
          "max": 1201.410010047548,
          "percentiles": {
            "p25": 1201.410010047548,
            "p50": 1201.410010047548,
            "p75": 1201.410010047548
          }
        }
      }
    },
    "Hyprspace": {
      "status": "success",
      "data": {
        "total_duration_seconds": {
          "min": 13527.117775355058,
          "average": 13527.117775355058,
          "max": 13527.117775355058,
          "percentiles": {
            "p25": 13527.117775355058,
            "p50": 13527.117775355058,
            "p75": 13527.117775355058
          }
        },
        "vpn_installation_seconds": {
          "min": 156.70206715998938,
          "average": 156.70206715998938,
          "max": 156.70206715998938,
          "percentiles": {
            "p25": 156.70206715998938,
            "p50": 156.70206715998938,
            "p75": 156.70206715998938
          }
        },
        "benchmarking_seconds": {
          "min": 13370.415708195069,
          "average": 13370.415708195069,