{
    "status": "success",
    "data": {
        "total_bandwidth_mbps": {
            "min": 91.25,
            "average": 93.579,
            "max": 95.63999999999999,
            "percentiles": {
                "p25": 92.935,
                "p50": 93.68,
                "p75": 94.28999999999999
            }
        },
        "cpu_usage_percent": {
            "min": 1.1,
            "average": 4.922375,
            "max": 22.68,
            "percentiles": {
                "p25": 3.33,
                "p50": 4.08,
                "p75": 5.1
            }
        },
        "ttfb_ms": {
            "min": 24.0,
            "average": 35.375,
            "max": 46.0,
            "percentiles": {
                "p25": 27.25,
                "p50": 35.5,
                "p75": 43.75
            }
        },
        "conn_time_ms": {
            "min": 22.0,
            "average": 31.25,
            "max": 45.0,
            "percentiles": {
                "p25": 22.25,
                "p50": 31.5,
                "p75": 37.75
            }
        }
    },
    "meta": {
        "duration_seconds": 31.579198360443115,
        "test_attempts": 1,
        "vpn_restart_attempts": 0,
        "vpn_restart_duration_seconds": 1.8945832252502441,
        "connectivity_wait_duration_seconds": 4.910027742385864,
        "source": "lom",
        "target": "yuki"
    }
}