{
  "status": "success",
  "data": {
    "encoding": {
      "bitrate_kbps": {
        "min": 3310.8,
        "average": 3347.2758620689656,
        "max": 3494.1,
        "percentiles": {
          "p25": 3319.85,
          "p50": 3334.2,
          "p75": 3356.95
        }
      },
      "fps": {
        "min": 31.0,
        "average": 32.13793103448276,
        "max": 45.0,
        "percentiles": {
          "p25": 31.0,
          "p50": 31.0,
          "p75": 32.0
        }
      },
      "dropped_frames": {
        "min": 15.0,
        "average": 15.0,
        "max": 15.0,
        "percentiles": {
          "p25": 15.0,
          "p50": 15.0,
          "p75": 15.0
        }
      }
    },
    "network": {
      "packets_dropped": {
        "min": 0.0,
        "average": 1790.258064516129,
        "max": 55498.0,
        "percentiles": {
          "p25": 0.0,
          "p50": 0.0,
          "p75": 0.0
        }
      },
      "packets_recovered": {
        "min": 0.0,
        "average": 1.903225806451613,
        "max": 11.0,
        "percentiles": {
          "p25": 0.0,
          "p50": 1.0,
          "p75": 3.0
        }
      },
      "rtt_ms": {
        "min": 5.406576086614868,
        "average": 7.1478010830335945,
        "max": 9.000251340697146,
        "percentiles": {
          "p25": 6.709323057662608,
          "p50": 7.059593385700053,
          "p75": 7.576015688828343
        }
      },
      "quality": {
        "min": 97.0,
        "average": 99.03225806451613,
        "max": 100.0,
        "percentiles": {
          "p25": 99.0,
          "p50": 99.0,
          "p75": 99.0
        }
      },
      "bitrate_bps": {
        "min": 0.0,
        "average": 3154435.580645161,
        "max": 5202315.0,
        "percentiles": {
          "p25": 2857908.0,
          "p50": 3496034.0,
          "p75": 3593422.0
        }
      }
    }
  },
  "meta": {
    "duration_seconds": 31.988208532333374,
    "test_attempts": 1,
    "vpn_restart_attempts": 0,
    "vpn_restart_duration_seconds": 0.0,
    "connectivity_wait_duration_seconds": 0.0,
    "source": "luna",
    "target": "lom"
  }
}
