{
    "status": "success",
    "data": {
        "encoding": {
            "bitrate_kbps": {
                "min": 3310.9,
                "average": 3349.462068965517,
                "max": 3498.3,
                "percentiles": {
                    "p25": 3322.95,
                    "p50": 3335.5,
                    "p75": 3357.05
                }
            },
            "fps": {
                "min": 31.0,
                "average": 32.13793103448276,
                "max": 45.0,
                "percentiles": {
                    "p25": 31.0,
                    "p50": 31.0,
                    "p75": 32.0
                }
            },
            "dropped_frames": {
                "min": 15.0,
                "average": 15.0,
                "max": 15.0,
                "percentiles": {
                    "p25": 15.0,
                    "p50": 15.0,
                    "p75": 15.0
                }
            }
        },
        "network": {
            "packets_dropped": {
                "min": 0.0,
                "average": 0.0,
                "max": 0.0,
                "percentiles": {
                    "p25": 0.0,
                    "p50": 0.0,
                    "p75": 0.0
                }
            },
            "packets_recovered": {
                "min": 0.0,
                "average": 0.0,
                "max": 0.0,
                "percentiles": {
                    "p25": 0.0,
                    "p50": 0.0,
                    "p75": 0.0
                }
            },
            "rtt_ms": {
                "min": 6.19363399648938,
                "average": 26.321624388048736,
                "max": 163.7211851103862,
                "percentiles": {
                    "p25": 14.584811478178993,
                    "p50": 16.38145520093635,
                    "p75": 22.21197496977276
                }
            },
            "quality": {
                "min": 100.0,
                "average": 100.0,
                "max": 100.0,
                "percentiles": {
                    "p25": 100.0,
                    "p50": 100.0,
                    "p75": 100.0
                }
            },
            "bitrate_bps": {
                "min": 0.0,
                "average": 3157103.806451613,
                "max": 4634127.0,
                "percentiles": {
                    "p25": 2833432.0,
                    "p50": 3550058.0,
                    "p75": 3636183.0
                }
            }
        }
    },
    "meta": {
        "duration_seconds": 31.593501091003418,
        "test_attempts": 1,
        "vpn_restart_attempts": 0,
        "vpn_restart_duration_seconds": 1.5304291248321533,
        "connectivity_wait_duration_seconds": 4.111428260803223,
        "source": "lom",
        "target": "yuki"
    }
}