{
    "status": "success",
    "data": {
        "total_bandwidth_mbps": {
            "min": 22.011999999999997,
            "average": 23.444833333333335,
            "max": 25.37,
            "percentiles": {
                "p25": 23.153750000000002,
                "p50": 23.383000000000003,
                "p75": 23.798500000000004
            }
        },
        "cpu_usage_percent": {
            "min": 0.0,
            "average": 2.6043333333333334,
            "max": 9.38,
            "percentiles": {
                "p25": 2.0,
                "p50": 2.185,
                "p75": 3.06
            }
        },
        "ttfb_ms": {
            "min": 9.0,
            "average": 73.375,
            "max": 150.0,
            "percentiles": {
                "p25": 25.0,
                "p50": 49.0,
                "p75": 143.5
            }
        },
        "conn_time_ms": {
            "min": 8.0,
            "average": 63.75,
            "max": 136.0,
            "percentiles": {
                "p25": 19.75,
                "p50": 41.0,
                "p75": 128.25
            }
        }
    },
    "meta": {
        "duration_seconds": 32.43833351135254,
        "test_attempts": 1,
        "vpn_restart_attempts": 0,
        "vpn_restart_duration_seconds": 35.71007823944092,
        "connectivity_wait_duration_seconds": 5.333261966705322,
        "source": "luna",
        "target": "lom"
    }
}