{
    "status": "success",
    "data": {
        "rtt_min_ms": {
            "min": 2.092,
            "average": 2.3543333333333334,
            "max": 2.652,
            "percentiles": {
                "p25": 2.092,
                "p50": 2.319,
                "p75": 2.652
            }
        },
        "rtt_avg_ms": {
            "min": 5.911,
            "average": 6.141666666666667,
            "max": 6.443,
            "percentiles": {
                "p25": 5.911,
                "p50": 6.071,
                "p75": 6.443
            }
        },
        "rtt_max_ms": {
            "min": 9.099,
            "average": 20.859,
            "max": 43.814,
            "percentiles": {
                "p25": 9.099,
                "p50": 9.664,
                "p75": 43.814
            }
        },
        "rtt_mdev_ms": {
            "min": 1.633,
            "average": 2.901,
            "max": 5.311,
            "percentiles": {
                "p25": 1.633,
                "p50": 1.759,
                "p75": 5.311
            }
        },
        "packet_loss_percent": {
            "min": 0.0,
            "average": 0.0,
            "max": 0.0,
            "percentiles": {
                "p25": 0.0,
                "p50": 0.0,
                "p75": 0.0
            }
        }
    },
    "meta": {
        "duration_seconds": 60.83808708190918,
        "test_attempts": 1,
        "vpn_restart_attempts": 0,
        "vpn_restart_duration_seconds": 2.4349892139434814,
        "connectivity_wait_duration_seconds": 2.7237021923065186,
        "source": "luna",
        "target": "lom"
    }
}