{
  "status": "success",
  "data": {
    "total_bandwidth_mbps": {
      "min": 79.202,
      "average": 155.75776666666667,
      "max": 190.55,
      "percentiles": {
        "p25": 148.57,
        "p50": 157.065,
        "p75": 167.99499999999998
      }
    },
    "cpu_usage_percent": {
      "min": 6.86,
      "average": 17.517083333333332,
      "max": 93.94,
      "percentiles": {
        "p25": 12.37,
        "p50": 14.129999999999999,
        "p75": 18.8425
      }
    },
    "ttfb_ms": {
      "min": 43.0,
      "average": 54.625,
      "max": 74.0,
      "percentiles": {
        "p25": 46.25,
        "p50": 53.0,
        "p75": 61.25
      }
    },
    "conn_time_ms": {
      "min": 35.0,
      "average": 44.375,
      "max": 59.0,
      "percentiles": {
        "p25": 38.75,
        "p50": 43.5,
        "p75": 48.75
      }
    }
  },
  "meta": {
    "duration_seconds": 31.45084524154663,
    "test_attempts": 1,
    "vpn_restart_attempts": 0,
    "vpn_restart_duration_seconds": 2.9506123065948486,
    "connectivity_wait_duration_seconds": 1.9580988883972168,
    "source": "luna",
    "target": "lom"
  }
}
