{
  "status": "success",
  "data": {
    "encoding": {
      "bitrate_kbps": {
        "min": 3310.8,
        "average": 3349.8137931034485,
        "max": 3500.7,
        "percentiles": {
          "p25": 3321.8999999999996,
          "p50": 3335.7,
          "p75": 3359.4
        }
      },
      "fps": {
        "min": 31.0,
        "average": 32.13793103448276,
        "max": 45.0,
        "percentiles": {
          "p25": 31.0,
          "p50": 31.0,
          "p75": 32.0
        }
      },
      "dropped_frames": {
        "min": 15.0,
        "average": 15.0,
        "max": 15.0,
        "percentiles": {
          "p25": 15.0,
          "p50": 15.0,
          "p75": 15.0
        }
      }
    },
    "network": {
      "packets_dropped": {
        "min": 0.0,
        "average": 5217.708333333333,
        "max": 62627.0,
        "percentiles": {
          "p25": 0.0,
          "p50": 0.0,
          "p75": 0.0
        }
      },
      "packets_recovered": {
        "min": 0.0,
        "average": 22.333333333333332,
        "max": 97.0,
        "percentiles": {
          "p25": 0.0,
          "p50": 16.0,
          "p75": 38.0
        }
      },
      "rtt_ms": {
        "min": 5.0,
        "average": 24.07829211663132,
        "max": 39.503693509170155,
        "percentiles": {
          "p25": 17.634844225811282,
          "p50": 20.211309554299252,
          "p75": 34.72977221798212
        }
      },
      "quality": {
        "min": 77.0,
        "average": 93.875,
        "max": 100.0,
        "percentiles": {
          "p25": 90.25,
          "p50": 95.0,
          "p75": 100.0
        }
      },
      "bitrate_bps": {
        "min": 0.0,
        "average": 2889733.25,
        "max": 5190610.0,
        "percentiles": {
          "p25": 2841767.0,
          "p50": 3430123.0,
          "p75": 3609144.5
        }
      }
    }
  },
  "meta": {
    "duration_seconds": 31.549344778060913,
    "test_attempts": 1,
    "vpn_restart_attempts": 0,
    "vpn_restart_duration_seconds": 1.6870014667510986,
    "connectivity_wait_duration_seconds": 1.970693588256836,
    "source": "luna",
    "target": "lom"
  }
}
