{
    "status": "success",
    "data": {
        "encoding": {
            "bitrate_kbps": {
                "min": 3319.6,
                "average": 3360.155172413793,
                "max": 3529.0,
                "percentiles": {
                    "p25": 3330.3,
                    "p50": 3342.8,
                    "p75": 3371.5
                }
            },
            "fps": {
                "min": 31.0,
                "average": 32.10344827586207,
                "max": 45.0,
                "percentiles": {
                    "p25": 31.0,
                    "p50": 31.0,
                    "p75": 32.0
                }
            },
            "dropped_frames": {
                "min": 15.0,
                "average": 15.0,
                "max": 15.0,
                "percentiles": {
                    "p25": 15.0,
                    "p50": 15.0,
                    "p75": 15.0
                }
            }
        },
        "network": {
            "packets_dropped": {
                "min": 0.0,
                "average": 0.0,
                "max": 0.0,
                "percentiles": {
                    "p25": 0.0,
                    "p50": 0.0,
                    "p75": 0.0
                }
            },
            "packets_recovered": {
                "min": 0.0,
                "average": 0.0,
                "max": 0.0,
                "percentiles": {
                    "p25": 0.0,
                    "p50": 0.0,
                    "p75": 0.0
                }
            },
            "rtt_ms": {
                "min": 4.10954635972756,
                "average": 4.971891799318868,
                "max": 6.054842417881209,
                "percentiles": {
                    "p25": 4.717003209803474,
                    "p50": 4.911380256239454,
                    "p75": 5.28159087136176
                }
            },
            "quality": {
                "min": 100.0,
                "average": 100.0,
                "max": 100.0,
                "percentiles": {
                    "p25": 100.0,
                    "p50": 100.0,
                    "p75": 100.0
                }
            },
            "bitrate_bps": {
                "min": 0.0,
                "average": 3172664.935483871,
                "max": 5171595.0,
                "percentiles": {
                    "p25": 2860093.0,
                    "p50": 3534069.0,
                    "p75": 3590933.0
                }
            }
        }
    },
    "meta": {
        "duration_seconds": 31.558769464492798,
        "test_attempts": 1,
        "vpn_restart_attempts": 0,
        "vpn_restart_duration_seconds": 1.4939053058624268,
        "connectivity_wait_duration_seconds": 242.28401064872742,
        "source": "lom",
        "target": "yuki"
    }
}