{
  "status": "success",
  "data": {
    "total_bandwidth_mbps": {
      "min": 90.80000000000001,
      "average": 93.37433333333333,
      "max": 95.11000000000001,
      "percentiles": {
        "p25": 92.6,
        "p50": 93.57,
        "p75": 94.315
      }
    },
    "cpu_usage_percent": {
      "min": 3.06,
      "average": 5.3853333333333335,
      "max": 8.33,
      "percentiles": {
        "p25": 4.17,
        "p50": 5.15,
        "p75": 6.12
      }
    },
    "ttfb_ms": {
      "min": 23.0,
      "average": 32.5,
      "max": 42.0,
      "percentiles": {
        "p25": 24.5,
        "p50": 34.0,
        "p75": 38.75
      }
    },
    "conn_time_ms": {
      "min": 22.0,
      "average": 29.625,
      "max": 39.0,
      "percentiles": {
        "p25": 22.0,
        "p50": 29.5,
        "p75": 36.75
      }
    }
  },
  "meta": {
    "duration_seconds": 31.543397903442383,
    "test_attempts": 1,
    "vpn_restart_attempts": 0,
    "vpn_restart_duration_seconds": 0.0,
    "connectivity_wait_duration_seconds": 0.0,
    "source": "lom",
    "target": "yuki"
  }
}
