{
    "status": "success",
    "data": {
        "encoding": {
            "bitrate_kbps": {
                "min": 3299.8,
                "average": 3348.2586206896553,
                "max": 3489.3,
                "percentiles": {
                    "p25": 3321.6,
                    "p50": 3334.7,
                    "p75": 3355.3
                }
            },
            "fps": {
                "min": 31.0,
                "average": 32.13793103448276,
                "max": 45.0,
                "percentiles": {
                    "p25": 31.0,
                    "p50": 31.0,
                    "p75": 32.0
                }
            },
            "dropped_frames": {
                "min": 15.0,
                "average": 15.0,
                "max": 15.0,
                "percentiles": {
                    "p25": 15.0,
                    "p50": 15.0,
                    "p75": 15.0
                }
            }
        },
        "network": {
            "packets_dropped": {
                "min": 0.0,
                "average": 1790.2903225806451,
                "max": 55499.0,
                "percentiles": {
                    "p25": 0.0,
                    "p50": 0.0,
                    "p75": 0.0
                }
            },
            "packets_recovered": {
                "min": 0.0,
                "average": 1.4193548387096775,
                "max": 5.0,
                "percentiles": {
                    "p25": 1.0,
                    "p50": 1.0,
                    "p75": 2.0
                }
            },
            "rtt_ms": {
                "min": 5.4729325626948935,
                "average": 7.962990502003707,
                "max": 9.637977660829524,
                "percentiles": {
                    "p25": 7.26483658081657,
                    "p50": 8.043441049721686,
                    "p75": 8.48853591308152
                }
            },
            "quality": {
                "min": 98.0,
                "average": 99.06451612903226,
                "max": 100.0,
                "percentiles": {
                    "p25": 99.0,
                    "p50": 99.0,
                    "p75": 99.0
                }
            },
            "bitrate_bps": {
                "min": 0.0,
                "average": 3153375.709677419,
                "max": 5134601.0,
                "percentiles": {
                    "p25": 2851533.0,
                    "p50": 3495759.0,
                    "p75": 3626829.0
                }
            }
        }
    },
    "meta": {
        "duration_seconds": 31.4735746383667,
        "test_attempts": 1,
        "vpn_restart_attempts": 0,
        "vpn_restart_duration_seconds": 0.0,
        "connectivity_wait_duration_seconds": 0.0,
        "source": "lom",
        "target": "yuki"
    }
}