{
    "status": "success",
    "data": {
        "rtt_min_ms": {
            "min": 1.187,
            "average": 1.5566666666666666,
            "max": 1.859,
            "percentiles": {
                "p25": 1.187,
                "p50": 1.624,
                "p75": 1.859
            }
        },
        "rtt_avg_ms": {
            "min": 5.223,
            "average": 5.313666666666666,
            "max": 5.382,
            "percentiles": {
                "p25": 5.223,
                "p50": 5.336,
                "p75": 5.382
            }
        },
        "rtt_max_ms": {
            "min": 8.598,
            "average": 8.637333333333334,
            "max": 8.673,
            "percentiles": {
                "p25": 8.598,
                "p50": 8.641,
                "p75": 8.673
            }
        },
        "rtt_mdev_ms": {
            "min": 1.648,
            "average": 1.6736666666666666,
            "max": 1.694,
            "percentiles": {
                "p25": 1.648,
                "p50": 1.679,
                "p75": 1.694
            }
        },
        "packet_loss_percent": {
            "min": 0.0,
            "average": 1.3333333333333333,
            "max": 4.0,
            "percentiles": {
                "p25": 0.0,
                "p50": 0.0,
                "p75": 4.0
            }
        }
    },
    "meta": {
        "duration_seconds": 61.067525148391724,
        "test_attempts": 1,
        "vpn_restart_attempts": 0,
        "vpn_restart_duration_seconds": 0.0,
        "connectivity_wait_duration_seconds": 0.0,
        "source": "luna",
        "target": "lom"
    }
}