{
  "status": "success",
  "data": {
    "total_bandwidth_mbps": {
      "min": 90.63000000000001,
      "average": 93.575,
      "max": 96.02000000000001,
      "percentiles": {
        "p25": 92.895,
        "p50": 93.58500000000001,
        "p75": 94.4375
      }
    },
    "cpu_usage_percent": {
      "min": 1.04,
      "average": 4.515541666666667,
      "max": 8.74,
      "percentiles": {
        "p25": 4.04,
        "p50": 4.12,
        "p75": 5.05
      }
    },
    "ttfb_ms": {
      "min": 22.0,
      "average": 29.125,
      "max": 40.0,
      "percentiles": {
        "p25": 23.25,
        "p50": 27.0,
        "p75": 36.5
      }
    },
    "conn_time_ms": {
      "min": 19.0,
      "average": 26.25,
      "max": 36.0,
      "percentiles": {
        "p25": 20.0,
        "p50": 25.5,
        "p75": 32.5
      }
    }
  },
  "meta": {
    "duration_seconds": 31.718732118606567,
    "test_attempts": 1,
    "vpn_restart_attempts": 0,
    "vpn_restart_duration_seconds": 0.0,
    "connectivity_wait_duration_seconds": 0.0,
    "source": "luna",
    "target": "lom"
  }
}
