{
    "status": "success",
    "data": {
        "total_bandwidth_mbps": {
            "min": 91.19,
            "average": 93.43833333333333,
            "max": 95.76999999999998,
            "percentiles": {
                "p25": 92.22749999999999,
                "p50": 93.56,
                "p75": 94.5375
            }
        },
        "cpu_usage_percent": {
            "min": 1.14,
            "average": 4.453208333333333,
            "max": 8.16,
            "percentiles": {
                "p25": 3.37,
                "p50": 4.08,
                "p75": 5.1
            }
        },
        "ttfb_ms": {
            "min": 21.0,
            "average": 30.375,
            "max": 43.0,
            "percentiles": {
                "p25": 22.75,
                "p50": 26.5,
                "p75": 40.75
            }
        },
        "conn_time_ms": {
            "min": 18.0,
            "average": 27.75,
            "max": 41.0,
            "percentiles": {
                "p25": 19.0,
                "p50": 23.5,
                "p75": 39.5
            }
        }
    },
    "meta": {
        "duration_seconds": 31.550933361053467,
        "test_attempts": 1,
        "vpn_restart_attempts": 0,
        "vpn_restart_duration_seconds": 0.0,
        "connectivity_wait_duration_seconds": 0.0,
        "source": "luna",
        "target": "lom"
    }
}