{
    "status": "success",
    "data": {
        "encoding": {
            "bitrate_kbps": {
                "min": 3312.4,
                "average": 3351.251724137931,
                "max": 3504.3,
                "percentiles": {
                    "p25": 3323.4,
                    "p50": 3337.6,
                    "p75": 3360.25
                }
            },
            "fps": {
                "min": 31.0,
                "average": 32.13793103448276,
                "max": 45.0,
                "percentiles": {
                    "p25": 31.0,
                    "p50": 31.0,
                    "p75": 32.0
                }
            },
            "dropped_frames": {
                "min": 15.0,
                "average": 15.0,
                "max": 15.0,
                "percentiles": {
                    "p25": 15.0,
                    "p50": 15.0,
                    "p75": 15.0
                }
            }
        },
        "network": {
            "packets_dropped": {
                "min": 0.0,
                "average": 1789.9354838709678,
                "max": 55488.0,
                "percentiles": {
                    "p25": 0.0,
                    "p50": 0.0,
                    "p75": 0.0
                }
            },
            "packets_recovered": {
                "min": 0.0,
                "average": 1.096774193548387,
                "max": 4.0,
                "percentiles": {
                    "p25": 0.0,
                    "p50": 1.0,
                    "p75": 2.0
                }
            },
            "rtt_ms": {
                "min": 5.28102381229006,
                "average": 7.507801148038412,
                "max": 8.14419962365252,
                "percentiles": {
                    "p25": 7.201956528420358,
                    "p50": 7.528614888077137,
                    "p75": 8.0031024685405
                }
            },
            "quality": {
                "min": 98.0,
                "average": 99.29032258064517,
                "max": 100.0,
                "percentiles": {
                    "p25": 99.0,
                    "p50": 99.0,
                    "p75": 100.0
                }
            },
            "bitrate_bps": {
                "min": 0.0,
                "average": 3156265.193548387,
                "max": 5176256.0,
                "percentiles": {
                    "p25": 2861276.0,
                    "p50": 3533940.0,
                    "p75": 3602542.0
                }
            }
        }
    },
    "meta": {
        "duration_seconds": 31.881897926330566,
        "test_attempts": 1,
        "vpn_restart_attempts": 0,
        "vpn_restart_duration_seconds": 0.0,
        "connectivity_wait_duration_seconds": 0.0,
        "source": "luna",
        "target": "lom"
    }
}