{
  "status": "success",
  "data": {
    "encoding": {
      "bitrate_kbps": {
        "min": 3315.8,
        "average": 3355.689655172414,
        "max": 3519.4,
        "percentiles": {
          "p25": 3327.7,
          "p50": 3338.9,
          "p75": 3367.4
        }
      },
      "fps": {
        "min": 31.0,
        "average": 32.13793103448276,
        "max": 45.0,
        "percentiles": {
          "p25": 31.0,
          "p50": 31.0,
          "p75": 32.0
        }
      },
      "dropped_frames": {
        "min": 15.0,
        "average": 15.0,
        "max": 15.0,
        "percentiles": {
          "p25": 15.0,
          "p50": 15.0,
          "p75": 15.0
        }
      }
    },
    "network": {
      "packets_dropped": {
        "min": 0.0,
        "average": 0.0,
        "max": 0.0,
        "percentiles": {
          "p25": 0.0,
          "p50": 0.0,
          "p75": 0.0
        }
      },
      "packets_recovered": {
        "min": 0.0,
        "average": 0.0,
        "max": 0.0,
        "percentiles": {
          "p25": 0.0,
          "p50": 0.0,
          "p75": 0.0
        }
      },
      "rtt_ms": {
        "min": 8.64790003043097,
        "average": 51.83119354227341,
        "max": 128.275900431831,
        "percentiles": {
          "p25": 34.297849087082625,
          "p50": 44.52815551318555,
          "p75": 73.3740257492083
        }
      },
      "quality": {
        "min": 100.0,
        "average": 100.0,
        "max": 100.0,
        "percentiles": {
          "p25": 100.0,
          "p50": 100.0,
          "p75": 100.0
        }
      },
      "bitrate_bps": {
        "min": 0.0,
        "average": 3150231.64516129,
        "max": 5171981.0,
        "percentiles": {
          "p25": 2908755.0,
          "p50": 3285752.0,
          "p75": 3596554.0
        }
      }
    }
  },
  "meta": {
    "duration_seconds": 31.667757272720337,
    "test_attempts": 1,
    "vpn_restart_attempts": 0,
    "vpn_restart_duration_seconds": 2.0892457962036133,
    "connectivity_wait_duration_seconds": 70.39528918266296,
    "source": "yuki",
    "target": "luna"
  }
}
