{
  "status": "success",
  "data": {
    "rtt_min_ms": {
      "min": 1.406,
      "average": 1.4476666666666667,
      "max": 1.527,
      "percentiles": {
        "p25": 1.406,
        "p50": 1.41,
        "p75": 1.527
      }
    },
    "rtt_avg_ms": {
      "min": 2.034,
      "average": 2.062333333333333,
      "max": 2.091,
      "percentiles": {
        "p25": 2.034,
        "p50": 2.062,
        "p75": 2.091
      }
    },
    "rtt_max_ms": {
      "min": 2.43,
      "average": 3.0446666666666666,
      "max": 4.22,
      "percentiles": {
        "p25": 2.43,
        "p50": 2.484,
        "p75": 4.22
      }
    },
    "rtt_mdev_ms": {
      "min": 0.144,
      "average": 0.19866666666666666,
      "max": 0.275,
      "percentiles": {
        "p25": 0.144,
        "p50": 0.177,
        "p75": 0.275
      }
    },
    "packet_loss_percent": {
      "min": 0.0,
      "average": 0.0,
      "max": 0.0,
      "percentiles": {
        "p25": 0.0,
        "p50": 0.0,
        "p75": 0.0
      }
    }
  },
  "meta": {
    "duration_seconds": 60.7045156955719,
    "test_attempts": 1,
    "vpn_restart_attempts": 0,
    "vpn_restart_duration_seconds": 1.8814260959625244,
    "connectivity_wait_duration_seconds": 5.853701591491699,
    "source": "lom",
    "target": "yuki"
  }
}
