{
    "status": "success",
    "data": {
        "total_bandwidth_mbps": {
            "min": 471.3,
            "average": 476.74,
            "max": 483.8,
            "percentiles": {
                "p25": 473.3,
                "p50": 477.09999999999997,
                "p75": 479.95
            }
        },
        "cpu_usage_percent": {
            "min": 66.67,
            "average": 77.706,
            "max": 85.88,
            "percentiles": {
                "p25": 72.73,
                "p50": 79.005,
                "p75": 83.08500000000001
            }
        },
        "ttfb_ms": {
            "min": 23.0,
            "average": 30.5,
            "max": 35.0,
            "percentiles": {
                "p25": 25.0,
                "p50": 32.0,
                "p75": 34.5
            }
        },
        "conn_time_ms": {
            "min": 22.0,
            "average": 28.75,
            "max": 33.0,
            "percentiles": {
                "p25": 23.75,
                "p50": 30.0,
                "p75": 32.5
            }
        }
    }
}