{
    "status": "success",
    "data": {
        "rtt_min_ms": {
            "min": 1.906,
            "average": 2.1826666666666665,
            "max": 2.649,
            "percentiles": {
                "p25": 1.906,
                "p50": 1.993,
                "p75": 2.649
            }
        },
        "rtt_avg_ms": {
            "min": 5.729,
            "average": 5.946,
            "max": 6.22,
            "percentiles": {
                "p25": 5.729,
                "p50": 5.889,
                "p75": 6.22
            }
        },
        "rtt_max_ms": {
            "min": 9.288,
            "average": 21.686,
            "max": 46.174,
            "percentiles": {
                "p25": 9.288,
                "p50": 9.596,
                "p75": 46.174
            }
        },
        "rtt_mdev_ms": {
            "min": 1.685,
            "average": 2.5926666666666667,
            "max": 4.33,
            "percentiles": {
                "p25": 1.685,
                "p50": 1.763,
                "p75": 4.33
            }
        },
        "packet_loss_percent": {
            "min": 0.0,
            "average": 0.0,
            "max": 0.0,
            "percentiles": {
                "p25": 0.0,
                "p50": 0.0,
                "p75": 0.0
            }
        }
    },
    "meta": {
        "duration_seconds": 60.86557197570801,
        "test_attempts": 1,
        "vpn_restart_attempts": 0,
        "vpn_restart_duration_seconds": 2.8988332748413086,
        "connectivity_wait_duration_seconds": 1.9730274677276611,
        "source": "lom",
        "target": "yuki"
    }
}