{
  "status": "success",
  "data": {
    "rtt_min_ms": {
      "min": 2.808,
      "average": 3.1863333333333332,
      "max": 3.468,
      "percentiles": {
        "p25": 2.808,
        "p50": 3.283,
        "p75": 3.468
      }
    },
    "rtt_avg_ms": {
      "min": 6.376,
      "average": 6.455666666666667,
      "max": 6.608,
      "percentiles": {
        "p25": 6.376,
        "p50": 6.383,
        "p75": 6.608
      }
    },
    "rtt_max_ms": {
      "min": 10.344,
      "average": 12.801666666666666,
      "max": 15.578,
      "percentiles": {
        "p25": 10.344,
        "p50": 12.483,
        "p75": 15.578
      }
    },
    "rtt_mdev_ms": {
      "min": 1.326,
      "average": 1.4746666666666668,
      "max": 1.562,
      "percentiles": {
        "p25": 1.326,
        "p50": 1.536,
        "p75": 1.562
      }
    },
    "packet_loss_percent": {
      "min": 0.0,
      "average": 0.0,
      "max": 0.0,
      "percentiles": {
        "p25": 0.0,
        "p50": 0.0,
        "p75": 0.0
      }
    }
  },
  "meta": {
    "duration_seconds": 60.547645807266235,
    "test_attempts": 1,
    "vpn_restart_attempts": 0
  }
}
