{
  "status": "success",
  "data": {
    "rtt_min_ms": {
      "min": 1.983,
      "average": 2.402,
      "max": 2.821,
      "percentiles": {
        "p25": 1.7735000000000003,
        "p50": 2.402,
        "p75": 3.0305
      }
    },
    "rtt_avg_ms": {
      "min": 5.574,
      "average": 5.9625,
      "max": 6.351,
      "percentiles": {
        "p25": 5.37975,
        "p50": 5.9625,
        "p75": 6.545249999999999
      }
    },
    "rtt_max_ms": {
      "min": 9.084,
      "average": 25.4675,
      "max": 41.851,
      "percentiles": {
        "p25": 0.8922500000000007,
        "p50": 25.4675,
        "p75": 50.04275
      }
    },
    "rtt_mdev_ms": {
      "min": 1.737,
      "average": 2.771,
      "max": 3.805,
      "percentiles": {
        "p25": 1.2200000000000002,
        "p50": 2.771,
        "p75": 4.322000000000001
      }
    },
    "packet_loss_percent": {
      "min": 0.0,
      "average": 33.333333333333336,
      "max": 100.0,
      "percentiles": {
        "p25": 0.0,
        "p50": 0.0,
        "p75": 100.0
      }
    }
  },
  "meta": {
    "duration_seconds": 61.53533577919006,
    "test_attempts": 1,
    "vpn_restart_attempts": 0,
    "vpn_restart_duration_seconds": 2.4437215328216553,
    "connectivity_wait_duration_seconds": 2.1092660427093506,
    "source": "lom",
    "target": "yuki"
  }
}
