{
    "status": "success",
    "data": {
        "total_bandwidth_mbps": {
            "min": 5.824800000000001,
            "average": 6.62869,
            "max": 7.196700000000001,
            "percentiles": {
                "p25": 6.4841,
                "p50": 6.660100000000001,
                "p75": 6.799675000000001
            }
        },
        "cpu_usage_percent": {
            "min": 0.0,
            "average": 3.1352083333333334,
            "max": 81.19,
            "percentiles": {
                "p25": 2.02,
                "p50": 3.0,
                "p75": 3.0524999999999998
            }
        },
        "ttfb_ms": {
            "min": 25.0,
            "average": 124.0,
            "max": 273.0,
            "percentiles": {
                "p25": 63.5,
                "p50": 102.5,
                "p75": 192.25
            }
        },
        "conn_time_ms": {
            "min": 24.0,
            "average": 88.0,
            "max": 196.0,
            "percentiles": {
                "p25": 42.25,
                "p50": 56.0,
                "p75": 144.75
            }
        }
    },
    "meta": {
        "duration_seconds": 32.084959268569946,
        "test_attempts": 1,
        "vpn_restart_attempts": 0,
        "vpn_restart_duration_seconds": 2.4941370487213135,
        "connectivity_wait_duration_seconds": 1.9609317779541016,
        "source": "lom",
        "target": "yuki"
    }
}