{
    "status": "success",
    "data": {
        "total_bandwidth_mbps": {
            "min": 5.912999999999999,
            "average": 6.47407,
            "max": 7.215999999999999,
            "percentiles": {
                "p25": 6.185275000000002,
                "p50": 6.4407499999999995,
                "p75": 6.7959
            }
        },
        "cpu_usage_percent": {
            "min": 0.0,
            "average": 3.125583333333333,
            "max": 86.0,
            "percentiles": {
                "p25": 2.0,
                "p50": 2.04,
                "p75": 3.03
            }
        },
        "ttfb_ms": {
            "min": 21.0,
            "average": 132.875,
            "max": 294.0,
            "percentiles": {
                "p25": 58.5,
                "p50": 113.5,
                "p75": 223.75
            }
        },
        "conn_time_ms": {
            "min": 13.0,
            "average": 84.625,
            "max": 206.0,
            "percentiles": {
                "p25": 45.25,
                "p50": 62.0,
                "p75": 146.25
            }
        }
    },
    "meta": {
        "duration_seconds": 32.115807056427,
        "test_attempts": 1,
        "vpn_restart_attempts": 0,
        "vpn_restart_duration_seconds": 2.9279944896698,
        "connectivity_wait_duration_seconds": 3.9836394786834717,
        "source": "lom",
        "target": "yuki"
    }
}