{
  "status": "success",
  "data": {
    "total_bandwidth_mbps": {
      "min": 6.3100000000000005,
      "average": 6.731813333333333,
      "max": 7.325,
      "percentiles": {
        "p25": 6.530999999999999,
        "p50": 6.6395,
        "p75": 6.952
      }
    },
    "cpu_usage_percent": {
      "min": 4.3,
      "average": 6.618666666666667,
      "max": 9.38,
      "percentiles": {
        "p25": 6.205,
        "p50": 6.38,
        "p75": 7.430000000000001
      }
    },
    "ttfb_ms": {
      "min": 31.0,
      "average": 64.0,
      "max": 111.0,
      "percentiles": {
        "p25": 32.5,
        "p50": 57.0,
        "p75": 102.5
      }
    },
    "conn_time_ms": {
      "min": 28.0,
      "average": 50.0,
      "max": 91.0,
      "percentiles": {
        "p25": 29.25,
        "p50": 40.5,
        "p75": 80.25
      }
    }
  },
  "meta": {
    "duration_seconds": 31.3731632232666,
    "test_attempts": 1,
    "vpn_restart_attempts": 0
  }
}
