{
  "status": "success",
  "data": {
    "bitrate_kbps": {
      "min": 1744.6,
      "average": 1944.3758620689655,
      "max": 1973.4,
      "percentiles": {
        "p25": 1939.3,
        "p50": 1959.6,
        "p75": 1965.45
      }
    },
    "fps": {
      "min": 31.0,
      "average": 32.13793103448276,
      "max": 45.0,
      "percentiles": {
        "p25": 31.0,
        "p50": 31.0,
        "p75": 32.0
      }
    },
    "dropped_frames": {
      "min": 14.0,
      "average": 14.0,
      "max": 14.0,
      "percentiles": {
        "p25": 14.0,
        "p50": 14.0,
        "p75": 14.0
      }
    }
  },
  "meta": {
    "duration_seconds": 31.64102339744568,
    "test_attempts": 1,
    "vpn_restart_attempts": 0
  }
}
