{
  "status": "success",
  "data": {
    "rtt_min_ms": {
      "min": 1.279,
      "average": 1.4116666666666666,
      "max": 1.554,
      "percentiles": {
        "p25": 1.279,
        "p50": 1.402,
        "p75": 1.554
      }
    },
    "rtt_avg_ms": {
      "min": 10.307,
      "average": 10.527666666666667,
      "max": 10.731,
      "percentiles": {
        "p25": 10.307,
        "p50": 10.545,
        "p75": 10.731
      }
    },
    "rtt_max_ms": {
      "min": 22.225,
      "average": 22.803333333333335,
      "max": 23.262,
      "percentiles": {
        "p25": 22.225,
        "p50": 22.923,
        "p75": 23.262
      }
    },
    "rtt_mdev_ms": {
      "min": 5.203,
      "average": 5.314666666666667,
      "max": 5.408,
      "percentiles": {
        "p25": 5.203,
        "p50": 5.333,
        "p75": 5.408
      }
    },
    "packet_loss_percent": {
      "min": 1.0,
      "average": 2.0,
      "max": 3.0,
      "percentiles": {
        "p25": 1.0,
        "p50": 2.0,
        "p75": 3.0
      }
    }
  },
  "meta": {
    "duration_seconds": 61.55362033843994,
    "test_attempts": 1,
    "vpn_restart_attempts": 0,
    "vpn_restart_duration_seconds": 6.134944438934326,
    "connectivity_wait_duration_seconds": 5.041812419891357,
    "source": "luna",
    "target": "lom"
  }
}
