{
    "status": "success",
    "data": {
        "rtt_min_ms": {
            "min": 1.332,
            "average": 1.4300000000000002,
            "max": 1.495,
            "percentiles": {
                "p25": 1.332,
                "p50": 1.463,
                "p75": 1.495
            }
        },
        "rtt_avg_ms": {
            "min": 9.903,
            "average": 10.223666666666666,
            "max": 10.804,
            "percentiles": {
                "p25": 9.903,
                "p50": 9.964,
                "p75": 10.804
            }
        },
        "rtt_max_ms": {
            "min": 20.265,
            "average": 21.775333333333332,
            "max": 22.982,
            "percentiles": {
                "p25": 20.265,
                "p50": 22.079,
                "p75": 22.982
            }
        },
        "rtt_mdev_ms": {
            "min": 4.815,
            "average": 4.963,
            "max": 5.23,
            "percentiles": {
                "p25": 4.815,
                "p50": 4.844,
                "p75": 5.23
            }
        },
        "packet_loss_percent": {
            "min": 1.0,
            "average": 1.3333333333333333,
            "max": 2.0,
            "percentiles": {
                "p25": 1.0,
                "p50": 1.0,
                "p75": 2.0
            }
        }
    },
    "meta": {
        "duration_seconds": 61.66869354248047,
        "test_attempts": 1,
        "vpn_restart_attempts": 0,
        "vpn_restart_duration_seconds": 5.939128398895264,
        "connectivity_wait_duration_seconds": 4.1887969970703125,
        "source": "luna",
        "target": "lom"
    }
}