{
  "status": "success",
  "data": {
    "encoding": {
      "bitrate_kbps": {
        "min": 3298.8,
        "average": 3348.0482758620687,
        "max": 3488.1,
        "percentiles": {
          "p25": 3322.55,
          "p50": 3337.3,
          "p75": 3354.55
        }
      },
      "fps": {
        "min": 31.0,
        "average": 32.13793103448276,
        "max": 45.0,
        "percentiles": {
          "p25": 31.0,
          "p50": 31.0,
          "p75": 32.0
        }
      },
      "dropped_frames": {
        "min": 15.0,
        "average": 15.0,
        "max": 15.0,
        "percentiles": {
          "p25": 15.0,
          "p50": 15.0,
          "p75": 15.0
        }
      }
    },
    "network": {
      "packets_dropped": {
        "min": 0.0,
        "average": 0.0,
        "max": 0.0,
        "percentiles": {
          "p25": 0.0,
          "p50": 0.0,
          "p75": 0.0
        }
      },
      "packets_recovered": {
        "min": 0.0,
        "average": 0.0,
        "max": 0.0,
        "percentiles": {
          "p25": 0.0,
          "p50": 0.0,
          "p75": 0.0
        }
      },
      "rtt_ms": {
        "min": 6.04064050433915,
        "average": 31.415614554047757,
        "max": 253.98082357210194,
        "percentiles": {
          "p25": 12.493983102780534,
          "p50": 15.265492552096442,
          "p75": 18.988180933636976
        }
      },
      "quality": {
        "min": 100.0,
        "average": 100.0,
        "max": 100.0,
        "percentiles": {
          "p25": 100.0,
          "p50": 100.0,
          "p75": 100.0
        }
      },
      "bitrate_bps": {
        "min": 0.0,
        "average": 3151782.6129032257,
        "max": 4803250.0,
        "percentiles": {
          "p25": 2861708.0,
          "p50": 3514775.0,
          "p75": 3600618.0
        }
      }
    }
  },
  "meta": {
    "duration_seconds": 32.7574405670166,
    "test_attempts": 1,
    "vpn_restart_attempts": 0,
    "vpn_restart_duration_seconds": 1.859489917755127,
    "connectivity_wait_duration_seconds": 2.577401876449585,
    "source": "luna",
    "target": "lom"
  }
}
