{
    "status": "success",
    "data": {
        "rtt_min_ms": {
            "min": 2.463,
            "average": 2.7743333333333333,
            "max": 2.941,
            "percentiles": {
                "p25": 2.463,
                "p50": 2.919,
                "p75": 2.941
            }
        },
        "rtt_avg_ms": {
            "min": 6.393,
            "average": 6.5200000000000005,
            "max": 6.666,
            "percentiles": {
                "p25": 6.393,
                "p50": 6.501,
                "p75": 6.666
            }
        },
        "rtt_max_ms": {
            "min": 9.278,
            "average": 28.95,
            "max": 41.833,
            "percentiles": {
                "p25": 9.278,
                "p50": 35.739,
                "p75": 41.833
            }
        },
        "rtt_mdev_ms": {
            "min": 1.512,
            "average": 2.8926666666666665,
            "max": 3.878,
            "percentiles": {
                "p25": 1.512,
                "p50": 3.288,
                "p75": 3.878
            }
        },
        "packet_loss_percent": {
            "min": 0.0,
            "average": 0.0,
            "max": 0.0,
            "percentiles": {
                "p25": 0.0,
                "p50": 0.0,
                "p75": 0.0
            }
        }
    },
    "meta": {
        "duration_seconds": 60.795050859451294,
        "test_attempts": 1,
        "vpn_restart_attempts": 0,
        "vpn_restart_duration_seconds": 1.863670825958252,
        "connectivity_wait_duration_seconds": 242.58422422409058,
        "source": "lom",
        "target": "yuki"
    }
}