{
  "status": "success",
  "data": {
    "rtt_min_ms": {
      "min": 1.974,
      "average": 2.124,
      "max": 2.283,
      "percentiles": {
        "p25": 1.974,
        "p50": 2.115,
        "p75": 2.283
      }
    },
    "rtt_avg_ms": {
      "min": 5.624,
      "average": 5.991666666666666,
      "max": 6.214,
      "percentiles": {
        "p25": 5.624,
        "p50": 6.137,
        "p75": 6.214
      }
    },
    "rtt_max_ms": {
      "min": 9.345,
      "average": 29.893333333333334,
      "max": 40.835,
      "percentiles": {
        "p25": 9.345,
        "p50": 39.5,
        "p75": 40.835
      }
    },
    "rtt_mdev_ms": {
      "min": 1.642,
      "average": 3.0926666666666667,
      "max": 3.871,
      "percentiles": {
        "p25": 1.642,
        "p50": 3.765,
        "p75": 3.871
      }
    },
    "packet_loss_percent": {
      "min": 0.0,
      "average": 0.0,
      "max": 0.0,
      "percentiles": {
        "p25": 0.0,
        "p50": 0.0,
        "p75": 0.0
      }
    }
  },
  "meta": {
    "duration_seconds": 60.53732109069824,
    "test_attempts": 1,
    "vpn_restart_attempts": 0
  }
}
