{
    "status": "success",
    "data": {
        "rtt_min_ms": {
            "min": 2.171,
            "average": 2.514666666666667,
            "max": 3.011,
            "percentiles": {
                "p25": 2.171,
                "p50": 2.362,
                "p75": 3.011
            }
        },
        "rtt_avg_ms": {
            "min": 5.95,
            "average": 6.432666666666667,
            "max": 7.231,
            "percentiles": {
                "p25": 5.95,
                "p50": 6.117,
                "p75": 7.231
            }
        },
        "rtt_max_ms": {
            "min": 9.228,
            "average": 33.967666666666666,
            "max": 82.643,
            "percentiles": {
                "p25": 9.228,
                "p50": 10.032,
                "p75": 82.643
            }
        },
        "rtt_mdev_ms": {
            "min": 1.496,
            "average": 3.980666666666667,
            "max": 8.855,
            "percentiles": {
                "p25": 1.496,
                "p50": 1.591,
                "p75": 8.855
            }
        },
        "packet_loss_percent": {
            "min": 0.0,
            "average": 0.0,
            "max": 0.0,
            "percentiles": {
                "p25": 0.0,
                "p50": 0.0,
                "p75": 0.0
            }
        }
    },
    "meta": {
        "duration_seconds": 60.92147254943848,
        "test_attempts": 1,
        "vpn_restart_attempts": 0,
        "vpn_restart_duration_seconds": 1.9965198040008545,
        "connectivity_wait_duration_seconds": 5.936439514160156,
        "source": "lom",
        "target": "yuki"
    }
}