{
    "status": "success",
    "data": {
        "total_bandwidth_mbps": {
            "min": 7.0056,
            "average": 7.621583333333334,
            "max": 8.919400000000001,
            "percentiles": {
                "p25": 7.394399999999999,
                "p50": 7.5914,
                "p75": 7.752699999999999
            }
        },
        "cpu_usage_percent": {
            "min": 3.12,
            "average": 7.598833333333333,
            "max": 11.96,
            "percentiles": {
                "p25": 6.2675,
                "p50": 7.37,
                "p75": 8.7
            }
        },
        "ttfb_ms": {
            "min": 26.0,
            "average": 251.375,
            "max": 382.0,
            "percentiles": {
                "p25": 191.25,
                "p50": 287.5,
                "p75": 298.75
            }
        },
        "conn_time_ms": {
            "min": 21.0,
            "average": 205.0,
            "max": 250.0,
            "percentiles": {
                "p25": 172.25,
                "p50": 243.5,
                "p75": 246.75
            }
        }
    },
    "meta": {
        "duration_seconds": 32.01634407043457,
        "test_attempts": 1,
        "vpn_restart_attempts": 0,
        "vpn_restart_duration_seconds": 1.9289865493774414,
        "connectivity_wait_duration_seconds": 5.936341047286987,
        "source": "lom",
        "target": "yuki"
    }
}