{
  "status": "success",
  "data": {
    "total_bandwidth_mbps": {
      "min": 6.462000000000001,
      "average": 8.094899999999999,
      "max": 11.307,
      "percentiles": {
        "p25": 7.7162500000000005,
        "p50": 7.97,
        "p75": 8.42125
      }
    },
    "cpu_usage_percent": {
      "min": 5.21,
      "average": 7.381,
      "max": 10.42,
      "percentiles": {
        "p25": 6.45,
        "p50": 7.37,
        "p75": 8.25
      }
    },
    "ttfb_ms": {
      "min": 25.0,
      "average": 167.0,
      "max": 452.0,
      "percentiles": {
        "p25": 41.0,
        "p50": 95.5,
        "p75": 364.5
      }
    },
    "conn_time_ms": {
      "min": 20.0,
      "average": 146.0,
      "max": 432.0,
      "percentiles": {
        "p25": 31.5,
        "p50": 66.0,
        "p75": 340.5
      }
    }
  },
  "meta": {
    "duration_seconds": 32.11216688156128,
    "test_attempts": 1,
    "vpn_restart_attempts": 0
  }
}
