{
    "status": "success",
    "data": {
        "encoding": {
            "bitrate_kbps": {
                "min": 3312.8,
                "average": 3358.5620689655175,
                "max": 3512.9,
                "percentiles": {
                    "p25": 3330.25,
                    "p50": 3341.0,
                    "p75": 3371.8500000000004
                }
            },
            "fps": {
                "min": 30.0,
                "average": 32.10344827586207,
                "max": 45.0,
                "percentiles": {
                    "p25": 31.0,
                    "p50": 31.0,
                    "p75": 32.0
                }
            },
            "dropped_frames": {
                "min": 16.0,
                "average": 16.0,
                "max": 16.0,
                "percentiles": {
                    "p25": 16.0,
                    "p50": 16.0,
                    "p75": 16.0
                }
            }
        },
        "network": {
            "packets_dropped": {
                "min": 0.0,
                "average": 0.0,
                "max": 0.0,
                "percentiles": {
                    "p25": 0.0,
                    "p50": 0.0,
                    "p75": 0.0
                }
            },
            "packets_recovered": {
                "min": 0.0,
                "average": 20.483870967741936,
                "max": 71.0,
                "percentiles": {
                    "p25": 0.0,
                    "p50": 16.0,
                    "p75": 37.0
                }
            },
            "rtt_ms": {
                "min": 4.94401126946959,
                "average": 11.754758547020117,
                "max": 17.581103737234766,
                "percentiles": {
                    "p25": 10.18253344554219,
                    "p50": 11.098535856038009,
                    "p75": 13.120443416678173
                }
            },
            "quality": {
                "min": 85.0,
                "average": 94.3225806451613,
                "max": 100.0,
                "percentiles": {
                    "p25": 90.0,
                    "p50": 94.0,
                    "p75": 100.0
                }
            },
            "bitrate_bps": {
                "min": 0.0,
                "average": 3150670.806451613,
                "max": 5037411.0,
                "percentiles": {
                    "p25": 2766193.0,
                    "p50": 3529952.0,
                    "p75": 3682198.0
                }
            }
        }
    },
    "meta": {
        "duration_seconds": 31.64364266395569,
        "test_attempts": 1,
        "vpn_restart_attempts": 0,
        "vpn_restart_duration_seconds": 1.5421383380889893,
        "connectivity_wait_duration_seconds": 6.219534397125244,
        "source": "lom",
        "target": "yuki"
    }
}