{
    "status": "success",
    "data": {
        "rtt_min_ms": {
            "min": 1.485,
            "average": 1.52,
            "max": 1.555,
            "percentiles": {
                "p25": 1.4675000000000002,
                "p50": 1.52,
                "p75": 1.5724999999999998
            }
        },
        "rtt_avg_ms": {
            "min": 18.227,
            "average": 19.032,
            "max": 19.837,
            "percentiles": {
                "p25": 17.8245,
                "p50": 19.032,
                "p75": 20.2395
            }
        },
        "rtt_max_ms": {
            "min": 98.223,
            "average": 100.1395,
            "max": 102.056,
            "percentiles": {
                "p25": 97.26475,
                "p50": 100.1395,
                "p75": 103.01424999999999
            }
        },
        "rtt_mdev_ms": {
            "min": 16.868,
            "average": 17.9605,
            "max": 19.053,
            "percentiles": {
                "p25": 16.321749999999998,
                "p50": 17.9605,
                "p75": 19.59925
            }
        },
        "packet_loss_percent": {
            "min": 0.0,
            "average": 33.333333333333336,
            "max": 100.0,
            "percentiles": {
                "p25": 0.0,
                "p50": 0.0,
                "p75": 100.0
            }
        }
    },
    "meta": {
        "duration_seconds": 62.4627411365509,
        "test_attempts": 1,
        "vpn_restart_attempts": 0,
        "vpn_restart_duration_seconds": 2.8276164531707764,
        "connectivity_wait_duration_seconds": 2.972041368484497,
        "source": "lom",
        "target": "yuki"
    }
}