{
    "status": "success",
    "data": {
        "rtt_min_ms": {
            "min": 1.578,
            "average": 1.581,
            "max": 1.583,
            "percentiles": {
                "p25": 1.578,
                "p50": 1.582,
                "p75": 1.583
            }
        },
        "rtt_avg_ms": {
            "min": 18.238,
            "average": 20.601,
            "max": 23.087,
            "percentiles": {
                "p25": 18.238,
                "p50": 20.478,
                "p75": 23.087
            }
        },
        "rtt_max_ms": {
            "min": 91.659,
            "average": 123.96333333333334,
            "max": 184.675,
            "percentiles": {
                "p25": 91.659,
                "p50": 95.556,
                "p75": 184.675
            }
        },
        "rtt_mdev_ms": {
            "min": 13.452,
            "average": 20.283,
            "max": 27.559,
            "percentiles": {
                "p25": 13.452,
                "p50": 19.838,
                "p75": 27.559
            }
        },
        "packet_loss_percent": {
            "min": 0.0,
            "average": 0.0,
            "max": 0.0,
            "percentiles": {
                "p25": 0.0,
                "p50": 0.0,
                "p75": 0.0
            }
        }
    },
    "meta": {
        "duration_seconds": 61.01894998550415,
        "test_attempts": 1,
        "vpn_restart_attempts": 0,
        "vpn_restart_duration_seconds": 2.158299446105957,
        "connectivity_wait_duration_seconds": 4.583571910858154,
        "source": "lom",
        "target": "yuki"
    }
}