{
    "status": "success",
    "data": {
        "total_bandwidth_mbps": {
            "min": 1.58845,
            "average": 2.0388042333333334,
            "max": 2.6093,
            "percentiles": {
                "p25": 1.8703025,
                "p50": 2.019915,
                "p75": 2.2011175
            }
        },
        "cpu_usage_percent": {
            "min": 0.0,
            "average": 1.3291250000000001,
            "max": 89.0,
            "percentiles": {
                "p25": 0.0,
                "p50": 1.0,
                "p75": 1.01
            }
        },
        "ttfb_ms": {
            "min": 130.0,
            "average": 426.25,
            "max": 1018.0,
            "percentiles": {
                "p25": 194.25,
                "p50": 292.5,
                "p75": 636.5
            }
        },
        "conn_time_ms": {
            "min": 113.0,
            "average": 305.625,
            "max": 775.0,
            "percentiles": {
                "p25": 138.75,
                "p50": 195.5,
                "p75": 439.75
            }
        }
    },
    "meta": {
        "duration_seconds": 34.949601888656616,
        "test_attempts": 1,
        "vpn_restart_attempts": 0,
        "vpn_restart_duration_seconds": 2.2034757137298584,
        "connectivity_wait_duration_seconds": 2.3449416160583496,
        "source": "lom",
        "target": "yuki"
    }
}