{
    "status": "success",
    "data": {
        "rtt_min_ms": {
            "min": 1.32,
            "average": 1.4886666666666668,
            "max": 1.596,
            "percentiles": {
                "p25": 1.32,
                "p50": 1.55,
                "p75": 1.596
            }
        },
        "rtt_avg_ms": {
            "min": 2.097,
            "average": 2.1113333333333335,
            "max": 2.128,
            "percentiles": {
                "p25": 2.097,
                "p50": 2.109,
                "p75": 2.128
            }
        },
        "rtt_max_ms": {
            "min": 2.447,
            "average": 3.1403333333333334,
            "max": 4.391,
            "percentiles": {
                "p25": 2.447,
                "p50": 2.583,
                "p75": 4.391
            }
        },
        "rtt_mdev_ms": {
            "min": 0.147,
            "average": 0.19233333333333333,
            "max": 0.267,
            "percentiles": {
                "p25": 0.147,
                "p50": 0.163,
                "p75": 0.267
            }
        },
        "packet_loss_percent": {
            "min": 0.0,
            "average": 0.0,
            "max": 0.0,
            "percentiles": {
                "p25": 0.0,
                "p50": 0.0,
                "p75": 0.0
            }
        }
    },
    "meta": {
        "duration_seconds": 60.69154191017151,
        "test_attempts": 1,
        "vpn_restart_attempts": 0,
        "vpn_restart_duration_seconds": 1.9654035568237305,
        "connectivity_wait_duration_seconds": 5.847156524658203,
        "source": "luna",
        "target": "lom"
    }
}