{
    "status": "success",
    "data": {
        "total_bandwidth_mbps": {
            "min": 675.1999999999999,
            "average": 714.4296666666667,
            "max": 736.78,
            "percentiles": {
                "p25": 705.9375,
                "p50": 717.2749999999999,
                "p75": 727.7175
            }
        },
        "cpu_usage_percent": {
            "min": 41.49,
            "average": 47.769666666666666,
            "max": 66.15,
            "percentiles": {
                "p25": 45.26,
                "p50": 47.31,
                "p75": 50.0
            }
        },
        "ttfb_ms": {
            "min": 16.0,
            "average": 18.0,
            "max": 20.0,
            "percentiles": {
                "p25": 16.25,
                "p50": 18.0,
                "p75": 19.75
            }
        },
        "conn_time_ms": {
            "min": 14.0,
            "average": 16.375,
            "max": 19.0,
            "percentiles": {
                "p25": 15.0,
                "p50": 16.0,
                "p75": 18.0
            }
        }
    },
    "meta": {
        "duration_seconds": 31.420390129089355,
        "test_attempts": 1,
        "vpn_restart_attempts": 0,
        "vpn_restart_duration_seconds": 1.923841953277588,
        "connectivity_wait_duration_seconds": 5.835180997848511,
        "source": "luna",
        "target": "lom"
    }
}