{
    "status": "success",
    "data": {
        "rtt_min_ms": {
            "min": 0.809,
            "average": 0.878,
            "max": 0.933,
            "percentiles": {
                "p25": 0.809,
                "p50": 0.892,
                "p75": 0.933
            }
        },
        "rtt_avg_ms": {
            "min": 13.954,
            "average": 15.663333333333334,
            "max": 17.069,
            "percentiles": {
                "p25": 13.954,
                "p50": 15.967,
                "p75": 17.069
            }
        },
        "rtt_max_ms": {
            "min": 33.626,
            "average": 36.38466666666667,
            "max": 41.687,
            "percentiles": {
                "p25": 33.626,
                "p50": 33.841,
                "p75": 41.687
            }
        },
        "rtt_mdev_ms": {
            "min": 9.484,
            "average": 10.089333333333334,
            "max": 10.968,
            "percentiles": {
                "p25": 9.484,
                "p50": 9.816,
                "p75": 10.968
            }
        },
        "packet_loss_percent": {
            "min": 2.0,
            "average": 3.3333333333333335,
            "max": 5.0,
            "percentiles": {
                "p25": 2.0,
                "p50": 3.0,
                "p75": 5.0
            }
        }
    },
    "meta": {
        "duration_seconds": 61.980234146118164,
        "test_attempts": 1,
        "vpn_restart_attempts": 0,
        "vpn_restart_duration_seconds": 35.209280014038086,
        "connectivity_wait_duration_seconds": 4.438473224639893,
        "source": "lom",
        "target": "yuki"
    }
}