{
    "status": "success",
    "data": {
        "rtt_min_ms": {
            "min": 0.891,
            "average": 0.9263333333333333,
            "max": 0.952,
            "percentiles": {
                "p25": 0.891,
                "p50": 0.936,
                "p75": 0.952
            }
        },
        "rtt_avg_ms": {
            "min": 15.391,
            "average": 15.534666666666666,
            "max": 15.655,
            "percentiles": {
                "p25": 15.391,
                "p50": 15.558,
                "p75": 15.655
            }
        },
        "rtt_max_ms": {
            "min": 39.15,
            "average": 40.146,
            "max": 42.072,
            "percentiles": {
                "p25": 39.15,
                "p50": 39.216,
                "p75": 42.072
            }
        },
        "rtt_mdev_ms": {
            "min": 8.984,
            "average": 9.717333333333332,
            "max": 10.54,
            "percentiles": {
                "p25": 8.984,
                "p50": 9.628,
                "p75": 10.54
            }
        },
        "packet_loss_percent": {
            "min": 3.0,
            "average": 3.3333333333333335,
            "max": 4.0,
            "percentiles": {
                "p25": 3.0,
                "p50": 3.0,
                "p75": 4.0
            }
        }
    },
    "meta": {
        "duration_seconds": 61.619067668914795,
        "test_attempts": 1,
        "vpn_restart_attempts": 0,
        "vpn_restart_duration_seconds": 36.63776612281799,
        "connectivity_wait_duration_seconds": 6.243746995925903,
        "source": "lom",
        "target": "yuki"
    }
}