{
    "status": "success",
    "data": {
        "total_bandwidth_mbps": {
            "min": 22.585,
            "average": 23.6253,
            "max": 25.12,
            "percentiles": {
                "p25": 23.14,
                "p50": 23.48,
                "p75": 24.034750000000003
            }
        },
        "cpu_usage_percent": {
            "min": 0.0,
            "average": 4.140333333333333,
            "max": 17.53,
            "percentiles": {
                "p25": 2.04,
                "p50": 4.02,
                "p75": 5.985
            }
        },
        "ttfb_ms": {
            "min": 36.0,
            "average": 66.625,
            "max": 100.0,
            "percentiles": {
                "p25": 37.25,
                "p50": 65.5,
                "p75": 95.25
            }
        },
        "conn_time_ms": {
            "min": 27.0,
            "average": 53.625,
            "max": 82.0,
            "percentiles": {
                "p25": 32.0,
                "p50": 53.0,
                "p75": 76.0
            }
        }
    },
    "meta": {
        "duration_seconds": 32.25335764884949,
        "test_attempts": 1,
        "vpn_restart_attempts": 0,
        "vpn_restart_duration_seconds": 36.76444625854492,
        "connectivity_wait_duration_seconds": 3.3387677669525146,
        "source": "lom",
        "target": "yuki"
    }
}