{
  "status": "success",
  "data": {
    "total_bandwidth_mbps": {
      "min": 21.964,
      "average": 23.492666666666665,
      "max": 25.387999999999998,
      "percentiles": {
        "p25": 22.82125,
        "p50": 23.3635,
        "p75": 24.067749999999997
      }
    },
    "cpu_usage_percent": {
      "min": 0.0,
      "average": 3.879875,
      "max": 20.2,
      "percentiles": {
        "p25": 2.04,
        "p50": 3.21,
        "p75": 5.1
      }
    },
    "ttfb_ms": {
      "min": 43.0,
      "average": 113.625,
      "max": 283.0,
      "percentiles": {
        "p25": 49.0,
        "p50": 61.5,
        "p75": 200.0
      }
    },
    "conn_time_ms": {
      "min": 24.0,
      "average": 105.625,
      "max": 282.0,
      "percentiles": {
        "p25": 38.0,
        "p50": 58.0,
        "p75": 190.75
      }
    }
  },
  "meta": {
    "duration_seconds": 32.613850593566895,
    "test_attempts": 1,
    "vpn_restart_attempts": 0,
    "vpn_restart_duration_seconds": 36.10280418395996,
    "connectivity_wait_duration_seconds": 6.703753232955933,
    "source": "lom",
    "target": "yuki"
  }
}
