{
    "status": "success",
    "data": {
        "bitrate_kbps": {
            "min": 1782.7,
            "average": 1963.9793103448276,
            "max": 1988.3,
            "percentiles": {
                "p25": 1961.15,
                "p50": 1974.9,
                "p75": 1982.3
            }
        },
        "fps": {
            "min": 31.0,
            "average": 32.13793103448276,
            "max": 45.0,
            "percentiles": {
                "p25": 31.0,
                "p50": 31.0,
                "p75": 32.0
            }
        },
        "dropped_frames": {
            "min": 15.0,
            "average": 15.0,
            "max": 15.0,
            "percentiles": {
                "p25": 15.0,
                "p50": 15.0,
                "p75": 15.0
            }
        }
    },
    "meta": {
        "duration_seconds": 32.168293952941895,
        "test_attempts": 1,
        "vpn_restart_attempts": 0,
        "vpn_restart_duration_seconds": 35.04346227645874,
        "connectivity_wait_duration_seconds": 5.62343692779541,
        "source": "lom",
        "target": "yuki"
    }
}