{
    "status": "success",
    "data": {
        "rtt_min_ms": {
            "min": 0.807,
            "average": 0.9056666666666667,
            "max": 1.066,
            "percentiles": {
                "p25": 0.807,
                "p50": 0.844,
                "p75": 1.066
            }
        },
        "rtt_avg_ms": {
            "min": 1.228,
            "average": 1.2483333333333333,
            "max": 1.26,
            "percentiles": {
                "p25": 1.228,
                "p50": 1.257,
                "p75": 1.26
            }
        },
        "rtt_max_ms": {
            "min": 1.352,
            "average": 1.357,
            "max": 1.363,
            "percentiles": {
                "p25": 1.352,
                "p50": 1.356,
                "p75": 1.363
            }
        },
        "rtt_mdev_ms": {
            "min": 0.06,
            "average": 0.072,
            "max": 0.08,
            "percentiles": {
                "p25": 0.06,
                "p50": 0.076,
                "p75": 0.08
            }
        },
        "packet_loss_percent": {
            "min": 0.0,
            "average": 0.0,
            "max": 0.0,
            "percentiles": {
                "p25": 0.0,
                "p50": 0.0,
                "p75": 0.0
            }
        }
    },
    "meta": {
        "duration_seconds": 60.752182722091675,
        "test_attempts": 1,
        "vpn_restart_attempts": 0,
        "vpn_restart_duration_seconds": 1.8160340785980225,
        "connectivity_wait_duration_seconds": 1.7979474067687988,
        "source": "lom",
        "target": "yuki"
    }
}