{
  "status": "success",
  "data": {
    "rtt_min_ms": {
      "min": 1.574,
      "average": 1.6923333333333335,
      "max": 1.766,
      "percentiles": {
        "p25": 1.574,
        "p50": 1.737,
        "p75": 1.766
      }
    },
    "rtt_avg_ms": {
      "min": 11.542,
      "average": 13.985666666666667,
      "max": 17.525,
      "percentiles": {
        "p25": 11.542,
        "p50": 12.89,
        "p75": 17.525
      }
    },
    "rtt_max_ms": {
      "min": 217.138,
      "average": 220.34233333333333,
      "max": 223.253,
      "percentiles": {
        "p25": 217.138,
        "p50": 220.636,
        "p75": 223.253
      }
    },
    "rtt_mdev_ms": {
      "min": 21.181,
      "average": 26.355,
      "max": 36.004,
      "percentiles": {
        "p25": 21.181,
        "p50": 21.88,
        "p75": 36.004
      }
    },
    "packet_loss_percent": {
      "min": 0.0,
      "average": 0.0,
      "max": 0.0,
      "percentiles": {
        "p25": 0.0,
        "p50": 0.0,
        "p75": 0.0
      }
    }
  },
  "meta": {
    "duration_seconds": 60.879565954208374,
    "test_attempts": 1,
    "vpn_restart_attempts": 0,
    "vpn_restart_duration_seconds": 2.028028726577759,
    "connectivity_wait_duration_seconds": 10.752555847167969,
    "source": "lom",
    "target": "yuki"
  }
}
