{
  "status": "success",
  "data": {
    "encoding": {
      "bitrate_kbps": {
        "min": 3314.7,
        "average": 3353.496551724138,
        "max": 3511.5,
        "percentiles": {
          "p25": 3326.1000000000004,
          "p50": 3335.7,
          "p75": 3364.1000000000004
        }
      },
      "fps": {
        "min": 31.0,
        "average": 32.13793103448276,
        "max": 45.0,
        "percentiles": {
          "p25": 31.0,
          "p50": 31.0,
          "p75": 32.0
        }
      },
      "dropped_frames": {
        "min": 14.0,
        "average": 14.0,
        "max": 14.0,
        "percentiles": {
          "p25": 14.0,
          "p50": 14.0,
          "p75": 14.0
        }
      }
    },
    "network": {
      "packets_dropped": {
        "min": 0.0,
        "average": 0.0,
        "max": 0.0,
        "percentiles": {
          "p25": 0.0,
          "p50": 0.0,
          "p75": 0.0
        }
      },
      "packets_recovered": {
        "min": 0.0,
        "average": 0.0,
        "max": 0.0,
        "percentiles": {
          "p25": 0.0,
          "p50": 0.0,
          "p75": 0.0
        }
      },
      "rtt_ms": {
        "min": 4.087316736077367,
        "average": 4.841068955188263,
        "max": 5.571831780081197,
        "percentiles": {
          "p25": 4.560803144704022,
          "p50": 4.877277403994023,
          "p75": 5.07226472869291
        }
      },
      "quality": {
        "min": 100.0,
        "average": 100.0,
        "max": 100.0,
        "percentiles": {
          "p25": 100.0,
          "p50": 100.0,
          "p75": 100.0
        }
      },
      "bitrate_bps": {
        "min": 0.0,
        "average": 3144785.709677419,
        "max": 5122760.0,
        "percentiles": {
          "p25": 2849827.0,
          "p50": 3551865.0,
          "p75": 3600552.0
        }
      }
    }
  },
  "meta": {
    "duration_seconds": 31.399093866348267,
    "test_attempts": 1,
    "vpn_restart_attempts": 0,
    "vpn_restart_duration_seconds": 1.5229172706604004,
    "connectivity_wait_duration_seconds": 5.886349201202393,
    "source": "luna",
    "target": "lom"
  }
}
