{
    "status": "success",
    "data": {
        "rtt_min_ms": {
            "min": 1.142,
            "average": 1.1933333333333334,
            "max": 1.246,
            "percentiles": {
                "p25": 1.142,
                "p50": 1.192,
                "p75": 1.246
            }
        },
        "rtt_avg_ms": {
            "min": 16.072,
            "average": 16.894,
            "max": 18.187,
            "percentiles": {
                "p25": 16.072,
                "p50": 16.423,
                "p75": 18.187
            }
        },
        "rtt_max_ms": {
            "min": 38.979,
            "average": 40.38366666666667,
            "max": 41.843,
            "percentiles": {
                "p25": 38.979,
                "p50": 40.329,
                "p75": 41.843
            }
        },
        "rtt_mdev_ms": {
            "min": 8.894,
            "average": 9.575,
            "max": 10.171,
            "percentiles": {
                "p25": 8.894,
                "p50": 9.66,
                "p75": 10.171
            }
        },
        "packet_loss_percent": {
            "min": 2.0,
            "average": 4.333333333333333,
            "max": 6.0,
            "percentiles": {
                "p25": 2.0,
                "p50": 5.0,
                "p75": 6.0
            }
        }
    },
    "meta": {
        "duration_seconds": 61.757976770401,
        "test_attempts": 1,
        "vpn_restart_attempts": 0,
        "vpn_restart_duration_seconds": 34.86514759063721,
        "connectivity_wait_duration_seconds": 2.913086414337158,
        "source": "yuki",
        "target": "luna"
    }
}