{
    "status": "success",
    "data": {
        "total_bandwidth_mbps": {
            "min": 21.752000000000002,
            "average": 23.243033333333333,
            "max": 24.499,
            "percentiles": {
                "p25": 22.71325,
                "p50": 23.436999999999998,
                "p75": 23.77625
            }
        },
        "cpu_usage_percent": {
            "min": 0.0,
            "average": 2.5840833333333335,
            "max": 20.21,
            "percentiles": {
                "p25": 1.9849999999999999,
                "p50": 2.02,
                "p75": 3.03
            }
        },
        "ttfb_ms": {
            "min": 32.0,
            "average": 86.625,
            "max": 312.0,
            "percentiles": {
                "p25": 44.0,
                "p50": 52.0,
                "p75": 80.25
            }
        },
        "conn_time_ms": {
            "min": 31.0,
            "average": 63.25,
            "max": 159.0,
            "percentiles": {
                "p25": 38.25,
                "p50": 46.5,
                "p75": 72.5
            }
        }
    },
    "meta": {
        "duration_seconds": 34.16958785057068,
        "test_attempts": 1,
        "vpn_restart_attempts": 0,
        "vpn_restart_duration_seconds": 36.331746339797974,
        "connectivity_wait_duration_seconds": 6.92441201210022,
        "source": "yuki",
        "target": "luna"
    }
}