{
  "status": "success",
  "data": {
    "encoding": {
      "bitrate_kbps": {
        "min": 3301.8,
        "average": 3346.5137931034483,
        "max": 3494.7,
        "percentiles": {
          "p25": 3319.15,
          "p50": 3333.1,
          "p75": 3355.8
        }
      },
      "fps": {
        "min": 31.0,
        "average": 32.13793103448276,
        "max": 45.0,
        "percentiles": {
          "p25": 31.0,
          "p50": 31.0,
          "p75": 32.0
        }
      },
      "dropped_frames": {
        "min": 15.0,
        "average": 15.0,
        "max": 15.0,
        "percentiles": {
          "p25": 15.0,
          "p50": 15.0,
          "p75": 15.0
        }
      }
    },
    "network": {
      "packets_dropped": {
        "min": 0.0,
        "average": 1734.4375,
        "max": 55502.0,
        "percentiles": {
          "p25": 0.0,
          "p50": 0.0,
          "p75": 0.0
        }
      },
      "packets_recovered": {
        "min": 0.0,
        "average": 79.9375,
        "max": 181.0,
        "percentiles": {
          "p25": 67.0,
          "p50": 80.0,
          "p75": 98.75
        }
      },
      "rtt_ms": {
        "min": 8.761550176054904,
        "average": 18.339469843969407,
        "max": 26.440948032895246,
        "percentiles": {
          "p25": 15.885113079739611,
          "p50": 18.17037511580415,
          "p75": 20.030936493516712
        }
      },
      "quality": {
        "min": 72.0,
        "average": 80.65625,
        "max": 100.0,
        "percentiles": {
          "p25": 78.0,
          "p50": 79.0,
          "p75": 81.75
        }
      },
      "bitrate_bps": {
        "min": 0.0,
        "average": 3141835.96875,
        "max": 5120945.0,
        "percentiles": {
          "p25": 2852574.5,
          "p50": 3494531.5,
          "p75": 3612537.5
        }
      }
    }
  },
  "meta": {
    "duration_seconds": 32.62710618972778,
    "test_attempts": 1,
    "vpn_restart_attempts": 0,
    "vpn_restart_duration_seconds": 39.97830843925476,
    "connectivity_wait_duration_seconds": 5.244471549987793,
    "source": "yuki",
    "target": "luna"
  }
}
