{
  "status": "success",
  "data": {
    "rtt_min_ms": {
      "min": 0.999,
      "average": 1.0343333333333333,
      "max": 1.077,
      "percentiles": {
        "p25": 0.999,
        "p50": 1.027,
        "p75": 1.077
      }
    },
    "rtt_avg_ms": {
      "min": 9.119,
      "average": 9.561666666666666,
      "max": 9.915,
      "percentiles": {
        "p25": 9.119,
        "p50": 9.651,
        "p75": 9.915
      }
    },
    "rtt_max_ms": {
      "min": 20.901,
      "average": 21.498666666666665,
      "max": 21.855,
      "percentiles": {
        "p25": 20.901,
        "p50": 21.74,
        "p75": 21.855
      }
    },
    "rtt_mdev_ms": {
      "min": 4.864,
      "average": 5.181,
      "max": 5.712,
      "percentiles": {
        "p25": 4.864,
        "p50": 4.967,
        "p75": 5.712
      }
    },
    "packet_loss_percent": {
      "min": 0.0,
      "average": 0.6666666666666666,
      "max": 2.0,
      "percentiles": {
        "p25": 0.0,
        "p50": 0.0,
        "p75": 2.0
      }
    }
  },
  "meta": {
    "duration_seconds": 61.04443097114563,
    "test_attempts": 1,
    "vpn_restart_attempts": 0
  }
}
