{
  "status": "success",
  "data": {
    "total_bandwidth_mbps": {
      "min": 18.205,
      "average": 19.003666666666668,
      "max": 19.736,
      "percentiles": {
        "p25": 18.70625,
        "p50": 18.951500000000003,
        "p75": 19.351750000000003
      }
    },
    "cpu_usage_percent": {
      "min": 3.19,
      "average": 5.55775,
      "max": 9.28,
      "percentiles": {
        "p25": 5.0625,
        "p50": 5.38,
        "p75": 6.235
      }
    },
    "ttfb_ms": {
      "min": 23.0,
      "average": 43.75,
      "max": 90.0,
      "percentiles": {
        "p25": 24.5,
        "p50": 31.0,
        "p75": 75.75
      }
    },
    "conn_time_ms": {
      "min": 21.0,
      "average": 38.5,
      "max": 80.0,
      "percentiles": {
        "p25": 22.25,
        "p50": 26.5,
        "p75": 66.75
      }
    }
  },
  "meta": {
    "duration_seconds": 31.773590326309204,
    "test_attempts": 1,
    "vpn_restart_attempts": 0
  }
}
