{
  "status": "success",
  "data": {
    "bitrate_kbps": {
      "min": 1799.8,
      "average": 1947.7275862068966,
      "max": 1973.0,
      "percentiles": {
        "p25": 1942.1999999999998,
        "p50": 1961.3,
        "p75": 1966.6999999999998
      }
    },
    "fps": {
      "min": 31.0,
      "average": 32.13793103448276,
      "max": 45.0,
      "percentiles": {
        "p25": 31.0,
        "p50": 31.0,
        "p75": 32.0
      }
    },
    "dropped_frames": {
      "min": 15.0,
      "average": 15.0,
      "max": 15.0,
      "percentiles": {
        "p25": 15.0,
        "p50": 15.0,
        "p75": 15.0
      }
    }
  },
  "meta": {
    "duration_seconds": 121.09510254859924,
    "test_attempts": 1,
    "vpn_restart_attempts": 0
  }
}
