{
  "status": "success",
  "data": {
    "rtt_min_ms": {
      "min": 1.256,
      "average": 1.347,
      "max": 1.405,
      "percentiles": {
        "p25": 1.256,
        "p50": 1.38,
        "p75": 1.405
      }
    },
    "rtt_avg_ms": {
      "min": 9.562,
      "average": 10.319333333333333,
      "max": 11.011,
      "percentiles": {
        "p25": 9.562,
        "p50": 10.385,
        "p75": 11.011
      }
    },
    "rtt_max_ms": {
      "min": 21.786,
      "average": 22.764333333333333,
      "max": 23.632,
      "percentiles": {
        "p25": 21.786,
        "p50": 22.875,
        "p75": 23.632
      }
    },
    "rtt_mdev_ms": {
      "min": 4.828,
      "average": 4.924,
      "max": 5.099,
      "percentiles": {
        "p25": 4.828,
        "p50": 4.845,
        "p75": 5.099
      }
    },
    "packet_loss_percent": {
      "min": 2.0,
      "average": 2.3333333333333335,
      "max": 3.0,
      "percentiles": {
        "p25": 2.0,
        "p50": 2.0,
        "p75": 3.0
      }
    }
  },
  "meta": {
    "duration_seconds": 61.53151774406433,
    "test_attempts": 1,
    "vpn_restart_attempts": 0,
    "vpn_restart_duration_seconds": 1.7623140811920166,
    "connectivity_wait_duration_seconds": 4.462162494659424,
    "source": "yuki",
    "target": "luna"
  }
}
