{
  "status": "success",
  "data": {
    "total_bandwidth_mbps": {
      "min": 594.39,
      "average": 645.7136666666667,
      "max": 685.61,
      "percentiles": {
        "p25": 629.475,
        "p50": 647.6600000000001,
        "p75": 661.0
      }
    },
    "cpu_usage_percent": {
      "min": 0.0,
      "average": 14.024,
      "max": 76.0,
      "percentiles": {
        "p25": 10.4825,
        "p50": 13.13,
        "p75": 15.422500000000001
      }
    },
    "ttfb_ms": {
      "min": 14.0,
      "average": 16.75,
      "max": 19.0,
      "percentiles": {
        "p25": 15.25,
        "p50": 17.0,
        "p75": 18.5
      }
    },
    "conn_time_ms": {
      "min": 13.0,
      "average": 15.375,
      "max": 18.0,
      "percentiles": {
        "p25": 14.0,
        "p50": 15.0,
        "p75": 17.5
      }
    }
  },
  "meta": {
    "duration_seconds": 31.283653020858765,
    "test_attempts": 1,
    "vpn_restart_attempts": 0,
    "vpn_restart_duration_seconds": 1.7648046016693115,
    "connectivity_wait_duration_seconds": 3.8118791580200195,
    "source": "luna",
    "target": "lom"
  }
}
