{
  "status": "success",
  "data": {
    "rtt_min_ms": {
      "min": 1.196,
      "average": 1.4576666666666667,
      "max": 1.691,
      "percentiles": {
        "p25": 1.196,
        "p50": 1.486,
        "p75": 1.691
      }
    },
    "rtt_avg_ms": {
      "min": 5.192,
      "average": 5.313666666666667,
      "max": 5.413,
      "percentiles": {
        "p25": 5.192,
        "p50": 5.336,
        "p75": 5.413
      }
    },
    "rtt_max_ms": {
      "min": 8.49,
      "average": 9.334999999999999,
      "max": 10.485,
      "percentiles": {
        "p25": 8.49,
        "p50": 9.03,
        "p75": 10.485
      }
    },
    "rtt_mdev_ms": {
      "min": 1.597,
      "average": 1.6966666666666668,
      "max": 1.864,
      "percentiles": {
        "p25": 1.597,
        "p50": 1.629,
        "p75": 1.864
      }
    },
    "packet_loss_percent": {
      "min": 0.0,
      "average": 0.3333333333333333,
      "max": 1.0,
      "percentiles": {
        "p25": 0.0,
        "p50": 0.0,
        "p75": 1.0
      }
    }
  },
  "meta": {
    "duration_seconds": 60.66970229148865,
    "test_attempts": 1,
    "vpn_restart_attempts": 0
  }
}
