{
  "status": "success",
  "data": {
    "total_bandwidth_mbps": {
      "min": 43.31,
      "average": 46.150666666666666,
      "max": 48.4,
      "percentiles": {
        "p25": 45.5175,
        "p50": 46.22,
        "p75": 46.6875
      }
    },
    "cpu_usage_percent": {
      "min": 5.15,
      "average": 9.716583333333332,
      "max": 23.86,
      "percentiles": {
        "p25": 6.59,
        "p50": 7.895,
        "p75": 11.895
      }
    },
    "ttfb_ms": {
      "min": 28.0,
      "average": 36.5,
      "max": 42.0,
      "percentiles": {
        "p25": 30.25,
        "p50": 38.0,
        "p75": 41.25
      }
    },
    "conn_time_ms": {
      "min": 23.0,
      "average": 32.5,
      "max": 36.0,
      "percentiles": {
        "p25": 26.0,
        "p50": 35.5,
        "p75": 36.0
      }
    }
  },
  "meta": {
    "duration_seconds": 31.478166103363037,
    "test_attempts": 1,
    "vpn_restart_attempts": 0
  }
}
