{
    "status": "success",
    "data": {
        "rtt_min_ms": {
            "min": 0.724,
            "average": 0.8683333333333333,
            "max": 0.941,
            "percentiles": {
                "p25": 0.724,
                "p50": 0.94,
                "p75": 0.941
            }
        },
        "rtt_avg_ms": {
            "min": 9.531,
            "average": 9.894333333333334,
            "max": 10.326,
            "percentiles": {
                "p25": 9.531,
                "p50": 9.826,
                "p75": 10.326
            }
        },
        "rtt_max_ms": {
            "min": 19.9,
            "average": 20.984666666666666,
            "max": 22.231,
            "percentiles": {
                "p25": 19.9,
                "p50": 20.823,
                "p75": 22.231
            }
        },
        "rtt_mdev_ms": {
            "min": 4.539,
            "average": 5.176,
            "max": 5.726,
            "percentiles": {
                "p25": 4.539,
                "p50": 5.263,
                "p75": 5.726
            }
        },
        "packet_loss_percent": {
            "min": 0.0,
            "average": 1.6666666666666667,
            "max": 3.0,
            "percentiles": {
                "p25": 0.0,
                "p50": 2.0,
                "p75": 3.0
            }
        }
    },
    "meta": {
        "duration_seconds": 61.49642467498779,
        "test_attempts": 1,
        "vpn_restart_attempts": 0,
        "vpn_restart_duration_seconds": 34.53421688079834,
        "connectivity_wait_duration_seconds": 2.570996046066284,
        "source": "luna",
        "target": "lom"
    }
}