{
    "status": "success",
    "data": {
        "total_bandwidth_mbps": {
            "min": 37.892,
            "average": 39.5103,
            "max": 41.263,
            "percentiles": {
                "p25": 39.099500000000006,
                "p50": 39.4725,
                "p75": 40.215999999999994
            }
        },
        "cpu_usage_percent": {
            "min": 0.0,
            "average": 2.159875,
            "max": 7.14,
            "percentiles": {
                "p25": 2.0,
                "p50": 2.02,
                "p75": 2.9625
            }
        },
        "ttfb_ms": {
            "min": 18.0,
            "average": 56.375,
            "max": 227.0,
            "percentiles": {
                "p25": 19.75,
                "p50": 27.0,
                "p75": 61.25
            }
        },
        "conn_time_ms": {
            "min": 16.0,
            "average": 51.875,
            "max": 220.0,
            "percentiles": {
                "p25": 17.25,
                "p50": 22.0,
                "p75": 53.5
            }
        }
    },
    "meta": {
        "duration_seconds": 31.9088933467865,
        "test_attempts": 1,
        "vpn_restart_attempts": 0,
        "vpn_restart_duration_seconds": 36.34455418586731,
        "connectivity_wait_duration_seconds": 110.81631541252136,
        "source": "luna",
        "target": "lom"
    }
}