{
    "status": "success",
    "data": {
        "total_bandwidth_mbps": {
            "min": 37.196,
            "average": 39.1494,
            "max": 40.342,
            "percentiles": {
                "p25": 38.821250000000006,
                "p50": 39.2475,
                "p75": 39.67225
            }
        },
        "cpu_usage_percent": {
            "min": 0.0,
            "average": 2.087666666666667,
            "max": 13.13,
            "percentiles": {
                "p25": 1.08,
                "p50": 2.02,
                "p75": 2.15
            }
        },
        "ttfb_ms": {
            "min": 31.0,
            "average": 57.0,
            "max": 92.0,
            "percentiles": {
                "p25": 34.5,
                "p50": 53.5,
                "p75": 83.5
            }
        },
        "conn_time_ms": {
            "min": 26.0,
            "average": 53.0,
            "max": 88.0,
            "percentiles": {
                "p25": 28.25,
                "p50": 49.5,
                "p75": 80.5
            }
        }
    },
    "meta": {
        "duration_seconds": 32.56738805770874,
        "test_attempts": 1,
        "vpn_restart_attempts": 0,
        "vpn_restart_duration_seconds": 36.57910180091858,
        "connectivity_wait_duration_seconds": 2.768867015838623,
        "source": "luna",
        "target": "lom"
    }
}