{
    "status": "success",
    "data": {
        "encoding": {
            "bitrate_kbps": {
                "min": 3303.8,
                "average": 3348.944827586207,
                "max": 3489.9,
                "percentiles": {
                    "p25": 3322.0,
                    "p50": 3336.6,
                    "p75": 3356.85
                }
            },
            "fps": {
                "min": 31.0,
                "average": 32.13793103448276,
                "max": 45.0,
                "percentiles": {
                    "p25": 31.0,
                    "p50": 31.0,
                    "p75": 32.0
                }
            },
            "dropped_frames": {
                "min": 15.0,
                "average": 15.0,
                "max": 15.0,
                "percentiles": {
                    "p25": 15.0,
                    "p50": 15.0,
                    "p75": 15.0
                }
            }
        },
        "network": {
            "packets_dropped": {
                "min": 0.0,
                "average": 1790.0967741935483,
                "max": 55493.0,
                "percentiles": {
                    "p25": 0.0,
                    "p50": 0.0,
                    "p75": 0.0
                }
            },
            "packets_recovered": {
                "min": 0.0,
                "average": 36.483870967741936,
                "max": 109.0,
                "percentiles": {
                    "p25": 23.0,
                    "p50": 35.0,
                    "p75": 48.0
                }
            },
            "rtt_ms": {
                "min": 5.664501351232733,
                "average": 12.390101259518483,
                "max": 15.571455176489133,
                "percentiles": {
                    "p25": 11.838799227095341,
                    "p50": 12.7581580370699,
                    "p75": 13.363516064267781
                }
            },
            "quality": {
                "min": 82.0,
                "average": 90.06451612903226,
                "max": 100.0,
                "percentiles": {
                    "p25": 88.0,
                    "p50": 89.0,
                    "p75": 93.0
                }
            },
            "bitrate_bps": {
                "min": 0.0,
                "average": 3156450.9032258065,
                "max": 5118333.0,
                "percentiles": {
                    "p25": 2843742.0,
                    "p50": 3545149.0,
                    "p75": 3620748.0
                }
            }
        }
    },
    "meta": {
        "duration_seconds": 32.06626629829407,
        "test_attempts": 1,
        "vpn_restart_attempts": 0,
        "vpn_restart_duration_seconds": 36.238450050354004,
        "connectivity_wait_duration_seconds": 113.41109347343445,
        "source": "luna",
        "target": "lom"
    }
}