{
    "status": "success",
    "data": {
        "rtt_min_ms": {
            "min": 2.231,
            "average": 2.57,
            "max": 3.053,
            "percentiles": {
                "p25": 2.231,
                "p50": 2.426,
                "p75": 3.053
            }
        },
        "rtt_avg_ms": {
            "min": 5.904,
            "average": 6.333,
            "max": 6.852,
            "percentiles": {
                "p25": 5.904,
                "p50": 6.243,
                "p75": 6.852
            }
        },
        "rtt_max_ms": {
            "min": 10.084,
            "average": 26.37633333333333,
            "max": 58.855,
            "percentiles": {
                "p25": 10.084,
                "p50": 10.19,
                "p75": 58.855
            }
        },
        "rtt_mdev_ms": {
            "min": 1.657,
            "average": 2.958,
            "max": 5.461,
            "percentiles": {
                "p25": 1.657,
                "p50": 1.756,
                "p75": 5.461
            }
        },
        "packet_loss_percent": {
            "min": 0.0,
            "average": 0.0,
            "max": 0.0,
            "percentiles": {
                "p25": 0.0,
                "p50": 0.0,
                "p75": 0.0
            }
        }
    },
    "meta": {
        "duration_seconds": 60.829068422317505,
        "test_attempts": 1,
        "vpn_restart_attempts": 0,
        "vpn_restart_duration_seconds": 1.8089544773101807,
        "connectivity_wait_duration_seconds": 5.954654216766357,
        "source": "luna",
        "target": "lom"
    }
}