{
    "status": "success",
    "data": {
        "rtt_min_ms": {
            "min": 0.843,
            "average": 0.9723333333333334,
            "max": 1.044,
            "percentiles": {
                "p25": 0.843,
                "p50": 1.03,
                "p75": 1.044
            }
        },
        "rtt_avg_ms": {
            "min": 9.14,
            "average": 9.773333333333333,
            "max": 10.593,
            "percentiles": {
                "p25": 9.14,
                "p50": 9.587,
                "p75": 10.593
            }
        },
        "rtt_max_ms": {
            "min": 21.594,
            "average": 21.87,
            "max": 22.212,
            "percentiles": {
                "p25": 21.594,
                "p50": 21.804,
                "p75": 22.212
            }
        },
        "rtt_mdev_ms": {
            "min": 4.885,
            "average": 5.147333333333333,
            "max": 5.39,
            "percentiles": {
                "p25": 4.885,
                "p50": 5.167,
                "p75": 5.39
            }
        },
        "packet_loss_percent": {
            "min": 0.0,
            "average": 1.6666666666666667,
            "max": 3.0,
            "percentiles": {
                "p25": 0.0,
                "p50": 2.0,
                "p75": 3.0
            }
        }
    },
    "meta": {
        "duration_seconds": 61.38818383216858,
        "test_attempts": 1,
        "vpn_restart_attempts": 0,
        "vpn_restart_duration_seconds": 1.9482479095458984,
        "connectivity_wait_duration_seconds": 4.254785776138306,
        "source": "luna",
        "target": "lom"
    }
}