{
  "status": "success",
  "data": {
    "total_bandwidth_mbps": {
      "min": 38.391000000000005,
      "average": 39.56016666666667,
      "max": 40.737,
      "percentiles": {
        "p25": 38.953500000000005,
        "p50": 39.5975,
        "p75": 40.10725
      }
    },
    "cpu_usage_percent": {
      "min": 0.0,
      "average": 2.272375,
      "max": 10.42,
      "percentiles": {
        "p25": 2.0,
        "p50": 2.02,
        "p75": 3.0
      }
    },
    "ttfb_ms": {
      "min": 12.0,
      "average": 46.5,
      "max": 99.0,
      "percentiles": {
        "p25": 27.75,
        "p50": 36.5,
        "p75": 66.75
      }
    },
    "conn_time_ms": {
      "min": 12.0,
      "average": 40.25,
      "max": 87.0,
      "percentiles": {
        "p25": 18.5,
        "p50": 32.0,
        "p75": 63.25
      }
    }
  },
  "meta": {
    "duration_seconds": 31.681464672088623,
    "test_attempts": 1,
    "vpn_restart_attempts": 0,
    "vpn_restart_duration_seconds": 1.902698278427124,
    "connectivity_wait_duration_seconds": 6.359225749969482,
    "source": "luna",
    "target": "lom"
  }
}
