{
  "status": "success",
  "data": {
    "encoding": {
      "bitrate_kbps": {
        "min": 3301.8,
        "average": 3350.444827586207,
        "max": 3500.7,
        "percentiles": {
          "p25": 3322.3,
          "p50": 3339.2,
          "p75": 3356.95
        }
      },
      "fps": {
        "min": 30.0,
        "average": 32.10344827586207,
        "max": 45.0,
        "percentiles": {
          "p25": 31.0,
          "p50": 31.0,
          "p75": 32.0
        }
      },
      "dropped_frames": {
        "min": 15.0,
        "average": 15.0,
        "max": 15.0,
        "percentiles": {
          "p25": 15.0,
          "p50": 15.0,
          "p75": 15.0
        }
      }
    },
    "network": {
      "packets_dropped": {
        "min": 0.0,
        "average": 288.51612903225805,
        "max": 379.0,
        "percentiles": {
          "p25": 257.0,
          "p50": 316.0,
          "p75": 330.0
        }
      },
      "packets_recovered": {
        "min": 0.0,
        "average": 0.12903225806451613,
        "max": 1.0,
        "percentiles": {
          "p25": 0.0,
          "p50": 0.0,
          "p75": 0.0
        }
      },
      "rtt_ms": {
        "min": 5.32312218580492,
        "average": 8.331064614173272,
        "max": 9.65752813118238,
        "percentiles": {
          "p25": 7.91063714808519,
          "p50": 8.254090514548773,
          "p75": 9.038225264594583
        }
      },
      "quality": {
        "min": 8.0,
        "average": 13.096774193548388,
        "max": 100.0,
        "percentiles": {
          "p25": 9.0,
          "p50": 10.0,
          "p75": 12.0
        }
      },
      "bitrate_bps": {
        "min": 0.0,
        "average": 151569.83870967742,
        "max": 245227.0,
        "percentiles": {
          "p25": 146797.0,
          "p50": 157856.0,
          "p75": 169603.0
        }
      }
    }
  },
  "meta": {
    "duration_seconds": 32.4004065990448,
    "test_attempts": 1,
    "vpn_restart_attempts": 0,
    "vpn_restart_duration_seconds": 5.7923197746276855,
    "connectivity_wait_duration_seconds": 7.885775566101074,
    "source": "yuki",
    "target": "luna"
  }
}
