{
  "status": "success",
  "data": {
    "rtt_min_ms": {
      "min": 1.39,
      "average": 1.4689999999999999,
      "max": 1.613,
      "percentiles": {
        "p25": 1.39,
        "p50": 1.404,
        "p75": 1.613
      }
    },
    "rtt_avg_ms": {
      "min": 10.726,
      "average": 11.107333333333333,
      "max": 11.537,
      "percentiles": {
        "p25": 10.726,
        "p50": 11.059,
        "p75": 11.537
      }
    },
    "rtt_max_ms": {
      "min": 23.192,
      "average": 45.377,
      "max": 57.99,
      "percentiles": {
        "p25": 23.192,
        "p50": 54.949,
        "p75": 57.99
      }
    },
    "rtt_mdev_ms": {
      "min": 5.543,
      "average": 6.453666666666667,
      "max": 6.952,
      "percentiles": {
        "p25": 5.543,
        "p50": 6.866,
        "p75": 6.952
      }
    },
    "packet_loss_percent": {
      "min": 0.0,
      "average": 0.0,
      "max": 0.0,
      "percentiles": {
        "p25": 0.0,
        "p50": 0.0,
        "p75": 0.0
      }
    }
  },
  "meta": {
    "duration_seconds": 61.14019775390625,
    "test_attempts": 1,
    "vpn_restart_attempts": 0,
    "vpn_restart_duration_seconds": 2.61643123626709,
    "connectivity_wait_duration_seconds": 2.1120152473449707,
    "source": "lom",
    "target": "yuki"
  }
}
