{
  "status": "success",
  "data": {
    "total_bandwidth_mbps": {
      "min": 2.7944000000000004,
      "average": 3.2439126666666667,
      "max": 5.759399999999999,
      "percentiles": {
        "p25": 3.0370624999999998,
        "p50": 3.1816700000000004,
        "p75": 3.3213749999999997
      }
    },
    "cpu_usage_percent": {
      "min": 0.0,
      "average": 3.2315,
      "max": 21.78,
      "percentiles": {
        "p25": 2.0,
        "p50": 3.03,
        "p75": 4.17
      }
    },
    "ttfb_ms": {
      "min": 84.0,
      "average": 254.0,
      "max": 881.0,
      "percentiles": {
        "p25": 113.0,
        "p50": 156.5,
        "p75": 309.0
      }
    },
    "conn_time_ms": {
      "min": 59.0,
      "average": 174.625,
      "max": 719.0,
      "percentiles": {
        "p25": 68.25,
        "p50": 75.0,
        "p75": 200.0
      }
    }
  },
  "meta": {
    "duration_seconds": 35.21955847740173,
    "test_attempts": 1,
    "vpn_restart_attempts": 0,
    "vpn_restart_duration_seconds": 2.1553564071655273,
    "connectivity_wait_duration_seconds": 3.088944911956787,
    "source": "lom",
    "target": "yuki"
  }
}
