{
  "status": "success",
  "data": {
    "encoding": {
      "bitrate_kbps": {
        "min": 3305.8,
        "average": 3349.979310344828,
        "max": 3503.3,
        "percentiles": {
          "p25": 3322.2,
          "p50": 3337.1,
          "p75": 3357.8500000000004
        }
      },
      "fps": {
        "min": 30.0,
        "average": 32.06896551724138,
        "max": 45.0,
        "percentiles": {
          "p25": 31.0,
          "p50": 31.0,
          "p75": 32.0
        }
      },
      "dropped_frames": {
        "min": 14.0,
        "average": 14.0,
        "max": 14.0,
        "percentiles": {
          "p25": 14.0,
          "p50": 14.0,
          "p75": 14.0
        }
      }
    },
    "network": {
      "packets_dropped": {
        "min": 0.0,
        "average": 372116.67741935485,
        "max": 3407964.0,
        "percentiles": {
          "p25": 0.0,
          "p50": 0.0,
          "p75": 196595.0
        }
      },
      "packets_recovered": {
        "min": 0.0,
        "average": 3.3548387096774195,
        "max": 53.0,
        "percentiles": {
          "p25": 0.0,
          "p50": 0.0,
          "p75": 0.0
        }
      },
      "rtt_ms": {
        "min": 5.817983351210848,
        "average": 4430.215235177329,
        "max": 9928.719362395566,
        "percentiles": {
          "p25": 1831.61528822573,
          "p50": 3641.13354441955,
          "p75": 6836.849002652407
        }
      },
      "quality": {
        "min": 5.0,
        "average": 83.61290322580645,
        "max": 100.0,
        "percentiles": {
          "p25": 80.0,
          "p50": 100.0,
          "p75": 100.0
        }
      },
      "bitrate_bps": {
        "min": 0.0,
        "average": 1939139.3548387096,
        "max": 3548174.0,
        "percentiles": {
          "p25": 1060474.0,
          "p50": 2204174.0,
          "p75": 3057258.0
        }
      }
    }
  },
  "meta": {
    "duration_seconds": 31.670121908187866,
    "test_attempts": 1,
    "vpn_restart_attempts": 0,
    "vpn_restart_duration_seconds": 2.5618956089019775,
    "connectivity_wait_duration_seconds": 2.320221185684204,
    "source": "lom",
    "target": "yuki"
  }
}
