{
  "status": "success",
  "data": {
    "bitrate_kbps": {
      "min": 1909.1,
      "average": 1987.8172413793104,
      "max": 2011.5,
      "percentiles": {
        "p25": 1983.1999999999998,
        "p50": 1989.6,
        "p75": 1995.1999999999998
      }
    },
    "fps": {
      "min": 31.0,
      "average": 32.13793103448276,
      "max": 45.0,
      "percentiles": {
        "p25": 31.0,
        "p50": 31.0,
        "p75": 32.0
      }
    },
    "dropped_frames": {
      "min": 15.0,
      "average": 15.0,
      "max": 15.0,
      "percentiles": {
        "p25": 15.0,
        "p50": 15.0,
        "p75": 15.0
      }
    }
  },
  "meta": {
    "duration_seconds": 31.71336555480957,
    "test_attempts": 1,
    "vpn_restart_attempts": 0,
    "vpn_restart_duration_seconds": 3.1690635681152344,
    "connectivity_wait_duration_seconds": 2.3779544830322266,
    "source": "lom",
    "target": "yuki"
  }
}
