{
  "status": "success",
  "data": {
    "bitrate_kbps": {
      "min": 1764.7,
      "average": 1948.0206896551724,
      "max": 1975.0,
      "percentiles": {
        "p25": 1943.65,
        "p50": 1961.1,
        "p75": 1967.0
      }
    },
    "fps": {
      "min": 31.0,
      "average": 32.13793103448276,
      "max": 45.0,
      "percentiles": {
        "p25": 31.0,
        "p50": 31.0,
        "p75": 32.0
      }
    },
    "dropped_frames": {
      "min": 15.0,
      "average": 15.0,
      "max": 15.0,
      "percentiles": {
        "p25": 15.0,
        "p50": 15.0,
        "p75": 15.0
      }
    }
  },
  "meta": {
    "duration_seconds": 122.39894151687622,
    "test_attempts": 1,
    "vpn_restart_attempts": 0
  }
}
