{
  "status": "success",
  "data": {
    "rtt_min_ms": {
      "min": 1.269,
      "average": 1.3236666666666665,
      "max": 1.394,
      "percentiles": {
        "p25": 1.269,
        "p50": 1.308,
        "p75": 1.394
      }
    },
    "rtt_avg_ms": {
      "min": 1.78,
      "average": 1.7963333333333333,
      "max": 1.814,
      "percentiles": {
        "p25": 1.78,
        "p50": 1.795,
        "p75": 1.814
      }
    },
    "rtt_max_ms": {
      "min": 2.271,
      "average": 2.5283333333333333,
      "max": 2.831,
      "percentiles": {
        "p25": 2.271,
        "p50": 2.483,
        "p75": 2.831
      }
    },
    "rtt_mdev_ms": {
      "min": 0.159,
      "average": 0.186,
      "max": 0.205,
      "percentiles": {
        "p25": 0.159,
        "p50": 0.194,
        "p75": 0.205
      }
    },
    "packet_loss_percent": {
      "min": 0.0,
      "average": 0.0,
      "max": 0.0,
      "percentiles": {
        "p25": 0.0,
        "p50": 0.0,
        "p75": 0.0
      }
    }
  },
  "meta": {
    "duration_seconds": 60.45690870285034,
    "test_attempts": 1,
    "vpn_restart_attempts": 0
  }
}
