{
    "status": "success",
    "data": {
        "rtt_min_ms": {
            "min": 1.37,
            "average": 1.532,
            "max": 1.762,
            "percentiles": {
                "p25": 1.37,
                "p50": 1.464,
                "p75": 1.762
            }
        },
        "rtt_avg_ms": {
            "min": 2.071,
            "average": 2.088,
            "max": 2.111,
            "percentiles": {
                "p25": 2.071,
                "p50": 2.082,
                "p75": 2.111
            }
        },
        "rtt_max_ms": {
            "min": 2.365,
            "average": 3.030666666666667,
            "max": 4.25,
            "percentiles": {
                "p25": 2.365,
                "p50": 2.477,
                "p75": 4.25
            }
        },
        "rtt_mdev_ms": {
            "min": 0.138,
            "average": 0.18266666666666667,
            "max": 0.253,
            "percentiles": {
                "p25": 0.138,
                "p50": 0.157,
                "p75": 0.253
            }
        },
        "packet_loss_percent": {
            "min": 0.0,
            "average": 0.0,
            "max": 0.0,
            "percentiles": {
                "p25": 0.0,
                "p50": 0.0,
                "p75": 0.0
            }
        }
    },
    "meta": {
        "duration_seconds": 60.70116591453552,
        "test_attempts": 1,
        "vpn_restart_attempts": 0,
        "source": "lom",
        "target": "yuki"
    }
}