{
    "status": "success",
    "data": {
        "total_bandwidth_mbps": {
            "min": 736.42,
            "average": 760.9856666666667,
            "max": 764.7699999999999,
            "percentiles": {
                "p25": 760.7125,
                "p50": 761.5400000000001,
                "p75": 763.1
            }
        },
        "cpu_usage_percent": {
            "min": 59.57,
            "average": 65.28658333333333,
            "max": 88.71,
            "percentiles": {
                "p25": 63.04,
                "p50": 63.785,
                "p75": 64.58
            }
        },
        "ttfb_ms": {
            "min": 19.0,
            "average": 21.375,
            "max": 23.0,
            "percentiles": {
                "p25": 20.0,
                "p50": 21.5,
                "p75": 23.0
            }
        },
        "conn_time_ms": {
            "min": 16.0,
            "average": 19.875,
            "max": 22.0,
            "percentiles": {
                "p25": 18.25,
                "p50": 20.5,
                "p75": 21.75
            }
        }
    },
    "meta": {
        "duration_seconds": 31.45273184776306,
        "test_attempts": 1,
        "vpn_restart_attempts": 0,
        "vpn_restart_duration_seconds": 1.8679978847503662,
        "connectivity_wait_duration_seconds": 5.818421125411987,
        "source": "lom",
        "target": "yuki"
    }
}