{
  "status": "success",
  "data": {
    "total_bandwidth_mbps": {
      "min": 689.3499999999999,
      "average": 757.7783333333333,
      "max": 767.36,
      "percentiles": {
        "p25": 757.86,
        "p50": 759.83,
        "p75": 762.7950000000001
      }
    },
    "cpu_usage_percent": {
      "min": 60.87,
      "average": 65.593,
      "max": 88.52,
      "percentiles": {
        "p25": 62.77,
        "p50": 63.44,
        "p75": 64.8125
      }
    },
    "ttfb_ms": {
      "min": 25.0,
      "average": 27.625,
      "max": 31.0,
      "percentiles": {
        "p25": 25.25,
        "p50": 27.5,
        "p75": 29.75
      }
    },
    "conn_time_ms": {
      "min": 20.0,
      "average": 22.625,
      "max": 25.0,
      "percentiles": {
        "p25": 22.0,
        "p50": 22.5,
        "p75": 23.75
      }
    }
  },
  "meta": {
    "duration_seconds": 31.38048815727234,
    "test_attempts": 1,
    "vpn_restart_attempts": 0,
    "source": "lom",
    "target": "yuki"
  }
}
