{
  "status": "success",
  "data": {
    "total_bandwidth_mbps": {
      "min": 519.3199999999999,
      "average": 604.9399999999999,
      "max": 687.9,
      "percentiles": {
        "p25": 572.0749999999999,
        "p50": 603.75,
        "p75": 632.8
      }
    },
    "cpu_usage_percent": {
      "min": 58.9,
      "average": 66.61841666666666,
      "max": 75.53,
      "percentiles": {
        "p25": 64.63250000000001,
        "p50": 66.67,
        "p75": 68.9125
      }
    },
    "ttfb_ms": {
      "min": 18.0,
      "average": 25.25,
      "max": 36.0,
      "percentiles": {
        "p25": 18.0,
        "p50": 23.5,
        "p75": 34.25
      }
    },
    "conn_time_ms": {
      "min": 14.0,
      "average": 19.0,
      "max": 26.0,
      "percentiles": {
        "p25": 14.5,
        "p50": 18.0,
        "p75": 24.5
      }
    }
  },
  "meta": {
    "duration_seconds": 31.06264591217041,
    "test_attempts": 1,
    "vpn_restart_attempts": 0
  }
}
