{
  "status": "success",
  "data": {
    "bitrate_kbps": {
      "min": 1767.7,
      "average": 1947.5275862068966,
      "max": 1973.3,
      "percentiles": {
        "p25": 1944.4,
        "p50": 1961.6,
        "p75": 1967.2
      }
    },
    "fps": {
      "min": 31.0,
      "average": 32.13793103448276,
      "max": 45.0,
      "percentiles": {
        "p25": 31.0,
        "p50": 31.0,
        "p75": 32.0
      }
    },
    "dropped_frames": {
      "min": 14.0,
      "average": 14.0,
      "max": 14.0,
      "percentiles": {
        "p25": 14.0,
        "p50": 14.0,
        "p75": 14.0
      }
    }
  },
  "meta": {
    "duration_seconds": 31.926251649856567,
    "test_attempts": 1,
    "vpn_restart_attempts": 0
  }
}
