{
    "status": "success",
    "data": {
        "rtt_min_ms": {
            "min": 0.986,
            "average": 1.1766666666666667,
            "max": 1.54,
            "percentiles": {
                "p25": 0.986,
                "p50": 1.004,
                "p75": 1.54
            }
        },
        "rtt_avg_ms": {
            "min": 4.759,
            "average": 4.991333333333333,
            "max": 5.247,
            "percentiles": {
                "p25": 4.759,
                "p50": 4.968,
                "p75": 5.247
            }
        },
        "rtt_max_ms": {
            "min": 8.516,
            "average": 8.645333333333333,
            "max": 8.786,
            "percentiles": {
                "p25": 8.516,
                "p50": 8.634,
                "p75": 8.786
            }
        },
        "rtt_mdev_ms": {
            "min": 1.608,
            "average": 1.6696666666666666,
            "max": 1.789,
            "percentiles": {
                "p25": 1.608,
                "p50": 1.612,
                "p75": 1.789
            }
        },
        "packet_loss_percent": {
            "min": 0.0,
            "average": 1.0,
            "max": 2.0,
            "percentiles": {
                "p25": 0.0,
                "p50": 1.0,
                "p75": 2.0
            }
        }
    },
    "meta": {
        "duration_seconds": 61.20028471946716,
        "test_attempts": 1,
        "vpn_restart_attempts": 0,
        "vpn_restart_duration_seconds": 0.0,
        "connectivity_wait_duration_seconds": 0.0,
        "source": "yuki",
        "target": "luna"
    }
}