{
  "status": "success",
  "data": {
    "rtt_min_ms": {
      "min": 1.338,
      "average": 1.508,
      "max": 1.737,
      "percentiles": {
        "p25": 1.338,
        "p50": 1.449,
        "p75": 1.737
      }
    },
    "rtt_avg_ms": {
      "min": 4.815,
      "average": 4.9383333333333335,
      "max": 5.016,
      "percentiles": {
        "p25": 4.815,
        "p50": 4.984,
        "p75": 5.016
      }
    },
    "rtt_max_ms": {
      "min": 8.288,
      "average": 8.655666666666667,
      "max": 8.935,
      "percentiles": {
        "p25": 8.288,
        "p50": 8.744,
        "p75": 8.935
      }
    },
    "rtt_mdev_ms": {
      "min": 1.42,
      "average": 1.5433333333333332,
      "max": 1.686,
      "percentiles": {
        "p25": 1.42,
        "p50": 1.524,
        "p75": 1.686
      }
    },
    "packet_loss_percent": {
      "min": 0.0,
      "average": 0.0,
      "max": 0.0,
      "percentiles": {
        "p25": 0.0,
        "p50": 0.0,
        "p75": 0.0
      }
    }
  },
  "meta": {
    "duration_seconds": 60.821311473846436,
    "test_attempts": 1,
    "vpn_restart_attempts": 0,
    "vpn_restart_duration_seconds": 0.0,
    "connectivity_wait_duration_seconds": 0.0
  }
}
