{
  "status": "success",
  "data": {
    "encoding": {
      "bitrate_kbps": {
        "min": 3305.8,
        "average": 3349.551724137931,
        "max": 3499.8,
        "percentiles": {
          "p25": 3322.3999999999996,
          "p50": 3336.6,
          "p75": 3356.1499999999996
        }
      },
      "fps": {
        "min": 31.0,
        "average": 32.13793103448276,
        "max": 45.0,
        "percentiles": {
          "p25": 31.0,
          "p50": 31.0,
          "p75": 32.0
        }
      },
      "dropped_frames": {
        "min": 15.0,
        "average": 15.0,
        "max": 15.0,
        "percentiles": {
          "p25": 15.0,
          "p50": 15.0,
          "p75": 15.0
        }
      }
    },
    "network": {
      "packets_dropped": {
        "min": 0.0,
        "average": 1790.0645161290322,
        "max": 55492.0,
        "percentiles": {
          "p25": 0.0,
          "p50": 0.0,
          "p75": 0.0
        }
      },
      "packets_recovered": {
        "min": 0.0,
        "average": 1.2580645161290323,
        "max": 4.0,
        "percentiles": {
          "p25": 0.0,
          "p50": 1.0,
          "p75": 2.0
        }
      },
      "rtt_ms": {
        "min": 5.0,
        "average": 7.318286180342953,
        "max": 8.587664294044634,
        "percentiles": {
          "p25": 6.799153084296107,
          "p50": 7.416963913808884,
          "p75": 7.9287204651397785
        }
      },
      "quality": {
        "min": 98.0,
        "average": 99.29032258064517,
        "max": 100.0,
        "percentiles": {
          "p25": 99.0,
          "p50": 99.0,
          "p75": 100.0
        }
      },
      "bitrate_bps": {
        "min": 0.0,
        "average": 3156562.0322580645,
        "max": 5087689.0,
        "percentiles": {
          "p25": 2871136.0,
          "p50": 3480292.0,
          "p75": 3609627.0
        }
      }
    }
  },
  "meta": {
    "duration_seconds": 31.903255701065063,
    "test_attempts": 1,
    "vpn_restart_attempts": 0,
    "vpn_restart_duration_seconds": 0.0,
    "connectivity_wait_duration_seconds": 0.0,
    "source": "yuki",
    "target": "luna"
  }
}
