{
  "status": "success",
  "data": {
    "rtt_min_ms": {
      "min": 1.217,
      "average": 1.3363333333333334,
      "max": 1.47,
      "percentiles": {
        "p25": 1.217,
        "p50": 1.322,
        "p75": 1.47
      }
    },
    "rtt_avg_ms": {
      "min": 1.793,
      "average": 1.8063333333333333,
      "max": 1.827,
      "percentiles": {
        "p25": 1.793,
        "p50": 1.799,
        "p75": 1.827
      }
    },
    "rtt_max_ms": {
      "min": 1.959,
      "average": 1.9823333333333333,
      "max": 1.998,
      "percentiles": {
        "p25": 1.959,
        "p50": 1.99,
        "p75": 1.998
      }
    },
    "rtt_mdev_ms": {
      "min": 0.095,
      "average": 0.107,
      "max": 0.131,
      "percentiles": {
        "p25": 0.095,
        "p50": 0.095,
        "p75": 0.131
      }
    },
    "packet_loss_percent": {
      "min": 0.0,
      "average": 0.0,
      "max": 0.0,
      "percentiles": {
        "p25": 0.0,
        "p50": 0.0,
        "p75": 0.0
      }
    }
  },
  "meta": {
    "duration_seconds": 60.72118592262268,
    "test_attempts": 1,
    "vpn_restart_attempts": 0,
    "vpn_restart_duration_seconds": 6.068830490112305,
    "connectivity_wait_duration_seconds": 3.8150713443756104,
    "source": "yuki",
    "target": "luna"
  }
}
