{
  "status": "success",
  "data": {
    "rtt_min_ms": {
      "min": 0.486,
      "average": 0.6173333333333333,
      "max": 0.74,
      "percentiles": {
        "p25": 0.486,
        "p50": 0.626,
        "p75": 0.74
      }
    },
    "rtt_avg_ms": {
      "min": 9.167,
      "average": 9.742333333333333,
      "max": 10.5,
      "percentiles": {
        "p25": 9.167,
        "p50": 9.56,
        "p75": 10.5
      }
    },
    "rtt_max_ms": {
      "min": 21.589,
      "average": 22.243666666666666,
      "max": 22.78,
      "percentiles": {
        "p25": 21.589,
        "p50": 22.362,
        "p75": 22.78
      }
    },
    "rtt_mdev_ms": {
      "min": 5.116,
      "average": 5.194333333333333,
      "max": 5.332,
      "percentiles": {
        "p25": 5.116,
        "p50": 5.135,
        "p75": 5.332
      }
    },
    "packet_loss_percent": {
      "min": 1.0,
      "average": 1.6666666666666667,
      "max": 2.0,
      "percentiles": {
        "p25": 1.0,
        "p50": 2.0,
        "p75": 2.0
      }
    }
  },
  "meta": {
    "duration_seconds": 61.514408588409424,
    "test_attempts": 1,
    "vpn_restart_attempts": 0,
    "vpn_restart_duration_seconds": 0.0,
    "connectivity_wait_duration_seconds": 0.0,
    "source": "yuki",
    "target": "luna"
  }
}
