{
    "status": "success",
    "data": {
        "total_bandwidth_mbps": {
            "min": 122.47999999999999,
            "average": 128.58033333333333,
            "max": 135.13,
            "percentiles": {
                "p25": 125.58,
                "p50": 128.84499999999997,
                "p75": 131.6825
            }
        },
        "cpu_usage_percent": {
            "min": 1.33,
            "average": 4.6924166666666665,
            "max": 10.0,
            "percentiles": {
                "p25": 4.04,
                "p50": 5.0,
                "p75": 5.985
            }
        },
        "ttfb_ms": {
            "min": 21.0,
            "average": 33.75,
            "max": 47.0,
            "percentiles": {
                "p25": 23.0,
                "p50": 34.5,
                "p75": 41.75
            }
        },
        "conn_time_ms": {
            "min": 11.0,
            "average": 24.5,
            "max": 36.0,
            "percentiles": {
                "p25": 14.5,
                "p50": 27.0,
                "p75": 29.75
            }
        }
    },
    "meta": {
        "duration_seconds": 31.876033782958984,
        "test_attempts": 1,
        "vpn_restart_attempts": 0,
        "vpn_restart_duration_seconds": 0.0,
        "connectivity_wait_duration_seconds": 0.0,
        "source": "yuki",
        "target": "luna"
    }
}