{
    "status": "success",
    "data": {
        "rtt_min_ms": {
            "min": 1.072,
            "average": 1.0915,
            "max": 1.111,
            "percentiles": {
                "p25": 1.0622500000000001,
                "p50": 1.0915,
                "p75": 1.12075
            }
        },
        "rtt_avg_ms": {
            "min": 9.244,
            "average": 9.399000000000001,
            "max": 9.554,
            "percentiles": {
                "p25": 9.1665,
                "p50": 9.399000000000001,
                "p75": 9.6315
            }
        },
        "rtt_max_ms": {
            "min": 19.058,
            "average": 19.993499999999997,
            "max": 20.929,
            "percentiles": {
                "p25": 18.590249999999997,
                "p50": 19.993499999999997,
                "p75": 21.396749999999997
            }
        },
        "rtt_mdev_ms": {
            "min": 4.937,
            "average": 5.0385,
            "max": 5.14,
            "percentiles": {
                "p25": 4.88625,
                "p50": 5.0385,
                "p75": 5.1907499999999995
            }
        },
        "packet_loss_percent": {
            "min": 1.0,
            "average": 34.666666666666664,
            "max": 100.0,
            "percentiles": {
                "p25": 1.0,
                "p50": 3.0,
                "p75": 100.0
            }
        }
    },
    "meta": {
        "duration_seconds": 63.894038438797,
        "test_attempts": 1,
        "vpn_restart_attempts": 0,
        "vpn_restart_duration_seconds": 5.997843265533447,
        "connectivity_wait_duration_seconds": 4.08335542678833,
        "source": "lom",
        "target": "yuki"
    }
}