{
  "status": "success",
  "data": {
    "rtt_min_ms": {
      "min": 1.073,
      "average": 1.1363333333333332,
      "max": 1.2,
      "percentiles": {
        "p25": 1.073,
        "p50": 1.136,
        "p75": 1.2
      }
    },
    "rtt_avg_ms": {
      "min": 9.174,
      "average": 9.888,
      "max": 10.302,
      "percentiles": {
        "p25": 9.174,
        "p50": 10.188,
        "p75": 10.302
      }
    },
    "rtt_max_ms": {
      "min": 19.185,
      "average": 21.044333333333334,
      "max": 22.22,
      "percentiles": {
        "p25": 19.185,
        "p50": 21.728,
        "p75": 22.22
      }
    },
    "rtt_mdev_ms": {
      "min": 4.818,
      "average": 4.952,
      "max": 5.194,
      "percentiles": {
        "p25": 4.818,
        "p50": 4.844,
        "p75": 5.194
      }
    },
    "packet_loss_percent": {
      "min": 0.0,
      "average": 0.6666666666666666,
      "max": 1.0,
      "percentiles": {
        "p25": 0.0,
        "p50": 1.0,
        "p75": 1.0
      }
    }
  },
  "meta": {
    "duration_seconds": 61.725473165512085,
    "test_attempts": 1,
    "vpn_restart_attempts": 0,
    "vpn_restart_duration_seconds": 7.1271750926971436,
    "connectivity_wait_duration_seconds": 4.037349224090576,
    "source": "lom",
    "target": "yuki"
  }
}
