{
    "status": "success",
    "data": {
        "rtt_min_ms": {
            "min": 1.1,
            "average": 1.124,
            "max": 1.137,
            "percentiles": {
                "p25": 1.1,
                "p50": 1.135,
                "p75": 1.137
            }
        },
        "rtt_avg_ms": {
            "min": 9.527,
            "average": 10.006666666666666,
            "max": 10.253,
            "percentiles": {
                "p25": 9.527,
                "p50": 10.24,
                "p75": 10.253
            }
        },
        "rtt_max_ms": {
            "min": 21.335,
            "average": 21.775333333333332,
            "max": 22.36,
            "percentiles": {
                "p25": 21.335,
                "p50": 21.631,
                "p75": 22.36
            }
        },
        "rtt_mdev_ms": {
            "min": 4.773,
            "average": 5.164,
            "max": 5.5,
            "percentiles": {
                "p25": 4.773,
                "p50": 5.219,
                "p75": 5.5
            }
        },
        "packet_loss_percent": {
            "min": 1.0,
            "average": 2.0,
            "max": 3.0,
            "percentiles": {
                "p25": 1.0,
                "p50": 2.0,
                "p75": 3.0
            }
        }
    },
    "meta": {
        "duration_seconds": 61.72913217544556,
        "test_attempts": 1,
        "vpn_restart_attempts": 0,
        "vpn_restart_duration_seconds": 7.036771774291992,
        "connectivity_wait_duration_seconds": 4.010504245758057,
        "source": "lom",
        "target": "yuki"
    }
}