{
  "status": "success",
  "data": {
    "total_bandwidth_mbps": {
      "min": 18.244,
      "average": 19.279633333333333,
      "max": 20.378,
      "percentiles": {
        "p25": 18.897499999999997,
        "p50": 19.177,
        "p75": 19.85875
      }
    },
    "cpu_usage_percent": {
      "min": 5.75,
      "average": 8.914,
      "max": 11.46,
      "percentiles": {
        "p25": 7.87,
        "p50": 8.84,
        "p75": 9.945
      }
    },
    "ttfb_ms": {
      "min": 32.0,
      "average": 56.5,
      "max": 86.0,
      "percentiles": {
        "p25": 33.25,
        "p50": 54.0,
        "p75": 82.25
      }
    },
    "conn_time_ms": {
      "min": 21.0,
      "average": 49.75,
      "max": 84.0,
      "percentiles": {
        "p25": 22.75,
        "p50": 47.0,
        "p75": 79.5
      }
    }
  },
  "meta": {
    "duration_seconds": 31.41833233833313,
    "test_attempts": 1,
    "vpn_restart_attempts": 0
  }
}
