{
    "status": "success",
    "data": {
        "total_bandwidth_mbps": {
            "min": 37.474999999999994,
            "average": 39.23863333333333,
            "max": 40.564,
            "percentiles": {
                "p25": 38.69175,
                "p50": 38.99550000000001,
                "p75": 40.091750000000005
            }
        },
        "cpu_usage_percent": {
            "min": 0.0,
            "average": 3.3110833333333334,
            "max": 12.37,
            "percentiles": {
                "p25": 2.04,
                "p50": 3.03,
                "p75": 4.0
            }
        },
        "ttfb_ms": {
            "min": 19.0,
            "average": 31.125,
            "max": 53.0,
            "percentiles": {
                "p25": 26.5,
                "p50": 28.5,
                "p75": 34.5
            }
        },
        "conn_time_ms": {
            "min": 18.0,
            "average": 27.75,
            "max": 53.0,
            "percentiles": {
                "p25": 22.5,
                "p50": 25.0,
                "p75": 27.75
            }
        }
    },
    "meta": {
        "duration_seconds": 31.67842125892639,
        "test_attempts": 1,
        "vpn_restart_attempts": 0,
        "vpn_restart_duration_seconds": 5.941069602966309,
        "connectivity_wait_duration_seconds": 4.087598562240601,
        "source": "lom",
        "target": "yuki"
    }
}