{
  "status": "success",
  "data": {
    "encoding": {
      "bitrate_kbps": {
        "min": 3308.8,
        "average": 3349.5275862068966,
        "max": 3498.9,
        "percentiles": {
          "p25": 3322.05,
          "p50": 3335.8,
          "p75": 3358.5
        }
      },
      "fps": {
        "min": 31.0,
        "average": 32.13793103448276,
        "max": 45.0,
        "percentiles": {
          "p25": 31.0,
          "p50": 31.0,
          "p75": 32.0
        }
      },
      "dropped_frames": {
        "min": 15.0,
        "average": 15.0,
        "max": 15.0,
        "percentiles": {
          "p25": 15.0,
          "p50": 15.0,
          "p75": 15.0
        }
      }
    },
    "network": {
      "packets_dropped": {
        "min": 0.0,
        "average": 0.03225806451612903,
        "max": 1.0,
        "percentiles": {
          "p25": 0.0,
          "p50": 0.0,
          "p75": 0.0
        }
      },
      "packets_recovered": {
        "min": 0.0,
        "average": 36.29032258064516,
        "max": 120.0,
        "percentiles": {
          "p25": 25.0,
          "p50": 33.0,
          "p75": 45.0
        }
      },
      "rtt_ms": {
        "min": 6.003193359809284,
        "average": 12.53298344749759,
        "max": 15.71767824409361,
        "percentiles": {
          "p25": 11.762065604927814,
          "p50": 12.877138433194014,
          "p75": 13.769046071832449
        }
      },
      "quality": {
        "min": 80.0,
        "average": 90.25806451612904,
        "max": 100.0,
        "percentiles": {
          "p25": 88.0,
          "p50": 90.0,
          "p75": 92.0
        }
      },
      "bitrate_bps": {
        "min": 0.0,
        "average": 3156687.870967742,
        "max": 5204333.0,
        "percentiles": {
          "p25": 2855275.0,
          "p50": 3560181.0,
          "p75": 3619498.0
        }
      }
    }
  },
  "meta": {
    "duration_seconds": 31.53891897201538,
    "test_attempts": 1,
    "vpn_restart_attempts": 0,
    "vpn_restart_duration_seconds": 6.629724740982056,
    "connectivity_wait_duration_seconds": 2.661313533782959,
    "source": "lom",
    "target": "yuki"
  }
}
