{
    "status": "success",
    "data": {
        "total_bandwidth_mbps": {
            "min": 1.3719999999999999,
            "average": 2.2608902333333334,
            "max": 4.830299999999999,
            "percentiles": {
                "p25": 1.8722492499999999,
                "p50": 2.0828249999999997,
                "p75": 2.3769799999999996
            }
        },
        "cpu_usage_percent": {
            "min": 0.0,
            "average": 2.828849557522124,
            "max": 8.04,
            "percentiles": {
                "p25": 2.04,
                "p50": 3.03,
                "p75": 3.09
            }
        },
        "ttfb_ms": {
            "min": 26.0,
            "average": 289.125,
            "max": 792.0,
            "percentiles": {
                "p25": 138.25,
                "p50": 162.5,
                "p75": 485.75
            }
        },
        "conn_time_ms": {
            "min": 15.0,
            "average": 220.25,
            "max": 739.0,
            "percentiles": {
                "p25": 44.25,
                "p50": 59.0,
                "p75": 448.75
            }
        }
    },
    "meta": {
        "duration_seconds": 35.2354519367218,
        "test_attempts": 1,
        "vpn_restart_attempts": 0,
        "vpn_restart_duration_seconds": 1.7611651420593262,
        "connectivity_wait_duration_seconds": 4.914477109909058,
        "source": "lom",
        "target": "yuki"
    }
}