{
  "status": "success",
  "data": {
    "encoding": {
      "bitrate_kbps": {
        "min": 3306.8,
        "average": 3351.3137931034485,
        "max": 3495.3,
        "percentiles": {
          "p25": 3325.25,
          "p50": 3338.4,
          "p75": 3358.15
        }
      },
      "fps": {
        "min": 31.0,
        "average": 32.13793103448276,
        "max": 45.0,
        "percentiles": {
          "p25": 31.0,
          "p50": 31.0,
          "p75": 32.0
        }
      },
      "dropped_frames": {
        "min": 15.0,
        "average": 15.0,
        "max": 15.0,
        "percentiles": {
          "p25": 15.0,
          "p50": 15.0,
          "p75": 15.0
        }
      }
    },
    "network": {
      "packets_dropped": {
        "min": 0.0,
        "average": 4353.096774193548,
        "max": 65613.0,
        "percentiles": {
          "p25": 90.0,
          "p50": 151.0,
          "p75": 173.0
        }
      },
      "packets_recovered": {
        "min": 0.0,
        "average": 89.54838709677419,
        "max": 133.0,
        "percentiles": {
          "p25": 71.0,
          "p50": 89.0,
          "p75": 113.0
        }
      },
      "rtt_ms": {
        "min": 7.486332461925785,
        "average": 75.94283487754012,
        "max": 112.62123539016714,
        "percentiles": {
          "p25": 69.38604432234287,
          "p50": 81.52905342462468,
          "p75": 88.58576276604687
        }
      },
      "quality": {
        "min": 28.0,
        "average": 42.83870967741935,
        "max": 100.0,
        "percentiles": {
          "p25": 37.0,
          "p50": 40.0,
          "p75": 48.0
        }
      },
      "bitrate_bps": {
        "min": 0.0,
        "average": 1665110.0322580645,
        "max": 2467186.0,
        "percentiles": {
          "p25": 1574361.0,
          "p50": 1739883.0,
          "p75": 1946704.0
        }
      }
    }
  },
  "meta": {
    "duration_seconds": 32.06339740753174,
    "test_attempts": 1,
    "vpn_restart_attempts": 0,
    "vpn_restart_duration_seconds": 4.177562236785889,
    "connectivity_wait_duration_seconds": 5.651638984680176,
    "source": "lom",
    "target": "yuki"
  }
}
