{
    "status": "success",
    "data": {
        "rtt_min_ms": {
            "min": 1.717,
            "average": 2.0216666666666665,
            "max": 2.177,
            "percentiles": {
                "p25": 1.717,
                "p50": 2.171,
                "p75": 2.177
            }
        },
        "rtt_avg_ms": {
            "min": 11.942,
            "average": 12.376333333333333,
            "max": 13.125,
            "percentiles": {
                "p25": 11.942,
                "p50": 12.062,
                "p75": 13.125
            }
        },
        "rtt_max_ms": {
            "min": 52.539,
            "average": 68.892,
            "max": 80.727,
            "percentiles": {
                "p25": 52.539,
                "p50": 73.41,
                "p75": 80.727
            }
        },
        "rtt_mdev_ms": {
            "min": 6.364,
            "average": 9.299333333333333,
            "max": 12.165,
            "percentiles": {
                "p25": 6.364,
                "p50": 9.369,
                "p75": 12.165
            }
        },
        "packet_loss_percent": {
            "min": 0.0,
            "average": 0.0,
            "max": 0.0,
            "percentiles": {
                "p25": 0.0,
                "p50": 0.0,
                "p75": 0.0
            }
        }
    },
    "meta": {
        "duration_seconds": 60.91613459587097,
        "test_attempts": 1,
        "vpn_restart_attempts": 0,
        "vpn_restart_duration_seconds": 1.815962553024292,
        "connectivity_wait_duration_seconds": 6.305147886276245,
        "source": "yuki",
        "target": "luna"
    }
}