{
    "status": "success",
    "data": {
        "encoding": {
            "bitrate_kbps": {
                "min": 3302.8,
                "average": 3348.096551724138,
                "max": 3504.5,
                "percentiles": {
                    "p25": 3320.0,
                    "p50": 3333.9,
                    "p75": 3360.65
                }
            },
            "fps": {
                "min": 31.0,
                "average": 32.06896551724138,
                "max": 45.0,
                "percentiles": {
                    "p25": 31.0,
                    "p50": 31.0,
                    "p75": 32.0
                }
            },
            "dropped_frames": {
                "min": 15.0,
                "average": 15.0,
                "max": 15.0,
                "percentiles": {
                    "p25": 15.0,
                    "p50": 15.0,
                    "p75": 15.0
                }
            }
        },
        "network": {
            "packets_dropped": {
                "min": 0.0,
                "average": 16.4,
                "max": 59.0,
                "percentiles": {
                    "p25": 0.0,
                    "p50": 12.0,
                    "p75": 33.25
                }
            },
            "packets_recovered": {
                "min": 0.0,
                "average": 134.26666666666668,
                "max": 209.0,
                "percentiles": {
                    "p25": 103.75,
                    "p50": 139.5,
                    "p75": 172.25
                }
            },
            "rtt_ms": {
                "min": 5.556054708918602,
                "average": 39.70989277391421,
                "max": 53.687809562914,
                "percentiles": {
                    "p25": 34.55656980309744,
                    "p50": 41.86639587393803,
                    "p75": 46.70124047955432
                }
            },
            "quality": {
                "min": 52.0,
                "average": 69.03333333333333,
                "max": 100.0,
                "percentiles": {
                    "p25": 60.0,
                    "p50": 67.0,
                    "p75": 74.25
                }
            },
            "bitrate_bps": {
                "min": 0.0,
                "average": 2980856.7,
                "max": 3884054.0,
                "percentiles": {
                    "p25": 2957661.5,
                    "p50": 3120141.0,
                    "p75": 3350337.5
                }
            }
        }
    },
    "meta": {
        "duration_seconds": 33.01102900505066,
        "test_attempts": 1,
        "vpn_restart_attempts": 0,
        "vpn_restart_duration_seconds": 1.8478963375091553,
        "connectivity_wait_duration_seconds": 7.140377759933472,
        "source": "yuki",
        "target": "luna"
    }
}