{
    "status": "success",
    "data": {
        "rtt_min_ms": {
            "min": 1.035,
            "average": 1.0506666666666666,
            "max": 1.079,
            "percentiles": {
                "p25": 1.035,
                "p50": 1.038,
                "p75": 1.079
            }
        },
        "rtt_avg_ms": {
            "min": 10.028,
            "average": 10.468,
            "max": 10.942,
            "percentiles": {
                "p25": 10.028,
                "p50": 10.434,
                "p75": 10.942
            }
        },
        "rtt_max_ms": {
            "min": 20.768,
            "average": 22.029666666666667,
            "max": 23.155,
            "percentiles": {
                "p25": 20.768,
                "p50": 22.166,
                "p75": 23.155
            }
        },
        "rtt_mdev_ms": {
            "min": 4.928,
            "average": 5.117333333333334,
            "max": 5.4,
            "percentiles": {
                "p25": 4.928,
                "p50": 5.024,
                "p75": 5.4
            }
        },
        "packet_loss_percent": {
            "min": 1.0,
            "average": 1.3333333333333333,
            "max": 2.0,
            "percentiles": {
                "p25": 1.0,
                "p50": 1.0,
                "p75": 2.0
            }
        }
    },
    "meta": {
        "duration_seconds": 61.50039863586426,
        "test_attempts": 1,
        "vpn_restart_attempts": 0,
        "vpn_restart_duration_seconds": 35.51595377922058,
        "connectivity_wait_duration_seconds": 3.729142189025879,
        "source": "luna",
        "target": "lom"
    }
}