{
    "status": "success",
    "data": {
        "rtt_min_ms": {
            "min": 0.771,
            "average": 0.8356666666666667,
            "max": 0.929,
            "percentiles": {
                "p25": 0.771,
                "p50": 0.807,
                "p75": 0.929
            }
        },
        "rtt_avg_ms": {
            "min": 1.188,
            "average": 1.2273333333333334,
            "max": 1.298,
            "percentiles": {
                "p25": 1.188,
                "p50": 1.196,
                "p75": 1.298
            }
        },
        "rtt_max_ms": {
            "min": 1.271,
            "average": 3.734,
            "max": 8.647,
            "percentiles": {
                "p25": 1.271,
                "p50": 1.284,
                "p75": 8.647
            }
        },
        "rtt_mdev_ms": {
            "min": 0.049,
            "average": 0.38433333333333336,
            "max": 1.036,
            "percentiles": {
                "p25": 0.049,
                "p50": 0.068,
                "p75": 1.036
            }
        },
        "packet_loss_percent": {
            "min": 0.0,
            "average": 0.0,
            "max": 0.0,
            "percentiles": {
                "p25": 0.0,
                "p50": 0.0,
                "p75": 0.0
            }
        }
    },
    "meta": {
        "duration_seconds": 60.674185276031494,
        "test_attempts": 1,
        "vpn_restart_attempts": 0,
        "vpn_restart_duration_seconds": 6.967362880706787,
        "connectivity_wait_duration_seconds": 3.836174964904785,
        "source": "lom",
        "target": "yuki"
    }
}