{
    "status": "success",
    "data": {
        "rtt_min_ms": {
            "min": 1.022,
            "average": 1.0316666666666667,
            "max": 1.046,
            "percentiles": {
                "p25": 1.022,
                "p50": 1.027,
                "p75": 1.046
            }
        },
        "rtt_avg_ms": {
            "min": 1.186,
            "average": 1.2116666666666667,
            "max": 1.262,
            "percentiles": {
                "p25": 1.186,
                "p50": 1.187,
                "p75": 1.262
            }
        },
        "rtt_max_ms": {
            "min": 1.255,
            "average": 3.7953333333333332,
            "max": 8.862,
            "percentiles": {
                "p25": 1.255,
                "p50": 1.269,
                "p75": 8.862
            }
        },
        "rtt_mdev_ms": {
            "min": 0.046,
            "average": 0.28600000000000003,
            "max": 0.765,
            "percentiles": {
                "p25": 0.046,
                "p50": 0.047,
                "p75": 0.765
            }
        },
        "packet_loss_percent": {
            "min": 0.0,
            "average": 0.0,
            "max": 0.0,
            "percentiles": {
                "p25": 0.0,
                "p50": 0.0,
                "p75": 0.0
            }
        }
    },
    "meta": {
        "duration_seconds": 60.69157361984253,
        "test_attempts": 1,
        "vpn_restart_attempts": 0,
        "vpn_restart_duration_seconds": 5.740232467651367,
        "connectivity_wait_duration_seconds": 3.840517044067383,
        "source": "lom",
        "target": "yuki"
    }
}