{
  "status": "success",
  "data": {
    "rtt_min_ms": {
      "min": 0.798,
      "average": 0.9106666666666666,
      "max": 0.995,
      "percentiles": {
        "p25": 0.798,
        "p50": 0.939,
        "p75": 0.995
      }
    },
    "rtt_avg_ms": {
      "min": 1.117,
      "average": 1.18,
      "max": 1.294,
      "percentiles": {
        "p25": 1.117,
        "p50": 1.129,
        "p75": 1.294
      }
    },
    "rtt_max_ms": {
      "min": 1.193,
      "average": 3.6706666666666665,
      "max": 8.561,
      "percentiles": {
        "p25": 1.193,
        "p50": 1.258,
        "p75": 8.561
      }
    },
    "rtt_mdev_ms": {
      "min": 0.059,
      "average": 0.3863333333333333,
      "max": 1.037,
      "percentiles": {
        "p25": 0.059,
        "p50": 0.063,
        "p75": 1.037
      }
    },
    "packet_loss_percent": {
      "min": 0.0,
      "average": 0.0,
      "max": 0.0,
      "percentiles": {
        "p25": 0.0,
        "p50": 0.0,
        "p75": 0.0
      }
    }
  },
  "meta": {
    "duration_seconds": 60.69903111457825,
    "test_attempts": 1,
    "vpn_restart_attempts": 0,
    "source": "lom",
    "target": "yuki"
  }
}
