{
  "status": "success",
  "data": {
    "total_bandwidth_mbps": {
      "min": 829.64,
      "average": 832.434,
      "max": 832.9200000000001,
      "percentiles": {
        "p25": 832.365,
        "p50": 832.535,
        "p75": 832.655
      }
    },
    "cpu_usage_percent": {
      "min": 0.0,
      "average": 26.641875,
      "max": 73.47,
      "percentiles": {
        "p25": 19.64,
        "p50": 24.354999999999997,
        "p75": 32.98
      }
    },
    "ttfb_ms": {
      "min": 18.0,
      "average": 20.666666666666668,
      "max": 24.0,
      "percentiles": {
        "p25": 18.75,
        "p50": 21.0,
        "p75": 21.75
      }
    },
    "conn_time_ms": {
      "min": 17.0,
      "average": 20.0,
      "max": 23.0,
      "percentiles": {
        "p25": 17.75,
        "p50": 20.5,
        "p75": 21.5
      }
    }
  },
  "meta": {
    "duration_seconds": 31.26923632621765,
    "test_attempts": 1,
    "vpn_restart_attempts": 0,
    "source": "lom",
    "target": "yuki"
  }
}
