{
  "status": "success",
  "data": {
    "total_bandwidth_mbps": {
      "min": 828.7400000000001,
      "average": 832.2486666666666,
      "max": 833.04,
      "percentiles": {
        "p25": 832.0600000000001,
        "p50": 832.5,
        "p75": 832.65
      }
    },
    "cpu_usage_percent": {
      "min": 5.41,
      "average": 25.418458333333334,
      "max": 78.12,
      "percentiles": {
        "p25": 18.95,
        "p50": 22.45,
        "p75": 27.66
      }
    },
    "ttfb_ms": {
      "min": 19.0,
      "average": 20.875,
      "max": 23.0,
      "percentiles": {
        "p25": 20.0,
        "p50": 20.0,
        "p75": 22.75
      }
    },
    "conn_time_ms": {
      "min": 18.0,
      "average": 20.125,
      "max": 23.0,
      "percentiles": {
        "p25": 18.25,
        "p50": 19.5,
        "p75": 22.5
      }
    }
  },
  "meta": {
    "duration_seconds": 31.2875394821167,
    "test_attempts": 1,
    "vpn_restart_attempts": 0,
    "vpn_restart_duration_seconds": 5.771064043045044,
    "connectivity_wait_duration_seconds": 1.875244379043579,
    "source": "lom",
    "target": "yuki"
  }
}
