{
  "status": "success",
  "data": {
    "total_bandwidth_mbps": {
      "min": 761.1999999999999,
      "average": 872.0666666666667,
      "max": 1011.8000000000001,
      "percentiles": {
        "p25": 830.325,
        "p50": 874.8500000000001,
        "p75": 896.95
      }
    },
    "cpu_usage_percent": {
      "min": 28.26,
      "average": 43.8775,
      "max": 65.96,
      "percentiles": {
        "p25": 33.855000000000004,
        "p50": 39.89,
        "p75": 53.2425
      }
    },
    "ttfb_ms": {
      "min": 18.0,
      "average": 20.25,
      "max": 25.0,
      "percentiles": {
        "p25": 18.25,
        "p50": 19.0,
        "p75": 23.5
      }
    },
    "conn_time_ms": {
      "min": 13.0,
      "average": 16.5,
      "max": 20.0,
      "percentiles": {
        "p25": 13.75,
        "p50": 16.5,
        "p75": 19.25
      }
    }
  },
  "meta": {
    "duration_seconds": 30.96301794052124,
    "test_attempts": 1,
    "vpn_restart_attempts": 0
  }
}
