{
    "status": "success",
    "data": {
        "encoding": {
            "bitrate_kbps": {
                "min": 3303.8,
                "average": 3347.851724137931,
                "max": 3492.3,
                "percentiles": {
                    "p25": 3321.2,
                    "p50": 3334.7,
                    "p75": 3356.1000000000004
                }
            },
            "fps": {
                "min": 31.0,
                "average": 32.13793103448276,
                "max": 45.0,
                "percentiles": {
                    "p25": 31.0,
                    "p50": 31.0,
                    "p75": 32.0
                }
            },
            "dropped_frames": {
                "min": 15.0,
                "average": 15.0,
                "max": 15.0,
                "percentiles": {
                    "p25": 15.0,
                    "p50": 15.0,
                    "p75": 15.0
                }
            }
        },
        "network": {
            "packets_dropped": {
                "min": 0.0,
                "average": 0.0,
                "max": 0.0,
                "percentiles": {
                    "p25": 0.0,
                    "p50": 0.0,
                    "p75": 0.0
                }
            },
            "packets_recovered": {
                "min": 0.0,
                "average": 0.0,
                "max": 0.0,
                "percentiles": {
                    "p25": 0.0,
                    "p50": 0.0,
                    "p75": 0.0
                }
            },
            "rtt_ms": {
                "min": 3.3123299317550052,
                "average": 4.552391783182201,
                "max": 5.4040846821407476,
                "percentiles": {
                    "p25": 4.14557341185625,
                    "p50": 4.617956639713413,
                    "p75": 5.02187417854433
                }
            },
            "quality": {
                "min": 100.0,
                "average": 100.0,
                "max": 100.0,
                "percentiles": {
                    "p25": 100.0,
                    "p50": 100.0,
                    "p75": 100.0
                }
            },
            "bitrate_bps": {
                "min": 0.0,
                "average": 3171285.7741935486,
                "max": 5158909.0,
                "percentiles": {
                    "p25": 2856485.0,
                    "p50": 3556667.0,
                    "p75": 3601387.0
                }
            }
        }
    },
    "meta": {
        "duration_seconds": 31.669819831848145,
        "test_attempts": 1,
        "vpn_restart_attempts": 0,
        "vpn_restart_duration_seconds": 6.437359571456909,
        "connectivity_wait_duration_seconds": 3.792336940765381,
        "source": "lom",
        "target": "yuki"
    }
}