{
    "status": "success",
    "data": {
        "rtt_min_ms": {
            "min": 1.422,
            "average": 1.4303333333333332,
            "max": 1.436,
            "percentiles": {
                "p25": 1.422,
                "p50": 1.433,
                "p75": 1.436
            }
        },
        "rtt_avg_ms": {
            "min": 15.757,
            "average": 16.506666666666668,
            "max": 17.933,
            "percentiles": {
                "p25": 15.757,
                "p50": 15.83,
                "p75": 17.933
            }
        },
        "rtt_max_ms": {
            "min": 39.687,
            "average": 40.96,
            "max": 42.212,
            "percentiles": {
                "p25": 39.687,
                "p50": 40.981,
                "p75": 42.212
            }
        },
        "rtt_mdev_ms": {
            "min": 9.051,
            "average": 9.876333333333333,
            "max": 10.573,
            "percentiles": {
                "p25": 9.051,
                "p50": 10.005,
                "p75": 10.573
            }
        },
        "packet_loss_percent": {
            "min": 2.0,
            "average": 3.6666666666666665,
            "max": 7.0,
            "percentiles": {
                "p25": 2.0,
                "p50": 2.0,
                "p75": 7.0
            }
        }
    },
    "meta": {
        "duration_seconds": 61.64694952964783,
        "test_attempts": 1,
        "vpn_restart_attempts": 0,
        "vpn_restart_duration_seconds": 6.287018060684204,
        "connectivity_wait_duration_seconds": 8.947431802749634,
        "source": "luna",
        "target": "lom"
    }
}