{
    "status": "success",
    "data": {
        "encoding": {
            "bitrate_kbps": {
                "min": 3317.6,
                "average": 3358.0793103448277,
                "max": 3514.6,
                "percentiles": {
                    "p25": 3332.15,
                    "p50": 3344.4,
                    "p75": 3369.65
                }
            },
            "fps": {
                "min": 31.0,
                "average": 32.13793103448276,
                "max": 45.0,
                "percentiles": {
                    "p25": 31.0,
                    "p50": 31.0,
                    "p75": 32.0
                }
            },
            "dropped_frames": {
                "min": 15.0,
                "average": 15.0,
                "max": 15.0,
                "percentiles": {
                    "p25": 15.0,
                    "p50": 15.0,
                    "p75": 15.0
                }
            }
        },
        "network": {
            "packets_dropped": {
                "min": 0.0,
                "average": 288.741935483871,
                "max": 379.0,
                "percentiles": {
                    "p25": 257.0,
                    "p50": 309.0,
                    "p75": 330.0
                }
            },
            "packets_recovered": {
                "min": 0.0,
                "average": 1.5161290322580645,
                "max": 5.0,
                "percentiles": {
                    "p25": 0.0,
                    "p50": 1.0,
                    "p75": 3.0
                }
            },
            "rtt_ms": {
                "min": 9.02357195061103,
                "average": 17.973841965453683,
                "max": 24.630263311685514,
                "percentiles": {
                    "p25": 15.956711803606407,
                    "p50": 18.189815224424308,
                    "p75": 19.52023717527981
                }
            },
            "quality": {
                "min": 8.0,
                "average": 13.064516129032258,
                "max": 100.0,
                "percentiles": {
                    "p25": 9.0,
                    "p50": 10.0,
                    "p75": 12.0
                }
            },
            "bitrate_bps": {
                "min": 0.0,
                "average": 153219.03225806452,
                "max": 268458.0,
                "percentiles": {
                    "p25": 146886.0,
                    "p50": 157895.0,
                    "p75": 173157.0
                }
            }
        }
    },
    "meta": {
        "duration_seconds": 31.681042432785034,
        "test_attempts": 1,
        "vpn_restart_attempts": 0,
        "vpn_restart_duration_seconds": 7.074104309082031,
        "connectivity_wait_duration_seconds": 3.933722734451294,
        "source": "luna",
        "target": "lom"
    }
}