{
    "status": "success",
    "data": {
        "rtt_min_ms": {
            "min": 0.853,
            "average": 0.928,
            "max": 1.052,
            "percentiles": {
                "p25": 0.853,
                "p50": 0.879,
                "p75": 1.052
            }
        },
        "rtt_avg_ms": {
            "min": 15.208,
            "average": 15.593333333333334,
            "max": 16.327,
            "percentiles": {
                "p25": 15.208,
                "p50": 15.245,
                "p75": 16.327
            }
        },
        "rtt_max_ms": {
            "min": 36.811,
            "average": 38.95466666666667,
            "max": 40.45,
            "percentiles": {
                "p25": 36.811,
                "p50": 39.603,
                "p75": 40.45
            }
        },
        "rtt_mdev_ms": {
            "min": 9.407,
            "average": 9.828,
            "max": 10.599,
            "percentiles": {
                "p25": 9.407,
                "p50": 9.478,
                "p75": 10.599
            }
        },
        "packet_loss_percent": {
            "min": 2.0,
            "average": 4.666666666666667,
            "max": 6.0,
            "percentiles": {
                "p25": 2.0,
                "p50": 6.0,
                "p75": 6.0
            }
        }
    },
    "meta": {
        "duration_seconds": 61.83194088935852,
        "test_attempts": 1,
        "vpn_restart_attempts": 0,
        "vpn_restart_duration_seconds": 1.7145740985870361,
        "connectivity_wait_duration_seconds": 6.680660247802734,
        "source": "luna",
        "target": "lom"
    }
}