{
    "status": "success",
    "data": {
        "total_bandwidth_mbps": {
            "min": 21.409,
            "average": 23.177333333333333,
            "max": 25.538999999999998,
            "percentiles": {
                "p25": 22.643,
                "p50": 23.1475,
                "p75": 23.652250000000002
            }
        },
        "cpu_usage_percent": {
            "min": 0.0,
            "average": 3.1455,
            "max": 21.15,
            "percentiles": {
                "p25": 2.0,
                "p50": 2.13,
                "p75": 4.0
            }
        },
        "ttfb_ms": {
            "min": 53.0,
            "average": 83.75,
            "max": 112.0,
            "percentiles": {
                "p25": 65.5,
                "p50": 81.5,
                "p75": 105.0
            }
        },
        "conn_time_ms": {
            "min": 38.0,
            "average": 77.75,
            "max": 106.0,
            "percentiles": {
                "p25": 63.5,
                "p50": 75.0,
                "p75": 101.0
            }
        }
    },
    "meta": {
        "duration_seconds": 33.65775012969971,
        "test_attempts": 1,
        "vpn_restart_attempts": 0,
        "vpn_restart_duration_seconds": 2.9190378189086914,
        "connectivity_wait_duration_seconds": 7.279459476470947,
        "source": "luna",
        "target": "lom"
    }
}