{
  "status": "success",
  "data": {
    "encoding": {
      "bitrate_kbps": {
        "min": 3311.8,
        "average": 3352.88275862069,
        "max": 3512.9,
        "percentiles": {
          "p25": 3325.6000000000004,
          "p50": 3336.8,
          "p75": 3361.25
        }
      },
      "fps": {
        "min": 31.0,
        "average": 32.10344827586207,
        "max": 44.0,
        "percentiles": {
          "p25": 31.0,
          "p50": 31.0,
          "p75": 32.0
        }
      },
      "dropped_frames": {
        "min": 15.0,
        "average": 15.0,
        "max": 15.0,
        "percentiles": {
          "p25": 15.0,
          "p50": 15.0,
          "p75": 15.0
        }
      }
    },
    "network": {
      "packets_dropped": {
        "min": 0.0,
        "average": 19.333333333333332,
        "max": 225.0,
        "percentiles": {
          "p25": 0.0,
          "p50": 4.0,
          "p75": 20.25
        }
      },
      "packets_recovered": {
        "min": 0.0,
        "average": 114.36666666666666,
        "max": 213.0,
        "percentiles": {
          "p25": 68.5,
          "p50": 133.5,
          "p75": 155.5
        }
      },
      "rtt_ms": {
        "min": 6.964024432550937,
        "average": 33.2089943599489,
        "max": 41.806778201089784,
        "percentiles": {
          "p25": 30.49828852730417,
          "p50": 34.66224222444549,
          "p75": 38.96906771926304
        }
      },
      "quality": {
        "min": 41.0,
        "average": 71.86666666666666,
        "max": 100.0,
        "percentiles": {
          "p25": 63.25,
          "p50": 72.0,
          "p75": 80.0
        }
      },
      "bitrate_bps": {
        "min": 0.0,
        "average": 2993746.3,
        "max": 3641274.0,
        "percentiles": {
          "p25": 3084491.25,
          "p50": 3197653.5,
          "p75": 3325927.75
        }
      }
    }
  },
  "meta": {
    "duration_seconds": 32.111369132995605,
    "test_attempts": 1,
    "vpn_restart_attempts": 0,
    "vpn_restart_duration_seconds": 1.7518548965454102,
    "connectivity_wait_duration_seconds": 4.385578870773315,
    "source": "luna",
    "target": "lom"
  }
}
