{
  "status": "success",
  "data": {
    "rtt_min_ms": {
      "min": 1.155,
      "average": 1.1713333333333333,
      "max": 1.201,
      "percentiles": {
        "p25": 1.155,
        "p50": 1.158,
        "p75": 1.201
      }
    },
    "rtt_avg_ms": {
      "min": 10.26,
      "average": 13.902666666666667,
      "max": 17.054,
      "percentiles": {
        "p25": 10.26,
        "p50": 14.394,
        "p75": 17.054
      }
    },
    "rtt_max_ms": {
      "min": 22.236,
      "average": 157.35633333333334,
      "max": 232.92,
      "percentiles": {
        "p25": 22.236,
        "p50": 216.913,
        "p75": 232.92
      }
    },
    "rtt_mdev_ms": {
      "min": 5.264,
      "average": 23.750333333333334,
      "max": 36.788,
      "percentiles": {
        "p25": 5.264,
        "p50": 29.199,
        "p75": 36.788
      }
    },
    "packet_loss_percent": {
      "min": 0.0,
      "average": 0.0,
      "max": 0.0,
      "percentiles": {
        "p25": 0.0,
        "p50": 0.0,
        "p75": 0.0
      }
    }
  },
  "meta": {
    "duration_seconds": 60.98918914794922,
    "test_attempts": 1,
    "vpn_restart_attempts": 0,
    "vpn_restart_duration_seconds": 1.8687324523925781,
    "connectivity_wait_duration_seconds": 2.2239933013916016,
    "source": "luna",
    "target": "lom"
  }
}
