{
  "status": "success",
  "data": {
    "total_bandwidth_mbps": {
      "min": 4.215980000000001,
      "average": 24.580527333333333,
      "max": 59.47500000000001,
      "percentiles": {
        "p25": 15.791575000000002,
        "p50": 25.761,
        "p75": 30.506
      }
    },
    "cpu_usage_percent": {
      "min": 0.0,
      "average": 2.136694560669456,
      "max": 9.18,
      "percentiles": {
        "p25": 1.01,
        "p50": 2.0,
        "p75": 3.0
      }
    },
    "ttfb_ms": {
      "min": 37.0,
      "average": 49.375,
      "max": 58.0,
      "percentiles": {
        "p25": 43.5,
        "p50": 50.5,
        "p75": 56.25
      }
    },
    "conn_time_ms": {
      "min": 15.0,
      "average": 23.125,
      "max": 29.0,
      "percentiles": {
        "p25": 20.25,
        "p50": 23.5,
        "p75": 27.25
      }
    }
  },
  "meta": {
    "duration_seconds": 38.06533694267273,
    "test_attempts": 1,
    "vpn_restart_attempts": 0,
    "vpn_restart_duration_seconds": 1.7738122940063477,
    "connectivity_wait_duration_seconds": 2.3078880310058594,
    "source": "luna",
    "target": "lom"
  }
}
