{
    "status": "success",
    "data": {
        "rtt_min_ms": {
            "min": 1.016,
            "average": 1.053,
            "max": 1.118,
            "percentiles": {
                "p25": 1.016,
                "p50": 1.025,
                "p75": 1.118
            }
        },
        "rtt_avg_ms": {
            "min": 1.51,
            "average": 1.518,
            "max": 1.532,
            "percentiles": {
                "p25": 1.51,
                "p50": 1.512,
                "p75": 1.532
            }
        },
        "rtt_max_ms": {
            "min": 1.632,
            "average": 1.8616666666666666,
            "max": 2.294,
            "percentiles": {
                "p25": 1.632,
                "p50": 1.659,
                "p75": 2.294
            }
        },
        "rtt_mdev_ms": {
            "min": 0.088,
            "average": 0.14333333333333334,
            "max": 0.25,
            "percentiles": {
                "p25": 0.088,
                "p50": 0.092,
                "p75": 0.25
            }
        },
        "packet_loss_percent": {
            "min": 0.0,
            "average": 0.0,
            "max": 0.0,
            "percentiles": {
                "p25": 0.0,
                "p50": 0.0,
                "p75": 0.0
            }
        }
    },
    "meta": {
        "duration_seconds": 60.76593494415283,
        "test_attempts": 1,
        "vpn_restart_attempts": 0,
        "vpn_restart_duration_seconds": 1.8407084941864014,
        "connectivity_wait_duration_seconds": 1.7916288375854492,
        "source": "yuki",
        "target": "luna"
    }
}