{
    "status": "success",
    "data": {
        "rtt_min_ms": {
            "min": 1.145,
            "average": 1.1606666666666667,
            "max": 1.175,
            "percentiles": {
                "p25": 1.145,
                "p50": 1.162,
                "p75": 1.175
            }
        },
        "rtt_avg_ms": {
            "min": 1.498,
            "average": 1.5063333333333333,
            "max": 1.519,
            "percentiles": {
                "p25": 1.498,
                "p50": 1.502,
                "p75": 1.519
            }
        },
        "rtt_max_ms": {
            "min": 1.65,
            "average": 1.6773333333333333,
            "max": 1.7,
            "percentiles": {
                "p25": 1.65,
                "p50": 1.682,
                "p75": 1.7
            }
        },
        "rtt_mdev_ms": {
            "min": 0.085,
            "average": 0.09066666666666667,
            "max": 0.101,
            "percentiles": {
                "p25": 0.085,
                "p50": 0.086,
                "p75": 0.101
            }
        },
        "packet_loss_percent": {
            "min": 0.0,
            "average": 0.0,
            "max": 0.0,
            "percentiles": {
                "p25": 0.0,
                "p50": 0.0,
                "p75": 0.0
            }
        }
    },
    "meta": {
        "duration_seconds": 60.80446171760559,
        "test_attempts": 1,
        "vpn_restart_attempts": 0,
        "vpn_restart_duration_seconds": 1.8093125820159912,
        "connectivity_wait_duration_seconds": 1.865947961807251,
        "source": "yuki",
        "target": "luna"
    }
}