{
    "status": "success",
    "data": {
        "total_bandwidth_mbps": {
            "min": 765.5799999999999,
            "average": 818.817,
            "max": 824.46,
            "percentiles": {
                "p25": 819.6874999999998,
                "p50": 823.0949999999999,
                "p75": 823.6474999999999
            }
        },
        "cpu_usage_percent": {
            "min": 3.8,
            "average": 19.161791666666666,
            "max": 45.26,
            "percentiles": {
                "p25": 13.27,
                "p50": 18.37,
                "p75": 23.59
            }
        },
        "ttfb_ms": {
            "min": 20.0,
            "average": 22.75,
            "max": 25.0,
            "percentiles": {
                "p25": 21.25,
                "p50": 22.5,
                "p75": 24.75
            }
        },
        "conn_time_ms": {
            "min": 18.0,
            "average": 20.75,
            "max": 24.0,
            "percentiles": {
                "p25": 19.25,
                "p50": 20.5,
                "p75": 22.5
            }
        }
    },
    "meta": {
        "duration_seconds": 31.299270391464233,
        "test_attempts": 1,
        "vpn_restart_attempts": 0,
        "vpn_restart_duration_seconds": 1.6627545356750488,
        "connectivity_wait_duration_seconds": 1.78658127784729,
        "source": "yuki",
        "target": "luna"
    }
}