{
    "status": "success",
    "data": {
        "total_bandwidth_mbps": {
            "min": 806.4799999999999,
            "average": 811.2366666666667,
            "max": 812.21,
            "percentiles": {
                "p25": 811.0350000000001,
                "p50": 811.465,
                "p75": 811.7050000000002
            }
        },
        "cpu_usage_percent": {
            "min": 3.3,
            "average": 14.747416666666666,
            "max": 47.25,
            "percentiles": {
                "p25": 9.925,
                "p50": 13.23,
                "p75": 17.35
            }
        },
        "ttfb_ms": {
            "min": 19.0,
            "average": 21.125,
            "max": 23.0,
            "percentiles": {
                "p25": 19.25,
                "p50": 21.5,
                "p75": 22.75
            }
        },
        "conn_time_ms": {
            "min": 17.0,
            "average": 19.875,
            "max": 22.0,
            "percentiles": {
                "p25": 18.25,
                "p50": 20.0,
                "p75": 21.75
            }
        }
    },
    "meta": {
        "duration_seconds": 31.439643383026123,
        "test_attempts": 1,
        "vpn_restart_attempts": 0,
        "vpn_restart_duration_seconds": 1.719367265701294,
        "connectivity_wait_duration_seconds": 11.828957557678223,
        "source": "yuki",
        "target": "luna"
    }
}