{
  "total_bandwidth_mbps_percentiles": {
    "p25": 501.76249999999993,
    "p50": 534.175,
    "p75": 572.6
  },
  "cpu_usage_percent_percentiles": {
    "p25": 51.072500000000005,
    "p50": 54.655,
    "p75": 58.82
  },
  "ttfb_ms_percentiles": {
    "p25": 35.25,
    "p50": 38.5,
    "p75": 41.75
  },
  "conn_time_ms_percentiles": {
    "p25": 28.25,
    "p50": 31.5,
    "p75": 34.75
  }
}
