{
  "start": {
    "connected": [
      {
        "socket": 7,
        "local_host": "4ad:d8ad:8617:57d1:9561:e57b:62b4:5bac",
        "local_port": 50270,
        "remote_host": "516:b59f:3cb5:5c6e:b93e:2766:5967:b7ab",
        "remote_port": 5201
      },
      {
        "socket": 9,
        "local_host": "4ad:d8ad:8617:57d1:9561:e57b:62b4:5bac",
        "local_port": 50278,
        "remote_host": "516:b59f:3cb5:5c6e:b93e:2766:5967:b7ab",
        "remote_port": 5201
      }
    ],
    "version": "iperf 3.18",
    "system_info": "Linux yuki 6.12.19 #1-NixOS SMP PREEMPT_DYNAMIC Thu Mar 13 12:02:20 UTC 2025 x86_64",
    "timestamp": {
      "time": "Mon, 31 Mar 2025 13:38:59 GMT",
      "timesecs": 1743428339
    },
    "connecting_to": {
      "host": "vpn.luna",
      "port": 5201
    },
    "cookie": "giw7qibuiz5rftegh65b6zfseo7wc7giyoq3",
    "tcp_mss_default": 1328,
    "target_bitrate": 0,
    "fq_rate": 0,
    "sock_bufsize": 0,
    "sndbuf_actual": 16384,
    "rcvbuf_actual": 131072,
    "test_start": {
      "protocol": "TCP",
      "num_streams": 1,
      "blksize": 131072,
      "omit": 0,
      "duration": 10,
      "bytes": 0,
      "blocks": 0,
      "reverse": 0,
      "tos": 0,
      "target_bitrate": 0,
      "bidir": 1,
      "fqrate": 0,
      "interval": 1
    }
  },
  "intervals": [
    {
      "streams": [
        {
          "socket": 7,
          "start": 0,
          "end": 1.000854,
          "seconds": 1.0008540153503418,
          "bytes": 19136512,
          "bits_per_second": 152961464.56125394,
          "retransmits": 0,
          "snd_cwnd": 889760,
          "snd_wnd": 2012544,
          "rtt": 38404,
          "rttvar": 646,
          "pmtu": 1400,
          "omitted": false,
          "sender": true
        },
        {
          "socket": 9,
          "start": 0,
          "end": 1.00086,
          "seconds": 1.0008599758148193,
          "bytes": 39714816,
          "bits_per_second": 317445532.51951075,
          "omitted": false,
          "sender": false
        }
      ],
      "sum": {
        "start": 0,
        "end": 1.000854,
        "seconds": 1.0008540153503418,
        "bytes": 19136512,
        "bits_per_second": 152961464.56125394,
        "retransmits": 0,
        "omitted": false,
        "sender": true
      },
      "sum_bidir_reverse": {
        "start": 0,
        "end": 1.000854,
        "seconds": 1.0008540153503418,
        "bytes": 39714816,
        "bits_per_second": 317447423.02780783,
        "omitted": false,
        "sender": false
      }
    },
    {
      "streams": [
        {
          "socket": 7,
          "start": 1.000854,
          "end": 2.000848,
          "seconds": 0.9999939799308777,
          "bytes": 28180480,
          "bits_per_second": 225445197.19567043,
          "retransmits": 0,
          "snd_cwnd": 2242992,
          "snd_wnd": 3611392,
          "rtt": 47786,
          "rttvar": 386,
          "pmtu": 1400,
          "omitted": false,
          "sender": true
        },
        {
          "socket": 9,
          "start": 1.00086,
          "end": 2.000855,
          "seconds": 0.999994993209839,
          "bytes": 44695552,
          "bits_per_second": 357566206.25896347,
          "omitted": false,
          "sender": false
        }
      ],
      "sum": {
        "start": 1.000854,
        "end": 2.000848,
        "seconds": 0.9999939799308777,
        "bytes": 28180480,
        "bits_per_second": 225445197.19567043,
        "retransmits": 0,
        "omitted": false,
        "sender": true
      },
      "sum_bidir_reverse": {
        "start": 1.000854,
        "end": 2.000848,
        "seconds": 0.9999939799308777,
        "bytes": 44695552,
        "bits_per_second": 357566568.57545865,
        "omitted": false,
        "sender": false
      }
    },
    {
      "streams": [
        {
          "socket": 7,
          "start": 2.000848,
          "end": 3.001462,
          "seconds": 1.000614047050476,
          "bytes": 44040192,
          "bits_per_second": 352105326.76264447,
          "retransmits": 918,
          "snd_cwnd": 912336,
          "snd_wnd": 3612672,
          "rtt": 37637,
          "rttvar": 49,
          "pmtu": 1400,
          "omitted": false,
          "sender": true
        },
        {
          "socket": 9,
          "start": 2.000855,
          "end": 3.001469,
          "seconds": 1.000614047050476,
          "bytes": 35389440,
          "bits_per_second": 282941780.4342679,
          "omitted": false,
          "sender": false
        }
      ],
      "sum": {
        "start": 2.000848,
        "end": 3.001462,
        "seconds": 1.000614047050476,
        "bytes": 44040192,
        "bits_per_second": 352105326.76264447,
        "retransmits": 918,
        "omitted": false,
        "sender": true
      },
      "sum_bidir_reverse": {
        "start": 2.000848,
        "end": 3.001462,
        "seconds": 1.000614047050476,
        "bytes": 35389440,
        "bits_per_second": 282941780.4342679,
        "omitted": false,
        "sender": false
      }
    },
    {
      "streams": [
        {
          "socket": 7,
          "start": 3.001462,
          "end": 4.000854,
          "seconds": 0.9993919730186462,
          "bytes": 22020096,
          "bits_per_second": 176267943.6656965,
          "retransmits": 0,
          "snd_cwnd": 982720,
          "snd_wnd": 3612672,
          "rtt": 35190,
          "rttvar": 26,
          "pmtu": 1400,
          "omitted": false,
          "sender": true
        },
        {
          "socket": 9,
          "start": 3.001469,
          "end": 4.00086,
          "seconds": 0.99939101934433,
          "bytes": 46399488,
          "bits_per_second": 371422092.86964613,
          "omitted": false,
          "sender": false
        }
      ],
      "sum": {
        "start": 3.001462,
        "end": 4.000854,
        "seconds": 0.9993919730186462,
        "bytes": 22020096,
        "bits_per_second": 176267943.6656965,
        "retransmits": 0,
        "omitted": false,
        "sender": true
      },
      "sum_bidir_reverse": {
        "start": 3.001462,
        "end": 4.000854,
        "seconds": 0.9993919730186462,
        "bytes": 46399488,
        "bits_per_second": 371421738.43843186,
        "omitted": false,
        "sender": false
      }
    },
    {
      "streams": [
        {
          "socket": 7,
          "start": 4.000854,
          "end": 5.000849,
          "seconds": 0.999994993209839,
          "bytes": 24903680,
          "bits_per_second": 199230437.5049943,
          "retransmits": 0,
          "snd_cwnd": 1034512,
          "snd_wnd": 3612672,
          "rtt": 43134,
          "rttvar": 16,
          "pmtu": 1400,
          "omitted": false,
          "sender": true
        },
        {
          "socket": 9,
          "start": 4.00086,
          "end": 5.000855,
          "seconds": 0.999994993209839,
          "bytes": 48103424,
          "bits_per_second": 384829318.7596469,
          "omitted": false,
          "sender": false
        }
      ],
      "sum": {
        "start": 4.000854,
        "end": 5.000849,
        "seconds": 0.999994993209839,
        "bytes": 24903680,
        "bits_per_second": 199230437.5049943,
        "retransmits": 0,
        "omitted": false,
        "sender": true
      },
      "sum_bidir_reverse": {
        "start": 4.000854,
        "end": 5.000849,
        "seconds": 0.999994993209839,
        "bytes": 48103424,
        "bits_per_second": 384829318.7596469,
        "omitted": false,
        "sender": false
      }
    },
    {
      "streams": [
        {
          "socket": 7,
          "start": 5.000849,
          "end": 6.000884,
          "seconds": 1.000035047531128,
          "bytes": 26214400,
          "bits_per_second": 209707850.25759032,
          "retransmits": 0,
          "snd_cwnd": 1069040,
          "snd_wnd": 3612672,
          "rtt": 37874,
          "rttvar": 1969,
          "pmtu": 1400,