{
    "status": "success",
    "data": {
        "rtt_min_ms": {
            "min": 1.21,
            "average": 1.257,
            "max": 1.291,
            "percentiles": {
                "p25": 1.21,
                "p50": 1.27,
                "p75": 1.291
            }
        },
        "rtt_avg_ms": {
            "min": 20.011,
            "average": 22.048000000000002,
            "max": 23.713,
            "percentiles": {
                "p25": 20.011,
                "p50": 22.42,
                "p75": 23.713
            }
        },
        "rtt_max_ms": {
            "min": 234.846,
            "average": 267.655,
            "max": 330.121,
            "percentiles": {
                "p25": 234.846,
                "p50": 237.998,
                "p75": 330.121
            }
        },
        "rtt_mdev_ms": {
            "min": 25.48,
            "average": 33.209,
            "max": 40.572,
            "percentiles": {
                "p25": 25.48,
                "p50": 33.575,
                "p75": 40.572
            }
        },
        "packet_loss_percent": {
            "min": 0.0,
            "average": 0.0,
            "max": 0.0,
            "percentiles": {
                "p25": 0.0,
                "p50": 0.0,
                "p75": 0.0
            }
        }
    },
    "meta": {
        "duration_seconds": 61.44562029838562,
        "test_attempts": 1,
        "vpn_restart_attempts": 0,
        "vpn_restart_duration_seconds": 1.9147555828094482,
        "connectivity_wait_duration_seconds": 12.154360294342041,
        "source": "yuki",
        "target": "luna"
    }
}