{
    "status": "success",
    "data": {
        "rtt_min_ms": {
            "min": 26.298,
            "average": 26.455333333333332,
            "max": 26.575,
            "percentiles": {
                "p25": 26.298,
                "p50": 26.493,
                "p75": 26.575
            }
        },
        "rtt_avg_ms": {
            "min": 45.978,
            "average": 55.05733333333333,
            "max": 60.152,
            "percentiles": {
                "p25": 45.978,
                "p50": 59.042,
                "p75": 60.152
            }
        },
        "rtt_max_ms": {
            "min": 275.566,
            "average": 359.9626666666667,
            "max": 515.743,
            "percentiles": {
                "p25": 275.566,
                "p50": 288.579,
                "p75": 515.743
            }
        },
        "rtt_mdev_ms": {
            "min": 31.816,
            "average": 45.784,
            "max": 65.765,
            "percentiles": {
                "p25": 31.816,
                "p50": 39.771,
                "p75": 65.765
            }
        },
        "packet_loss_percent": {
            "min": 0.0,
            "average": 0.0,
            "max": 0.0,
            "percentiles": {
                "p25": 0.0,
                "p50": 0.0,
                "p75": 0.0
            }
        }
    },
    "meta": {
        "duration_seconds": 61.66984295845032,
        "test_attempts": 1,
        "vpn_restart_attempts": 0,
        "vpn_restart_duration_seconds": 1.9951107501983643,
        "connectivity_wait_duration_seconds": 68.81046462059021,
        "source": "yuki",
        "target": "luna"
    }
}