{
    "status": "success",
    "data": {
        "total_bandwidth_mbps": {
            "min": 0.7452,
            "average": 1.9661458333333333,
            "max": 3.7813999999999997,
            "percentiles": {
                "p25": 1.4192925000000003,
                "p50": 1.85461,
                "p75": 2.364
            }
        },
        "cpu_usage_percent": {
            "min": 0.0,
            "average": 0.21975,
            "max": 3.33,
            "percentiles": {
                "p25": 0.0,
                "p50": 0.0,
                "p75": 0.0
            }
        },
        "ttfb_ms": {
            "min": 98.0,
            "average": 498.25,
            "max": 1183.0,
            "percentiles": {
                "p25": 221.0,
                "p50": 386.0,
                "p75": 760.25
            }
        },
        "conn_time_ms": {
            "min": 43.0,
            "average": 112.0,
            "max": 257.0,
            "percentiles": {
                "p25": 68.25,
                "p50": 74.0,
                "p75": 157.25
            }
        }
    },
    "meta": {
        "duration_seconds": 45.23717927932739,
        "test_attempts": 1,
        "vpn_restart_attempts": 0,
        "vpn_restart_duration_seconds": 2.3916354179382324,
        "connectivity_wait_duration_seconds": 10.432284593582153,
        "source": "yuki",
        "target": "luna"
    }
}