{
    "status": "success",
    "data": {
        "bitrate_kbps": {
            "min": 1909.1,
            "average": 1988.3344827586207,
            "max": 2011.5,
            "percentiles": {
                "p25": 1981.7,
                "p50": 1989.6,
                "p75": 1997.65
            }
        },
        "fps": {
            "min": 31.0,
            "average": 32.13793103448276,
            "max": 45.0,
            "percentiles": {
                "p25": 31.0,
                "p50": 31.0,
                "p75": 32.0
            }
        },
        "dropped_frames": {
            "min": 15.0,
            "average": 15.0,
            "max": 15.0,
            "percentiles": {
                "p25": 15.0,
                "p50": 15.0,
                "p75": 15.0
            }
        }
    },
    "meta": {
        "duration_seconds": 31.69021439552307,
        "test_attempts": 1,
        "vpn_restart_attempts": 0,
        "vpn_restart_duration_seconds": 2.135145425796509,
        "connectivity_wait_duration_seconds": 70.95355582237244,
        "source": "yuki",
        "target": "luna"
    }
}