{
  "status": "success",
  "data": {
    "rtt_min_ms": {
      "min": 1.336,
      "average": 1.52,
      "max": 1.64,
      "percentiles": {
        "p25": 1.336,
        "p50": 1.584,
        "p75": 1.64
      }
    },
    "rtt_avg_ms": {
      "min": 5.188,
      "average": 5.298,
      "max": 5.387,
      "percentiles": {
        "p25": 5.188,
        "p50": 5.319,
        "p75": 5.387
      }
    },
    "rtt_max_ms": {
      "min": 8.718,
      "average": 8.775666666666666,
      "max": 8.873,
      "percentiles": {
        "p25": 8.718,
        "p50": 8.736,
        "p75": 8.873
      }
    },
    "rtt_mdev_ms": {
      "min": 1.569,
      "average": 1.694,
      "max": 1.874,
      "percentiles": {
        "p25": 1.569,
        "p50": 1.639,
        "p75": 1.874
      }
    },
    "packet_loss_percent": {
      "min": 0.0,
      "average": 0.3333333333333333,
      "max": 1.0,
      "percentiles": {
        "p25": 0.0,
        "p50": 0.0,
        "p75": 1.0
      }
    }
  },
  "meta": {
    "duration_seconds": 60.81597590446472,
    "test_attempts": 1,
    "vpn_restart_attempts": 0
  }
}
