{
  "status": "success",
  "data": {
    "total_bandwidth_mbps": {
      "min": 44.559999999999995,
      "average": 46.83866666666667,
      "max": 49.37,
      "percentiles": {
        "p25": 45.647499999999994,
        "p50": 46.685,
        "p75": 48.0175
      }
    },
    "cpu_usage_percent": {
      "min": 9.68,
      "average": 14.186583333333333,
      "max": 21.33,
      "percentiles": {
        "p25": 12.22,
        "p50": 13.68,
        "p75": 16.22
      }
    },
    "ttfb_ms": {
      "min": 27.0,
      "average": 34.5,
      "max": 44.0,
      "percentiles": {
        "p25": 27.75,
        "p50": 33.5,
        "p75": 42.25
      }
    },
    "conn_time_ms": {
      "min": 25.0,
      "average": 31.5,
      "max": 41.0,
      "percentiles": {
        "p25": 25.25,
        "p50": 30.0,
        "p75": 39.25
      }
    }
  },
  "meta": {
    "duration_seconds": 31.327526569366455,
    "test_attempts": 1,
    "vpn_restart_attempts": 0
  }
}
