{
  "status": "success",
  "data": {
    "bitrate_kbps": {
      "min": 1751.7,
      "average": 1944.596551724138,
      "max": 1972.2,
      "percentiles": {
        "p25": 1940.1999999999998,
        "p50": 1960.3,
        "p75": 1966.75
      }
    },
    "fps": {
      "min": 31.0,
      "average": 32.13793103448276,
      "max": 45.0,
      "percentiles": {
        "p25": 31.0,
        "p50": 31.0,
        "p75": 32.0
      }
    },
    "dropped_frames": {
      "min": 14.0,
      "average": 14.0,
      "max": 14.0,
      "percentiles": {
        "p25": 14.0,
        "p50": 14.0,
        "p75": 14.0
      }
    }
  },
  "meta": {
    "duration_seconds": 31.955917358398438,
    "test_attempts": 1,
    "vpn_restart_attempts": 0
  }
}
