{
  "status": "success",
  "data": {
    "rtt_min_ms": {
      "min": 0.797,
      "average": 0.877,
      "max": 0.937,
      "percentiles": {
        "p25": 0.797,
        "p50": 0.897,
        "p75": 0.937
      }
    },
    "rtt_avg_ms": {
      "min": 1.087,
      "average": 1.096,
      "max": 1.102,
      "percentiles": {
        "p25": 1.087,
        "p50": 1.099,
        "p75": 1.102
      }
    },
    "rtt_max_ms": {
      "min": 1.19,
      "average": 1.2063333333333333,
      "max": 1.232,
      "percentiles": {
        "p25": 1.19,
        "p50": 1.197,
        "p75": 1.232
      }
    },
    "rtt_mdev_ms": {
      "min": 0.048,
      "average": 0.05733333333333333,
      "max": 0.063,
      "percentiles": {
        "p25": 0.048,
        "p50": 0.061,
        "p75": 0.063
      }
    },
    "packet_loss_percent": {
      "min": 0.0,
      "average": 0.0,
      "max": 0.0,
      "percentiles": {
        "p25": 0.0,
        "p50": 0.0,
        "p75": 0.0
      }
    }
  },
  "meta": {
    "duration_seconds": 61.085307121276855,
    "test_attempts": 1,
    "vpn_restart_attempts": 0,
    "source": "lom",
    "target": "yuki"
  }
}
