{
  "status": "success",
  "data": {
    "total_bandwidth_mbps": {
      "min": 559.99,
      "average": 646.6573333333333,
      "max": 699.27,
      "percentiles": {
        "p25": 620.2724999999999,
        "p50": 659.22,
        "p75": 674.4449999999999
      }
    },
    "cpu_usage_percent": {
      "min": 0.0,
      "average": 15.166041666666667,
      "max": 57.14,
      "percentiles": {
        "p25": 10.31,
        "p50": 14.14,
        "p75": 18.18
      }
    },
    "ttfb_ms": {
      "min": 20.0,
      "average": 21.75,
      "max": 24.0,
      "percentiles": {
        "p25": 21.0,
        "p50": 21.5,
        "p75": 22.75
      }
    },
    "conn_time_ms": {
      "min": 18.0,
      "average": 20.5,
      "max": 23.0,
      "percentiles": {
        "p25": 19.25,
        "p50": 20.5,
        "p75": 21.75
      }
    }
  },
  "meta": {
    "duration_seconds": 31.384990453720093,
    "test_attempts": 1,
    "vpn_restart_attempts": 0,
    "vpn_restart_duration_seconds": 1.7739524841308594,
    "connectivity_wait_duration_seconds": 3.7679781913757324,
    "source": "lom",
    "target": "yuki"
  }
}
