{
    "status": "success",
    "data": {
        "total_bandwidth_mbps": {
            "min": 571.11,
            "average": 658.6436666666667,
            "max": 704.47,
            "percentiles": {
                "p25": 647.1624999999999,
                "p50": 659.4250000000001,
                "p75": 673.6975
            }
        },
        "cpu_usage_percent": {
            "min": 0.0,
            "average": 17.051375,
            "max": 76.77,
            "percentiles": {
                "p25": 11.1375,
                "p50": 14.29,
                "p75": 18.75
            }
        },
        "ttfb_ms": {
            "min": 19.0,
            "average": 21.125,
            "max": 24.0,
            "percentiles": {
                "p25": 20.0,
                "p50": 21.0,
                "p75": 22.5
            }
        },
        "conn_time_ms": {
            "min": 18.0,
            "average": 19.625,
            "max": 23.0,
            "percentiles": {
                "p25": 18.0,
                "p50": 19.0,
                "p75": 21.5
            }
        }
    },
    "meta": {
        "duration_seconds": 31.53385353088379,
        "test_attempts": 1,
        "vpn_restart_attempts": 0,
        "source": "lom",
        "target": "yuki"
    }
}