{
    "status": "success",
    "data": {
        "encoding": {
            "bitrate_kbps": {
                "min": 3302.8,
                "average": 3348.596551724138,
                "max": 3504.9,
                "percentiles": {
                    "p25": 3322.3999999999996,
                    "p50": 3335.9,
                    "p75": 3356.4
                }
            },
            "fps": {
                "min": 31.0,
                "average": 32.10344827586207,
                "max": 45.0,
                "percentiles": {
                    "p25": 31.0,
                    "p50": 31.0,
                    "p75": 32.0
                }
            },
            "dropped_frames": {
                "min": 15.0,
                "average": 15.0,
                "max": 15.0,
                "percentiles": {
                    "p25": 15.0,
                    "p50": 15.0,
                    "p75": 15.0
                }
            }
        },
        "network": {
            "packets_dropped": {
                "min": 0.0,
                "average": 1790.225806451613,
                "max": 55497.0,
                "percentiles": {
                    "p25": 0.0,
                    "p50": 0.0,
                    "p75": 0.0
                }
            },
            "packets_recovered": {
                "min": 0.0,
                "average": 2.0,
                "max": 6.0,
                "percentiles": {
                    "p25": 0.0,
                    "p50": 2.0,
                    "p75": 3.0
                }
            },
            "rtt_ms": {
                "min": 5.210903453972987,
                "average": 8.017072781294493,
                "max": 9.95198895008972,
                "percentiles": {
                    "p25": 7.516060280556288,
                    "p50": 8.04874373889252,
                    "p75": 8.615148410919106
                }
            },
            "quality": {
                "min": 98.0,
                "average": 99.06451612903226,
                "max": 100.0,
                "percentiles": {
                    "p25": 99.0,
                    "p50": 99.0,
                    "p75": 100.0
                }
            },
            "bitrate_bps": {
                "min": 0.0,
                "average": 3154391.6129032257,
                "max": 4975997.0,
                "percentiles": {
                    "p25": 2854941.0,
                    "p50": 3557346.0,
                    "p75": 3632112.0
                }
            }
        }
    },
    "meta": {
        "duration_seconds": 31.395984649658203,
        "test_attempts": 1,
        "vpn_restart_attempts": 0,
        "vpn_restart_duration_seconds": 1.6089739799499512,
        "connectivity_wait_duration_seconds": 2.3171491622924805,
        "source": "yuki",
        "target": "luna"
    }
}