{
  "status": "success",
  "data": {
    "rtt_min_ms": {
      "min": 1.846,
      "average": 2.174,
      "max": 2.696,
      "percentiles": {
        "p25": 1.846,
        "p50": 1.98,
        "p75": 2.696
      }
    },
    "rtt_avg_ms": {
      "min": 5.696,
      "average": 5.918,
      "max": 6.097,
      "percentiles": {
        "p25": 5.696,
        "p50": 5.961,
        "p75": 6.097
      }
    },
    "rtt_max_ms": {
      "min": 9.142,
      "average": 11.248,
      "max": 14.956,
      "percentiles": {
        "p25": 9.142,
        "p50": 9.646,
        "p75": 14.956
      }
    },
    "rtt_mdev_ms": {
      "min": 1.677,
      "average": 1.9663333333333333,
      "max": 2.453,
      "percentiles": {
        "p25": 1.677,
        "p50": 1.769,
        "p75": 2.453
      }
    },
    "packet_loss_percent": {
      "min": 0.0,
      "average": 0.3333333333333333,
      "max": 1.0,
      "percentiles": {
        "p25": 0.0,
        "p50": 0.0,
        "p75": 1.0
      }
    }
  },
  "meta": {
    "duration_seconds": 61.021921157836914,
    "test_attempts": 1,
    "vpn_restart_attempts": 0,
    "vpn_restart_duration_seconds": 1.9425561428070068,
    "connectivity_wait_duration_seconds": 1.923842191696167,
    "source": "yuki",
    "target": "luna"
  }
}
