{
  "status": "success",
  "data": {
    "rtt_min_ms": {
      "min": 1.33,
      "average": 1.6036666666666666,
      "max": 2.03,
      "percentiles": {
        "p25": 1.33,
        "p50": 1.451,
        "p75": 2.03
      }
    },
    "rtt_avg_ms": {
      "min": 5.129,
      "average": 5.201666666666666,
      "max": 5.309,
      "percentiles": {
        "p25": 5.129,
        "p50": 5.167,
        "p75": 5.309
      }
    },
    "rtt_max_ms": {
      "min": 8.246,
      "average": 8.564333333333334,
      "max": 8.982,
      "percentiles": {
        "p25": 8.246,
        "p50": 8.465,
        "p75": 8.982
      }
    },
    "rtt_mdev_ms": {
      "min": 1.544,
      "average": 1.6293333333333333,
      "max": 1.673,
      "percentiles": {
        "p25": 1.544,
        "p50": 1.671,
        "p75": 1.673
      }
    },
    "packet_loss_percent": {
      "min": 0.0,
      "average": 0.6666666666666666,
      "max": 2.0,
      "percentiles": {
        "p25": 0.0,
        "p50": 0.0,
        "p75": 2.0
      }
    }
  },
  "meta": {
    "duration_seconds": 61.04651212692261,
    "test_attempts": 1,
    "vpn_restart_attempts": 0,
    "vpn_restart_duration_seconds": 1.7441332340240479,
    "connectivity_wait_duration_seconds": 4.056491851806641,
    "source": "luna",
    "target": "lom"
  }
}
