{
  "status": "success",
  "data": {
    "total_bandwidth_mbps": {
      "min": 90.79,
      "average": 93.50533333333334,
      "max": 96.47,
      "percentiles": {
        "p25": 92.48249999999999,
        "p50": 93.58500000000001,
        "p75": 94.1425
      }
    },
    "cpu_usage_percent": {
      "min": 0.0,
      "average": 4.817666666666667,
      "max": 23.96,
      "percentiles": {
        "p25": 3.06,
        "p50": 4.04,
        "p75": 5.05
      }
    },
    "ttfb_ms": {
      "min": 20.0,
      "average": 29.0,
      "max": 42.0,
      "percentiles": {
        "p25": 21.25,
        "p50": 24.5,
        "p75": 39.5
      }
    },
    "conn_time_ms": {
      "min": 16.0,
      "average": 25.625,
      "max": 39.0,
      "percentiles": {
        "p25": 18.25,
        "p50": 21.0,
        "p75": 35.75
      }
    }
  },
  "meta": {
    "duration_seconds": 31.538116455078125,
    "test_attempts": 1,
    "vpn_restart_attempts": 0,
    "vpn_restart_duration_seconds": 1.8160536289215088,
    "connectivity_wait_duration_seconds": 5.925365209579468,
    "source": "luna",
    "target": "lom"
  }
}
