{
    "status": "success",
    "data": {
        "rtt_min_ms": {
            "min": 1.301,
            "average": 1.4733333333333334,
            "max": 1.757,
            "percentiles": {
                "p25": 1.301,
                "p50": 1.362,
                "p75": 1.757
            }
        },
        "rtt_avg_ms": {
            "min": 4.896,
            "average": 5.110333333333333,
            "max": 5.413,
            "percentiles": {
                "p25": 4.896,
                "p50": 5.022,
                "p75": 5.413
            }
        },
        "rtt_max_ms": {
            "min": 8.193,
            "average": 8.455333333333334,
            "max": 8.644,
            "percentiles": {
                "p25": 8.193,
                "p50": 8.529,
                "p75": 8.644
            }
        },
        "rtt_mdev_ms": {
            "min": 1.569,
            "average": 1.6313333333333333,
            "max": 1.669,
            "percentiles": {
                "p25": 1.569,
                "p50": 1.656,
                "p75": 1.669
            }
        },
        "packet_loss_percent": {
            "min": 0.0,
            "average": 0.6666666666666666,
            "max": 2.0,
            "percentiles": {
                "p25": 0.0,
                "p50": 0.0,
                "p75": 2.0
            }
        }
    },
    "meta": {
        "duration_seconds": 61.05790662765503,
        "test_attempts": 1,
        "vpn_restart_attempts": 0,
        "vpn_restart_duration_seconds": 35.0355179309845,
        "connectivity_wait_duration_seconds": 2.281122922897339,
        "source": "luna",
        "target": "lom"
    }
}