{
  "status": "success",
  "data": {
    "rtt_min_ms": {
      "min": 1.174,
      "average": 1.2963333333333333,
      "max": 1.414,
      "percentiles": {
        "p25": 1.174,
        "p50": 1.301,
        "p75": 1.414
      }
    },
    "rtt_avg_ms": {
      "min": 5.095,
      "average": 5.2156666666666665,
      "max": 5.389,
      "percentiles": {
        "p25": 5.095,
        "p50": 5.163,
        "p75": 5.389
      }
    },
    "rtt_max_ms": {
      "min": 8.537,
      "average": 9.9,
      "max": 12.085,
      "percentiles": {
        "p25": 8.537,
        "p50": 9.078,
        "p75": 12.085
      }
    },
    "rtt_mdev_ms": {
      "min": 1.638,
      "average": 1.7526666666666666,
      "max": 1.921,
      "percentiles": {
        "p25": 1.638,
        "p50": 1.699,
        "p75": 1.921
      }
    },
    "packet_loss_percent": {
      "min": 0.0,
      "average": 0.0,
      "max": 0.0,
      "percentiles": {
        "p25": 0.0,
        "p50": 0.0,
        "p75": 0.0
      }
    }
  },
  "meta": {
    "duration_seconds": 60.831706523895264,
    "test_attempts": 1,
    "vpn_restart_attempts": 0,
    "vpn_restart_duration_seconds": 36.28350615501404,
    "connectivity_wait_duration_seconds": 6.775046348571777,
    "source": "luna",
    "target": "lom"
  }
}
