{
  "status": "success",
  "data": {
    "bitrate_kbps": {
      "min": 1915.1,
      "average": 1989.2,
      "max": 2014.1,
      "percentiles": {
        "p25": 1982.4,
        "p50": 1989.9,
        "p75": 1998.35
      }
    },
    "fps": {
      "min": 31.0,
      "average": 32.13793103448276,
      "max": 45.0,
      "percentiles": {
        "p25": 31.0,
        "p50": 31.0,
        "p75": 32.0
      }
    },
    "dropped_frames": {
      "min": 15.0,
      "average": 15.0,
      "max": 15.0,
      "percentiles": {
        "p25": 15.0,
        "p50": 15.0,
        "p75": 15.0
      }
    }
  },
  "meta": {
    "duration_seconds": 31.55344033241272,
    "test_attempts": 1,
    "vpn_restart_attempts": 0,
    "vpn_restart_duration_seconds": 38.4561333656311,
    "connectivity_wait_duration_seconds": 4.19176983833313,
    "source": "luna",
    "target": "lom"
  }
}
