{
  "status": "success",
  "data": {
    "rtt_min_ms": {
      "min": 1.785,
      "average": 2.1176666666666666,
      "max": 2.752,
      "percentiles": {
        "p25": 1.785,
        "p50": 1.816,
        "p75": 2.752
      }
    },
    "rtt_avg_ms": {
      "min": 4.922,
      "average": 5.203,
      "max": 5.497,
      "percentiles": {
        "p25": 4.922,
        "p50": 5.19,
        "p75": 5.497
      }
    },
    "rtt_max_ms": {
      "min": 8.855,
      "average": 9.982666666666667,
      "max": 11.074,
      "percentiles": {
        "p25": 8.855,
        "p50": 10.019,
        "p75": 11.074
      }
    },
    "rtt_mdev_ms": {
      "min": 1.576,
      "average": 1.641,
      "max": 1.716,
      "percentiles": {
        "p25": 1.576,
        "p50": 1.631,
        "p75": 1.716
      }
    },
    "packet_loss_percent": {
      "min": 0.0,
      "average": 0.6666666666666666,
      "max": 1.0,
      "percentiles": {
        "p25": 0.0,
        "p50": 1.0,
        "p75": 1.0
      }
    }
  },
  "meta": {
    "duration_seconds": 60.958038568496704,
    "test_attempts": 1,
    "vpn_restart_attempts": 0
  }
}
