{
    "status": "success",
    "data": {
        "rtt_min_ms": {
            "min": 1.776,
            "average": 1.929,
            "max": 2.123,
            "percentiles": {
                "p25": 1.776,
                "p50": 1.888,
                "p75": 2.123
            }
        },
        "rtt_avg_ms": {
            "min": 5.177,
            "average": 5.257333333333333,
            "max": 5.355,
            "percentiles": {
                "p25": 5.177,
                "p50": 5.24,
                "p75": 5.355
            }
        },
        "rtt_max_ms": {
            "min": 8.915,
            "average": 9.699333333333334,
            "max": 11.208,
            "percentiles": {
                "p25": 8.915,
                "p50": 8.975,
                "p75": 11.208
            }
        },
        "rtt_mdev_ms": {
            "min": 1.486,
            "average": 1.55,
            "max": 1.671,
            "percentiles": {
                "p25": 1.486,
                "p50": 1.493,
                "p75": 1.671
            }
        },
        "packet_loss_percent": {
            "min": 0.0,
            "average": 1.0,
            "max": 2.0,
            "percentiles": {
                "p25": 0.0,
                "p50": 1.0,
                "p75": 2.0
            }
        }
    },
    "meta": {
        "duration_seconds": 61.213961601257324,
        "test_attempts": 1,
        "vpn_restart_attempts": 0,
        "vpn_restart_duration_seconds": 6.875702142715454,
        "connectivity_wait_duration_seconds": 16.18566870689392,
        "source": "lom",
        "target": "yuki"
    }
}