{
    "status": "success",
    "data": {
        "rtt_min_ms": {
            "min": 1.477,
            "average": 1.7753333333333332,
            "max": 2.183,
            "percentiles": {
                "p25": 1.477,
                "p50": 1.666,
                "p75": 2.183
            }
        },
        "rtt_avg_ms": {
            "min": 5.182,
            "average": 5.291333333333333,
            "max": 5.353,
            "percentiles": {
                "p25": 5.182,
                "p50": 5.339,
                "p75": 5.353
            }
        },
        "rtt_max_ms": {
            "min": 8.813,
            "average": 9.950666666666667,
            "max": 12.177,
            "percentiles": {
                "p25": 8.813,
                "p50": 8.862,
                "p75": 12.177
            }
        },
        "rtt_mdev_ms": {
            "min": 1.633,
            "average": 1.709,
            "max": 1.795,
            "percentiles": {
                "p25": 1.633,
                "p50": 1.699,
                "p75": 1.795
            }
        },
        "packet_loss_percent": {
            "min": 0.0,
            "average": 0.0,
            "max": 0.0,
            "percentiles": {
                "p25": 0.0,
                "p50": 0.0,
                "p75": 0.0
            }
        }
    },
    "meta": {
        "duration_seconds": 60.847482442855835,
        "test_attempts": 1,
        "vpn_restart_attempts": 0,
        "vpn_restart_duration_seconds": 6.849802017211914,
        "connectivity_wait_duration_seconds": 2.3618454933166504,
        "source": "lom",
        "target": "yuki"
    }
}