{
  "status": "success",
  "data": {
    "total_bandwidth_mbps": {
      "min": 90.41999999999999,
      "average": 93.27966666666667,
      "max": 96.57,
      "percentiles": {
        "p25": 92.12000000000002,
        "p50": 93.315,
        "p75": 94.19
      }
    },
    "cpu_usage_percent": {
      "min": 2.04,
      "average": 5.444916666666667,
      "max": 21.65,
      "percentiles": {
        "p25": 4.04,
        "p50": 4.44,
        "p75": 6.0
      }
    },
    "ttfb_ms": {
      "min": 23.0,
      "average": 29.5,
      "max": 41.0,
      "percentiles": {
        "p25": 23.25,
        "p50": 25.5,
        "p75": 38.5
      }
    },
    "conn_time_ms": {
      "min": 20.0,
      "average": 26.625,
      "max": 38.0,
      "percentiles": {
        "p25": 21.0,
        "p50": 22.0,
        "p75": 35.75
      }
    }
  },
  "meta": {
    "duration_seconds": 31.490885972976685,
    "test_attempts": 1,
    "vpn_restart_attempts": 0,
    "vpn_restart_duration_seconds": 7.141453981399536,
    "connectivity_wait_duration_seconds": 2.4102108478546143,
    "source": "lom",
    "target": "yuki"
  }
}
