{
  "status": "success",
  "data": {
    "bitrate_kbps": {
      "min": 1908.1,
      "average": 1988.8586206896553,
      "max": 2013.2,
      "percentiles": {
        "p25": 1982.25,
        "p50": 1989.9,
        "p75": 1998.25
      }
    },
    "fps": {
      "min": 31.0,
      "average": 32.13793103448276,
      "max": 45.0,
      "percentiles": {
        "p25": 31.0,
        "p50": 31.0,
        "p75": 32.0
      }
    },
    "dropped_frames": {
      "min": 15.0,
      "average": 15.0,
      "max": 15.0,
      "percentiles": {
        "p25": 15.0,
        "p50": 15.0,
        "p75": 15.0
      }
    }
  },
  "meta": {
    "duration_seconds": 31.291271924972534,
    "test_attempts": 1,
    "vpn_restart_attempts": 0,
    "vpn_restart_duration_seconds": 5.7560341358184814,
    "connectivity_wait_duration_seconds": 1.9068224430084229,
    "source": "lom",
    "target": "yuki"
  }
}
