{
  "status": "success",
  "data": {
    "total_bandwidth_mbps": {
      "min": 2.79424,
      "average": 3.2467303333333333,
      "max": 3.9219,
      "percentiles": {
        "p25": 3.11065,
        "p50": 3.19705,
        "p75": 3.3556125000000003
      }
    },
    "cpu_usage_percent": {
      "min": 0.0,
      "average": 1.736875,
      "max": 69.0,
      "percentiles": {
        "p25": 1.0,
        "p50": 1.03,
        "p75": 2.02
      }
    },
    "ttfb_ms": {
      "min": 63.0,
      "average": 153.125,
      "max": 296.0,
      "percentiles": {
        "p25": 85.5,
        "p50": 141.5,
        "p75": 231.25
      }
    },
    "conn_time_ms": {
      "min": 50.0,
      "average": 94.75,
      "max": 185.0,
      "percentiles": {
        "p25": 57.25,
        "p50": 67.5,
        "p75": 140.75
      }
    }
  },
  "meta": {
    "duration_seconds": 32.4866509437561,
    "test_attempts": 1,
    "vpn_restart_attempts": 0,
    "vpn_restart_duration_seconds": 3.734386682510376,
    "connectivity_wait_duration_seconds": 2.1109964847564697,
    "source": "yuki",
    "target": "luna"
  }
}
