{
    "status": "success",
    "data": {
        "rtt_min_ms": {
            "min": 0.952,
            "average": 1.0916666666666666,
            "max": 1.165,
            "percentiles": {
                "p25": 0.952,
                "p50": 1.158,
                "p75": 1.165
            }
        },
        "rtt_avg_ms": {
            "min": 9.965,
            "average": 10.282,
            "max": 10.463,
            "percentiles": {
                "p25": 9.965,
                "p50": 10.418,
                "p75": 10.463
            }
        },
        "rtt_max_ms": {
            "min": 20.997,
            "average": 21.464666666666666,
            "max": 22.329,
            "percentiles": {
                "p25": 20.997,
                "p50": 21.068,
                "p75": 22.329
            }
        },
        "rtt_mdev_ms": {
            "min": 4.863,
            "average": 5.291333333333333,
            "max": 5.699,
            "percentiles": {
                "p25": 4.863,
                "p50": 5.312,
                "p75": 5.699
            }
        },
        "packet_loss_percent": {
            "min": 1.0,
            "average": 3.0,
            "max": 4.0,
            "percentiles": {
                "p25": 1.0,
                "p50": 4.0,
                "p75": 4.0
            }
        }
    },
    "meta": {
        "duration_seconds": 61.46567630767822,
        "test_attempts": 1,
        "vpn_restart_attempts": 0,
        "vpn_restart_duration_seconds": 1.95084547996521,
        "connectivity_wait_duration_seconds": 2.3618249893188477,
        "source": "lom",
        "target": "yuki"
    }
}