{
    "status": "success",
    "data": {
        "encoding": {
            "bitrate_kbps": {
                "min": 3301.8,
                "average": 3348.2241379310344,
                "max": 3491.1,
                "percentiles": {
                    "p25": 3322.2,
                    "p50": 3334.9,
                    "p75": 3357.3500000000004
                }
            },
            "fps": {
                "min": 31.0,
                "average": 32.13793103448276,
                "max": 45.0,
                "percentiles": {
                    "p25": 31.0,
                    "p50": 31.0,
                    "p75": 32.0
                }
            },
            "dropped_frames": {
                "min": 15.0,
                "average": 15.0,
                "max": 15.0,
                "percentiles": {
                    "p25": 15.0,
                    "p50": 15.0,
                    "p75": 15.0
                }
            }
        },
        "network": {
            "packets_dropped": {
                "min": 0.0,
                "average": 1790.258064516129,
                "max": 55498.0,
                "percentiles": {
                    "p25": 0.0,
                    "p50": 0.0,
                    "p75": 0.0
                }
            },
            "packets_recovered": {
                "min": 0.0,
                "average": 52.41935483870968,
                "max": 128.0,
                "percentiles": {
                    "p25": 37.0,
                    "p50": 48.0,
                    "p75": 69.0
                }
            },
            "rtt_ms": {
                "min": 5.61808932408561,
                "average": 12.546088803739128,
                "max": 15.380585956772194,
                "percentiles": {
                    "p25": 12.057301371582133,
                    "p50": 12.871379890695318,
                    "p75": 13.500601983670654
                }
            },
            "quality": {
                "min": 79.0,
                "average": 86.3225806451613,
                "max": 100.0,
                "percentiles": {
                    "p25": 82.0,
                    "p50": 86.0,
                    "p75": 89.0
                }
            },
            "bitrate_bps": {
                "min": 0.0,
                "average": 3152400.0967741935,
                "max": 5184586.0,
                "percentiles": {
                    "p25": 2878772.0,
                    "p50": 3515667.0,
                    "p75": 3605114.0
                }
            }
        }
    },
    "meta": {
        "duration_seconds": 31.68372344970703,
        "test_attempts": 1,
        "vpn_restart_attempts": 0,
        "vpn_restart_duration_seconds": 1.7510526180267334,
        "connectivity_wait_duration_seconds": 2.322030782699585,
        "source": "lom",
        "target": "yuki"
    }
}