{
    "status": "success",
    "data": {
        "total_bandwidth_mbps": {
            "min": 401.39,
            "average": 410.605,
            "max": 417.6,
            "percentiles": {
                "p25": 409.25749999999994,
                "p50": 410.04,
                "p75": 413.5775
            }
        },
        "cpu_usage_percent": {
            "min": 59.09,
            "average": 68.73225,
            "max": 76.54,
            "percentiles": {
                "p25": 63.557500000000005,
                "p50": 70.69,
                "p75": 72.41
            }
        },
        "ttfb_ms": {
            "min": 26.0,
            "average": 30.25,
            "max": 35.0,
            "percentiles": {
                "p25": 26.75,
                "p50": 30.0,
                "p75": 34.0
            }
        },
        "conn_time_ms": {
            "min": 25.0,
            "average": 29.0,
            "max": 34.0,
            "percentiles": {
                "p25": 25.5,
                "p50": 28.5,
                "p75": 33.0
            }
        }
    }
}