{
  "status": "success",
  "data": {
    "start": {
      "connected": [
        {
          "socket": 7,
          "local_host": "fd00:6879:7072:7370:6163:6500:9ace:5589",
          "local_port": 35794,
          "remote_host": "fd00:6879:7072:7370:6163:6500:ff35:bab1",
          "remote_port": 5201
        },
        {
          "socket": 9,
          "local_host": "fd00:6879:7072:7370:6163:6500:9ace:5589",
          "local_port": 35806,
          "remote_host": "fd00:6879:7072:7370:6163:6500:ff35:bab1",
          "remote_port": 5201
        }
      ],
      "version": "iperf 3.18",
      "system_info": "Linux luna 6.12.21 #1-NixOS SMP PREEMPT_DYNAMIC Fri Mar 28 21:03:33 UTC 2025 x86_64",
      "timestamp": {
        "time": "Wed, 09 Apr 2025 10:04:19 GMT",
        "timesecs": 1744193059
      },
      "connecting_to": {
        "host": "vpn.milo",
        "port": 5201
      },
      "cookie": "sdhgomqbchd7insbkgyfo6akibcqohvyjfxc",
      "tcp_mss_default": 1348,
      "target_bitrate": 0,
      "fq_rate": 0,
      "sock_bufsize": 0,
      "sndbuf_actual": 16384,
      "rcvbuf_actual": 131072,
      "test_start": {
        "protocol": "TCP",
        "num_streams": 1,
        "blksize": 131072,
        "omit": 0,
        "duration": 10,
        "bytes": 0,
        "blocks": 0,
        "reverse": 0,
        "tos": 0,
        "target_bitrate": 0,
        "bidir": 1,
        "fqrate": 0,
        "interval": 1
      }
    },
    "intervals": [
      {
        "streams": [
          {
            "socket": 7,
            "start": 0,
            "end": 1.000092,
            "seconds": 1.0000920295715332,
            "bytes": 36438016,
            "bits_per_second": 291477303.4686501,
            "retransmits": 16,
            "snd_cwnd": 192764,
            "snd_wnd": 1067904,
            "rtt": 5056,
            "rttvar": 593,
            "pmtu": 1420,
            "omitted": false,
            "sender": true
          },
          {
            "socket": 9,
            "start": 0,
            "end": 1.000097,
            "seconds": 1.0000970363616943,
            "bytes": 36831232,
            "bits_per_second": 294621267.0241702,
            "omitted": false,
            "sender": false
          }
        ],
        "sum": {
          "start": 0,
          "end": 1.000092,
          "seconds": 1.0000920295715332,
          "bytes": 36438016,
          "bits_per_second": 291477303.4686501,
          "retransmits": 16,
          "omitted": false,
          "sender": true
        },
        "sum_bidir_reverse": {
          "start": 0,
          "end": 1.000092,
          "seconds": 1.0000920295715332,
          "bytes": 36831232,
          "bits_per_second": 294622741.9952902,
          "omitted": false,
          "sender": false
        }
      },
      {
        "streams": [
          {
            "socket": 7,
            "start": 1.000092,
            "end": 2.000081,
            "seconds": 0.9999889731407166,
            "bytes": 52428800,
            "bits_per_second": 419435025.05099976,
            "retransmits": 214,
            "snd_cwnd": 307344,
            "snd_wnd": 1111296,
            "rtt": 6652,
            "rttvar": 744,
            "pmtu": 1420,
            "omitted": false,
            "sender": true
          },
          {
            "socket": 9,
            "start": 1.000097,
            "end": 2.000087,
            "seconds": 0.9999899864196777,
            "bytes": 30277632,
            "bits_per_second": 242223481.52428818,
            "omitted": false,
            "sender": false
          }
        ],
        "sum": {
          "start": 1.000092,
          "end": 2.000081,
          "seconds": 0.9999889731407166,
          "bytes": 52428800,
          "bits_per_second": 419435025.05099976,
          "retransmits": 214,
          "omitted": false,
          "sender": true
        },
        "sum_bidir_reverse": {
          "start": 1.000092,
          "end": 2.000081,
          "seconds": 0.9999889731407166,
          "bytes": 30277632,
          "bits_per_second": 242223726.96695238,
          "omitted": false,
          "sender": false
        }
      },
      {
        "streams": [
          {
            "socket": 7,
            "start": 2.000081,
            "end": 3.00008,
            "seconds": 0.9999989867210388,
            "bytes": 62259200,
            "bits_per_second": 498074104.6880114,
            "retransmits": 219,
            "snd_cwnd": 401704,
            "snd_wnd": 1746944,
            "rtt": 7816,
            "rttvar": 541,
            "pmtu": 1420,
            "omitted": false,
            "sender": true
          },
          {
            "socket": 9,
            "start": 2.000087,
            "end": 3.000087,
            "seconds": 1,
            "bytes": 24772608,
            "bits_per_second": 198180864,
            "omitted": false,
            "sender": false
          }
        ],
        "sum": {
          "start": 2.000081,
          "end": 3.00008,
          "seconds": 0.9999989867210388,
          "bytes": 62259200,
          "bits_per_second": 498074104.6880114,
          "retransmits": 219,
          "omitted": false,
          "sender": true
        },
        "sum_bidir_reverse": {
          "start": 2.000081,
          "end": 3.00008,
          "seconds": 0.9999989867210388,
          "bytes": 24772608,
          "bits_per_second": 198181064.8127035,
          "omitted": false,
          "sender": false
        }
      },
      {
        "streams": [
          {
            "socket": 7,
            "start": 3.00008,
            "end": 4.000079,
            "seconds": 0.9999989867210388,
            "bytes": 64094208,
            "bits_per_second": 512754183.5630265,
            "retransmits": 264,
            "snd_cwnd": 446188,
            "snd_wnd": 1706496,
            "rtt": 5558,
            "rttvar": 844,
            "pmtu": 1420,
            "omitted": false,
            "sender": true
          },
          {
            "socket": 9,
            "start": 3.000087,
            "end": 4.000086,
            "seconds": 0.9999989867210388,
            "bytes": 23986176,
            "bits_per_second": 191889602.437697,
            "omitted": false,
            "sender": false
          }
        ],
        "sum": {
          "start": 3.00008,
          "end": 4.000079,
          "seconds": 0.9999989867210388,
          "bytes": 64094208,
          "bits_per_second": 512754183.5630265,
          "retransmits": 264,
          "omitted": false,
          "sender": true
        },
        "sum_bidir_reverse": {
          "start": 3.00008,
          "end": 4.000079,
          "seconds": 0.9999989867210388,
          "bytes": 23986176,
          "bits_per_second": 191889602.437697,
          "omitted": false,
          "sender": false
        }
      },
      {
        "streams": [
          {
            "socket": 7,
            "start": 4.000079,
            "end": 5.000077,
            "seconds": 0.9999979734420776,
            "bytes": 59506688,
            "bits_per_second": 476054468.75195515,
            "retransmits": 100,
            "snd_cwnd": 389572,
            "snd_wnd": 2389376,
            "rtt": 6292,
            "rttvar": 1269,
            "pmtu": 1420,
            "omitted": false,
            "sender": true
          },
          {
            "socket": 9,
            "start": 4.000086,
            "end": 5.000084,
            "seconds": 0.9999979734420776,
            "bytes": 27525120,
            "bits_per_second": 220201406.25090435,
            "omitted": false,
            "sender": false
          }
        ],
        "sum": {
          "start": 4.000079,
          "end": 5.000077,
          "seconds": 0.9999979734420776,
          "bytes": 59506688,
          "bits_per_second": 476054468.75195515,
          "retransmits": 100,
          "omitted": false,
          "sender": true
        },
        "sum_bidir_reverse": {
          "start": 4.000079,