{
    "status": "success",
    "data": {
        "rtt_min_ms": {
            "min": 1.103,
            "average": 1.1583333333333332,
            "max": 1.2,
            "percentiles": {
                "p25": 1.103,
                "p50": 1.172,
                "p75": 1.2
            }
        },
        "rtt_avg_ms": {
            "min": 15.217,
            "average": 15.971333333333334,
            "max": 16.357,
            "percentiles": {
                "p25": 15.217,
                "p50": 16.34,
                "p75": 16.357
            }
        },
        "rtt_max_ms": {
            "min": 39.659,
            "average": 41.159,
            "max": 42.748,
            "percentiles": {
                "p25": 39.659,
                "p50": 41.07,
                "p75": 42.748
            }
        },
        "rtt_mdev_ms": {
            "min": 9.096,
            "average": 9.586666666666666,
            "max": 10.109,
            "percentiles": {
                "p25": 9.096,
                "p50": 9.555,
                "p75": 10.109
            }
        },
        "packet_loss_percent": {
            "min": 1.0,
            "average": 3.6666666666666665,
            "max": 6.0,
            "percentiles": {
                "p25": 1.0,
                "p50": 4.0,
                "p75": 6.0
            }
        }
    },
    "meta": {
        "duration_seconds": 61.616761207580566,
        "test_attempts": 1,
        "vpn_restart_attempts": 0,
        "vpn_restart_duration_seconds": 6.914306640625,
        "connectivity_wait_duration_seconds": 4.90123438835144,
        "source": "lom",
        "target": "yuki"
    }
}