{
  "status": "success",
  "data": {
    "rtt_min_ms": {
      "min": 1.039,
      "average": 1.1016666666666666,
      "max": 1.163,
      "percentiles": {
        "p25": 1.039,
        "p50": 1.103,
        "p75": 1.163
      }
    },
    "rtt_avg_ms": {
      "min": 13.723,
      "average": 15.491666666666667,
      "max": 16.798,
      "percentiles": {
        "p25": 13.723,
        "p50": 15.954,
        "p75": 16.798
      }
    },
    "rtt_max_ms": {
      "min": 36.436,
      "average": 39.623666666666665,
      "max": 42.23,
      "percentiles": {
        "p25": 36.436,
        "p50": 40.205,
        "p75": 42.23
      }
    },
    "rtt_mdev_ms": {
      "min": 9.069,
      "average": 9.649333333333333,
      "max": 10.311,
      "percentiles": {
        "p25": 9.069,
        "p50": 9.568,
        "p75": 10.311
      }
    },
    "packet_loss_percent": {
      "min": 3.0,
      "average": 4.666666666666667,
      "max": 8.0,
      "percentiles": {
        "p25": 3.0,
        "p50": 3.0,
        "p75": 8.0
      }
    }
  },
  "meta": {
    "duration_seconds": 61.657591819763184,
    "test_attempts": 1,
    "vpn_restart_attempts": 0,
    "vpn_restart_duration_seconds": 5.096859931945801,
    "connectivity_wait_duration_seconds": 18.840165853500366,
    "source": "lom",
    "target": "yuki"
  }
}
