{
    "status": "success",
    "data": {
        "total_bandwidth_mbps": {
            "min": 21.762999999999998,
            "average": 23.054233333333332,
            "max": 24.823999999999998,
            "percentiles": {
                "p25": 22.4675,
                "p50": 22.896,
                "p75": 23.4345
            }
        },
        "cpu_usage_percent": {
            "min": 1.01,
            "average": 6.514958333333333,
            "max": 26.04,
            "percentiles": {
                "p25": 4.050000000000001,
                "p50": 6.12,
                "p75": 8.08
            }
        },
        "ttfb_ms": {
            "min": 47.0,
            "average": 104.125,
            "max": 146.0,
            "percentiles": {
                "p25": 92.75,
                "p50": 98.5,
                "p75": 135.5
            }
        },
        "conn_time_ms": {
            "min": 32.0,
            "average": 93.375,
            "max": 133.0,
            "percentiles": {
                "p25": 80.5,
                "p50": 90.0,
                "p75": 122.5
            }
        }
    },
    "meta": {
        "duration_seconds": 32.44239091873169,
        "test_attempts": 1,
        "vpn_restart_attempts": 0,
        "vpn_restart_duration_seconds": 4.9583353996276855,
        "connectivity_wait_duration_seconds": 5.200084447860718,
        "source": "lom",
        "target": "yuki"
    }
}