{
    "status": "success",
    "data": {
        "bitrate_kbps": {
            "min": 1903.1,
            "average": 1987.2172413793103,
            "max": 2009.3,
            "percentiles": {
                "p25": 1981.3000000000002,
                "p50": 1989.1,
                "p75": 1996.6
            }
        },
        "fps": {
            "min": 31.0,
            "average": 32.13793103448276,
            "max": 45.0,
            "percentiles": {
                "p25": 31.0,
                "p50": 31.0,
                "p75": 32.0
            }
        },
        "dropped_frames": {
            "min": 15.0,
            "average": 15.0,
            "max": 15.0,
            "percentiles": {
                "p25": 15.0,
                "p50": 15.0,
                "p75": 15.0
            }
        }
    },
    "meta": {
        "duration_seconds": 32.16989731788635,
        "test_attempts": 1,
        "vpn_restart_attempts": 0,
        "vpn_restart_duration_seconds": 7.3580896854400635,
        "connectivity_wait_duration_seconds": 3.391313076019287,
        "source": "lom",
        "target": "yuki"
    }
}