{
  "status": "success",
  "data": {
    "Tinc": {
      "status": "success",
      "data": {
        "mean_seconds": {
          "min": 30.1899593001,
          "average": 30.901598639793335,
          "max": 31.45923898902,
          "percentiles": {
            "p25": 30.901598639793335,
            "p50": 30.901598639793335,
            "p75": 30.901598639793335
          }
        },
        "stddev_seconds": {
          "min": 0.3044412233450301,
          "average": 1.2678327614050835,
          "max": 1.8704345400006535,
          "percentiles": {
            "p25": 1.2678327614050835,
            "p50": 1.2678327614050835,
            "p75": 1.2678327614050835
          }
        },
        "min_seconds": {
          "min": 29.0383492716,
          "average": 30.005105496793334,
          "max": 31.243966535520002,
          "percentiles": {
            "p25": 30.005105496793334,
            "p50": 30.005105496793334,
            "p75": 30.005105496793334
          }
        },
        "max_seconds": {
          "min": 31.341569328600002,
          "average": 31.798091782793335,
          "max": 32.378194577260004,
          "percentiles": {
            "p25": 31.798091782793335,
            "p50": 31.798091782793335,
            "p75": 31.798091782793335
          }
        }
      }
    },
    "Nebula": {
      "status": "success",
      "data": {
        "mean_seconds": {
          "min": 30.701128945599997,
          "average": 30.774591505026667,
          "max": 30.83437923552,
          "percentiles": {
            "p25": 30.774591505026667,
            "p50": 30.774591505026667,
            "p75": 30.774591505026667
          }
        },
        "stddev_seconds": {
          "min": 0.08283860664114483,
          "average": 0.37704887143911464,
          "max": 0.7799885917859628,
          "percentiles": {
            "p25": 0.37704887143911464,
            "p50": 0.37704887143911464,
            "p75": 0.37704887143911464
          }
        },
        "min_seconds": {
          "min": 30.28284401302,
          "average": 30.507977691193336,
          "max": 30.6425532051,
          "percentiles": {
            "p25": 30.507977691193336,
            "p50": 30.507977691193336,
            "p75": 30.507977691193336
          }
        },
        "max_seconds": {
          "min": 30.759704686099997,
          "average": 31.04120531886,
          "max": 31.38591445802,
          "percentiles": {
            "p25": 31.04120531886,
            "p50": 31.04120531886,
            "p75": 31.04120531886
          }
        }
      }
    },
    "Headscale": {
      "status": "success",
      "data": {
        "mean_seconds": {
          "min": 12.93524050292,
          "average": 13.45462488986,
          "max": 14.0332348414,
          "percentiles": {
            "p25": 13.45462488986,
            "p50": 13.45462488986,
            "p75": 13.45462488986
          }
        },
        "stddev_seconds": {
          "min": 0.33009233712669284,
          "average": 0.7811753578525037,
          "max": 1.0791325402360838,
          "percentiles": {
            "p25": 0.7811753578525037,
            "p50": 0.7811753578525037,
            "p75": 0.7811753578525037
          }
        },
        "min_seconds": {
          "min": 12.27458979142,
          "average": 12.902250497026667,
          "max": 13.7998243114,
          "percentiles": {
            "p25": 12.902250497026667,
            "p50": 12.902250497026667,
            "p75": 12.902250497026667
          }
        },
        "max_seconds": {
          "min": 13.59589121442,
          "average": 14.006999282693334,
          "max": 14.266645371400001,
          "percentiles": {
            "p25": 14.006999282693334,
            "p50": 14.006999282693334,
            "p75": 14.006999282693334
          }
        }
      }
    }
  }
}
