{
    "status": "success",
    "data": {
        "Tinc": {
            "status": "success",
            "data": {
                "total_throughput_mbps": {
                    "min": 165.75681473986106,
                    "average": 165.75681473986106,
                    "max": 165.75681473986106,
                    "percentiles": {
                        "p25": 165.75681473986106,
                        "p50": 165.75681473986106,
                        "p75": 165.75681473986106
                    }
                },
                "avg_throughput_mbps": {
                    "min": 55.252271579953685,
                    "average": 55.252271579953685,
                    "max": 55.252271579953685,
                    "percentiles": {
                        "p25": 55.252271579953685,
                        "p50": 55.252271579953685,
                        "p75": 55.252271579953685
                    }
                },
                "total_retransmits": {
                    "min": 7675.0,
                    "average": 7675.0,
                    "max": 7675.0,
                    "percentiles": {
                        "p25": 7675.0,
                        "p50": 7675.0,
                        "p75": 7675.0
                    }
                }
            }
        },
        "Mycelium": {
            "status": "success",
            "data": {
                "total_throughput_mbps": {
                    "min": 23.55668826390894,
                    "average": 23.55668826390894,
                    "max": 23.55668826390894,
                    "percentiles": {
                        "p25": 23.55668826390894,
                        "p50": 23.55668826390894,
                        "p75": 23.55668826390894
                    }
                },
                "avg_throughput_mbps": {
                    "min": 7.8522294213029795,
                    "average": 7.8522294213029795,
                    "max": 7.8522294213029795,
                    "percentiles": {
                        "p25": 7.8522294213029795,
                        "p50": 7.8522294213029795,
                        "p75": 7.8522294213029795
                    }
                },
                "total_retransmits": {
                    "min": 1443.0,
                    "average": 1443.0,
                    "max": 1443.0,
                    "percentiles": {
                        "p25": 1443.0,
                        "p50": 1443.0,
                        "p75": 1443.0
                    }
                }
            }
        },
        "Headscale": {
            "status": "success",
            "data": {
                "total_throughput_mbps": {
                    "min": 669.9951325095457,
                    "average": 669.9951325095457,
                    "max": 669.9951325095457,
                    "percentiles": {
                        "p25": 669.9951325095457,
                        "p50": 669.9951325095457,
                        "p75": 669.9951325095457
                    }
                },
                "avg_throughput_mbps": {
                    "min": 223.3317108365152,
                    "average": 223.3317108365152,
                    "max": 223.3317108365152,
                    "percentiles": {
                        "p25": 223.3317108365152,
                        "p50": 223.3317108365152,
                        "p75": 223.3317108365152
                    }
                },
                "total_retransmits": {
                    "min": 17475.0,
                    "average": 17475.0,
                    "max": 17475.0,
                    "percentiles": {
                        "p25": 17475.0,
                        "p50": 17475.0,
                        "p75": 17475.0
                    }
                }
            }
        },
        "Hyprspace": {
            "status": "success",
            "data": {
                "total_throughput_mbps": {
                    "min": 14.574638335582602,
                    "average": 14.574638335582602,
                    "max": 14.574638335582602,
                    "percentiles": {
                        "p25": 14.574638335582602,
                        "p50": 14.574638335582602,
                        "p75": 14.574638335582602
                    }
                },
                "avg_throughput_mbps": {
                    "min": 4.858212778527534,
                    "average": 4.858212778527534,
                    "max": 4.858212778527534,
                    "percentiles": {
                        "p25": 4.858212778527534,
                        "p50": 4.858212778527534,
                        "p75": 4.858212778527534
                    }
                },
                "total_retransmits": {
                    "min": 2139.0,
                    "average": 2139.0,
                    "max": 2139.0,
                    "percentiles": {
                        "p25": 2139.0,
                        "p50": 2139.0,
                        "p75": 2139.0
                    }
                }
            }
        },
        "Zerotier": {
            "status": "success",
            "data": {
                "total_throughput_mbps": {
                    "min": 175.1938035637419,
                    "average": 175.1938035637419,
                    "max": 175.1938035637419,
                    "percentiles": {
                        "p25": 175.1938035637419,
                        "p50": 175.1938035637419,
                        "p75": 175.1938035637419
                    }
                },
                "avg_throughput_mbps": {
                    "min": 58.3979345212473,
                    "average": 58.3979345212473,
                    "max": 58.3979345212473,
                    "percentiles": {
                        "p25": 58.3979345212473,
                        "p50": 58.3979345212473,
                        "p75": 58.3979345212473
                    }
                },
                "total_retransmits": {
                    "min": 5913.0,
                    "average": 5913.0,
                    "max": 5913.0,
                    "percentiles": {
                        "p25": 5913.0,
                        "p50": 5913.0,
                        "p75": 5913.0
                    }
                }
            }
        },
        "VpnCloud": {
            "status": "success",
            "data": {
                "total_throughput_mbps": {
                    "min": 172.90376360868552,
                    "average": 172.90376360868552,
                    "max": 172.90376360868552,
                    "percentiles": {
                        "p25": 172.90376360868552,
                        "p50": 172.90376360868552,
                        "p75": 172.90376360868552
                    }
                },
                "avg_throughput_mbps": {
                    "min": 57.63458786956184,
                    "average": 57.63458786956184,
                    "max": 57.63458786956184,
                    "percentiles": {
                        "p25": 57.63458786956184,
                        "p50": 57.63458786956184,
                        "p75": 57.63458786956184
                    }
                },
                "total_retransmits": {
                    "min": 7872.0,
                    "average": 7872.0,
                    "max": 7872.0,
                    "percentiles": {
                        "p25": 7872.0,
                        "p50": 7872.0,
                        "p75": 7872.0
                    }
                }
            }
        },
        "Nebula": {
            "status": "success",
            "data": {
                "total_throughput_mbps": {
                    "min": 104.22552791749733,
                    "average": 104.22552791749733,
                    "max": 104.22552791749733,