{
  "status": "success",
  "data": {
    "Tinc": {
      "status": "success",
      "data": {
        "rtt_min_ms": {
          "min": 1.281,
          "average": 1.6363333333333332,
          "max": 2.163,
          "percentiles": {
            "p25": 1.4789999999999999,
            "p50": 1.5336666666666665,
            "p75": 1.8963333333333332
          }
        },
        "rtt_avg_ms": {
          "min": 4.91,
          "average": 5.3133333333333335,
          "max": 5.634,
          "percentiles": {
            "p25": 5.095666666666666,
            "p50": 5.289,
            "p75": 5.5553333333333335
          }
        },
        "rtt_max_ms": {
          "min": 8.607,
          "average": 8.94688888888889,
          "max": 9.126,
          "percentiles": {
            "p25": 8.713,
            "p50": 9.031333333333333,
            "p75": 9.096333333333334
          }
        },
        "rtt_mdev_ms": {
          "min": 1.552,
          "average": 1.7015555555555555,
          "max": 1.806,
          "percentiles": {
            "p25": 1.6346666666666667,
            "p50": 1.6866666666666668,
            "p75": 1.7833333333333334
          }
        },
        "packet_loss_percent": {
          "min": 0.0,
          "average": 0.2222222222222222,
          "max": 1.0,
          "percentiles": {
            "p25": 0.0,
            "p50": 0.0,
            "p75": 0.6666666666666666
          }
        }
      }
    },
    "Mycelium": {
      "status": "success",
      "data": {
        "rtt_min_ms": {
          "min": 1.815,
          "average": 13.168111111111111,
          "max": 51.783,
          "percentiles": {
            "p25": 2.0123333333333333,
            "p50": 18.683666666666667,
            "p75": 18.808333333333334
          }
        },
        "rtt_avg_ms": {
          "min": 5.452,
          "average": 19.615,
          "max": 55.85,
          "percentiles": {
            "p25": 13.364666666666666,
            "p50": 22.563000000000002,
            "p75": 22.917333333333335
          }
        },
        "rtt_max_ms": {
          "min": 8.641,
          "average": 42.21922222222222,
          "max": 107.321,
          "percentiles": {
            "p25": 26.081666666666667,
            "p50": 45.78733333333333,
            "p75": 54.788666666666664
          }
        },
        "rtt_mdev_ms": {
          "min": 1.654,
          "average": 5.613333333333333,
          "max": 24.509,
          "percentiles": {
            "p25": 2.2199999999999998,
            "p50": 3.9806666666666666,
            "p75": 10.639333333333333
          }
        },
        "packet_loss_percent": {
          "min": 0.0,
          "average": 0.0,
          "max": 0.0,
          "percentiles": {
            "p25": 0.0,
            "p50": 0.0,
            "p75": 0.0
          }
        }
      }
    },
    "Hyprspace": {
      "status": "success",
      "data": {
        "rtt_min_ms": {
          "min": 1.93,
          "average": 2.3823333333333334,
          "max": 3.098,
          "percentiles": {
            "p25": 2.0813333333333333,
            "p50": 2.383,
            "p75": 2.6826666666666665
          }
        },
        "rtt_avg_ms": {
          "min": 5.47,
          "average": 5.953444444444444,
          "max": 6.557,
          "percentiles": {
            "p25": 5.717333333333333,
            "p50": 5.884333333333333,
            "p75": 6.258666666666667
          }
        },
        "rtt_max_ms": {
          "min": 8.862,
          "average": 17.08811111111111,
          "max": 45.505,
          "percentiles": {
            "p25": 9.206666666666667,
            "p50": 9.468,
            "p75": 32.589666666666666
          }
        },
        "rtt_mdev_ms": {
          "min": 1.466,
          "average": 2.3818888888888887,
          "max": 5.265,
          "percentiles": {
            "p25": 1.5826666666666667,
            "p50": 1.7596666666666667,
            "p75": 3.8033333333333332
          }
        },
        "packet_loss_percent": {
          "min": 0.0,
          "average": 0.0,
          "max": 0.0,
          "percentiles": {
            "p25": 0.0,
            "p50": 0.0,
            "p75": 0.0
          }
        }
      }
    },
    "Zerotier": {
      "status": "success",
      "data": {
        "rtt_min_ms": {
          "min": 1.644,
          "average": 1.9716666666666667,
          "max": 2.493,
          "percentiles": {
            "p25": 1.7426666666666666,
            "p50": 1.8953333333333333,
            "p75": 2.277
          }
        },
        "rtt_avg_ms": {
          "min": 4.966,
          "average": 5.360777777777778,
          "max": 5.89,
          "percentiles": {
            "p25": 5.207333333333334,
            "p50": 5.3806666666666665,
            "p75": 5.4943333333333335
          }
        },
        "rtt_max_ms": {
          "min": 8.548,
          "average": 9.385777777777777,
          "max": 11.208,
          "percentiles": {
            "p25": 8.881,
            "p50": 8.974,
            "p75": 10.302333333333333
          }
        },
        "rtt_mdev_ms": {
          "min": 1.486,
          "average": 1.5888888888888888,
          "max": 1.702,
          "percentiles": {
            "p25": 1.5336666666666667,
            "p50": 1.5516666666666667,
            "p75": 1.6813333333333333
          }
        },
        "packet_loss_percent": {
          "min": 0.0,
          "average": 0.3333333333333333,
          "max": 2.0,
          "percentiles": {
            "p25": 0.0,
            "p50": 0.3333333333333333,
            "p75": 0.6666666666666666
          }
        }
      }
    },
    "VpnCloud": {
      "status": "success",
      "data": {
        "rtt_min_ms": {
          "min": 1.174,
          "average": 1.4961111111111112,
          "max": 2.042,
          "percentiles": {
            "p25": 1.2843333333333333,
            "p50": 1.3896666666666666,
            "p75": 1.8143333333333334
          }
        },
        "rtt_avg_ms": {
          "min": 4.918,
          "average": 5.253333333333333,
          "max": 5.61,
          "percentiles": {
            "p25": 5.1273333333333335,
            "p50": 5.192333333333333,
            "p75": 5.440333333333333
          }
        },
        "rtt_max_ms": {
          "min": 8.537,
          "average": 9.674666666666667,
          "max": 12.085,
          "percentiles": {
            "p25": 8.701333333333334,
            "p50": 9.059666666666667,
            "p75": 11.263
          }
        },
        "rtt_mdev_ms": {
          "min": 1.468,
          "average": 1.6916666666666667,
          "max": 1.933,
          "percentiles": {
            "p25": 1.5406666666666666,
            "p50": 1.6496666666666666,
            "p75": 1.8846666666666667
          }
        },
        "packet_loss_percent": {
          "min": 0.0,
          "average": 0.3333333333333333,
          "max": 3.0,
          "percentiles": {
            "p25": 0.0,
            "p50": 0.0,
            "p75": 1.0
          }
        }
      }
    },
    "Nebula": {
      "status": "success",
      "data": {
        "rtt_min_ms": {
          "min": 1.279,
          "average": 1.7016666666666667,
          "max": 2.369,
          "percentiles": {
            "p25": 1.4606666666666666,
            "p50": 1.721,
            "p75": 1.9233333333333333
          }
        },
        "rtt_avg_ms": {
          "min": 5.077,
          "average": 5.294111111111111,
          "max": 5.522,
          "percentiles": {
            "p25": 5.16,
            "p50": 5.297666666666666,
            "p75": 5.424666666666667
          }
        },
        "rtt_max_ms": {
          "min": 8.289,
          "average": 8.747,
          "max": 9.171,
          "percentiles": {
            "p25": 8.414333333333333,
            "p50": 8.847333333333333,
            "p75": 8.979333333333333
          }
        },
        "rtt_mdev_ms": {
          "min": 1.421,