{
    "status": "success",
    "data": {
        "VpnCloud": {
            "status": "success",
            "data": {
                "rtt_min_ms": {
                    "min": 1.196,
                    "average": 1.5644444444444445,
                    "max": 2.136,
                    "percentiles": {
                        "p25": 1.2903333333333333,
                        "p50": 1.584,
                        "p75": 1.819
                    }
                },
                "rtt_avg_ms": {
                    "min": 4.896,
                    "average": 5.303,
                    "max": 5.904,
                    "percentiles": {
                        "p25": 5.112666666666667,
                        "p50": 5.280666666666667,
                        "p75": 5.515666666666667
                    }
                },
                "rtt_max_ms": {
                    "min": 8.193,
                    "average": 9.213555555555557,
                    "max": 11.538,
                    "percentiles": {
                        "p25": 8.638,
                        "p50": 8.959333333333333,
                        "p75": 10.043333333333333
                    }
                },
                "rtt_mdev_ms": {
                    "min": 1.569,
                    "average": 1.6808888888888889,
                    "max": 1.878,
                    "percentiles": {
                        "p25": 1.6139999999999999,
                        "p50": 1.68,
                        "p75": 1.7486666666666666
                    }
                },
                "packet_loss_percent": {
                    "min": 0.0,
                    "average": 0.5555555555555556,
                    "max": 2.0,
                    "percentiles": {
                        "p25": 0.0,
                        "p50": 0.3333333333333333,
                        "p75": 1.3333333333333333
                    }
                }
            }
        },
        "Zerotier": {
            "status": "success",
            "data": {
                "rtt_min_ms": {
                    "min": 1.437,
                    "average": 1.8248888888888888,
                    "max": 2.532,
                    "percentiles": {
                        "p25": 1.4816666666666667,
                        "p50": 1.7173333333333334,
                        "p75": 2.2756666666666665
                    }
                },
                "rtt_avg_ms": {
                    "min": 5.182,
                    "average": 5.491666666666666,
                    "max": 5.925,
                    "percentiles": {
                        "p25": 5.310333333333333,
                        "p50": 5.483,
                        "p75": 5.681666666666667
                    }
                },
                "rtt_max_ms": {
                    "min": 8.813,
                    "average": 10.320777777777778,
                    "max": 13.181,
                    "percentiles": {
                        "p25": 8.977333333333334,
                        "p50": 9.204,
                        "p75": 12.780999999999999
                    }
                },
                "rtt_mdev_ms": {
                    "min": 1.583,
                    "average": 1.6963333333333335,
                    "max": 1.828,
                    "percentiles": {
                        "p25": 1.6286666666666667,
                        "p50": 1.6736666666666666,
                        "p75": 1.7866666666666666
                    }
                },
                "packet_loss_percent": {
                    "min": 0.0,
                    "average": 0.3333333333333333,
                    "max": 2.0,
                    "percentiles": {
                        "p25": 0.0,
                        "p50": 0.3333333333333333,
                        "p75": 0.6666666666666666
                    }
                }
            }
        },
        "Yggdrasil": {
            "status": "success",
            "data": {
                "rtt_min_ms": {
                    "min": 2.231,
                    "average": 2.818,
                    "max": 3.356,
                    "percentiles": {
                        "p25": 2.5176666666666665,
                        "p50": 2.8196666666666665,
                        "p75": 3.1166666666666667
                    }
                },
                "rtt_avg_ms": {
                    "min": 5.904,
                    "average": 6.511111111111111,
                    "max": 7.012,
                    "percentiles": {
                        "p25": 6.248666666666667,
                        "p50": 6.441333333333334,
                        "p75": 6.843333333333334
                    }
                },
                "rtt_max_ms": {
                    "min": 9.278,
                    "average": 21.84111111111111,
                    "max": 58.855,
                    "percentiles": {
                        "p25": 9.791,
                        "p50": 18.736666666666665,
                        "p75": 36.995666666666665
                    }
                },
                "rtt_mdev_ms": {
                    "min": 1.512,
                    "average": 2.5075555555555553,
                    "max": 5.461,
                    "percentiles": {
                        "p25": 1.573,
                        "p50": 2.239,
                        "p75": 3.7106666666666666
                    }
                },
                "packet_loss_percent": {
                    "min": 0.0,
                    "average": 0.0,
                    "max": 0.0,
                    "percentiles": {
                        "p25": 0.0,
                        "p50": 0.0,
                        "p75": 0.0
                    }
                }
            }
        },
        "Mycelium": {
            "status": "success",
            "data": {
                "rtt_min_ms": {
                    "min": 1.567,
                    "average": 18.554444444444442,
                    "max": 51.41,
                    "percentiles": {
                        "p25": 18.318666666666665,
                        "p50": 18.578333333333333,
                        "p75": 18.766333333333332
                    }
                },
                "rtt_avg_ms": {
                    "min": 5.373,
                    "average": 22.826999999999998,
                    "max": 58.444,
                    "percentiles": {
                        "p25": 22.039666666666665,
                        "p50": 22.366333333333333,
                        "p75": 24.075
                    }
                },
                "rtt_max_ms": {
                    "min": 9.365,
                    "average": 77.00255555555556,
                    "max": 285.632,
                    "percentiles": {
                        "p25": 25.80366666666667,
                        "p50": 34.120666666666665,
                        "p75": 171.08333333333334
                    }
                },
                "rtt_mdev_ms": {
                    "min": 1.574,
                    "average": 6.480888888888889,
                    "max": 24.379,
                    "percentiles": {
                        "p25": 1.6163333333333334,
                        "p50": 2.171333333333333,
                        "p75": 15.655
                    }
                },
                "packet_loss_percent": {
                    "min": 0.0,
                    "average": 0.0,
                    "max": 0.0,
                    "percentiles": {
                        "p25": 0.0,
                        "p50": 0.0,
                        "p75": 0.0
                    }
                }
            }
        },
        "Easytier": {
            "status": "success",
            "data": {
                "rtt_min_ms": {
                    "min": 1.528,
                    "average": 1.8447222222222222,
                    "max": 2.187,