{
  "status": "success",
  "data": {
    "Mycelium": {
      "status": "success",
      "data": {
        "rtt_min_ms": {
          "min": 6.862,
          "average": 14.094666666666667,
          "max": 28.283,
          "percentiles": {
            "p25": 13.687,
            "p50": 14.121,
            "p75": 14.476
          }
        },
        "rtt_avg_ms": {
          "min": 10.538,
          "average": 18.054555555555556,
          "max": 33.29,
          "percentiles": {
            "p25": 17.578,
            "p50": 17.887333333333334,
            "p75": 18.698333333333334
          }
        },
        "rtt_max_ms": {
          "min": 13.543,
          "average": 49.73433333333333,
          "max": 131.192,
          "percentiles": {
            "p25": 20.903,
            "p50": 41.891666666666666,
            "p75": 86.40833333333333
          }
        },
        "rtt_mdev_ms": {
          "min": 1.544,
          "average": 4.254111111111111,
          "max": 12.817,
          "percentiles": {
            "p25": 1.641,
            "p50": 3.0813333333333333,
            "p75": 8.04
          }
        },
        "packet_loss_percent": {
          "min": 0.0,
          "average": 0.0,
          "max": 0.0,
          "percentiles": {
            "p25": 0.0,
            "p50": 0.0,
            "p75": 0.0
          }
        }
      }
    },
    "Tinc": {
      "status": "success",
      "data": {
        "rtt_min_ms": {
          "min": 1.196,
          "average": 1.5545555555555555,
          "max": 2.132,
          "percentiles": {
            "p25": 1.2916666666666667,
            "p50": 1.582,
            "p75": 1.79
          }
        },
        "rtt_avg_ms": {
          "min": 5.038,
          "average": 5.223111111111112,
          "max": 5.413,
          "percentiles": {
            "p25": 5.117333333333334,
            "p50": 5.256,
            "p75": 5.296
          }
        },
        "rtt_max_ms": {
          "min": 8.353,
          "average": 9.031222222222222,
          "max": 10.485,
          "percentiles": {
            "p25": 8.529666666666667,
            "p50": 8.910666666666666,
            "p75": 9.653333333333332
          }
        },
        "rtt_mdev_ms": {
          "min": 1.553,
          "average": 1.713,
          "max": 1.916,
          "percentiles": {
            "p25": 1.5696666666666665,
            "p50": 1.7186666666666666,
            "p75": 1.8506666666666667
          }
        },
        "packet_loss_percent": {
          "min": 0.0,
          "average": 0.1111111111111111,
          "max": 1.0,
          "percentiles": {
            "p25": 0.0,
            "p50": 0.0,
            "p75": 0.3333333333333333
          }
        }
      }
    },
    "VpnCloud": {
      "status": "success",
      "data": {
        "rtt_min_ms": {
          "min": 1.144,
          "average": 1.4997777777777777,
          "max": 2.058,
          "percentiles": {
            "p25": 1.1953333333333334,
            "p50": 1.3506666666666667,
            "p75": 1.9533333333333334
          }
        },
        "rtt_avg_ms": {
          "min": 4.758,
          "average": 5.041444444444444,
          "max": 5.225,
          "percentiles": {
            "p25": 4.897,
            "p50": 5.067,
            "p75": 5.160333333333333
          }
        },
        "rtt_max_ms": {
          "min": 8.534,
          "average": 8.885333333333334,
          "max": 9.189,
          "percentiles": {
            "p25": 8.658666666666667,
            "p50": 8.901,
            "p75": 9.096333333333334
          }
        },
        "rtt_mdev_ms": {
          "min": 1.527,
          "average": 1.664,
          "max": 1.838,
          "percentiles": {
            "p25": 1.5883333333333334,
            "p50": 1.69,
            "p75": 1.7136666666666667
          }
        },
        "packet_loss_percent": {
          "min": 0.0,
          "average": 0.6666666666666666,
          "max": 2.0,
          "percentiles": {
            "p25": 0.0,
            "p50": 0.0,
            "p75": 2.0
          }
        }
      }
    },
    "Zerotier": {
      "status": "success",
      "data": {
        "rtt_min_ms": {
          "min": 1.508,
          "average": 1.9398888888888888,
          "max": 2.752,
          "percentiles": {
            "p25": 1.6873333333333334,
            "p50": 1.789,
            "p75": 2.3433333333333333
          }
        },
        "rtt_avg_ms": {
          "min": 4.922,
          "average": 5.279333333333334,
          "max": 5.504,
          "percentiles": {
            "p25": 5.117666666666667,
            "p50": 5.264666666666667,
            "p75": 5.455666666666667
          }
        },
        "rtt_max_ms": {
          "min": 8.604,
          "average": 9.857111111111111,
          "max": 14.085,
          "percentiles": {
            "p25": 8.865333333333334,
            "p50": 9.268333333333334,
            "p75": 11.437666666666667
          }
        },
        "rtt_mdev_ms": {
          "min": 1.562,
          "average": 1.6536666666666666,
          "max": 1.852,
          "percentiles": {
            "p25": 1.575,
            "p50": 1.6343333333333334,
            "p75": 1.7516666666666667
          }
        },
        "packet_loss_percent": {
          "min": 0.0,
          "average": 0.5555555555555556,
          "max": 1.0,
          "percentiles": {
            "p25": 0.0,
            "p50": 0.6666666666666666,
            "p75": 1.0
          }
        }
      }
    },
    "Nebula": {
      "status": "success",
      "data": {
        "rtt_min_ms": {
          "min": 1.376,
          "average": 1.840111111111111,
          "max": 2.348,
          "percentiles": {
            "p25": 1.561,
            "p50": 1.8226666666666667,
            "p75": 2.1366666666666667
          }
        },
        "rtt_avg_ms": {
          "min": 5.066,
          "average": 5.3133333333333335,
          "max": 5.609,
          "percentiles": {
            "p25": 5.1626666666666665,
            "p50": 5.306,
            "p75": 5.471333333333333
          }
        },
        "rtt_max_ms": {
          "min": 8.696,
          "average": 8.954222222222223,
          "max": 9.129,
          "percentiles": {
            "p25": 8.860666666666667,
            "p50": 8.893,
            "p75": 9.109
          }
        },
        "rtt_mdev_ms": {
          "min": 1.542,
          "average": 1.6596666666666666,
          "max": 1.77,
          "percentiles": {
            "p25": 1.5836666666666666,
            "p50": 1.679,
            "p75": 1.7163333333333333
          }
        },
        "packet_loss_percent": {
          "min": 0.0,
          "average": 0.5555555555555556,
          "max": 2.0,
          "percentiles": {
            "p25": 0.0,
            "p50": 0.6666666666666666,
            "p75": 1.0
          }
        }
      }
    },
    "Yggdrasil": {
      "status": "success",
      "data": {
        "rtt_min_ms": {
          "min": 1.974,
          "average": 2.2943333333333333,
          "max": 2.776,
          "percentiles": {
            "p25": 2.074,
            "p50": 2.3413333333333335,
            "p75": 2.4676666666666667
          }
        },
        "rtt_avg_ms": {
          "min": 5.624,
          "average": 6.0713333333333335,
          "max": 6.437,
          "percentiles": {
            "p25": 5.758333333333333,
            "p50": 6.135666666666666,
            "p75": 6.32
          }
        },
        "rtt_max_ms": {
          "min": 9.311,
          "average": 24.099333333333334,
          "max": 46.082,
          "percentiles": {
            "p25": 9.378666666666668,
            "p50": 30.621,
            "p75": 32.29833333333333
          }
        },
        "rtt_mdev_ms": {
          "min": 1.575,
          "average": 2.7084444444444444,
          "max": 4.355,
          "percentiles": {
            "p25": 1.637,
            "p50": 3.151,
            "p75": 3.3373333333333335
          }
        },