{
  "status": "success",
  "data": {
    "VpnCloud": {
      "status": "success",
      "data": {
        "total_bandwidth_mbps": {
          "min": 90.42,
          "average": 93.35033333333332,
          "max": 95.84,
          "percentiles": {
            "p25": 92.585,
            "p50": 93.39666666666666,
            "p75": 94.09
          }
        },
        "cpu_usage_percent": {
          "min": 0.0,
          "average": 4.145819444444444,
          "max": 23.71,
          "percentiles": {
            "p25": 2.765,
            "p50": 3.69,
            "p75": 4.373333333333333
          }
        },
        "ttfb_ms": {
          "min": 20.0,
          "average": 31.041666666666668,
          "max": 46.0,
          "percentiles": {
            "p25": 24.166666666666668,
            "p50": 31.166666666666668,
            "p75": 39.25
          }
        },
        "conn_time_ms": {
          "min": 16.0,
          "average": 28.125,
          "max": 42.0,
          "percentiles": {
            "p25": 21.666666666666668,
            "p50": 28.5,
            "p75": 35.333333333333336
          }
        }
      }
    },
    "Zerotier": {
      "status": "success",
      "data": {
        "total_bandwidth_mbps": {
          "min": 90.17000000000002,
          "average": 93.41688888888889,
          "max": 96.1,
          "percentiles": {
            "p25": 92.56083333333332,
            "p50": 93.45833333333333,
            "p75": 94.31916666666667
          }
        },
        "cpu_usage_percent": {
          "min": 1.14,
          "average": 5.339166666666667,
          "max": 21.05,
          "percentiles": {
            "p25": 3.723333333333333,
            "p50": 4.693333333333333,
            "p75": 5.755
          }
        },
        "ttfb_ms": {
          "min": 16.0,
          "average": 30.208333333333332,
          "max": 61.0,
          "percentiles": {
            "p25": 22.416666666666668,
            "p50": 28.333333333333332,
            "p75": 38.166666666666664
          }
        },
        "conn_time_ms": {
          "min": 13.0,
          "average": 27.208333333333332,
          "max": 57.0,
          "percentiles": {
            "p25": 19.416666666666668,
            "p50": 25.166666666666668,
            "p75": 35.083333333333336
          }
        }
      }
    },
    "Yggdrasil": {
      "status": "success",
      "data": {
        "total_bandwidth_mbps": {
          "min": 6.396799999999999,
          "average": 7.6736,
          "max": 10.04,
          "percentiles": {
            "p25": 7.346491666666667,
            "p50": 7.6574,
            "p75": 7.936333333333334
          }
        },
        "cpu_usage_percent": {
          "min": 3.09,
          "average": 7.392555555555555,
          "max": 12.37,
          "percentiles": {
            "p25": 6.506666666666667,
            "p50": 7.533333333333333,
            "p75": 8.53
          }
        },
        "ttfb_ms": {
          "min": 24.0,
          "average": 260.25,
          "max": 756.0,
          "percentiles": {
            "p25": 215.58333333333334,
            "p50": 262.6666666666667,
            "p75": 348.5833333333333
          }
        },
        "conn_time_ms": {
          "min": 18.0,
          "average": 215.95833333333334,
          "max": 714.0,
          "percentiles": {
            "p25": 185.0,
            "p50": 216.5,
            "p75": 292.4166666666667
          }
        }
      }
    },
    "Tinc": {
      "status": "success",
      "data": {
        "total_bandwidth_mbps": {
          "min": 90.79,
          "average": 93.43655555555556,
          "max": 96.47,
          "percentiles": {
            "p25": 92.61916666666666,
            "p50": 93.55833333333334,
            "p75": 94.19416666666666
          }
        },
        "cpu_usage_percent": {
          "min": 0.0,
          "average": 4.706166666666666,
          "max": 23.96,
          "percentiles": {
            "p25": 3.14,
            "p50": 4.006666666666667,
            "p75": 4.85
          }
        },
        "ttfb_ms": {
          "min": 20.0,
          "average": 32.5,
          "max": 46.0,
          "percentiles": {
            "p25": 24.75,
            "p50": 31.666666666666668,
            "p75": 40.0
          }
        },
        "conn_time_ms": {
          "min": 16.0,
          "average": 29.125,
          "max": 45.0,
          "percentiles": {
            "p25": 21.583333333333332,
            "p50": 28.5,
            "p75": 35.833333333333336
          }
        }
      }
    },
    "Mycelium": {
      "status": "success",
      "data": {
        "total_bandwidth_mbps": {
          "min": 5.680140000000001,
          "average": 32.631383222222226,
          "max": 333.21,
          "percentiles": {
            "p25": 17.689899999999998,
            "p50": 21.990676666666666,
            "p75": 32.39649333333333
          }
        },
        "cpu_usage_percent": {
          "min": 0.0,
          "average": 2.9726473314697,
          "max": 12.5,
          "percentiles": {
            "p25": 1.3466666666666667,
            "p50": 2.703333333333333,
            "p75": 3.7566666666666664
          }
        },
        "ttfb_ms": {
          "min": 29.0,
          "average": 130.0,
          "max": 257.0,
          "percentiles": {
            "p25": 87.58333333333333,
            "p50": 116.66666666666667,
            "p75": 170.08333333333334
          }
        },
        "conn_time_ms": {
          "min": 15.0,
          "average": 58.208333333333336,
          "max": 96.0,
          "percentiles": {
            "p25": 43.333333333333336,
            "p50": 52.666666666666664,
            "p75": 75.08333333333333
          }
        }
      }
    },
    "Easytier": {
      "status": "success",
      "data": {
        "total_bandwidth_mbps": {
          "min": 64.851,
          "average": 269.67663555555555,
          "max": 536.46,
          "percentiles": {
            "p25": 205.01833333333335,
            "p50": 259.8666666666667,
            "p75": 329.04499999999996
          }
        },
        "cpu_usage_percent": {
          "min": 0.99,
          "average": 9.328916666666666,
          "max": 30.21,
          "percentiles": {
            "p25": 6.020833333333333,
            "p50": 8.48,
            "p75": 11.82
          }
        },
        "ttfb_ms": {
          "min": 24.0,
          "average": 62.958333333333336,
          "max": 113.0,
          "percentiles": {
            "p25": 57.333333333333336,
            "p50": 67.16666666666667,
            "p75": 73.5
          }
        },
        "conn_time_ms": {
          "min": 17.0,
          "average": 26.791666666666668,
          "max": 41.0,
          "percentiles": {
            "p25": 22.583333333333332,
            "p50": 27.166666666666668,
            "p75": 30.916666666666668
          }
        }
      }
    },
    "Internal": {
      "status": "success",
      "data": {
        "total_bandwidth_mbps": {
          "min": 247.24,
          "average": 272.97566666666665,
          "max": 324.95,
          "percentiles": {
            "p25": 267.19166666666666,
            "p50": 270.76666666666665,
            "p75": 276.18833333333333
          }
        },
        "cpu_usage_percent": {
          "min": 0.0,
          "average": 4.044041666666667,
          "max": 12.87,
          "percentiles": {
            "p25": 3.04,
            "p50": 4.013333333333334,
            "p75": 4.97
          }
        },
        "ttfb_ms": {
          "min": 21.0,
          "average": 25.732142857142858,
          "max": 34.0,
          "percentiles": {
            "p25": 24.083333333333332,
            "p50": 25.166666666666668,
            "p75": 28.0
          }
        },
        "conn_time_ms": {
          "min": 15.0,
          "average": 20.273809523809526,
          "max": 26.0,
          "percentiles": {
            "p25": 18.833333333333332,