{
  "status": "success",
  "data": {
    "Tinc": {
      "status": "success",
      "data": {
        "total_bandwidth_mbps": {
          "min": 90.63,
          "average": 93.583,
          "max": 96.78,
          "percentiles": {
            "p25": 92.53750000000001,
            "p50": 93.70166666666665,
            "p75": 94.43416666666667
          }
        },
        "cpu_usage_percent": {
          "min": 0.0,
          "average": 4.970805555555556,
          "max": 28.42,
          "percentiles": {
            "p25": 3.05,
            "p50": 4.04,
            "p75": 4.974166666666667
          }
        },
        "ttfb_ms": {
          "min": 16.0,
          "average": 31.041666666666668,
          "max": 49.0,
          "percentiles": {
            "p25": 23.5,
            "p50": 31.166666666666668,
            "p75": 37.333333333333336
          }
        },
        "conn_time_ms": {
          "min": 13.0,
          "average": 28.125,
          "max": 45.0,
          "percentiles": {
            "p25": 21.583333333333332,
            "p50": 27.833333333333332,
            "p75": 34.0
          }
        }
      }
    },
    "Mycelium": {
      "status": "success",
      "data": {
        "total_bandwidth_mbps": {
          "min": 5.4190000000000005,
          "average": 30.618647944444444,
          "max": 158.98,
          "percentiles": {
            "p25": 18.604255416666668,
            "p50": 29.207845,
            "p75": 35.63737583333334
          }
        },
        "cpu_usage_percent": {
          "min": 0.0,
          "average": 5.388245064339856,
          "max": 42.42,
          "percentiles": {
            "p25": 3.4158333333333335,
            "p50": 5.06,
            "p75": 6.8
          }
        },
        "ttfb_ms": {
          "min": 24.0,
          "average": 115.25,
          "max": 316.0,
          "percentiles": {
            "p25": 75.83333333333333,
            "p50": 116.83333333333333,
            "p75": 150.0
          }
        },
        "conn_time_ms": {
          "min": 19.0,
          "average": 47.083333333333336,
          "max": 104.0,
          "percentiles": {
            "p25": 33.583333333333336,
            "p50": 45.166666666666664,
            "p75": 59.833333333333336
          }
        }
      }
    },
    "Hyprspace": {
      "status": "success",
      "data": {
        "total_bandwidth_mbps": {
          "min": 0.54895,
          "average": 6.525448222222222,
          "max": 7.4307,
          "percentiles": {
            "p25": 6.405083333333334,
            "p50": 6.62565,
            "p75": 6.795941666666667
          }
        },
        "cpu_usage_percent": {
          "min": 0.0,
          "average": 2.8656427548682704,
          "max": 81.19,
          "percentiles": {
            "p25": 1.925,
            "p50": 2.3666666666666667,
            "p75": 3.0175
          }
        },
        "ttfb_ms": {
          "min": 25.0,
          "average": 126.34722222222221,
          "max": 278.0,
          "percentiles": {
            "p25": 55.5,
            "p50": 124.5,
            "p75": 197.08333333333334
          }
        },
        "conn_time_ms": {
          "min": 19.0,
          "average": 89.72222222222223,
          "max": 215.0,
          "percentiles": {
            "p25": 38.583333333333336,
            "p50": 81.16666666666667,
            "p75": 144.66666666666666
          }
        }
      }
    },
    "Zerotier": {
      "status": "success",
      "data": {
        "total_bandwidth_mbps": {
          "min": 90.41999999999999,
          "average": 93.25922222222222,
          "max": 96.74000000000001,
          "percentiles": {
            "p25": 92.23833333333334,
            "p50": 93.43166666666667,
            "p75": 94.13
          }
        },
        "cpu_usage_percent": {
          "min": 1.11,
          "average": 5.407625,
          "max": 24.47,
          "percentiles": {
            "p25": 4.013333333333334,
            "p50": 4.5200000000000005,
            "p75": 5.756666666666667
          }
        },
        "ttfb_ms": {
          "min": 19.0,
          "average": 29.916666666666668,
          "max": 49.0,
          "percentiles": {
            "p25": 22.833333333333332,
            "p50": 26.833333333333332,
            "p75": 39.166666666666664
          }
        },
        "conn_time_ms": {
          "min": 16.0,
          "average": 26.875,
          "max": 45.0,
          "percentiles": {
            "p25": 19.75,
            "p50": 23.833333333333332,
            "p75": 36.25
          }
        }
      }
    },
    "VpnCloud": {
      "status": "success",
      "data": {
        "total_bandwidth_mbps": {
          "min": 91.14,
          "average": 93.46666666666667,
          "max": 96.50999999999999,
          "percentiles": {
            "p25": 92.65333333333334,
            "p50": 93.40833333333333,
            "p75": 94.35666666666667
          }
        },
        "cpu_usage_percent": {
          "min": 0.0,
          "average": 3.935236111111111,
          "max": 22.58,
          "percentiles": {
            "p25": 2.995,
            "p50": 3.6666666666666665,
            "p75": 4.373333333333333
          }
        },
        "ttfb_ms": {
          "min": 17.0,
          "average": 30.5,
          "max": 56.0,
          "percentiles": {
            "p25": 23.25,
            "p50": 28.833333333333332,
            "p75": 37.75
          }
        },
        "conn_time_ms": {
          "min": 13.0,
          "average": 27.208333333333332,
          "max": 51.0,
          "percentiles": {
            "p25": 19.833333333333332,
            "p50": 25.333333333333332,
            "p75": 34.166666666666664
          }
        }
      }
    },
    "Nebula": {
      "status": "error",
      "error_type": "ClanError",
      "error": {
        "description": "list index out of range",
        "msg": "Unexpected general Exception occured",
        "location": "NoneType: None\n"
      },
      "machine": "0_lom"
    },
    "Wireguard": {
      "status": "success",
      "data": {
        "total_bandwidth_mbps": {
          "min": 90.63000000000001,
          "average": 93.48633333333333,
          "max": 96.28000000000002,
          "percentiles": {
            "p25": 92.5875,
            "p50": 93.49666666666667,
            "p75": 94.19083333333333
          }
        },
        "cpu_usage_percent": {
          "min": 1.04,
          "average": 4.6459166666666665,
          "max": 8.74,
          "percentiles": {
            "p25": 3.756666666666667,
            "p50": 4.428333333333334,
            "p75": 5.39
          }
        },
        "ttfb_ms": {
          "min": 15.0,
          "average": 40.583333333333336,
          "max": 220.0,
          "percentiles": {
            "p25": 25.083333333333332,
            "p50": 32.0,
            "p75": 44.0
          }
        },
        "conn_time_ms": {
          "min": 13.0,
          "average": 37.791666666666664,
          "max": 218.0,
          "percentiles": {
            "p25": 23.0,
            "p50": 28.833333333333332,
            "p75": 40.416666666666664
          }
        }
      }
    },
    "Yggdrasil": {
      "status": "success",
      "data": {
        "total_bandwidth_mbps": {
          "min": 7.0056,
          "average": 7.717886666666667,
          "max": 8.919400000000001,
          "percentiles": {
            "p25": 7.50295,
            "p50": 7.684025,
            "p75": 7.864812499999999
          }
        },
        "cpu_usage_percent": {
          "min": 3.12,
          "average": 7.259729166666666,
          "max": 11.96,
          "percentiles": {
            "p25": 6.202500000000001,
            "p50": 7.220000000000001,
            "p75": 8.42
          }
        },
        "ttfb_ms": {
          "min": 26.0,
          "average": 153.9375,
          "max": 382.0,
          "percentiles": {
            "p25": 114.75,
            "p50": 174.25,