{
  "status": "success",
  "data": {
    "Mycelium": {
      "status": "success",
      "data": {
        "total_bandwidth_mbps": {
          "min": 7.820799999999999,
          "average": 70.502334,
          "max": 240.61,
          "percentiles": {
            "p25": 58.739016666666664,
            "p50": 66.8691,
            "p75": 79.37173666666668
          }
        },
        "cpu_usage_percent": {
          "min": 1.03,
          "average": 7.980994871794872,
          "max": 22.58,
          "percentiles": {
            "p25": 6.3175,
            "p50": 7.805,
            "p75": 9.9275
          }
        },
        "ttfb_ms": {
          "min": 38.0,
          "average": 71.0,
          "max": 99.0,
          "percentiles": {
            "p25": 67.08333333333333,
            "p50": 71.16666666666667,
            "p75": 74.75
          }
        },
        "conn_time_ms": {
          "min": 26.0,
          "average": 45.25,
          "max": 66.0,
          "percentiles": {
            "p25": 41.666666666666664,
            "p50": 45.0,
            "p75": 49.083333333333336
          }
        }
      }
    },
    "Tinc": {
      "status": "success",
      "data": {
        "total_bandwidth_mbps": {
          "min": 43.31,
          "average": 46.34811111111111,
          "max": 48.629999999999995,
          "percentiles": {
            "p25": 45.75666666666667,
            "p50": 46.325,
            "p75": 46.75833333333333
          }
        },
        "cpu_usage_percent": {
          "min": 5.15,
          "average": 11.147944444444445,
          "max": 32.18,
          "percentiles": {
            "p25": 7.690833333333333,
            "p50": 9.433333333333334,
            "p75": 13.275
          }
        },
        "ttfb_ms": {
          "min": 21.0,
          "average": 36.583333333333336,
          "max": 51.0,
          "percentiles": {
            "p25": 28.25,
            "p50": 37.0,
            "p75": 44.5
          }
        },
        "conn_time_ms": {
          "min": 19.0,
          "average": 32.666666666666664,
          "max": 46.0,
          "percentiles": {
            "p25": 24.916666666666668,
            "p50": 33.333333333333336,
            "p75": 39.75
          }
        }
      }
    },
    "VpnCloud": {
      "status": "success",
      "data": {
        "total_bandwidth_mbps": {
          "min": 44.03,
          "average": 46.35777777777778,
          "max": 49.74,
          "percentiles": {
            "p25": 45.4,
            "p50": 46.445,
            "p75": 47.0325
          }
        },
        "cpu_usage_percent": {
          "min": 3.19,
          "average": 10.295222222222222,
          "max": 23.33,
          "percentiles": {
            "p25": 7.781666666666666,
            "p50": 9.34,
            "p75": 12.226666666666667
          }
        },
        "ttfb_ms": {
          "min": 17.0,
          "average": 35.083333333333336,
          "max": 57.0,
          "percentiles": {
            "p25": 28.666666666666668,
            "p50": 34.166666666666664,
            "p75": 42.416666666666664
          }
        },
        "conn_time_ms": {
          "min": 15.0,
          "average": 31.5,
          "max": 53.0,
          "percentiles": {
            "p25": 25.5,
            "p50": 30.5,
            "p75": 38.5
          }
        }
      }
    },
    "Zerotier": {
      "status": "success",
      "data": {
        "total_bandwidth_mbps": {
          "min": 44.199999999999996,
          "average": 46.44166666666666,
          "max": 49.71,
          "percentiles": {
            "p25": 45.76,
            "p50": 46.291666666666664,
            "p75": 47.1125
          }
        },
        "cpu_usage_percent": {
          "min": 6.98,
          "average": 13.485055555555556,
          "max": 20.88,
          "percentiles": {
            "p25": 12.323333333333334,
            "p50": 13.408333333333333,
            "p75": 14.57
          }
        },
        "ttfb_ms": {
          "min": 18.0,
          "average": 30.5,
          "max": 50.0,
          "percentiles": {
            "p25": 26.75,
            "p50": 28.333333333333332,
            "p75": 36.416666666666664
          }
        },
        "conn_time_ms": {
          "min": 15.0,
          "average": 27.25,
          "max": 44.0,
          "percentiles": {
            "p25": 23.583333333333332,
            "p50": 25.5,
            "p75": 32.666666666666664
          }
        }
      }
    },
    "Nebula": {
      "status": "error",
      "error_type": "ClanError",
      "error": {
        "description": "list index out of range",
        "msg": "Unexpected general Exception occured",
        "location": "NoneType: None\n"
      },
      "machine": "0_lom"
    },
    "Yggdrasil": {
      "status": "success",
      "data": {
        "total_bandwidth_mbps": {
          "min": 6.462000000000001,
          "average": 7.952288888888889,
          "max": 11.307,
          "percentiles": {
            "p25": 7.637083333333334,
            "p50": 7.910833333333334,
            "p75": 8.272416666666667
          }
        },
        "cpu_usage_percent": {
          "min": 4.12,
          "average": 6.922305555555556,
          "max": 10.89,
          "percentiles": {
            "p25": 6.036666666666667,
            "p50": 6.98,
            "p75": 7.64
          }
        },
        "ttfb_ms": {
          "min": 25.0,
          "average": 105.16666666666667,
          "max": 452.0,
          "percentiles": {
            "p25": 36.333333333333336,
            "p50": 67.0,
            "p75": 212.16666666666666
          }
        },
        "conn_time_ms": {
          "min": 20.0,
          "average": 88.58333333333333,
          "max": 432.0,
          "percentiles": {
            "p25": 28.0,
            "p50": 49.166666666666664,
            "p75": 188.58333333333334
          }
        }
      }
    },
    "Wireguard": {
      "status": "success",
      "data": {
        "total_bandwidth_mbps": {
          "min": 44.09,
          "average": 46.51255555555556,
          "max": 49.37,
          "percentiles": {
            "p25": 45.63916666666667,
            "p50": 46.480000000000004,
            "p75": 47.33416666666667
          }
        },
        "cpu_usage_percent": {
          "min": 6.9,
          "average": 12.824055555555555,
          "max": 21.33,
          "percentiles": {
            "p25": 11.456666666666667,
            "p50": 12.643333333333333,
            "p75": 14.216666666666665
          }
        },
        "ttfb_ms": {
          "min": 21.0,
          "average": 32.916666666666664,
          "max": 53.0,
          "percentiles": {
            "p25": 24.666666666666668,
            "p50": 29.333333333333332,
            "p75": 44.75
          }
        },
        "conn_time_ms": {
          "min": 19.0,
          "average": 29.916666666666668,
          "max": 51.0,
          "percentiles": {
            "p25": 22.083333333333332,
            "p50": 25.833333333333332,
            "p75": 41.833333333333336
          }
        }
      }
    },
    "Internal": {
      "status": "success",
      "data": {
        "total_bandwidth_mbps": {
          "min": 130.47,
          "average": 145.84677777777776,
          "max": 158.63,
          "percentiles": {
            "p25": 142.01916666666668,
            "p50": 145.97666666666666,
            "p75": 148.9375
          }
        },
        "cpu_usage_percent": {
          "min": 0.0,
          "average": 4.405305555555556,
          "max": 8.91,
          "percentiles": {
            "p25": 3.7975,
            "p50": 4.695,
            "p75": 5.019166666666666
          }
        },
        "ttfb_ms": {
          "min": 22.0,
          "average": 26.833333333333332,
          "max": 31.0,
          "percentiles": {
            "p25": 24.666666666666668,
            "p50": 27.0,
            "p75": 28.833333333333332
          }
        },