{
    "status": "success",
    "data": {
        "vpn_installation_seconds": 3018.5153939799784,
        "tc_stabilization_seconds": 330.23477712001477,
        "test_execution_seconds": 57711.94650697708,
        "vpn_restart_seconds": 1134.6655976772308,
        "connectivity_wait_seconds": 1067.9666562080383,
        "other_overhead_seconds": 0.0,
        "total_seconds": 21313.07875848998
    }
}