{
  "status": "success",
  "data": {
    "vpn_installation_seconds": 2456.2640799340443,
    "tc_stabilization_seconds": 330.4040312578436,
    "test_execution_seconds": 8667.297624349594,
    "vpn_restart_seconds": 5297.389505624771,
    "connectivity_wait_seconds": 1841.3222696781158,
    "other_overhead_seconds": 0.0,
    "total_seconds": 18592.67751084437
  }
}
