{
    "status": "success",
    "data": {
        "vpn_installation_seconds": 2522.615944931924,
        "tc_stabilization_seconds": 330.37839581794105,
        "test_execution_seconds": 17862.626553297043,
        "vpn_restart_seconds": 5443.062795639038,
        "connectivity_wait_seconds": 2044.9121677875519,
        "other_overhead_seconds": 0.0,
        "total_seconds": 28203.595857473498
    }
}