{
    "status": "success",
    "data": {
        "vpn_installation_seconds": 3097.8637166300905,
        "tc_stabilization_seconds": 240.16095051905722,
        "test_execution_seconds": 5148.45010137558,
        "vpn_restart_seconds": 5012.392914533615,
        "connectivity_wait_seconds": 1614.2025036811829,
        "other_overhead_seconds": 0.0,
        "total_seconds": 15113.070186739526
    }
}