{
    "status": "success",
    "data": {
        "Tinc": {
            "status": "success",
            "data": {
                "total_duration_seconds": {
                    "min": 1291.0071217562363,
                    "average": 1291.0071217562363,
                    "max": 1291.0071217562363,
                    "percentiles": {
                        "p25": 1291.0071217562363,
                        "p50": 1291.0071217562363,
                        "p75": 1291.0071217562363
                    }
                },
                "vpn_installation_seconds": {
                    "min": 296.5956732039922,
                    "average": 296.5956732039922,
                    "max": 296.5956732039922,
                    "percentiles": {
                        "p25": 296.5956732039922,
                        "p50": 296.5956732039922,
                        "p75": 296.5956732039922
                    }
                },
                "benchmarking_seconds": {
                    "min": 994.4114485522441,
                    "average": 994.4114485522441,
                    "max": 994.4114485522441,
                    "percentiles": {
                        "p25": 994.4114485522441,
                        "p50": 994.4114485522441,
                        "p75": 994.4114485522441
                    }
                }
            }
        },
        "Mycelium": {
            "status": "success",
            "data": {
                "total_duration_seconds": {
                    "min": 3810.8351032514183,
                    "average": 3810.8351032514183,
                    "max": 3810.8351032514183,
                    "percentiles": {
                        "p25": 3810.8351032514183,
                        "p50": 3810.8351032514183,
                        "p75": 3810.8351032514183
                    }
                },
                "vpn_installation_seconds": {
                    "min": 355.1110943040112,
                    "average": 355.1110943040112,
                    "max": 355.1110943040112,
                    "percentiles": {
                        "p25": 355.1110943040112,
                        "p50": 355.1110943040112,
                        "p75": 355.1110943040112
                    }
                },
                "benchmarking_seconds": {
                    "min": 3455.724008947407,
                    "average": 3455.724008947407,
                    "max": 3455.724008947407,
                    "percentiles": {
                        "p25": 3455.724008947407,
                        "p50": 3455.724008947407,
                        "p75": 3455.724008947407
                    }
                }
            }
        },
        "Headscale": {
            "status": "success",
            "data": {
                "total_duration_seconds": {
                    "min": 1338.2709720766288,
                    "average": 1338.2709720766288,
                    "max": 1338.2709720766288,
                    "percentiles": {
                        "p25": 1338.2709720766288,
                        "p50": 1338.2709720766288,
                        "p75": 1338.2709720766288
                    }
                },
                "vpn_installation_seconds": {
                    "min": 231.98866133199772,
                    "average": 231.98866133199772,
                    "max": 231.98866133199772,
                    "percentiles": {
                        "p25": 231.98866133199772,
                        "p50": 231.98866133199772,
                        "p75": 231.98866133199772
                    }
                },
                "benchmarking_seconds": {
                    "min": 1106.282310744631,
                    "average": 1106.282310744631,
                    "max": 1106.282310744631,
                    "percentiles": {
                        "p25": 1106.282310744631,
                        "p50": 1106.282310744631,
                        "p75": 1106.282310744631
                    }
                }
            }
        },
        "Hyprspace": {
            "status": "success",
            "data": {
                "total_duration_seconds": {
                    "min": 6737.118241355172,
                    "average": 6737.118241355172,
                    "max": 6737.118241355172,
                    "percentiles": {
                        "p25": 6737.118241355172,
                        "p50": 6737.118241355172,
                        "p75": 6737.118241355172
                    }
                },
                "vpn_installation_seconds": {
                    "min": 401.488609936001,
                    "average": 401.488609936001,
                    "max": 401.488609936001,
                    "percentiles": {
                        "p25": 401.488609936001,
                        "p50": 401.488609936001,
                        "p75": 401.488609936001
                    }
                },
                "benchmarking_seconds": {
                    "min": 6335.629631419171,
                    "average": 6335.629631419171,
                    "max": 6335.629631419171,
                    "percentiles": {
                        "p25": 6335.629631419171,
                        "p50": 6335.629631419171,
                        "p75": 6335.629631419171
                    }
                }
            }
        },
        "Zerotier": {
            "status": "success",
            "data": {
                "total_duration_seconds": {
                    "min": 1576.3429259127588,
                    "average": 1576.3429259127588,
                    "max": 1576.3429259127588,
                    "percentiles": {
                        "p25": 1576.3429259127588,
                        "p50": 1576.3429259127588,
                        "p75": 1576.3429259127588
                    }
                },
                "vpn_installation_seconds": {
                    "min": 420.8511519450112,
                    "average": 420.8511519450112,
                    "max": 420.8511519450112,
                    "percentiles": {
                        "p25": 420.8511519450112,
                        "p50": 420.8511519450112,
                        "p75": 420.8511519450112
                    }
                },
                "benchmarking_seconds": {
                    "min": 1155.4917739677476,
                    "average": 1155.4917739677476,
                    "max": 1155.4917739677476,
                    "percentiles": {
                        "p25": 1155.4917739677476,
                        "p50": 1155.4917739677476,
                        "p75": 1155.4917739677476
                    }
                }
            }
        },
        "VpnCloud": {
            "status": "success",
            "data": {
                "total_duration_seconds": {
                    "min": 1759.8048188216344,
                    "average": 1759.8048188216344,
                    "max": 1759.8048188216344,
                    "percentiles": {
                        "p25": 1759.8048188216344,
                        "p50": 1759.8048188216344,
                        "p75": 1759.8048188216344
                    }
                },
                "vpn_installation_seconds": {
                    "min": 299.3505027339852,
                    "average": 299.3505027339852,
                    "max": 299.3505027339852,
                    "percentiles": {
                        "p25": 299.3505027339852,
                        "p50": 299.3505027339852,
                        "p75": 299.3505027339852
                    }
                },
                "benchmarking_seconds": {
                    "min": 1460.4543160876492,
                    "average": 1460.4543160876492,
                    "max": 1460.4543160876492,
                    "percentiles": {
                        "p25": 1460.4543160876492,