{
    "status": "success",
    "data": {
        "VpnCloud": {
            "status": "success",
            "data": {
                "total_duration_seconds": {
                    "min": 5560.861149586301,
                    "average": 5560.861149586301,
                    "max": 5560.861149586301,
                    "percentiles": {
                        "p25": 5560.861149586301,
                        "p50": 5560.861149586301,
                        "p75": 5560.861149586301
                    }
                },
                "vpn_installation_seconds": {
                    "min": 470.8838348010031,
                    "average": 470.8838348010031,
                    "max": 470.8838348010031,
                    "percentiles": {
                        "p25": 470.8838348010031,
                        "p50": 470.8838348010031,
                        "p75": 470.8838348010031
                    }
                },
                "benchmarking_seconds": {
                    "min": 5089.9773147852975,
                    "average": 5089.9773147852975,
                    "max": 5089.9773147852975,
                    "percentiles": {
                        "p25": 5089.9773147852975,
                        "p50": 5089.9773147852975,
                        "p75": 5089.9773147852975
                    }
                }
            }
        },
        "Zerotier": {
            "status": "success",
            "data": {
                "total_duration_seconds": {
                    "min": 1010.1356574110396,
                    "average": 1010.1356574110396,
                    "max": 1010.1356574110396,
                    "percentiles": {
                        "p25": 1010.1356574110396,
                        "p50": 1010.1356574110396,
                        "p75": 1010.1356574110396
                    }
                },
                "vpn_installation_seconds": {
                    "min": 410.009523479006,
                    "average": 410.009523479006,
                    "max": 410.009523479006,
                    "percentiles": {
                        "p25": 410.009523479006,
                        "p50": 410.009523479006,
                        "p75": 410.009523479006
                    }
                },
                "benchmarking_seconds": {
                    "min": 600.1261339320336,
                    "average": 600.1261339320336,
                    "max": 600.1261339320336,
                    "percentiles": {
                        "p25": 600.1261339320336,
                        "p50": 600.1261339320336,
                        "p75": 600.1261339320336
                    }
                }
            }
        },
        "Yggdrasil": {
            "status": "success",
            "data": {
                "total_duration_seconds": {
                    "min": 2178.442521354358,
                    "average": 2178.442521354358,
                    "max": 2178.442521354358,
                    "percentiles": {
                        "p25": 2178.442521354358,
                        "p50": 2178.442521354358,
                        "p75": 2178.442521354358
                    }
                },
                "vpn_installation_seconds": {
                    "min": 300.407382941019,
                    "average": 300.407382941019,
                    "max": 300.407382941019,
                    "percentiles": {
                        "p25": 300.407382941019,
                        "p50": 300.407382941019,
                        "p75": 300.407382941019
                    }
                },
                "benchmarking_seconds": {
                    "min": 1878.0351384133392,
                    "average": 1878.0351384133392,
                    "max": 1878.0351384133392,
                    "percentiles": {
                        "p25": 1878.0351384133392,
                        "p50": 1878.0351384133392,
                        "p75": 1878.0351384133392
                    }
                }
            }
        },
        "Mycelium": {
            "status": "success",
            "data": {
                "total_duration_seconds": {
                    "min": 1824.0879207724938,
                    "average": 1824.0879207724938,
                    "max": 1824.0879207724938,
                    "percentiles": {
                        "p25": 1824.0879207724938,
                        "p50": 1824.0879207724938,
                        "p75": 1824.0879207724938
                    }
                },
                "vpn_installation_seconds": {
                    "min": 363.2350337820244,
                    "average": 363.2350337820244,
                    "max": 363.2350337820244,
                    "percentiles": {
                        "p25": 363.2350337820244,
                        "p50": 363.2350337820244,
                        "p75": 363.2350337820244
                    }
                },
                "benchmarking_seconds": {
                    "min": 1460.8528869904694,
                    "average": 1460.8528869904694,
                    "max": 1460.8528869904694,
                    "percentiles": {
                        "p25": 1460.8528869904694,
                        "p50": 1460.8528869904694,
                        "p75": 1460.8528869904694
                    }
                }
            }
        },
        "Easytier": {
            "status": "success",
            "data": {
                "total_duration_seconds": {
                    "min": 1326.9455050888355,
                    "average": 1326.9455050888355,
                    "max": 1326.9455050888355,
                    "percentiles": {
                        "p25": 1326.9455050888355,
                        "p50": 1326.9455050888355,
                        "p75": 1326.9455050888355
                    }
                },
                "vpn_installation_seconds": {
                    "min": 718.1863488560193,
                    "average": 718.1863488560193,
                    "max": 718.1863488560193,
                    "percentiles": {
                        "p25": 718.1863488560193,
                        "p50": 718.1863488560193,
                        "p75": 718.1863488560193
                    }
                },
                "benchmarking_seconds": {
                    "min": 608.7591562328162,
                    "average": 608.7591562328162,
                    "max": 608.7591562328162,
                    "percentiles": {
                        "p25": 608.7591562328162,
                        "p50": 608.7591562328162,
                        "p75": 608.7591562328162
                    }
                }
            }
        },
        "Internal": {
            "status": "success",
            "data": {
                "total_duration_seconds": {
                    "min": 815.712959521974,
                    "average": 815.712959521974,
                    "max": 815.712959521974,
                    "percentiles": {
                        "p25": 815.712959521974,
                        "p50": 815.712959521974,
                        "p75": 815.712959521974
                    }
                },
                "vpn_installation_seconds": {
                    "min": 124.82578271999955,
                    "average": 124.82578271999955,
                    "max": 124.82578271999955,
                    "percentiles": {
                        "p25": 124.82578271999955,
                        "p50": 124.82578271999955,
                        "p75": 124.82578271999955
                    }
                },
                "benchmarking_seconds": {
                    "min": 690.8871768019744,
                    "average": 690.8871768019744,
                    "max": 690.8871768019744,
                    "percentiles": {
                        "p25": 690.8871768019744,
                        "p50": 690.8871768019744,