{
  "status": "success",
  "data": {
    "VpnCloud": {
      "status": "success",
      "data": {
        "total_duration_seconds": {
          "min": 5430.793058090727,
          "average": 5430.793058090727,
          "max": 5430.793058090727,
          "percentiles": {
            "p25": 5430.793058090727,
            "p50": 5430.793058090727,
            "p75": 5430.793058090727
          }
        },
        "vpn_installation_seconds": {
          "min": 125.13260471599642,
          "average": 125.13260471599642,
          "max": 125.13260471599642,
          "percentiles": {
            "p25": 125.13260471599642,
            "p50": 125.13260471599642,
            "p75": 125.13260471599642
          }
        },
        "benchmarking_seconds": {
          "min": 5305.66045337473,
          "average": 5305.66045337473,
          "max": 5305.66045337473,
          "percentiles": {
            "p25": 5305.66045337473,
            "p50": 5305.66045337473,
            "p75": 5305.66045337473
          }
        }
      }
    },
    "Zerotier": {
      "status": "success",
      "data": {
        "total_duration_seconds": {
          "min": 878.3703442697297,
          "average": 878.3703442697297,
          "max": 878.3703442697297,
          "percentiles": {
            "p25": 878.3703442697297,
            "p50": 878.3703442697297,
            "p75": 878.3703442697297
          }
        },
        "vpn_installation_seconds": {
          "min": 125.449467643979,
          "average": 125.449467643979,
          "max": 125.449467643979,
          "percentiles": {
            "p25": 125.449467643979,
            "p50": 125.449467643979,
            "p75": 125.449467643979
          }
        },
        "benchmarking_seconds": {
          "min": 752.9208766257507,
          "average": 752.9208766257507,
          "max": 752.9208766257507,
          "percentiles": {
            "p25": 752.9208766257507,
            "p50": 752.9208766257507,
            "p75": 752.9208766257507
          }
        }
      }
    },
    "Yggdrasil": {
      "status": "success",
      "data": {
        "total_duration_seconds": {
          "min": 1874.3473004197585,
          "average": 1874.3473004197585,
          "max": 1874.3473004197585,
          "percentiles": {
            "p25": 1874.3473004197585,
            "p50": 1874.3473004197585,
            "p75": 1874.3473004197585
          }
        },
        "vpn_installation_seconds": {
          "min": 117.16207056498388,
          "average": 117.16207056498388,
          "max": 117.16207056498388,
          "percentiles": {
            "p25": 117.16207056498388,
            "p50": 117.16207056498388,
            "p75": 117.16207056498388
          }
        },
        "benchmarking_seconds": {
          "min": 1757.1852298547747,
          "average": 1757.1852298547747,
          "max": 1757.1852298547747,
          "percentiles": {
            "p25": 1757.1852298547747,
            "p50": 1757.1852298547747,
            "p75": 1757.1852298547747
          }
        }
      }
    },
    "Tinc": {
      "status": "success",
      "data": {
        "total_duration_seconds": {
          "min": 1217.4107487987494,
          "average": 1217.4107487987494,
          "max": 1217.4107487987494,
          "percentiles": {
            "p25": 1217.4107487987494,
            "p50": 1217.4107487987494,
            "p75": 1217.4107487987494
          }
        },
        "vpn_installation_seconds": {
          "min": 271.0695731040323,
          "average": 271.0695731040323,
          "max": 271.0695731040323,
          "percentiles": {
            "p25": 271.0695731040323,
            "p50": 271.0695731040323,
            "p75": 271.0695731040323
          }
        },
        "benchmarking_seconds": {
          "min": 946.3411756947171,
          "average": 946.3411756947171,
          "max": 946.3411756947171,
          "percentiles": {
            "p25": 946.3411756947171,
            "p50": 946.3411756947171,
            "p75": 946.3411756947171
          }
        }
      }
    },
    "Mycelium": {
      "status": "success",
      "data": {
        "total_duration_seconds": {
          "min": 1949.3870265281294,
          "average": 1949.3870265281294,
          "max": 1949.3870265281294,
          "percentiles": {
            "p25": 1949.3870265281294,
            "p50": 1949.3870265281294,
            "p75": 1949.3870265281294
          }
        },
        "vpn_installation_seconds": {
          "min": 179.71665217302507,
          "average": 179.71665217302507,
          "max": 179.71665217302507,
          "percentiles": {
            "p25": 179.71665217302507,
            "p50": 179.71665217302507,
            "p75": 179.71665217302507
          }
        },
        "benchmarking_seconds": {
          "min": 1769.6703743551043,
          "average": 1769.6703743551043,
          "max": 1769.6703743551043,
          "percentiles": {
            "p25": 1769.6703743551043,
            "p50": 1769.6703743551043,
            "p75": 1769.6703743551043
          }
        }
      }
    },
    "Easytier": {
      "status": "success",
      "data": {
        "total_duration_seconds": {
          "min": 1167.4160995701095,
          "average": 1167.4160995701095,
          "max": 1167.4160995701095,
          "percentiles": {
            "p25": 1167.4160995701095,
            "p50": 1167.4160995701095,
            "p75": 1167.4160995701095
          }
        },
        "vpn_installation_seconds": {
          "min": 480.9655881350045,
          "average": 480.9655881350045,
          "max": 480.9655881350045,
          "percentiles": {
            "p25": 480.9655881350045,
            "p50": 480.9655881350045,
            "p75": 480.9655881350045
          }
        },
        "benchmarking_seconds": {
          "min": 686.450511435105,
          "average": 686.450511435105,
          "max": 686.450511435105,
          "percentiles": {
            "p25": 686.450511435105,
            "p50": 686.450511435105,
            "p75": 686.450511435105
          }
        }
      }
    },
    "Internal": {
      "status": "success",
      "data": {
        "total_duration_seconds": {
          "min": 1005.2502816892229,
          "average": 1005.2502816892229,
          "max": 1005.2502816892229,
          "percentiles": {
            "p25": 1005.2502816892229,
            "p50": 1005.2502816892229,
            "p75": 1005.2502816892229
          }
        },
        "vpn_installation_seconds": {
          "min": 243.73075336101465,
          "average": 243.73075336101465,
          "max": 243.73075336101465,
          "percentiles": {
            "p25": 243.73075336101465,
            "p50": 243.73075336101465,
            "p75": 243.73075336101465
          }
        },
        "benchmarking_seconds": {
          "min": 761.5195283282083,
          "average": 761.5195283282083,
          "max": 761.5195283282083,
          "percentiles": {
            "p25": 761.5195283282083,
            "p50": 761.5195283282083,
            "p75": 761.5195283282083
          }
        }
      }
    },
    "Hyprspace": {
      "status": "success",
      "data": {
        "total_duration_seconds": {
          "min": 1411.919135943579,
          "average": 1411.919135943579,
          "max": 1411.919135943579,
          "percentiles": {
            "p25": 1411.919135943579,
            "p50": 1411.919135943579,
            "p75": 1411.919135943579
          }
        },
        "vpn_installation_seconds": {
          "min": 117.65267275401857,
          "average": 117.65267275401857,
          "max": 117.65267275401857,
          "percentiles": {
            "p25": 117.65267275401857,
            "p50": 117.65267275401857,
            "p75": 117.65267275401857
          }
        },
        "benchmarking_seconds": {
          "min": 1294.2664631895605,
          "average": 1294.2664631895605,
          "max": 1294.2664631895605,