{
    "status": "success",
    "data": {
        "VpnCloud": {
            "status": "success",
            "data": {
                "total_duration_seconds": {
                    "min": 5891.282406682731,
                    "average": 5891.282406682731,
                    "max": 5891.282406682731,
                    "percentiles": {
                        "p25": 5891.282406682731,
                        "p50": 5891.282406682731,
                        "p75": 5891.282406682731
                    }
                },
                "vpn_installation_seconds": {
                    "min": 199.86118695198093,
                    "average": 199.86118695198093,
                    "max": 199.86118695198093,
                    "percentiles": {
                        "p25": 199.86118695198093,
                        "p50": 199.86118695198093,
                        "p75": 199.86118695198093
                    }
                },
                "benchmarking_seconds": {
                    "min": 5691.42121973075,
                    "average": 5691.42121973075,
                    "max": 5691.42121973075,
                    "percentiles": {
                        "p25": 5691.42121973075,
                        "p50": 5691.42121973075,
                        "p75": 5691.42121973075
                    }
                }
            }
        },
        "Zerotier": {
            "status": "success",
            "data": {
                "total_duration_seconds": {
                    "min": 1260.2678235431085,
                    "average": 1260.2678235431085,
                    "max": 1260.2678235431085,
                    "percentiles": {
                        "p25": 1260.2678235431085,
                        "p50": 1260.2678235431085,
                        "p75": 1260.2678235431085
                    }
                },
                "vpn_installation_seconds": {
                    "min": 140.36717361898627,
                    "average": 140.36717361898627,
                    "max": 140.36717361898627,
                    "percentiles": {
                        "p25": 140.36717361898627,
                        "p50": 140.36717361898627,
                        "p75": 140.36717361898627
                    }
                },
                "benchmarking_seconds": {
                    "min": 1119.9006499241223,
                    "average": 1119.9006499241223,
                    "max": 1119.9006499241223,
                    "percentiles": {
                        "p25": 1119.9006499241223,
                        "p50": 1119.9006499241223,
                        "p75": 1119.9006499241223
                    }
                }
            }
        },
        "Yggdrasil": {
            "status": "success",
            "data": {
                "total_duration_seconds": {
                    "min": 5110.07187257387,
                    "average": 5110.07187257387,
                    "max": 5110.07187257387,
                    "percentiles": {
                        "p25": 5110.07187257387,
                        "p50": 5110.07187257387,
                        "p75": 5110.07187257387
                    }
                },
                "vpn_installation_seconds": {
                    "min": 105.10492371895816,
                    "average": 105.10492371895816,
                    "max": 105.10492371895816,
                    "percentiles": {
                        "p25": 105.10492371895816,
                        "p50": 105.10492371895816,
                        "p75": 105.10492371895816
                    }
                },
                "benchmarking_seconds": {
                    "min": 5004.966948854912,
                    "average": 5004.966948854912,
                    "max": 5004.966948854912,
                    "percentiles": {
                        "p25": 5004.966948854912,
                        "p50": 5004.966948854912,
                        "p75": 5004.966948854912
                    }
                }
            }
        },
        "Tinc": {
            "status": "success",
            "data": {
                "total_duration_seconds": {
                    "min": 1217.4107487987494,
                    "average": 1217.4107487987494,
                    "max": 1217.4107487987494,
                    "percentiles": {
                        "p25": 1217.4107487987494,
                        "p50": 1217.4107487987494,
                        "p75": 1217.4107487987494
                    }
                },
                "vpn_installation_seconds": {
                    "min": 271.0695731040323,
                    "average": 271.0695731040323,
                    "max": 271.0695731040323,
                    "percentiles": {
                        "p25": 271.0695731040323,
                        "p50": 271.0695731040323,
                        "p75": 271.0695731040323
                    }
                },
                "benchmarking_seconds": {
                    "min": 946.3411756947171,
                    "average": 946.3411756947171,
                    "max": 946.3411756947171,
                    "percentiles": {
                        "p25": 946.3411756947171,
                        "p50": 946.3411756947171,
                        "p75": 946.3411756947171
                    }
                }
            }
        },
        "Mycelium": {
            "status": "success",
            "data": {
                "total_duration_seconds": {
                    "min": 4212.058049330371,
                    "average": 4212.058049330371,
                    "max": 4212.058049330371,
                    "percentiles": {
                        "p25": 4212.058049330371,
                        "p50": 4212.058049330371,
                        "p75": 4212.058049330371
                    }
                },
                "vpn_installation_seconds": {
                    "min": 170.74955472297734,
                    "average": 170.74955472297734,
                    "max": 170.74955472297734,
                    "percentiles": {
                        "p25": 170.74955472297734,
                        "p50": 170.74955472297734,
                        "p75": 170.74955472297734
                    }
                },
                "benchmarking_seconds": {
                    "min": 4041.308494607394,
                    "average": 4041.308494607394,
                    "max": 4041.308494607394,
                    "percentiles": {
                        "p25": 4041.308494607394,
                        "p50": 4041.308494607394,
                        "p75": 4041.308494607394
                    }
                }
            }
        },
        "Easytier": {
            "status": "success",
            "data": {
                "total_duration_seconds": {
                    "min": 1167.4160995701095,
                    "average": 1167.4160995701095,
                    "max": 1167.4160995701095,
                    "percentiles": {
                        "p25": 1167.4160995701095,
                        "p50": 1167.4160995701095,
                        "p75": 1167.4160995701095
                    }
                },
                "vpn_installation_seconds": {
                    "min": 480.9655881350045,
                    "average": 480.9655881350045,
                    "max": 480.9655881350045,
                    "percentiles": {
                        "p25": 480.9655881350045,
                        "p50": 480.9655881350045,
                        "p75": 480.9655881350045
                    }
                },
                "benchmarking_seconds": {
                    "min": 686.450511435105,
                    "average": 686.450511435105,
                    "max": 686.450511435105,
                    "percentiles": {
                        "p25": 686.450511435105,
                        "p50": 686.450511435105,