{
    "status": "success",
    "data": {
        "Tinc": {
            "status": "success",
            "data": {
                "total_duration_seconds": {
                    "min": 1299.4104450260056,
                    "average": 1299.4104450260056,
                    "max": 1299.4104450260056,
                    "percentiles": {
                        "p25": 1299.4104450260056,
                        "p50": 1299.4104450260056,
                        "p75": 1299.4104450260056
                    }
                },
                "vpn_installation_seconds": {
                    "min": 296.5956732039922,
                    "average": 296.5956732039922,
                    "max": 296.5956732039922,
                    "percentiles": {
                        "p25": 296.5956732039922,
                        "p50": 296.5956732039922,
                        "p75": 296.5956732039922
                    }
                },
                "benchmarking_seconds": {
                    "min": 1002.7778186899959,
                    "average": 1002.7778186899959,
                    "max": 1002.7778186899959,
                    "percentiles": {
                        "p25": 1002.7778186899959,
                        "p50": 1002.7778186899959,
                        "p75": 1002.7778186899959
                    }
                }
            }
        },
        "Mycelium": {
            "status": "success",
            "data": {
                "total_duration_seconds": {
                    "min": 3885.568367836997,
                    "average": 3885.568367836997,
                    "max": 3885.568367836997,
                    "percentiles": {
                        "p25": 3885.568367836997,
                        "p50": 3885.568367836997,
                        "p75": 3885.568367836997
                    }
                },
                "vpn_installation_seconds": {
                    "min": 355.1110943040112,
                    "average": 355.1110943040112,
                    "max": 355.1110943040112,
                    "percentiles": {
                        "p25": 355.1110943040112,
                        "p50": 355.1110943040112,
                        "p75": 355.1110943040112
                    }
                },
                "benchmarking_seconds": {
                    "min": 3530.408703769004,
                    "average": 3530.408703769004,
                    "max": 3530.408703769004,
                    "percentiles": {
                        "p25": 3530.408703769004,
                        "p50": 3530.408703769004,
                        "p75": 3530.408703769004
                    }
                }
            }
        },
        "Headscale": {
            "status": "success",
            "data": {
                "total_duration_seconds": {
                    "min": 2527.5681361269963,
                    "average": 2527.5681361269963,
                    "max": 2527.5681361269963,
                    "percentiles": {
                        "p25": 2527.5681361269963,
                        "p50": 2527.5681361269963,
                        "p75": 2527.5681361269963
                    }
                },
                "vpn_installation_seconds": {
                    "min": 231.98866133199772,
                    "average": 231.98866133199772,
                    "max": 231.98866133199772,
                    "percentiles": {
                        "p25": 231.98866133199772,
                        "p50": 231.98866133199772,
                        "p75": 231.98866133199772
                    }
                },
                "benchmarking_seconds": {
                    "min": 1120.2927566340077,
                    "average": 1120.2927566340077,
                    "max": 1120.2927566340077,
                    "percentiles": {
                        "p25": 1120.2927566340077,
                        "p50": 1120.2927566340077,
                        "p75": 1120.2927566340077
                    }
                }
            }
        },
        "Hyprspace": {
            "status": "success",
            "data": {
                "total_duration_seconds": {
                    "min": 6746.184384123015,
                    "average": 6746.184384123015,
                    "max": 6746.184384123015,
                    "percentiles": {
                        "p25": 6746.184384123015,
                        "p50": 6746.184384123015,
                        "p75": 6746.184384123015
                    }
                },
                "vpn_installation_seconds": {
                    "min": 401.488609936001,
                    "average": 401.488609936001,
                    "max": 401.488609936001,
                    "percentiles": {
                        "p25": 401.488609936001,
                        "p50": 401.488609936001,
                        "p75": 401.488609936001
                    }
                },
                "benchmarking_seconds": {
                    "min": 6344.64973682398,
                    "average": 6344.64973682398,
                    "max": 6344.64973682398,
                    "percentiles": {
                        "p25": 6344.64973682398,
                        "p50": 6344.64973682398,
                        "p75": 6344.64973682398
                    }
                }
            }
        },
        "Zerotier": {
            "status": "success",
            "data": {
                "total_duration_seconds": {
                    "min": 1587.4272256200202,
                    "average": 1587.4272256200202,
                    "max": 1587.4272256200202,
                    "percentiles": {
                        "p25": 1587.4272256200202,
                        "p50": 1587.4272256200202,
                        "p75": 1587.4272256200202
                    }
                },
                "vpn_installation_seconds": {
                    "min": 420.8511519450112,
                    "average": 420.8511519450112,
                    "max": 420.8511519450112,
                    "percentiles": {
                        "p25": 420.8511519450112,
                        "p50": 420.8511519450112,
                        "p75": 420.8511519450112
                    }
                },
                "benchmarking_seconds": {
                    "min": 1166.543350182008,
                    "average": 1166.543350182008,
                    "max": 1166.543350182008,
                    "percentiles": {
                        "p25": 1166.543350182008,
                        "p50": 1166.543350182008,
                        "p75": 1166.543350182008
                    }
                }
            }
        },
        "VpnCloud": {
            "status": "success",
            "data": {
                "total_duration_seconds": {
                    "min": 1802.3580407289846,
                    "average": 1802.3580407289846,
                    "max": 1802.3580407289846,
                    "percentiles": {
                        "p25": 1802.3580407289846,
                        "p50": 1802.3580407289846,
                        "p75": 1802.3580407289846
                    }
                },
                "vpn_installation_seconds": {
                    "min": 299.3505027339852,
                    "average": 299.3505027339852,
                    "max": 299.3505027339852,
                    "percentiles": {
                        "p25": 299.3505027339852,
                        "p50": 299.3505027339852,
                        "p75": 299.3505027339852
                    }
                },
                "benchmarking_seconds": {
                    "min": 1502.9845444899984,
                    "average": 1502.9845444899984,
                    "max": 1502.9845444899984,
                    "percentiles": {
                        "p25": 1502.9845444899984,
                        "p50": 1502.9845444899984,