{
  "status": "success",
  "data": {
    "Tinc": {
      "status": "success",
      "data": {
        "sender_throughput_mbps": {
          "min": 4401.793425554684,
          "average": 4401.793425554684,
          "max": 4401.793425554684,
          "percentiles": {
            "p25": 4401.793425554684,
            "p50": 4401.793425554684,
            "p75": 4401.793425554684
          }
        },
        "receiver_throughput_mbps": {
          "min": 4401.793425554684,
          "average": 4401.793425554684,
          "max": 4401.793425554684,
          "percentiles": {
            "p25": 4401.793425554684,
            "p50": 4401.793425554684,
            "p75": 4401.793425554684
          }
        },
        "jitter_ms": {
          "min": 0.3364213788754788,
          "average": 0.3364213788754788,
          "max": 0.3364213788754788,
          "percentiles": {
            "p25": 0.3364213788754788,
            "p50": 0.3364213788754788,
            "p75": 0.3364213788754788
          }
        },
        "lost_percent": {
          "min": 94.92598308770313,
          "average": 94.92598308770313,
          "max": 94.92598308770313,
          "percentiles": {
            "p25": 94.92598308770313,
            "p50": 94.92598308770313,
            "p75": 94.92598308770313
          }
        }
      }
    },
    "Mycelium": {
      "status": "error",
      "error_type": "CmdOut",
      "error": {
        "stdout": "",
        "stderr": "Warning: Permanently added '138.201.33.111' (ED25519) to the list of known hosts.\r\n",
        "cwd": "/home/lhebendanz/Projects/vpn-benchmark-suite/pkgs/vpn-bench",
        "command_list": [
          "ssh",
          "root@138.201.33.111",
          "-A",
          "-o",
          "StrictHostKeyChecking=no",
          "-o",
          "UserKnownHostsFile=/dev/null",
          "-o",
          "ControlMaster=auto",
          "-o",
          "ControlPersist=1m",
          "-o",
          "ControlPath=/tmp/clan-sshxv5iykr5/socket",
          "--",
          "bash",
          "-c",
          "'export IPERF3_PASSWORD=mambaBudo; exec \"$@\"'",
          "--",
          "iperf --bidir --connect-timeout 600 --time 30 --json -Z -c vpn.yuki --username mario --rsa-public-key-path /tmp/iperf3.public -u --udp-counters-64bit -b 0"
        ],
        "returncode": -1,
        "msg": "Command timed out after 120 seconds"
      },
      "machine": "0_lom"
    },
    "Hyprspace": {
      "status": "error",
      "error_type": "CmdOut",
      "error": {
        "stdout": "",
        "stderr": "Warning: Permanently added '138.201.33.111' (ED25519) to the list of known hosts.\r\n",
        "cwd": "/home/lhebendanz/Projects/vpn-benchmark-suite/pkgs/vpn-bench",
        "command_list": [
          "ssh",
          "root@138.201.33.111",
          "-A",
          "-o",
          "StrictHostKeyChecking=no",
          "-o",
          "UserKnownHostsFile=/dev/null",
          "-o",
          "ControlMaster=auto",
          "-o",
          "ControlPersist=1m",
          "-o",
          "ControlPath=/tmp/clan-sshq7rc4uzx/socket",
          "--",
          "bash",
          "-c",
          "'export IPERF3_PASSWORD=mambaBudo; exec \"$@\"'",
          "--",
          "iperf --bidir --connect-timeout 600 --time 30 --json -Z -c vpn.yuki --username mario --rsa-public-key-path /tmp/iperf3.public -u --udp-counters-64bit -b 0"
        ],
        "returncode": -1,
        "msg": "Command timed out after 120 seconds"
      },
      "machine": "0_lom"
    },
    "Zerotier": {
      "status": "success",
      "data": {
        "sender_throughput_mbps": {
          "min": 9078.221041848446,
          "average": 9078.221041848446,
          "max": 9078.221041848446,
          "percentiles": {
            "p25": 9078.221041848446,
            "p50": 9078.221041848446,
            "p75": 9078.221041848446
          }
        },
        "receiver_throughput_mbps": {
          "min": 9078.221041848446,
          "average": 9078.221041848446,
          "max": 9078.221041848446,
          "percentiles": {
            "p25": 9078.221041848446,
            "p50": 9078.221041848446,
            "p75": 9078.221041848446
          }
        },
        "jitter_ms": {
          "min": 0.9717106444955942,
          "average": 0.9717106444955942,
          "max": 0.9717106444955942,
          "percentiles": {
            "p25": 0.9717106444955942,
            "p50": 0.9717106444955942,
            "p75": 0.9717106444955942
          }
        },
        "lost_percent": {
          "min": 99.07483857733304,
          "average": 99.07483857733304,
          "max": 99.07483857733304,
          "percentiles": {
            "p25": 99.07483857733304,
            "p50": 99.07483857733304,
            "p75": 99.07483857733304
          }
        }
      }
    },
    "VpnCloud": {
      "status": "error",
      "error_type": "CmdOut",
      "error": {
        "stdout": "{\n\t\"start\":\t{\n\t\t\"connected\":\t[{\n\t\t\t\t\"socket\":\t5,\n\t\t\t\t\"local_host\":\t\"10.25.186.63\",\n\t\t\t\t\"local_port\":\t55709,\n\t\t\t\t\"remote_host\":\t\"10.25.112.48\",\n\t\t\t\t\"remote_port\":\t5201\n\t\t\t}],\n\t\t\"version\":\t\"iperf 3.20\",\n\t\t\"system_info\":\t\"Linux lom 6.12.57 #1-NixOS SMP PREEMPT_DYNAMIC Sun Nov  2 13:15:23 UTC 2025 x86_64\",\n\t\t\"timestamp\":\t{\n\t\t\t\"time\":\t\"Wed, 10 Dec 2025 21:47:33 GMT\",\n\t\t\t\"timesecs\":\t1765403253,\n\t\t\t\"timemillisecs\":\t1765403253226\n\t\t},\n\t\t\"connecting_to\":\t{\n\t\t\t\"host\":\t\"vpn.yuki\",\n\t\t\t\"port\":\t5201\n\t\t},\n\t\t\"cookie\":\t\"35s6af6dnkbdw27njhri3m2jbivflvza5nsp\",\n\t\t\"target_bitrate\":\t0,\n\t\t\"fq_rate\":\t0,\n\t\t\"sock_bufsize\":\t0,\n\t\t\"sndbuf_actual\":\t212992,\n\t\t\"rcvbuf_actual\":\t212992\n\t},\n\t\"intervals\":\t[],\n\t\"end\":\t{\n\t},\n\t\"error\":\t\"unable to read from stream socket: No such file or directory\"\n}\n",
        "stderr": "Warning: Permanently added '138.201.33.111' (ED25519) to the list of known hosts.\r\n",
        "cwd": "/home/lhebendanz/Projects/vpn-benchmark-suite/pkgs/vpn-bench",
        "command_list": [
          "ssh",
          "root@138.201.33.111",
          "-A",
          "-o",
          "StrictHostKeyChecking=no",
          "-o",
          "UserKnownHostsFile=/dev/null",
          "-o",
          "ControlMaster=auto",
          "-o",
          "ControlPersist=1m",
          "-o",
          "ControlPath=/tmp/clan-sshw4hhzptn/socket",
          "--",
          "bash",
          "-c",
          "'export IPERF3_PASSWORD=mambaBudo; exec \"$@\"'",
          "--",
          "iperf --bidir --connect-timeout 600 --time 30 --json -Z -c vpn.yuki --username mario --rsa-public-key-path /tmp/iperf3.public -u --udp-counters-64bit -b 0"
        ],
        "returncode": 1
      },
      "machine": "0_lom"
    },
    "Nebula": {
      "status": "error",
      "error_type": "CmdOut",
      "error": {
        "stdout": "{\n\t\"start\":\t{\n\t\t\"connected\":\t[{\n\t\t\t\t\"socket\":\t5,\n\t\t\t\t\"local_host\":\t\"fdc4:fb93:e53a:1:eff5:d0f7:ac45:870\",\n\t\t\t\t\"local_port\":\t39788,\n\t\t\t\t\"remote_host\":\t\"fdc4:fb93:e53a:1:495b:7e7b:f01:d16e\",\n\t\t\t\t\"remote_port\":\t5201\n\t\t\t}],\n\t\t\"version\":\t\"iperf 3.20\",\n\t\t\"system_info\":\t\"Linux lom 6.12.57 #1-NixOS SMP PREEMPT_DYNAMIC Sun Nov  2 13:15:23 UTC 2025 x86_64\",\n\t\t\"timestamp\":\t{\n\t\t\t\"time\":\t\"Wed, 10 Dec 2025 21:00:25 GMT\",\n\t\t\t\"timesecs\":\t1765400425,\n\t\t\t\"timemillisecs\":\t1765400425510\n\t\t},\n\t\t\"connecting_to\":\t{\n\t\t\t\"host\":\t\"vpn.yuki\",\n\t\t\t\"port\":\t5201\n\t\t},\n\t\t\"cookie\":\t\"yocn46aydg7fz4wv3eyid6vxvdwuc6f522zb\",\n\t\t\"target_bitrate\":\t0,\n\t\t\"fq_rate\":\t0,\n\t\t\"sock_bufsize\":\t0,\n\t\t\"sndbuf_actual\":\t212992,\n\t\t\"rcvbuf_actual\":\t212992\n\t},\n\t\"intervals\":\t[],\n\t\"end\":\t{\n\t},\n\t\"error\":\t\"unable to read from stream socket: No such file or directory\"\n}\n",