{
  "status": "success",
  "data": {
    "Tinc": {
      "status": "success",
      "data": {
        "bitrate_kbps": {
          "min": 1906.1,
          "average": 1988.3666666666666,
          "max": 2015.4,
          "percentiles": {
            "p25": 1981.5333333333333,
            "p50": 1989.7333333333333,
            "p75": 1997.1833333333334
          }
        },
        "fps": {
          "min": 31.0,
          "average": 32.13793103448276,
          "max": 45.0,
          "percentiles": {
            "p25": 31.0,
            "p50": 31.0,
            "p75": 32.0
          }
        },
        "dropped_frames": {
          "min": 15.0,
          "average": 15.0,
          "max": 15.0,
          "percentiles": {
            "p25": 15.0,
            "p50": 15.0,
            "p75": 15.0
          }
        }
      }
    },
    "Mycelium": {
      "status": "success",
      "data": {
        "bitrate_kbps": {
          "min": 1781.7,
          "average": 1979.4103448275862,
          "max": 2010.1,
          "percentiles": {
            "p25": 1974.5166666666667,
            "p50": 1984.4333333333334,
            "p75": 1991.6499999999999
          }
        },
        "fps": {
          "min": 31.0,
          "average": 32.13793103448276,
          "max": 45.0,
          "percentiles": {
            "p25": 31.0,
            "p50": 31.0,
            "p75": 32.0
          }
        },
        "dropped_frames": {
          "min": 15.0,
          "average": 15.0,
          "max": 15.0,
          "percentiles": {
            "p25": 15.0,
            "p50": 15.0,
            "p75": 15.0
          }
        }
      }
    },
    "Hyprspace": {
      "status": "success",
      "data": {
        "bitrate_kbps": {
          "min": 1908.1,
          "average": 1988.6758620689654,
          "max": 2012.8,
          "percentiles": {
            "p25": 1982.0500000000002,
            "p50": 1989.8,
            "p75": 1997.8666666666666
          }
        },
        "fps": {
          "min": 31.0,
          "average": 32.13793103448276,
          "max": 45.0,
          "percentiles": {
            "p25": 31.0,
            "p50": 31.0,
            "p75": 32.0
          }
        },
        "dropped_frames": {
          "min": 15.0,
          "average": 15.0,
          "max": 15.0,
          "percentiles": {
            "p25": 15.0,
            "p50": 15.0,
            "p75": 15.0
          }
        }
      }
    },
    "Zerotier": {
      "status": "success",
      "data": {
        "bitrate_kbps": {
          "min": 1906.1,
          "average": 1988.7781609195404,
          "max": 2015.8,
          "percentiles": {
            "p25": 1982.2333333333333,
            "p50": 1989.8333333333333,
            "p75": 1998.0666666666666
          }
        },
        "fps": {
          "min": 31.0,
          "average": 32.13793103448276,
          "max": 45.0,
          "percentiles": {
            "p25": 31.0,
            "p50": 31.0,
            "p75": 32.0
          }
        },
        "dropped_frames": {
          "min": 15.0,
          "average": 15.0,
          "max": 15.0,
          "percentiles": {
            "p25": 15.0,
            "p50": 15.0,
            "p75": 15.0
          }
        }
      }
    },
    "VpnCloud": {
      "status": "success",
      "data": {
        "bitrate_kbps": {
          "min": 1902.1,
          "average": 1988.1965517241379,
          "max": 2014.1,
          "percentiles": {
            "p25": 1981.8333333333335,
            "p50": 1989.5333333333333,
            "p75": 1997.55
          }
        },
        "fps": {
          "min": 31.0,
          "average": 32.13793103448276,
          "max": 45.0,
          "percentiles": {
            "p25": 31.0,
            "p50": 31.0,
            "p75": 32.0
          }
        },
        "dropped_frames": {
          "min": 15.0,
          "average": 15.0,
          "max": 15.0,
          "percentiles": {
            "p25": 15.0,
            "p50": 15.0,
            "p75": 15.0
          }
        }
      }
    },
    "Nebula": {
      "status": "success",
      "data": {
        "bitrate_kbps": {
          "min": 1898.0,
          "average": 1988.1436781609195,
          "max": 2013.2,
          "percentiles": {
            "p25": 1981.8333333333333,
            "p50": 1989.6333333333334,
            "p75": 1997.6
          }
        },
        "fps": {
          "min": 31.0,
          "average": 32.13793103448276,
          "max": 45.0,
          "percentiles": {
            "p25": 31.0,
            "p50": 31.0,
            "p75": 32.0
          }
        },
        "dropped_frames": {
          "min": 15.0,
          "average": 15.0,
          "max": 15.0,
          "percentiles": {
            "p25": 15.0,
            "p50": 15.0,
            "p75": 15.0
          }
        }
      }
    },
    "Wireguard": {
      "status": "success",
      "data": {
        "bitrate_kbps": {
          "min": 1906.1,
          "average": 1989.0011494252874,
          "max": 2015.8,
          "percentiles": {
            "p25": 1981.9333333333332,
            "p50": 1989.6333333333332,
            "p75": 1996.65
          }
        },
        "fps": {
          "min": 31.0,
          "average": 32.13793103448276,
          "max": 45.0,
          "percentiles": {
            "p25": 31.0,
            "p50": 31.0,
            "p75": 32.0
          }
        },
        "dropped_frames": {
          "min": 15.0,
          "average": 15.0,
          "max": 15.0,
          "percentiles": {
            "p25": 15.0,
            "p50": 15.0,
            "p75": 15.0
          }
        }
      }
    },
    "Yggdrasil": {
      "status": "success",
      "data": {
        "bitrate_kbps": {
          "min": 1902.1,
          "average": 1987.2310344827586,
          "max": 2009.5,
          "percentiles": {
            "p25": 1982.9,
            "p50": 1989.1,
            "p75": 1994.75
          }
        },
        "fps": {
          "min": 31.0,
          "average": 32.13793103448276,
          "max": 45.0,
          "percentiles": {
            "p25": 31.0,
            "p50": 31.0,
            "p75": 32.0
          }
        },
        "dropped_frames": {
          "min": 15.0,
          "average": 15.0,
          "max": 15.0,
          "percentiles": {
            "p25": 15.0,
            "p50": 15.0,
            "p75": 15.0
          }
        }
      }
    },
    "Easytier": {
      "status": "success",
      "data": {
        "bitrate_kbps": {
          "min": 1769.7,
          "average": 1980.064367816092,
          "max": 2014.1,
          "percentiles": {
            "p25": 1974.8833333333334,
            "p50": 1984.8333333333333,
            "p75": 1992.55
          }
        },
        "fps": {
          "min": 31.0,
          "average": 32.13793103448276,
          "max": 45.0,
          "percentiles": {
            "p25": 31.0,
            "p50": 31.0,
            "p75": 32.0
          }
        },
        "dropped_frames": {
          "min": 15.0,
          "average": 15.0,
          "max": 15.0,
          "percentiles": {
            "p25": 15.0,
            "p50": 15.0,
            "p75": 15.0
          }
        }
      }
    },
    "Internal": {
      "status": "success",
      "data": {
        "bitrate_kbps": {
          "min": 1905.1,
          "average": 1988.6310344827587,
          "max": 2016.6,
          "percentiles": {
            "p25": 1982.0666666666668,
            "p50": 1989.7333333333333,
            "p75": 1997.8999999999999
          }
        },
        "fps": {
          "min": 31.0,
          "average": 32.13793103448276,
          "max": 45.0,
          "percentiles": {
            "p25": 31.0,
            "p50": 31.0,
            "p75": 32.0
          }
        },
        "dropped_frames": {
          "min": 15.0,
          "average": 15.0,
          "max": 15.0,
          "percentiles": {
            "p25": 15.0,
            "p50": 15.0,