{
  "status": "success",
  "data": {
    "Mycelium": {
      "status": "success",
      "data": {
        "bitrate_kbps": {
          "min": 1742.6,
          "average": 1944.3344827586207,
          "max": 1972.5,
          "percentiles": {
            "p25": 1940.05,
            "p50": 1960.1000000000001,
            "p75": 1965.95
          }
        },
        "fps": {
          "min": 31.0,
          "average": 32.13793103448276,
          "max": 45.0,
          "percentiles": {
            "p25": 31.0,
            "p50": 31.0,
            "p75": 32.0
          }
        },
        "dropped_frames": {
          "min": 15.0,
          "average": 15.0,
          "max": 15.0,
          "percentiles": {
            "p25": 15.0,
            "p50": 15.0,
            "p75": 15.0
          }
        }
      }
    },
    "Tinc": {
      "status": "success",
      "data": {
        "bitrate_kbps": {
          "min": 1747.6,
          "average": 1945.4091954022988,
          "max": 1973.6,
          "percentiles": {
            "p25": 1942.0833333333333,
            "p50": 1960.3,
            "p75": 1966.0333333333333
          }
        },
        "fps": {
          "min": 31.0,
          "average": 32.13793103448276,
          "max": 45.0,
          "percentiles": {
            "p25": 31.0,
            "p50": 31.0,
            "p75": 32.0
          }
        },
        "dropped_frames": {
          "min": 14.0,
          "average": 14.666666666666666,
          "max": 15.0,
          "percentiles": {
            "p25": 14.666666666666666,
            "p50": 14.666666666666666,
            "p75": 14.666666666666666
          }
        }
      }
    },
    "VpnCloud": {
      "status": "success",
      "data": {
        "bitrate_kbps": {
          "min": 1753.7,
          "average": 1945.6655172413793,
          "max": 1974.3,
          "percentiles": {
            "p25": 1941.6333333333332,
            "p50": 1960.9333333333332,
            "p75": 1966.4333333333334
          }
        },
        "fps": {
          "min": 31.0,
          "average": 32.13793103448276,
          "max": 45.0,
          "percentiles": {
            "p25": 31.0,
            "p50": 31.0,
            "p75": 32.0
          }
        },
        "dropped_frames": {
          "min": 14.0,
          "average": 14.333333333333334,
          "max": 15.0,
          "percentiles": {
            "p25": 14.333333333333334,
            "p50": 14.333333333333334,
            "p75": 14.333333333333334
          }
        }
      }
    },
    "Zerotier": {
      "status": "success",
      "data": {
        "bitrate_kbps": {
          "min": 1764.7,
          "average": 1946.625287356322,
          "max": 1977.1,
          "percentiles": {
            "p25": 1943.1833333333334,
            "p50": 1960.5,
            "p75": 1966.3166666666666
          }
        },
        "fps": {
          "min": 31.0,
          "average": 32.13793103448276,
          "max": 45.0,
          "percentiles": {
            "p25": 31.0,
            "p50": 31.0,
            "p75": 32.0
          }
        },
        "dropped_frames": {
          "min": 14.0,
          "average": 14.666666666666666,
          "max": 15.0,
          "percentiles": {
            "p25": 14.666666666666666,
            "p50": 14.666666666666666,
            "p75": 14.666666666666666
          }
        }
      }
    },
    "Nebula": {
      "status": "success",
      "data": {
        "bitrate_kbps": {
          "min": 1749.7,
          "average": 1946.8034482758621,
          "max": 1973.7,
          "percentiles": {
            "p25": 1944.1166666666666,
            "p50": 1961.6333333333334,
            "p75": 1966.8833333333332
          }
        },
        "fps": {
          "min": 31.0,
          "average": 32.13793103448276,
          "max": 45.0,
          "percentiles": {
            "p25": 31.0,
            "p50": 31.0,
            "p75": 32.0
          }
        },
        "dropped_frames": {
          "min": 14.0,
          "average": 14.666666666666666,
          "max": 15.0,
          "percentiles": {
            "p25": 14.666666666666666,
            "p50": 14.666666666666666,
            "p75": 14.666666666666666
          }
        }
      }
    },
    "Yggdrasil": {
      "status": "success",
      "data": {
        "bitrate_kbps": {
          "min": 1754.7,
          "average": 1945.6540229885059,
          "max": 1977.4,
          "percentiles": {
            "p25": 1941.7833333333333,
            "p50": 1960.4666666666667,
            "p75": 1966.1
          }
        },
        "fps": {
          "min": 31.0,
          "average": 32.13793103448276,
          "max": 45.0,
          "percentiles": {
            "p25": 31.0,
            "p50": 31.0,
            "p75": 32.0
          }
        },
        "dropped_frames": {
          "min": 14.0,
          "average": 14.666666666666666,
          "max": 15.0,
          "percentiles": {
            "p25": 14.666666666666666,
            "p50": 14.666666666666666,
            "p75": 14.666666666666666
          }
        }
      }
    },
    "Wireguard": {
      "status": "success",
      "data": {
        "bitrate_kbps": {
          "min": 1751.7,
          "average": 1945.9206896551725,
          "max": 1972.9,
          "percentiles": {
            "p25": 1941.9333333333332,
            "p50": 1960.7333333333333,
            "p75": 1966.6
          }
        },
        "fps": {
          "min": 31.0,
          "average": 32.13793103448276,
          "max": 45.0,
          "percentiles": {
            "p25": 31.0,
            "p50": 31.0,
            "p75": 32.0
          }
        },
        "dropped_frames": {
          "min": 14.0,
          "average": 14.333333333333334,
          "max": 15.0,
          "percentiles": {
            "p25": 14.333333333333334,
            "p50": 14.333333333333334,
            "p75": 14.333333333333334
          }
        }
      }
    },
    "Internal": {
      "status": "success",
      "data": {
        "bitrate_kbps": {
          "min": 1753.7,
          "average": 1945.4620689655173,
          "max": 1973.0,
          "percentiles": {
            "p25": 1941.7333333333333,
            "p50": 1960.8,
            "p75": 1966.45
          }
        },
        "fps": {
          "min": 31.0,
          "average": 32.13793103448276,
          "max": 45.0,
          "percentiles": {
            "p25": 31.0,
            "p50": 31.0,
            "p75": 32.0
          }
        },
        "dropped_frames": {
          "min": 14.0,
          "average": 14.666666666666666,
          "max": 15.0,
          "percentiles": {
            "p25": 14.666666666666666,
            "p50": 14.666666666666666,
            "p75": 14.666666666666666
          }
        }
      }
    },
    "Hyprspace": {
      "status": "success",
      "data": {
        "bitrate_kbps": {
          "min": 1744.6,
          "average": 1945.058620689655,
          "max": 1977.0,
          "percentiles": {
            "p25": 1941.7,
            "p50": 1960.3666666666666,
            "p75": 1966.0
          }
        },
        "fps": {
          "min": 31.0,
          "average": 32.13793103448276,
          "max": 45.0,
          "percentiles": {
            "p25": 31.0,
            "p50": 31.0,
            "p75": 32.0
          }
        },
        "dropped_frames": {
          "min": 14.0,
          "average": 14.666666666666666,
          "max": 15.0,
          "percentiles": {
            "p25": 14.666666666666666,
            "p50": 14.666666666666666,
            "p75": 14.666666666666666
          }
        }
      }
    }
  }
}
