{
    "status": "success",
    "data": {
        "rtt_min_ms": {
            "min": 1.038,
            "average": 1.084,
            "max": 1.135,
            "percentiles": {
                "p25": 1.038,
                "p50": 1.079,
                "p75": 1.135
            }
        },
        "rtt_avg_ms": {
            "min": 8.767,
            "average": 9.408333333333333,
            "max": 10.108,
            "percentiles": {
                "p25": 8.767,
                "p50": 9.35,
                "p75": 10.108
            }
        },
        "rtt_max_ms": {
            "min": 18.897,
            "average": 20.144666666666666,
            "max": 20.982,
            "percentiles": {
                "p25": 18.897,
                "p50": 20.555,
                "p75": 20.982
            }
        },
        "rtt_mdev_ms": {
            "min": 4.589,
            "average": 4.756666666666667,
            "max": 5.031,
            "percentiles": {
                "p25": 4.589,
                "p50": 4.65,
                "p75": 5.031
            }
        },
        "packet_loss_percent": {
            "min": 2.0,
            "average": 2.0,
            "max": 2.0,
            "percentiles": {
                "p25": 2.0,
                "p50": 2.0,
                "p75": 2.0
            }
        }
    },
    "meta": {
        "duration_seconds": 61.46953058242798,
        "test_attempts": 1,
        "vpn_restart_attempts": 0,
        "vpn_restart_duration_seconds": 1.958498239517212,
        "connectivity_wait_duration_seconds": 4.069432258605957,
        "source": "lom",
        "target": "yuki"
    }
}