{
    "status": "success",
    "data": {
        "total_bandwidth_mbps": {
            "min": 37.886,
            "average": 39.5149,
            "max": 41.482,
            "percentiles": {
                "p25": 38.562000000000005,
                "p50": 39.5985,
                "p75": 40.166250000000005
            }
        },
        "cpu_usage_percent": {
            "min": 0.0,
            "average": 2.4040833333333333,
            "max": 12.37,
            "percentiles": {
                "p25": 2.0,
                "p50": 2.02,
                "p75": 3.0
            }
        },
        "ttfb_ms": {
            "min": 23.0,
            "average": 73.875,
            "max": 276.0,
            "percentiles": {
                "p25": 25.5,
                "p50": 51.0,
                "p75": 68.5
            }
        },
        "conn_time_ms": {
            "min": 21.0,
            "average": 68.375,
            "max": 270.0,
            "percentiles": {
                "p25": 23.25,
                "p50": 42.5,
                "p75": 64.5
            }
        }
    },
    "meta": {
        "duration_seconds": 31.86176109313965,
        "test_attempts": 1,
        "vpn_restart_attempts": 0,
        "vpn_restart_duration_seconds": 2.164241313934326,
        "connectivity_wait_duration_seconds": 4.327789545059204,
        "source": "lom",
        "target": "yuki"
    }
}