{
    "status": "success",
    "data": {
        "bitrate_kbps": {
            "min": 1914.1,
            "average": 1989.2620689655173,
            "max": 2013.6,
            "percentiles": {
                "p25": 1982.4,
                "p50": 1990.2,
                "p75": 1998.4
            }
        },
        "fps": {
            "min": 31.0,
            "average": 32.13793103448276,
            "max": 45.0,
            "percentiles": {
                "p25": 31.0,
                "p50": 31.0,
                "p75": 32.0
            }
        },
        "dropped_frames": {
            "min": 15.0,
            "average": 15.0,
            "max": 15.0,
            "percentiles": {
                "p25": 15.0,
                "p50": 15.0,
                "p75": 15.0
            }
        }
    },
    "meta": {
        "duration_seconds": 31.664620876312256,
        "test_attempts": 1,
        "vpn_restart_attempts": 0,
        "vpn_restart_duration_seconds": 1.9243252277374268,
        "connectivity_wait_duration_seconds": 4.073256015777588,
        "source": "lom",
        "target": "yuki"
    }
}