{
    "status": "success",
    "data": {
        "rtt_min_ms": {
            "min": 0.673,
            "average": 0.888,
            "max": 1.183,
            "percentiles": {
                "p25": 0.673,
                "p50": 0.808,
                "p75": 1.183
            }
        },
        "rtt_avg_ms": {
            "min": 4.629,
            "average": 4.717333333333333,
            "max": 4.788,
            "percentiles": {
                "p25": 4.629,
                "p50": 4.735,
                "p75": 4.788
            }
        },
        "rtt_max_ms": {
            "min": 7.806,
            "average": 8.172333333333334,
            "max": 8.404,
            "percentiles": {
                "p25": 7.806,
                "p50": 8.307,
                "p75": 8.404
            }
        },
        "rtt_mdev_ms": {
            "min": 1.576,
            "average": 1.5943333333333334,
            "max": 1.615,
            "percentiles": {
                "p25": 1.576,
                "p50": 1.592,
                "p75": 1.615
            }
        },
        "packet_loss_percent": {
            "min": 0.0,
            "average": 1.0,
            "max": 2.0,
            "percentiles": {
                "p25": 0.0,
                "p50": 1.0,
                "p75": 2.0
            }
        }
    },
    "meta": {
        "duration_seconds": 61.25689101219177,
        "test_attempts": 1,
        "vpn_restart_attempts": 0,
        "vpn_restart_duration_seconds": 0.0,
        "connectivity_wait_duration_seconds": 0.0
    }
}