{
    "status": "success",
    "data": {
        "total_bandwidth_mbps": {
            "min": 264.38,
            "average": 282.03633333333335,
            "max": 324.95,
            "percentiles": {
                "p25": 275.255,
                "p50": 279.695,
                "p75": 286.805
            }
        },
        "cpu_usage_percent": {
            "min": 0.0,
            "average": 3.8124166666666666,
            "max": 8.16,
            "percentiles": {
                "p25": 3.03,
                "p50": 4.0,
                "p75": 5.0
            }
        },
        "ttfb_ms": {
            "min": 21.0,
            "average": 23.571428571428573,
            "max": 28.0,
            "percentiles": {
                "p25": 22.0,
                "p50": 23.0,
                "p75": 25.0
            }
        },
        "conn_time_ms": {
            "min": 15.0,
            "average": 17.571428571428573,
            "max": 21.0,
            "percentiles": {
                "p25": 16.0,
                "p50": 18.0,
                "p75": 18.0
            }
        }
    },
    "meta": {
        "duration_seconds": 31.342844247817993,
        "test_attempts": 1,
        "vpn_restart_attempts": 0,
        "vpn_restart_duration_seconds": 0.0,
        "connectivity_wait_duration_seconds": 0.0,
        "source": "luna",
        "target": "lom"
    }
}