{
  "status": "success",
  "data": {
    "encoding": {
      "bitrate_kbps": {
        "min": 3315.8,
        "average": 3354.293103448276,
        "max": 3503.1,
        "percentiles": {
          "p25": 3327.25,
          "p50": 3339.7,
          "p75": 3362.6000000000004
        }
      },
      "fps": {
        "min": 30.0,
        "average": 32.10344827586207,
        "max": 45.0,
        "percentiles": {
          "p25": 31.0,
          "p50": 31.0,
          "p75": 32.0
        }
      },
      "dropped_frames": {
        "min": 15.0,
        "average": 15.0,
        "max": 15.0,
        "percentiles": {
          "p25": 15.0,
          "p50": 15.0,
          "p75": 15.0
        }
      }
    },
    "network": {
      "packets_dropped": {
        "min": 0.0,
        "average": 1790.0645161290322,
        "max": 55492.0,
        "percentiles": {
          "p25": 0.0,
          "p50": 0.0,
          "p75": 0.0
        }
      },
      "packets_recovered": {
        "min": 0.0,
        "average": 1.6774193548387097,
        "max": 11.0,
        "percentiles": {
          "p25": 0.0,
          "p50": 1.0,
          "p75": 2.0
        }
      },
      "rtt_ms": {
        "min": 5.0,
        "average": 7.093232865501681,
        "max": 8.93719905182042,
        "percentiles": {
          "p25": 6.573703884104348,
          "p50": 7.12008008443371,
          "p75": 7.592332286837128
        }
      },
      "quality": {
        "min": 97.0,
        "average": 99.03225806451613,
        "max": 100.0,
        "percentiles": {
          "p25": 99.0,
          "p50": 99.0,
          "p75": 100.0
        }
      },
      "bitrate_bps": {
        "min": 0.0,
        "average": 3157265.3225806453,
        "max": 5157557.0,
        "percentiles": {
          "p25": 2869299.0,
          "p50": 3552731.0,
          "p75": 3647905.0
        }
      }
    }
  },
  "meta": {
    "duration_seconds": 32.100659132003784,
    "test_attempts": 1,
    "vpn_restart_attempts": 0,
    "vpn_restart_duration_seconds": 0.0,
    "connectivity_wait_duration_seconds": 0.0,
    "source": "luna",
    "target": "lom"
  }
}
