{
  "status": "success",
  "data": {
    "bitrate_kbps": {
      "min": 1905.1,
      "average": 1987.606896551724,
      "max": 2010.1,
      "percentiles": {
        "p25": 1981.3000000000002,
        "p50": 1989.2,
        "p75": 1997.1
      }
    },
    "fps": {
      "min": 31.0,
      "average": 32.13793103448276,
      "max": 45.0,
      "percentiles": {
        "p25": 31.0,
        "p50": 31.0,
        "p75": 32.0
      }
    },
    "dropped_frames": {
      "min": 15.0,
      "average": 15.0,
      "max": 15.0,
      "percentiles": {
        "p25": 15.0,
        "p50": 15.0,
        "p75": 15.0
      }
    }
  },
  "meta": {
    "duration_seconds": 121.29170680046082,
    "test_attempts": 1,
    "vpn_restart_attempts": 0,
    "vpn_restart_duration_seconds": 0.0,
    "connectivity_wait_duration_seconds": 0.0
  }
}
