{
    "status": "success",
    "data": {
        "rtt_min_ms": {
            "min": 1.375,
            "average": 1.6106666666666667,
            "max": 1.81,
            "percentiles": {
                "p25": 1.375,
                "p50": 1.647,
                "p75": 1.81
            }
        },
        "rtt_avg_ms": {
            "min": 2.386,
            "average": 2.4086666666666665,
            "max": 2.444,
            "percentiles": {
                "p25": 2.386,
                "p50": 2.396,
                "p75": 2.444
            }
        },
        "rtt_max_ms": {
            "min": 2.665,
            "average": 3.3886666666666665,
            "max": 4.675,
            "percentiles": {
                "p25": 2.665,
                "p50": 2.826,
                "p75": 4.675
            }
        },
        "rtt_mdev_ms": {
            "min": 0.157,
            "average": 0.21266666666666667,
            "max": 0.295,
            "percentiles": {
                "p25": 0.157,
                "p50": 0.186,
                "p75": 0.295
            }
        },
        "packet_loss_percent": {
            "min": 0.0,
            "average": 0.0,
            "max": 0.0,
            "percentiles": {
                "p25": 0.0,
                "p50": 0.0,
                "p75": 0.0
            }
        }
    },
    "meta": {
        "duration_seconds": 60.77909183502197,
        "test_attempts": 1,
        "vpn_restart_attempts": 0,
        "vpn_restart_duration_seconds": 1.8199081420898438,
        "connectivity_wait_duration_seconds": 5.832990407943726,
        "source": "yuki",
        "target": "luna"
    }
}