{
    "status": "success",
    "data": {
        "rtt_min_ms": {
            "min": 1.738,
            "average": 1.8576666666666668,
            "max": 1.965,
            "percentiles": {
                "p25": 1.738,
                "p50": 1.87,
                "p75": 1.965
            }
        },
        "rtt_avg_ms": {
            "min": 2.403,
            "average": 2.4173333333333336,
            "max": 2.438,
            "percentiles": {
                "p25": 2.403,
                "p50": 2.411,
                "p75": 2.438
            }
        },
        "rtt_max_ms": {
            "min": 2.692,
            "average": 3.2043333333333335,
            "max": 4.2,
            "percentiles": {
                "p25": 2.692,
                "p50": 2.721,
                "p75": 4.2
            }
        },
        "rtt_mdev_ms": {
            "min": 0.164,
            "average": 0.19566666666666666,
            "max": 0.242,
            "percentiles": {
                "p25": 0.164,
                "p50": 0.181,
                "p75": 0.242
            }
        },
        "packet_loss_percent": {
            "min": 0.0,
            "average": 0.0,
            "max": 0.0,
            "percentiles": {
                "p25": 0.0,
                "p50": 0.0,
                "p75": 0.0
            }
        }
    },
    "meta": {
        "duration_seconds": 60.82158303260803,
        "test_attempts": 1,
        "vpn_restart_attempts": 0,
        "vpn_restart_duration_seconds": 1.6947603225708008,
        "connectivity_wait_duration_seconds": 5.865695476531982,
        "source": "yuki",
        "target": "luna"
    }
}