{
    "status": "success",
    "data": {
        "rtt_min_ms": {
            "min": 1.815,
            "average": 1.9213333333333333,
            "max": 1.986,
            "percentiles": {
                "p25": 1.815,
                "p50": 1.963,
                "p75": 1.986
            }
        },
        "rtt_avg_ms": {
            "min": 2.341,
            "average": 2.382,
            "max": 2.407,
            "percentiles": {
                "p25": 2.341,
                "p50": 2.398,
                "p75": 2.407
            }
        },
        "rtt_max_ms": {
            "min": 2.61,
            "average": 3.373666666666667,
            "max": 4.646,
            "percentiles": {
                "p25": 2.61,
                "p50": 2.865,
                "p75": 4.646
            }
        },
        "rtt_mdev_ms": {
            "min": 0.15,
            "average": 0.19133333333333333,
            "max": 0.265,
            "percentiles": {
                "p25": 0.15,
                "p50": 0.159,
                "p75": 0.265
            }
        },
        "packet_loss_percent": {
            "min": 0.0,
            "average": 0.0,
            "max": 0.0,
            "percentiles": {
                "p25": 0.0,
                "p50": 0.0,
                "p75": 0.0
            }
        }
    },
    "meta": {
        "duration_seconds": 60.78972339630127,
        "test_attempts": 1,
        "vpn_restart_attempts": 0,
        "source": "yuki",
        "target": "luna"
    }
}