{
  "status": "success",
  "data": {
    "total_bandwidth_mbps": {
      "min": 734.97,
      "average": 760.972,
      "max": 765.1800000000001,
      "percentiles": {
        "p25": 760.7950000000001,
        "p50": 761.585,
        "p75": 763.1824999999999
      }
    },
    "cpu_usage_percent": {
      "min": 41.94,
      "average": 45.1745,
      "max": 49.48,
      "percentiles": {
        "p25": 44.21,
        "p50": 45.26,
        "p75": 46.32
      }
    },
    "ttfb_ms": {
      "min": 18.0,
      "average": 21.125,
      "max": 24.0,
      "percentiles": {
        "p25": 19.25,
        "p50": 21.5,
        "p75": 22.75
      }
    },
    "conn_time_ms": {
      "min": 15.0,
      "average": 19.125,
      "max": 22.0,
      "percentiles": {
        "p25": 17.25,
        "p50": 19.5,
        "p75": 21.5
      }
    }
  },
  "meta": {
    "duration_seconds": 31.47891902923584,
    "test_attempts": 1,
    "vpn_restart_attempts": 0,
    "source": "yuki",
    "target": "luna"
  }
}
