{
  "status": "success",
  "data": {
    "total_bandwidth_mbps": {
      "min": 728.21,
      "average": 760.784,
      "max": 764.95,
      "percentiles": {
        "p25": 760.6274999999999,
        "p50": 761.695,
        "p75": 763.35
      }
    },
    "cpu_usage_percent": {
      "min": 42.22,
      "average": 45.19945833333333,
      "max": 48.45,
      "percentiles": {
        "p25": 44.21,
        "p50": 45.26,
        "p75": 45.83
      }
    },
    "ttfb_ms": {
      "min": 19.0,
      "average": 21.375,
      "max": 23.0,
      "percentiles": {
        "p25": 20.25,
        "p50": 22.0,
        "p75": 22.0
      }
    },
    "conn_time_ms": {
      "min": 17.0,
      "average": 19.375,
      "max": 22.0,
      "percentiles": {
        "p25": 18.0,
        "p50": 19.5,
        "p75": 20.75
      }
    }
  },
  "meta": {
    "duration_seconds": 31.391989946365356,
    "test_attempts": 1,
    "vpn_restart_attempts": 0,
    "vpn_restart_duration_seconds": 1.7016754150390625,
    "connectivity_wait_duration_seconds": 5.801332950592041,
    "source": "yuki",
    "target": "luna"
  }
}
