{
    "status": "success",
    "data": {
        "rtt_min_ms": {
            "min": 1.567,
            "average": 1.7763333333333333,
            "max": 2.085,
            "percentiles": {
                "p25": 1.567,
                "p50": 1.677,
                "p75": 2.085
            }
        },
        "rtt_avg_ms": {
            "min": 5.373,
            "average": 6.120333333333334,
            "max": 7.516,
            "percentiles": {
                "p25": 5.373,
                "p50": 5.472,
                "p75": 7.516
            }
        },
        "rtt_max_ms": {
            "min": 9.449,
            "average": 77.80833333333334,
            "max": 212.51,
            "percentiles": {
                "p25": 9.449,
                "p50": 11.466,
                "p75": 212.51
            }
        },
        "rtt_mdev_ms": {
            "min": 1.681,
            "average": 8.010333333333334,
            "max": 20.665,
            "percentiles": {
                "p25": 1.681,
                "p50": 1.685,
                "p75": 20.665
            }
        },
        "packet_loss_percent": {
            "min": 0.0,
            "average": 0.0,
            "max": 0.0,
            "percentiles": {
                "p25": 0.0,
                "p50": 0.0,
                "p75": 0.0
            }
        }
    },
    "meta": {
        "duration_seconds": 60.82255268096924,
        "test_attempts": 1,
        "vpn_restart_attempts": 0,
        "vpn_restart_duration_seconds": 1.535543441772461,
        "connectivity_wait_duration_seconds": 9.89713740348816,
        "source": "luna",
        "target": "lom"
    }
}