{
    "status": "success",
    "data": {
        "rtt_min_ms": {
            "min": 1.815,
            "average": 1.9983333333333333,
            "max": 2.242,
            "percentiles": {
                "p25": 1.815,
                "p50": 1.938,
                "p75": 2.242
            }
        },
        "rtt_avg_ms": {
            "min": 5.452,
            "average": 5.6466666666666665,
            "max": 5.84,
            "percentiles": {
                "p25": 5.452,
                "p50": 5.648,
                "p75": 5.84
            }
        },
        "rtt_max_ms": {
            "min": 8.641,
            "average": 9.137,
            "max": 9.416,
            "percentiles": {
                "p25": 8.641,
                "p50": 9.354,
                "p75": 9.416
            }
        },
        "rtt_mdev_ms": {
            "min": 1.654,
            "average": 1.6903333333333332,
            "max": 1.723,
            "percentiles": {
                "p25": 1.654,
                "p50": 1.694,
                "p75": 1.723
            }
        },
        "packet_loss_percent": {
            "min": 0.0,
            "average": 0.0,
            "max": 0.0,
            "percentiles": {
                "p25": 0.0,
                "p50": 0.0,
                "p75": 0.0
            }
        }
    },
    "meta": {
        "duration_seconds": 60.83710837364197,
        "test_attempts": 1,
        "vpn_restart_attempts": 0,
        "vpn_restart_duration_seconds": 1.848602294921875,
        "connectivity_wait_duration_seconds": 11.943516254425049,
        "source": "luna",
        "target": "lom"
    }
}