{
  "status": "success",
  "data": {
    "total_bandwidth_mbps": {
      "min": 5.4190000000000005,
      "average": 30.540150333333333,
      "max": 68.607,
      "percentiles": {
        "p25": 11.93435375,
        "p50": 31.024515,
        "p75": 42.2729025
      }
    },
    "cpu_usage_percent": {
      "min": 0.0,
      "average": 2.577903225806452,
      "max": 42.42,
      "percentiles": {
        "p25": 1.01,
        "p50": 2.02,
        "p75": 3.06
      }
    },
    "ttfb_ms": {
      "min": 24.0,
      "average": 157.5,
      "max": 316.0,
      "percentiles": {
        "p25": 68.0,
        "p50": 162.5,
        "p75": 220.75
      }
    },
    "conn_time_ms": {
      "min": 19.0,
      "average": 51.875,
      "max": 104.0,
      "percentiles": {
        "p25": 22.0,
        "p50": 49.5,
        "p75": 74.25
      }
    }
  },
  "meta": {
    "duration_seconds": 97.31092309951782,
    "test_attempts": 1,
    "vpn_restart_attempts": 0,
    "vpn_restart_duration_seconds": 1.8279037475585938,
    "connectivity_wait_duration_seconds": 10.004210710525513,
    "source": "luna",
    "target": "lom"
  }
}
