{
  "status": "success",
  "data": {
    "encoding": {
      "bitrate_kbps": {
        "min": 3306.8,
        "average": 3348.1206896551726,
        "max": 3497.7,
        "percentiles": {
          "p25": 3320.7,
          "p50": 3334.5,
          "p75": 3357.6499999999996
        }
      },
      "fps": {
        "min": 31.0,
        "average": 32.13793103448276,
        "max": 45.0,
        "percentiles": {
          "p25": 31.0,
          "p50": 31.0,
          "p75": 32.0
        }
      },
      "dropped_frames": {
        "min": 15.0,
        "average": 15.0,
        "max": 15.0,
        "percentiles": {
          "p25": 15.0,
          "p50": 15.0,
          "p75": 15.0
        }
      }
    },
    "network": {
      "packets_dropped": {
        "min": 0.0,
        "average": 0.0,
        "max": 0.0,
        "percentiles": {
          "p25": 0.0,
          "p50": 0.0,
          "p75": 0.0
        }
      },
      "packets_recovered": {
        "min": 0.0,
        "average": 0.0,
        "max": 0.0,
        "percentiles": {
          "p25": 0.0,
          "p50": 0.0,
          "p75": 0.0
        }
      },
      "rtt_ms": {
        "min": 8.78941919111369,
        "average": 71.71904270592728,
        "max": 234.28832188931835,
        "percentiles": {
          "p25": 46.01550626000153,
          "p50": 54.76596444163599,
          "p75": 91.30008353381993
        }
      },
      "quality": {
        "min": 100.0,
        "average": 100.0,
        "max": 100.0,
        "percentiles": {
          "p25": 100.0,
          "p50": 100.0,
          "p75": 100.0
        }
      },
      "bitrate_bps": {
        "min": 0.0,
        "average": 3146823.9032258065,
        "max": 5068976.0,
        "percentiles": {
          "p25": 2986164.0,
          "p50": 3313874.0,
          "p75": 3582532.0
        }
      }
    }
  },
  "meta": {
    "duration_seconds": 31.420077085494995,
    "test_attempts": 1,
    "vpn_restart_attempts": 0,
    "vpn_restart_duration_seconds": 2.332552671432495,
    "connectivity_wait_duration_seconds": 70.11221313476562,
    "source": "luna",
    "target": "lom"
  }
}
