{
  "status": "success",
  "data": {
    "bitrate_kbps": {
      "min": 1781.7,
      "average": 1963.9448275862069,
      "max": 1988.7,
      "percentiles": {
        "p25": 1961.3,
        "p50": 1975.3,
        "p75": 1981.4
      }
    },
    "fps": {
      "min": 31.0,
      "average": 32.13793103448276,
      "max": 45.0,
      "percentiles": {
        "p25": 31.0,
        "p50": 31.0,
        "p75": 32.0
      }
    },
    "dropped_frames": {
      "min": 15.0,
      "average": 15.0,
      "max": 15.0,
      "percentiles": {
        "p25": 15.0,
        "p50": 15.0,
        "p75": 15.0
      }
    }
  },
  "meta": {
    "duration_seconds": 31.535629510879517,
    "test_attempts": 1,
    "vpn_restart_attempts": 0,
    "vpn_restart_duration_seconds": 1.957505702972412,
    "connectivity_wait_duration_seconds": 11.95145034790039,
    "source": "luna",
    "target": "lom"
  }
}
