{
  "status": "success",
  "data": {
    "rtt_min_ms": {
      "min": 1.125,
      "average": 1.234,
      "max": 1.292,
      "percentiles": {
        "p25": 1.125,
        "p50": 1.285,
        "p75": 1.292
      }
    },
    "rtt_avg_ms": {
      "min": 1.725,
      "average": 1.74,
      "max": 1.768,
      "percentiles": {
        "p25": 1.725,
        "p50": 1.727,
        "p75": 1.768
      }
    },
    "rtt_max_ms": {
      "min": 2.269,
      "average": 2.675666666666667,
      "max": 3.257,
      "percentiles": {
        "p25": 2.269,
        "p50": 2.501,
        "p75": 3.257
      }
    },
    "rtt_mdev_ms": {
      "min": 0.19,
      "average": 0.20733333333333334,
      "max": 0.23,
      "percentiles": {
        "p25": 0.19,
        "p50": 0.202,
        "p75": 0.23
      }
    },
    "packet_loss_percent": {
      "min": 0.0,
      "average": 0.0,
      "max": 0.0,
      "percentiles": {
        "p25": 0.0,
        "p50": 0.0,
        "p75": 0.0
      }
    }
  },
  "meta": {
    "duration_seconds": 60.480069160461426,
    "test_attempts": 1,
    "vpn_restart_attempts": 0
  }
}
