{
  "status": "success",
  "data": {
    "bitrate_kbps": {
      "min": 1773.7,
      "average": 1950.0275862068966,
      "max": 1975.1,
      "percentiles": {
        "p25": 1946.75,
        "p50": 1962.6,
        "p75": 1967.55
      }
    },
    "fps": {
      "min": 31.0,
      "average": 32.13793103448276,
      "max": 45.0,
      "percentiles": {
        "p25": 31.0,
        "p50": 31.0,
        "p75": 32.0
      }
    },
    "dropped_frames": {
      "min": 15.0,
      "average": 15.0,
      "max": 15.0,
      "percentiles": {
        "p25": 15.0,
        "p50": 15.0,
        "p75": 15.0
      }
    }
  },
  "meta": {
    "duration_seconds": 32.22840332984924,
    "test_attempts": 1,
    "vpn_restart_attempts": 0
  }
}
