{
  "status": "success",
  "data": {
    "rtt_min_ms": {
      "min": 0.985,
      "average": 1.0493333333333332,
      "max": 1.12,
      "percentiles": {
        "p25": 0.985,
        "p50": 1.043,
        "p75": 1.12
      }
    },
    "rtt_avg_ms": {
      "min": 9.442,
      "average": 10.05,
      "max": 10.561,
      "percentiles": {
        "p25": 9.442,
        "p50": 10.147,
        "p75": 10.561
      }
    },
    "rtt_max_ms": {
      "min": 20.923,
      "average": 21.951333333333334,
      "max": 22.475,
      "percentiles": {
        "p25": 20.923,
        "p50": 22.456,
        "p75": 22.475
      }
    },
    "rtt_mdev_ms": {
      "min": 4.852,
      "average": 5.187666666666667,
      "max": 5.391,
      "percentiles": {
        "p25": 4.852,
        "p50": 5.32,
        "p75": 5.391
      }
    },
    "packet_loss_percent": {
      "min": 0.0,
      "average": 1.3333333333333333,
      "max": 3.0,
      "percentiles": {
        "p25": 0.0,
        "p50": 1.0,
        "p75": 3.0
      }
    }
  },
  "meta": {
    "duration_seconds": 61.500736474990845,
    "test_attempts": 1,
    "vpn_restart_attempts": 0,
    "vpn_restart_duration_seconds": 1.9450809955596924,
    "connectivity_wait_duration_seconds": 4.010013818740845,
    "source": "lom",
    "target": "yuki"
  }
}
