{
    "status": "success",
    "data": {
        "encoding": {
            "bitrate_kbps": {
                "min": 3315.1,
                "average": 3356.7,
                "max": 3526.0,
                "percentiles": {
                    "p25": 3327.35,
                    "p50": 3338.5,
                    "p75": 3368.0
                }
            },
            "fps": {
                "min": 31.0,
                "average": 32.13793103448276,
                "max": 45.0,
                "percentiles": {
                    "p25": 31.0,
                    "p50": 31.0,
                    "p75": 32.0
                }
            },
            "dropped_frames": {
                "min": 15.0,
                "average": 15.0,
                "max": 15.0,
                "percentiles": {
                    "p25": 15.0,
                    "p50": 15.0,
                    "p75": 15.0
                }
            }
        },
        "network": {
            "packets_dropped": {
                "min": 0.0,
                "average": 0.0,
                "max": 0.0,
                "percentiles": {
                    "p25": 0.0,
                    "p50": 0.0,
                    "p75": 0.0
                }
            },
            "packets_recovered": {
                "min": 0.0,
                "average": 40.806451612903224,
                "max": 133.0,
                "percentiles": {
                    "p25": 30.0,
                    "p50": 37.0,
                    "p75": 49.0
                }
            },
            "rtt_ms": {
                "min": 5.0,
                "average": 12.351877071765703,
                "max": 15.22333483586719,
                "percentiles": {
                    "p25": 11.321373307408415,
                    "p50": 12.198643464548155,
                    "p75": 13.394169501185923
                }
            },
            "quality": {
                "min": 79.0,
                "average": 89.06451612903226,
                "max": 100.0,
                "percentiles": {
                    "p25": 87.0,
                    "p50": 89.0,
                    "p75": 91.0
                }
            },
            "bitrate_bps": {
                "min": 0.0,
                "average": 3156477.3870967743,
                "max": 5216746.0,
                "percentiles": {
                    "p25": 2857775.0,
                    "p50": 3544356.0,
                    "p75": 3594550.0
                }
            }
        }
    },
    "meta": {
        "duration_seconds": 31.520137310028076,
        "test_attempts": 1,
        "vpn_restart_attempts": 0,
        "vpn_restart_duration_seconds": 1.499267816543579,
        "connectivity_wait_duration_seconds": 6.664906740188599,
        "source": "lom",
        "target": "yuki"
    }
}