{
  "status": "success",
  "data": {
    "rtt_min_ms": {
      "min": 0.76,
      "average": 0.8246666666666667,
      "max": 0.857,
      "percentiles": {
        "p25": 0.76,
        "p50": 0.857,
        "p75": 0.857
      }
    },
    "rtt_avg_ms": {
      "min": 1.148,
      "average": 1.1703333333333332,
      "max": 1.199,
      "percentiles": {
        "p25": 1.148,
        "p50": 1.164,
        "p75": 1.199
      }
    },
    "rtt_max_ms": {
      "min": 1.376,
      "average": 1.4496666666666667,
      "max": 1.492,
      "percentiles": {
        "p25": 1.376,
        "p50": 1.481,
        "p75": 1.492
      }
    },
    "rtt_mdev_ms": {
      "min": 0.084,
      "average": 0.08633333333333333,
      "max": 0.089,
      "percentiles": {
        "p25": 0.084,
        "p50": 0.086,
        "p75": 0.089
      }
    },
    "packet_loss_percent": {
      "min": 0.0,
      "average": 0.0,
      "max": 0.0,
      "percentiles": {
        "p25": 0.0,
        "p50": 0.0,
        "p75": 0.0
      }
    }
  },
  "meta": {
    "duration_seconds": 60.92068791389465,
    "test_attempts": 1,
    "vpn_restart_attempts": 0,
    "source": "lom",
    "target": "yuki"
  }
}
