{
  "status": "success",
  "data": {
    "rtt_min_ms": {
      "min": 0.868,
      "average": 1.286,
      "max": 1.645,
      "percentiles": {
        "p25": 0.868,
        "p50": 1.345,
        "p75": 1.645
      }
    },
    "rtt_avg_ms": {
      "min": 4.7,
      "average": 4.917666666666666,
      "max": 5.134,
      "percentiles": {
        "p25": 4.7,
        "p50": 4.919,
        "p75": 5.134
      }
    },
    "rtt_max_ms": {
      "min": 8.174,
      "average": 11.039333333333333,
      "max": 16.393,
      "percentiles": {
        "p25": 8.174,
        "p50": 8.551,
        "p75": 16.393
      }
    },
    "rtt_mdev_ms": {
      "min": 1.477,
      "average": 1.7523333333333335,
      "max": 2.067,
      "percentiles": {
        "p25": 1.477,
        "p50": 1.713,
        "p75": 2.067
      }
    },
    "packet_loss_percent": {
      "min": 0.0,
      "average": 0.6666666666666666,
      "max": 2.0,
      "percentiles": {
        "p25": 0.0,
        "p50": 0.0,
        "p75": 2.0
      }
    }
  },
  "meta": {
    "duration_seconds": 60.64004683494568,
    "test_attempts": 1,
    "vpn_restart_attempts": 0
  }
}
