{
  "status": "success",
  "data": {
    "total_bandwidth_mbps": {
      "min": 136.24,
      "average": 147.94299999999998,
      "max": 158.63,
      "percentiles": {
        "p25": 142.96499999999997,
        "p50": 148.16,
        "p75": 151.285
      }
    },
    "cpu_usage_percent": {
      "min": 0.0,
      "average": 3.8054166666666664,
      "max": 6.19,
      "percentiles": {
        "p25": 3.09,
        "p50": 4.0600000000000005,
        "p75": 4.5874999999999995
      }
    },
    "ttfb_ms": {
      "min": 25.0,
      "average": 27.75,
      "max": 31.0,
      "percentiles": {
        "p25": 25.5,
        "p50": 27.5,
        "p75": 30.25
      }
    },
    "conn_time_ms": {
      "min": 22.0,
      "average": 23.25,
      "max": 26.0,
      "percentiles": {
        "p25": 22.0,
        "p50": 22.5,
        "p75": 25.25
      }
    }
  },
  "meta": {
    "duration_seconds": 31.311843395233154,
    "test_attempts": 1,
    "vpn_restart_attempts": 0
  }
}
