{
  "status": "success",
  "data": {
    "bitrate_kbps": {
      "min": 1764.7,
      "average": 1946.6896551724137,
      "max": 1973.0,
      "percentiles": {
        "p25": 1942.65,
        "p50": 1961.4,
        "p75": 1967.1
      }
    },
    "fps": {
      "min": 31.0,
      "average": 32.13793103448276,
      "max": 45.0,
      "percentiles": {
        "p25": 31.0,
        "p50": 31.0,
        "p75": 32.0
      }
    },
    "dropped_frames": {
      "min": 14.0,
      "average": 14.0,
      "max": 14.0,
      "percentiles": {
        "p25": 14.0,
        "p50": 14.0,
        "p75": 14.0
      }
    }
  },
  "meta": {
    "duration_seconds": 34.25960159301758,
    "test_attempts": 1,
    "vpn_restart_attempts": 0
  }
}
