{
  "status": "success",
  "data": {
    "total_bandwidth_mbps": {
      "min": 77.666,
      "average": 338.2035333333333,
      "max": 503.1,
      "percentiles": {
        "p25": 268.21750000000003,
        "p50": 347.785,
        "p75": 391.67499999999995
      }
    },
    "cpu_usage_percent": {
      "min": 0.99,
      "average": 9.202791666666666,
      "max": 30.21,
      "percentiles": {
        "p25": 6.06,
        "p50": 8.16,
        "p75": 11.22
      }
    },
    "ttfb_ms": {
      "min": 24.0,
      "average": 28.0,
      "max": 34.0,
      "percentiles": {
        "p25": 26.0,
        "p50": 27.0,
        "p75": 30.5
      }
    },
    "conn_time_ms": {
      "min": 17.0,
      "average": 20.75,
      "max": 24.0,
      "percentiles": {
        "p25": 18.25,
        "p50": 20.0,
        "p75": 24.0
      }
    }
  },
  "meta": {
    "duration_seconds": 31.96469783782959,
    "test_attempts": 1,
    "vpn_restart_attempts": 0,
    "vpn_restart_duration_seconds": 1.856797218322754,
    "connectivity_wait_duration_seconds": 1.921694278717041,
    "source": "luna",
    "target": "lom"
  }
}
