{
  "status": "success",
  "data": {
    "total_bandwidth_mbps": {
      "min": 37.474000000000004,
      "average": 39.5214,
      "max": 41.284,
      "percentiles": {
        "p25": 39.12625,
        "p50": 39.579,
        "p75": 40.05225
      }
    },
    "cpu_usage_percent": {
      "min": 0.0,
      "average": 3.2314583333333333,
      "max": 22.68,
      "percentiles": {
        "p25": 2.02,
        "p50": 3.0,
        "p75": 3.96
      }
    },
    "ttfb_ms": {
      "min": 24.0,
      "average": 43.25,
      "max": 83.0,
      "percentiles": {
        "p25": 29.25,
        "p50": 36.5,
        "p75": 59.25
      }
    },
    "conn_time_ms": {
      "min": 16.0,
      "average": 36.75,
      "max": 75.0,
      "percentiles": {
        "p25": 24.25,
        "p50": 30.0,
        "p75": 51.5
      }
    }
  },
  "meta": {
    "duration_seconds": 31.71993112564087,
    "test_attempts": 1,
    "vpn_restart_attempts": 0,
    "vpn_restart_duration_seconds": 2.077976942062378,
    "connectivity_wait_duration_seconds": 6.681807518005371,
    "source": "lom",
    "target": "yuki"
  }
}
