{
    "status": "success",
    "data": {
        "encoding": {
            "bitrate_kbps": {
                "min": 3301.8,
                "average": 3346.6241379310345,
                "max": 3492.7,
                "percentiles": {
                    "p25": 3321.0,
                    "p50": 3334.9,
                    "p75": 3357.2
                }
            },
            "fps": {
                "min": 31.0,
                "average": 32.13793103448276,
                "max": 45.0,
                "percentiles": {
                    "p25": 31.0,
                    "p50": 31.0,
                    "p75": 32.0
                }
            },
            "dropped_frames": {
                "min": 15.0,
                "average": 15.0,
                "max": 15.0,
                "percentiles": {
                    "p25": 15.0,
                    "p50": 15.0,
                    "p75": 15.0
                }
            }
        },
        "network": {
            "packets_dropped": {
                "min": 0.0,
                "average": 288.38709677419354,
                "max": 389.0,
                "percentiles": {
                    "p25": 257.0,
                    "p50": 323.0,
                    "p75": 328.0
                }
            },
            "packets_recovered": {
                "min": 0.0,
                "average": 0.06451612903225806,
                "max": 1.0,
                "percentiles": {
                    "p25": 0.0,
                    "p50": 0.0,
                    "p75": 0.0
                }
            },
            "rtt_ms": {
                "min": 5.939008087838626,
                "average": 7.825581634270997,
                "max": 8.7323615350246,
                "percentiles": {
                    "p25": 7.454640920407537,
                    "p50": 7.907680868095145,
                    "p75": 8.26314908240273
                }
            },
            "quality": {
                "min": 8.0,
                "average": 13.03225806451613,
                "max": 100.0,
                "percentiles": {
                    "p25": 9.0,
                    "p50": 9.0,
                    "p75": 12.0
                }
            },
            "bitrate_bps": {
                "min": 0.0,
                "average": 150248.16129032258,
                "max": 251604.0,
                "percentiles": {
                    "p25": 146893.0,
                    "p50": 154860.0,
                    "p75": 163934.0
                }
            }
        }
    },
    "meta": {
        "duration_seconds": 31.410229444503784,
        "test_attempts": 1,
        "vpn_restart_attempts": 0,
        "vpn_restart_duration_seconds": 5.2290685176849365,
        "connectivity_wait_duration_seconds": 8.852576732635498,
        "source": "luna",
        "target": "lom"
    }
}