{
    "status": "success",
    "data": {
        "rtt_min_ms": {
            "min": 1.996,
            "average": 2.0915,
            "max": 2.187,
            "percentiles": {
                "p25": 1.9482500000000003,
                "p50": 2.0915,
                "p75": 2.2347499999999996
            }
        },
        "rtt_avg_ms": {
            "min": 5.815,
            "average": 5.9205000000000005,
            "max": 6.026,
            "percentiles": {
                "p25": 5.762250000000001,
                "p50": 5.9205000000000005,
                "p75": 6.078749999999999
            }
        },
        "rtt_max_ms": {
            "min": 9.396,
            "average": 10.188,
            "max": 10.98,
            "percentiles": {
                "p25": 9.0,
                "p50": 10.188,
                "p75": 11.376000000000001
            }
        },
        "rtt_mdev_ms": {
            "min": 1.637,
            "average": 1.7335,
            "max": 1.83,
            "percentiles": {
                "p25": 1.58875,
                "p50": 1.7335,
                "p75": 1.87825
            }
        },
        "packet_loss_percent": {
            "min": 0.0,
            "average": 33.666666666666664,
            "max": 100.0,
            "percentiles": {
                "p25": 0.0,
                "p50": 1.0,
                "p75": 100.0
            }
        }
    },
    "meta": {
        "duration_seconds": 80.57022380828857,
        "test_attempts": 1,
        "vpn_restart_attempts": 0,
        "vpn_restart_duration_seconds": 1.9709794521331787,
        "connectivity_wait_duration_seconds": 1.9705121517181396,
        "source": "yuki",
        "target": "luna"
    }
}