{
    "status": "success",
    "data": {
        "rtt_min_ms": {
            "min": 1.732,
            "average": 1.9329999999999998,
            "max": 2.065,
            "percentiles": {
                "p25": 1.732,
                "p50": 2.002,
                "p75": 2.065
            }
        },
        "rtt_avg_ms": {
            "min": 5.693,
            "average": 6.515666666666666,
            "max": 7.794,
            "percentiles": {
                "p25": 5.693,
                "p50": 6.06,
                "p75": 7.794
            }
        },
        "rtt_max_ms": {
            "min": 8.921,
            "average": 80.22133333333333,
            "max": 212.735,
            "percentiles": {
                "p25": 8.921,
                "p50": 19.008,
                "p75": 212.735
            }
        },
        "rtt_mdev_ms": {
            "min": 1.583,
            "average": 8.259666666666668,
            "max": 20.687,
            "percentiles": {
                "p25": 1.583,
                "p50": 2.509,
                "p75": 20.687
            }
        },
        "packet_loss_percent": {
            "min": 0.0,
            "average": 0.0,
            "max": 0.0,
            "percentiles": {
                "p25": 0.0,
                "p50": 0.0,
                "p75": 0.0
            }
        }
    },
    "meta": {
        "duration_seconds": 60.810898542404175,
        "test_attempts": 1,
        "vpn_restart_attempts": 0,
        "vpn_restart_duration_seconds": 1.781200647354126,
        "connectivity_wait_duration_seconds": 1.9297666549682617,
        "source": "yuki",
        "target": "luna"
    }
}