{
  "status": "success",
  "data": {
    "total_bandwidth_mbps": {
      "min": 85.702,
      "average": 165.41183333333333,
      "max": 575.47,
      "percentiles": {
        "p25": 92.7075,
        "p50": 94.575,
        "p75": 229.5025
      }
    },
    "cpu_usage_percent": {
      "min": 1.92,
      "average": 7.3821666666666665,
      "max": 20.0,
      "percentiles": {
        "p25": 4.04,
        "p50": 6.06,
        "p75": 10.282499999999999
      }
    },
    "ttfb_ms": {
      "min": 40.0,
      "average": 45.0,
      "max": 55.0,
      "percentiles": {
        "p25": 40.0,
        "p50": 43.5,
        "p75": 50.0
      }
    },
    "conn_time_ms": {
      "min": 26.0,
      "average": 30.0,
      "max": 35.0,
      "percentiles": {
        "p25": 28.25,
        "p50": 30.0,
        "p75": 31.0
      }
    }
  },
  "meta": {
    "duration_seconds": 31.926143646240234,
    "test_attempts": 1,
    "vpn_restart_attempts": 0,
    "vpn_restart_duration_seconds": 1.8724901676177979,
    "connectivity_wait_duration_seconds": 7.975466966629028,
    "source": "yuki",
    "target": "luna"
  }
}
