{
  "status": "success",
  "data": {
    "total_bandwidth_mbps": {
      "min": 3.1856999999999998,
      "average": 3.7435433333333332,
      "max": 4.4396,
      "percentiles": {
        "p25": 3.5801499999999997,
        "p50": 3.72255,
        "p75": 3.9856249999999998
      }
    },
    "cpu_usage_percent": {
      "min": 3.09,
      "average": 4.7745,
      "max": 8.25,
      "percentiles": {
        "p25": 4.17,
        "p50": 5.1,
        "p75": 5.2475
      }
    },
    "ttfb_ms": {
      "min": 43.0,
      "average": 80.0,
      "max": 104.0,
      "percentiles": {
        "p25": 52.25,
        "p50": 86.5,
        "p75": 101.25
      }
    },
    "conn_time_ms": {
      "min": 29.0,
      "average": 39.75,
      "max": 64.0,
      "percentiles": {
        "p25": 29.0,
        "p50": 33.0,
        "p75": 57.25
      }
    }
  },
  "meta": {
    "duration_seconds": 32.413021087646484,
    "test_attempts": 1,
    "vpn_restart_attempts": 0
  }
}
