{
    "status": "success",
    "data": {
        "rtt_min_ms": {
            "min": 0.916,
            "average": 1.026,
            "max": 1.149,
            "percentiles": {
                "p25": 0.916,
                "p50": 1.013,
                "p75": 1.149
            }
        },
        "rtt_avg_ms": {
            "min": 9.855,
            "average": 10.308333333333334,
            "max": 10.847,
            "percentiles": {
                "p25": 9.855,
                "p50": 10.223,
                "p75": 10.847
            }
        },
        "rtt_max_ms": {
            "min": 20.497,
            "average": 21.28,
            "max": 22.417,
            "percentiles": {
                "p25": 20.497,
                "p50": 20.926,
                "p75": 22.417
            }
        },
        "rtt_mdev_ms": {
            "min": 4.576,
            "average": 4.961666666666667,
            "max": 5.182,
            "percentiles": {
                "p25": 4.576,
                "p50": 5.127,
                "p75": 5.182
            }
        },
        "packet_loss_percent": {
            "min": 2.0,
            "average": 2.6666666666666665,
            "max": 4.0,
            "percentiles": {
                "p25": 2.0,
                "p50": 2.0,
                "p75": 4.0
            }
        }
    },
    "meta": {
        "duration_seconds": 61.712939500808716,
        "test_attempts": 1,
        "vpn_restart_attempts": 0,
        "vpn_restart_duration_seconds": 0.0,
        "connectivity_wait_duration_seconds": 0.0,
        "source": "lom",
        "target": "yuki"
    }
}