{
  "status": "success",
  "data": {
    "rtt_min_ms": {
      "min": 1.508,
      "average": 1.8426666666666667,
      "max": 2.255,
      "percentiles": {
        "p25": 1.508,
        "p50": 1.765,
        "p75": 2.255
      }
    },
    "rtt_avg_ms": {
      "min": 5.227,
      "average": 5.2956666666666665,
      "max": 5.366,
      "percentiles": {
        "p25": 5.227,
        "p50": 5.294,
        "p75": 5.366
      }
    },
    "rtt_max_ms": {
      "min": 9.137,
      "average": 10.799000000000001,
      "max": 14.085,
      "percentiles": {
        "p25": 9.137,
        "p50": 9.175,
        "p75": 14.085
      }
    },
    "rtt_mdev_ms": {
      "min": 1.562,
      "average": 1.685,
      "max": 1.852,
      "percentiles": {
        "p25": 1.562,
        "p50": 1.641,
        "p75": 1.852
      }
    },
    "packet_loss_percent": {
      "min": 0.0,
      "average": 0.6666666666666666,
      "max": 1.0,
      "percentiles": {
        "p25": 0.0,
        "p50": 1.0,
        "p75": 1.0
      }
    }
  },
  "meta": {
    "duration_seconds": 60.87160086631775,
    "test_attempts": 1,
    "vpn_restart_attempts": 0
  }
}
