{
  "status": "success",
  "data": {
    "total_bandwidth_mbps": {
      "min": 44.199999999999996,
      "average": 46.23,
      "max": 47.9,
      "percentiles": {
        "p25": 45.627500000000005,
        "p50": 46.205,
        "p75": 46.825
      }
    },
    "cpu_usage_percent": {
      "min": 6.98,
      "average": 10.610666666666667,
      "max": 14.74,
      "percentiles": {
        "p25": 9.47,
        "p50": 10.64,
        "p75": 11.669999999999998
      }
    },
    "ttfb_ms": {
      "min": 37.0,
      "average": 38.0,
      "max": 41.0,
      "percentiles": {
        "p25": 37.0,
        "p50": 37.0,
        "p75": 40.0
      }
    },
    "conn_time_ms": {
      "min": 34.0,
      "average": 35.5,
      "max": 39.0,
      "percentiles": {
        "p25": 34.0,
        "p50": 34.5,
        "p75": 38.0
      }
    }
  },
  "meta": {
    "duration_seconds": 31.235676765441895,
    "test_attempts": 1,
    "vpn_restart_attempts": 0
  }
}
