{
  "status": "success",
  "data": {
    "bitrate_kbps": {
      "min": 1792.8,
      "average": 1945.0379310344827,
      "max": 1970.9,
      "percentiles": {
        "p25": 1942.55,
        "p50": 1958.7,
        "p75": 1964.95
      }
    },
    "fps": {
      "min": 31.0,
      "average": 32.13793103448276,
      "max": 45.0,
      "percentiles": {
        "p25": 31.0,
        "p50": 31.0,
        "p75": 32.0
      }
    },
    "dropped_frames": {
      "min": 14.0,
      "average": 14.0,
      "max": 14.0,
      "percentiles": {
        "p25": 14.0,
        "p50": 14.0,
        "p75": 14.0
      }
    }
  },
  "meta": {
    "duration_seconds": 31.188751459121704,
    "test_attempts": 1,
    "vpn_restart_attempts": 0
  }
}
