{
  "status": "success",
  "data": {
    "encoding": {
      "bitrate_kbps": {
        "min": 3310.2,
        "average": 3347.993103448276,
        "max": 3494.7,
        "percentiles": {
          "p25": 3320.4,
          "p50": 3334.6,
          "p75": 3356.9
        }
      },
      "fps": {
        "min": 31.0,
        "average": 32.13793103448276,
        "max": 45.0,
        "percentiles": {
          "p25": 31.0,
          "p50": 31.0,
          "p75": 32.0
        }
      },
      "dropped_frames": {
        "min": 15.0,
        "average": 15.0,
        "max": 15.0,
        "percentiles": {
          "p25": 15.0,
          "p50": 15.0,
          "p75": 15.0
        }
      }
    },
    "network": {
      "packets_dropped": {
        "min": 0.0,
        "average": 0.0,
        "max": 0.0,
        "percentiles": {
          "p25": 0.0,
          "p50": 0.0,
          "p75": 0.0
        }
      },
      "packets_recovered": {
        "min": 0.0,
        "average": 35.29032258064516,
        "max": 90.0,
        "percentiles": {
          "p25": 25.0,
          "p50": 30.0,
          "p75": 44.0
        }
      },
      "rtt_ms": {
        "min": 6.47156628327994,
        "average": 12.78714915602228,
        "max": 15.886380937269134,
        "percentiles": {
          "p25": 11.5661823478504,
          "p50": 12.621663303815838,
          "p75": 14.345590344465975
        }
      },
      "quality": {
        "min": 83.0,
        "average": 90.2258064516129,
        "max": 100.0,
        "percentiles": {
          "p25": 87.0,
          "p50": 91.0,
          "p75": 92.0
        }
      },
      "bitrate_bps": {
        "min": 0.0,
        "average": 3155519.419354839,
        "max": 5170684.0,
        "percentiles": {
          "p25": 2862279.0,
          "p50": 3541996.0,
          "p75": 3611149.0
        }
      }
    }
  },
  "meta": {
    "duration_seconds": 31.676773071289062,
    "test_attempts": 1,
    "vpn_restart_attempts": 0,
    "vpn_restart_duration_seconds": 1.6138496398925781,
    "connectivity_wait_duration_seconds": 4.072636604309082,
    "source": "luna",
    "target": "lom"
  }
}
