{
    "status": "success",
    "data": {
        "total_bandwidth_mbps": {
            "min": 20.966,
            "average": 22.872666666666667,
            "max": 24.823,
            "percentiles": {
                "p25": 22.45675,
                "p50": 22.776000000000003,
                "p75": 23.232000000000003
            }
        },
        "cpu_usage_percent": {
            "min": 2.04,
            "average": 8.177458333333334,
            "max": 25.26,
            "percentiles": {
                "p25": 6.12,
                "p50": 7.14,
                "p75": 9.18
            }
        },
        "ttfb_ms": {
            "min": 31.0,
            "average": 54.875,
            "max": 103.0,
            "percentiles": {
                "p25": 32.5,
                "p50": 51.0,
                "p75": 72.25
            }
        },
        "conn_time_ms": {
            "min": 11.0,
            "average": 43.625,
            "max": 93.0,
            "percentiles": {
                "p25": 24.75,
                "p50": 42.5,
                "p75": 56.25
            }
        }
    },
    "meta": {
        "duration_seconds": 32.42031145095825,
        "test_attempts": 1,
        "vpn_restart_attempts": 0,
        "vpn_restart_duration_seconds": 5.14370322227478,
        "connectivity_wait_duration_seconds": 7.219115734100342,
        "source": "lom",
        "target": "yuki"
    }
}