{
    "status": "success",
    "data": {
        "encoding": {
            "bitrate_kbps": {
                "min": 3303.8,
                "average": 3349.5206896551726,
                "max": 3495.9,
                "percentiles": {
                    "p25": 3322.7,
                    "p50": 3336.5,
                    "p75": 3358.2
                }
            },
            "fps": {
                "min": 31.0,
                "average": 32.13793103448276,
                "max": 45.0,
                "percentiles": {
                    "p25": 31.0,
                    "p50": 31.0,
                    "p75": 32.0
                }
            },
            "dropped_frames": {
                "min": 15.0,
                "average": 15.0,
                "max": 15.0,
                "percentiles": {
                    "p25": 15.0,
                    "p50": 15.0,
                    "p75": 15.0
                }
            }
        },
        "network": {
            "packets_dropped": {
                "min": 0.0,
                "average": 1790.032258064516,
                "max": 55491.0,
                "percentiles": {
                    "p25": 0.0,
                    "p50": 0.0,
                    "p75": 0.0
                }
            },
            "packets_recovered": {
                "min": 0.0,
                "average": 85.70967741935483,
                "max": 203.0,
                "percentiles": {
                    "p25": 71.0,
                    "p50": 90.0,
                    "p75": 97.0
                }
            },
            "rtt_ms": {
                "min": 7.159345316273676,
                "average": 17.77296638623015,
                "max": 23.498292041591938,
                "percentiles": {
                    "p25": 16.63823869310288,
                    "p50": 17.664958979894376,
                    "p75": 20.119076380563577
                }
            },
            "quality": {
                "min": 70.0,
                "average": 79.45161290322581,
                "max": 100.0,
                "percentiles": {
                    "p25": 77.0,
                    "p50": 79.0,
                    "p75": 79.0
                }
            },
            "bitrate_bps": {
                "min": 0.0,
                "average": 3155866.7419354836,
                "max": 5178812.0,
                "percentiles": {
                    "p25": 2859863.0,
                    "p50": 3558465.0,
                    "p75": 3618277.0
                }
            }
        }
    },
    "meta": {
        "duration_seconds": 31.8383367061615,
        "test_attempts": 1,
        "vpn_restart_attempts": 0,
        "vpn_restart_duration_seconds": 5.57139253616333,
        "connectivity_wait_duration_seconds": 4.2990944385528564,
        "source": "lom",
        "target": "yuki"
    }
}