{
    "status": "success",
    "data": {
        "rtt_min_ms": {
            "min": 1.374,
            "average": 1.8390000000000002,
            "max": 2.136,
            "percentiles": {
                "p25": 1.374,
                "p50": 2.007,
                "p75": 2.136
            }
        },
        "rtt_avg_ms": {
            "min": 5.331,
            "average": 5.616666666666667,
            "max": 5.904,
            "percentiles": {
                "p25": 5.331,
                "p50": 5.615,
                "p75": 5.904
            }
        },
        "rtt_max_ms": {
            "min": 9.086,
            "average": 9.474,
            "max": 9.948,
            "percentiles": {
                "p25": 9.086,
                "p50": 9.388,
                "p75": 9.948
            }
        },
        "rtt_mdev_ms": {
            "min": 1.628,
            "average": 1.6723333333333332,
            "max": 1.699,
            "percentiles": {
                "p25": 1.628,
                "p50": 1.69,
                "p75": 1.699
            }
        },
        "packet_loss_percent": {
            "min": 0.0,
            "average": 0.3333333333333333,
            "max": 1.0,
            "percentiles": {
                "p25": 0.0,
                "p50": 0.0,
                "p75": 1.0
            }
        }
    },
    "meta": {
        "duration_seconds": 60.97598433494568,
        "test_attempts": 1,
        "vpn_restart_attempts": 0,
        "vpn_restart_duration_seconds": 35.63356924057007,
        "connectivity_wait_duration_seconds": 2.278416633605957,
        "source": "yuki",
        "target": "luna"
    }
}