{
    "status": "success",
    "data": {
        "rtt_min_ms": {
            "min": 1.403,
            "average": 1.6253333333333333,
            "max": 2.042,
            "percentiles": {
                "p25": 1.403,
                "p50": 1.431,
                "p75": 2.042
            }
        },
        "rtt_avg_ms": {
            "min": 5.369,
            "average": 5.462666666666666,
            "max": 5.61,
            "percentiles": {
                "p25": 5.369,
                "p50": 5.409,
                "p75": 5.61
            }
        },
        "rtt_max_ms": {
            "min": 8.969,
            "average": 9.693999999999999,
            "max": 10.668,
            "percentiles": {
                "p25": 8.969,
                "p50": 9.445,
                "p75": 10.668
            }
        },
        "rtt_mdev_ms": {
            "min": 1.516,
            "average": 1.7003333333333333,
            "max": 1.933,
            "percentiles": {
                "p25": 1.516,
                "p50": 1.652,
                "p75": 1.933
            }
        },
        "packet_loss_percent": {
            "min": 0.0,
            "average": 0.0,
            "max": 0.0,
            "percentiles": {
                "p25": 0.0,
                "p50": 0.0,
                "p75": 0.0
            }
        }
    },
    "meta": {
        "duration_seconds": 60.816441774368286,
        "test_attempts": 1,
        "vpn_restart_attempts": 0,
        "vpn_restart_duration_seconds": 36.81108021736145,
        "connectivity_wait_duration_seconds": 2.250032663345337,
        "source": "yuki",
        "target": "luna"
    }
}