{
    "status": "success",
    "data": {
        "total_bandwidth_mbps": {
            "min": 91.25999999999999,
            "average": 93.36133333333333,
            "max": 96.50999999999999,
            "percentiles": {
                "p25": 92.305,
                "p50": 93.25,
                "p75": 94.26250000000002
            }
        },
        "cpu_usage_percent": {
            "min": 0.0,
            "average": 3.461708333333333,
            "max": 17.71,
            "percentiles": {
                "p25": 2.9250000000000003,
                "p50": 3.06,
                "p75": 4.04
            }
        },
        "ttfb_ms": {
            "min": 17.0,
            "average": 37.125,
            "max": 56.0,
            "percentiles": {
                "p25": 27.25,
                "p50": 38.0,
                "p75": 44.75
            }
        },
        "conn_time_ms": {
            "min": 15.0,
            "average": 33.375,
            "max": 51.0,
            "percentiles": {
                "p25": 23.0,
                "p50": 34.0,
                "p75": 40.75
            }
        }
    },
    "meta": {
        "duration_seconds": 31.684236526489258,
        "test_attempts": 1,
        "vpn_restart_attempts": 0,
        "vpn_restart_duration_seconds": 36.0478675365448,
        "connectivity_wait_duration_seconds": 4.189918518066406,
        "source": "yuki",
        "target": "luna"
    }
}