{
    "status": "success",
    "data": {
        "rtt_min_ms": {
            "min": 1.207,
            "average": 1.3476666666666668,
            "max": 1.441,
            "percentiles": {
                "p25": 1.207,
                "p50": 1.395,
                "p75": 1.441
            }
        },
        "rtt_avg_ms": {
            "min": 1.804,
            "average": 1.811,
            "max": 1.816,
            "percentiles": {
                "p25": 1.804,
                "p50": 1.813,
                "p75": 1.816
            }
        },
        "rtt_max_ms": {
            "min": 1.996,
            "average": 2.028,
            "max": 2.086,
            "percentiles": {
                "p25": 1.996,
                "p50": 2.002,
                "p75": 2.086
            }
        },
        "rtt_mdev_ms": {
            "min": 0.104,
            "average": 0.10966666666666666,
            "max": 0.114,
            "percentiles": {
                "p25": 0.104,
                "p50": 0.111,
                "p75": 0.114
            }
        },
        "packet_loss_percent": {
            "min": 0.0,
            "average": 0.0,
            "max": 0.0,
            "percentiles": {
                "p25": 0.0,
                "p50": 0.0,
                "p75": 0.0
            }
        }
    },
    "meta": {
        "duration_seconds": 60.70511484146118,
        "test_attempts": 1,
        "vpn_restart_attempts": 0,
        "vpn_restart_duration_seconds": 6.264834642410278,
        "connectivity_wait_duration_seconds": 3.8065292835235596,
        "source": "yuki",
        "target": "luna"
    }
}