{
  "status": "success",
  "data": {
    "encoding": {
      "bitrate_kbps": {
        "min": 3315.9,
        "average": 3352.1310344827584,
        "max": 3499.5,
        "percentiles": {
          "p25": 3324.8999999999996,
          "p50": 3337.0,
          "p75": 3361.25
        }
      },
      "fps": {
        "min": 31.0,
        "average": 32.13793103448276,
        "max": 45.0,
        "percentiles": {
          "p25": 31.0,
          "p50": 31.0,
          "p75": 32.0
        }
      },
      "dropped_frames": {
        "min": 15.0,
        "average": 15.0,
        "max": 15.0,
        "percentiles": {
          "p25": 15.0,
          "p50": 15.0,
          "p75": 15.0
        }
      }
    },
    "network": {
      "packets_dropped": {
        "min": 0.0,
        "average": 288.35483870967744,
        "max": 369.0,
        "percentiles": {
          "p25": 258.0,
          "p50": 315.0,
          "p75": 327.0
        }
      },
      "packets_recovered": {
        "min": 0.0,
        "average": 0.0,
        "max": 0.0,
        "percentiles": {
          "p25": 0.0,
          "p50": 0.0,
          "p75": 0.0
        }
      },
      "rtt_ms": {
        "min": 4.344825292022034,
        "average": 5.000075881201896,
        "max": 5.95182064262659,
        "percentiles": {
          "p25": 4.765679282285522,
          "p50": 4.978162026623255,
          "p75": 5.230298538964328
        }
      },
      "quality": {
        "min": 9.0,
        "average": 13.193548387096774,
        "max": 100.0,
        "percentiles": {
          "p25": 9.0,
          "p50": 10.0,
          "p75": 12.0
        }
      },
      "bitrate_bps": {
        "min": 0.0,
        "average": 151737.4193548387,
        "max": 239234.0,
        "percentiles": {
          "p25": 147337.0,
          "p50": 157050.0,
          "p75": 166097.0
        }
      }
    }
  },
  "meta": {
    "duration_seconds": 32.783215284347534,
    "test_attempts": 1,
    "vpn_restart_attempts": 0,
    "vpn_restart_duration_seconds": 4.754815101623535,
    "connectivity_wait_duration_seconds": 3.8214614391326904,
    "source": "yuki",
    "target": "luna"
  }
}
