{
    "status": "success",
    "data": {
        "encoding": {
            "bitrate_kbps": {
                "min": 3320.1,
                "average": 3355.5275862068966,
                "max": 3506.8,
                "percentiles": {
                    "p25": 3329.1499999999996,
                    "p50": 3340.2,
                    "p75": 3366.0
                }
            },
            "fps": {
                "min": 30.0,
                "average": 31.96551724137931,
                "max": 44.0,
                "percentiles": {
                    "p25": 31.0,
                    "p50": 31.0,
                    "p75": 32.0
                }
            },
            "dropped_frames": {
                "min": 16.0,
                "average": 16.0,
                "max": 16.0,
                "percentiles": {
                    "p25": 16.0,
                    "p50": 16.0,
                    "p75": 16.0
                }
            }
        },
        "network": {
            "packets_dropped": {
                "min": 0.0,
                "average": 287.64516129032256,
                "max": 369.0,
                "percentiles": {
                    "p25": 253.0,
                    "p50": 313.0,
                    "p75": 330.0
                }
            },
            "packets_recovered": {
                "min": 0.0,
                "average": 0.03225806451612903,
                "max": 1.0,
                "percentiles": {
                    "p25": 0.0,
                    "p50": 0.0,
                    "p75": 0.0
                }
            },
            "rtt_ms": {
                "min": 4.6989938455871725,
                "average": 5.272154923500596,
                "max": 6.111368259639713,
                "percentiles": {
                    "p25": 4.840546795819386,
                    "p50": 5.253511872151753,
                    "p75": 5.6457488788621655
                }
            },
            "quality": {
                "min": 9.0,
                "average": 13.096774193548388,
                "max": 100.0,
                "percentiles": {
                    "p25": 9.0,
                    "p50": 10.0,
                    "p75": 12.0
                }
            },
            "bitrate_bps": {
                "min": 0.0,
                "average": 155989.70967741936,
                "max": 252100.0,
                "percentiles": {
                    "p25": 147381.0,
                    "p50": 160117.0,
                    "p75": 174973.0
                }
            }
        }
    },
    "meta": {
        "duration_seconds": 33.62346649169922,
        "test_attempts": 1,
        "vpn_restart_attempts": 0,
        "vpn_restart_duration_seconds": 4.765391826629639,
        "connectivity_wait_duration_seconds": 3.8032217025756836,
        "source": "yuki",
        "target": "luna"
    }
}