{
    "status": "success",
    "data": {
        "bitrate_kbps": {
            "min": 1913.1,
            "average": 1989.0275862068966,
            "max": 2013.2,
            "percentiles": {
                "p25": 1982.25,
                "p50": 1990.0,
                "p75": 1998.2
            }
        },
        "fps": {
            "min": 31.0,
            "average": 32.13793103448276,
            "max": 45.0,
            "percentiles": {
                "p25": 31.0,
                "p50": 31.0,
                "p75": 32.0
            }
        },
        "dropped_frames": {
            "min": 15.0,
            "average": 15.0,
            "max": 15.0,
            "percentiles": {
                "p25": 15.0,
                "p50": 15.0,
                "p75": 15.0
            }
        }
    },
    "meta": {
        "duration_seconds": 31.44693160057068,
        "test_attempts": 1,
        "vpn_restart_attempts": 0,
        "vpn_restart_duration_seconds": 5.2305989265441895,
        "connectivity_wait_duration_seconds": 3.806083917617798,
        "source": "yuki",
        "target": "luna"
    }
}