{
    "status": "success",
    "data": {
        "rtt_min_ms": {
            "min": 2.351,
            "average": 2.8153333333333332,
            "max": 3.464,
            "percentiles": {
                "p25": 2.351,
                "p50": 2.631,
                "p75": 3.464
            }
        },
        "rtt_avg_ms": {
            "min": 6.342,
            "average": 6.497333333333333,
            "max": 6.736,
            "percentiles": {
                "p25": 6.342,
                "p50": 6.414,
                "p75": 6.736
            }
        },
        "rtt_max_ms": {
            "min": 9.769,
            "average": 9.816666666666666,
            "max": 9.884,
            "percentiles": {
                "p25": 9.769,
                "p50": 9.797,
                "p75": 9.884
            }
        },
        "rtt_mdev_ms": {
            "min": 1.522,
            "average": 1.5703333333333334,
            "max": 1.647,
            "percentiles": {
                "p25": 1.522,
                "p50": 1.542,
                "p75": 1.647
            }
        },
        "packet_loss_percent": {
            "min": 0.0,
            "average": 0.0,
            "max": 0.0,
            "percentiles": {
                "p25": 0.0,
                "p50": 0.0,
                "p75": 0.0
            }
        }
    },
    "meta": {
        "duration_seconds": 60.77159309387207,
        "test_attempts": 1,
        "vpn_restart_attempts": 0,
        "vpn_restart_duration_seconds": 1.9974210262298584,
        "connectivity_wait_duration_seconds": 3.9701154232025146,
        "source": "lom",
        "target": "yuki"
    }
}