{
    "status": "success",
    "data": {
        "total_bandwidth_mbps": {
            "min": 6.9354000000000005,
            "average": 7.712656666666667,
            "max": 10.04,
            "percentiles": {
                "p25": 7.317375,
                "p50": 7.53495,
                "p75": 7.8420000000000005
            }
        },
        "cpu_usage_percent": {
            "min": 3.12,
            "average": 7.945833333333333,
            "max": 12.37,
            "percentiles": {
                "p25": 7.14,
                "p50": 8.16,
                "p75": 9.18
            }
        },
        "ttfb_ms": {
            "min": 37.0,
            "average": 425.25,
            "max": 756.0,
            "percentiles": {
                "p25": 309.5,
                "p50": 408.0,
                "p75": 624.25
            }
        },
        "conn_time_ms": {
            "min": 31.0,
            "average": 389.875,
            "max": 714.0,
            "percentiles": {
                "p25": 274.5,
                "p50": 364.5,
                "p75": 588.25
            }
        }
    },
    "meta": {
        "duration_seconds": 35.27014398574829,
        "test_attempts": 1,
        "vpn_restart_attempts": 0,
        "vpn_restart_duration_seconds": 1.9137425422668457,
        "connectivity_wait_duration_seconds": 240.59131050109863,
        "source": "lom",
        "target": "yuki"
    }
}