{
    "status": "success",
    "data": {
        "rtt_min_ms": {
            "min": 1.62,
            "average": 1.7333333333333334,
            "max": 1.84,
            "percentiles": {
                "p25": 1.62,
                "p50": 1.74,
                "p75": 1.84
            }
        },
        "rtt_avg_ms": {
            "min": 5.124,
            "average": 6.660666666666667,
            "max": 9.438,
            "percentiles": {
                "p25": 5.124,
                "p50": 5.42,
                "p75": 9.438
            }
        },
        "rtt_max_ms": {
            "min": 8.739,
            "average": 77.92066666666668,
            "max": 213.211,
            "percentiles": {
                "p25": 8.739,
                "p50": 11.812,
                "p75": 213.211
            }
        },
        "rtt_mdev_ms": {
            "min": 1.605,
            "average": 10.812666666666667,
            "max": 29.033,
            "percentiles": {
                "p25": 1.605,
                "p50": 1.8,
                "p75": 29.033
            }
        },
        "packet_loss_percent": {
            "min": 0.0,
            "average": 0.3333333333333333,
            "max": 1.0,
            "percentiles": {
                "p25": 0.0,
                "p50": 0.0,
                "p75": 1.0
            }
        }
    },
    "meta": {
        "duration_seconds": 61.02690315246582,
        "test_attempts": 1,
        "vpn_restart_attempts": 0,
        "vpn_restart_duration_seconds": 1.964493989944458,
        "connectivity_wait_duration_seconds": 9.920162200927734,
        "source": "lom",
        "target": "yuki"
    }
}