{
  "status": "success",
  "data": {
    "rtt_min_ms": {
      "min": 1.571,
      "average": 1.7363333333333333,
      "max": 1.841,
      "percentiles": {
        "p25": 1.571,
        "p50": 1.797,
        "p75": 1.841
      }
    },
    "rtt_avg_ms": {
      "min": 5.04,
      "average": 6.667,
      "max": 7.604,
      "percentiles": {
        "p25": 5.04,
        "p50": 7.357,
        "p75": 7.604
      }
    },
    "rtt_max_ms": {
      "min": 8.866,
      "average": 145.305,
      "max": 214.399,
      "percentiles": {
        "p25": 8.866,
        "p50": 212.65,
        "p75": 214.399
      }
    },
    "rtt_mdev_ms": {
      "min": 1.625,
      "average": 14.387666666666666,
      "max": 20.848,
      "percentiles": {
        "p25": 1.625,
        "p50": 20.69,
        "p75": 20.848
      }
    },
    "packet_loss_percent": {
      "min": 0.0,
      "average": 0.0,
      "max": 0.0,
      "percentiles": {
        "p25": 0.0,
        "p50": 0.0,
        "p75": 0.0
      }
    }
  },
  "meta": {
    "duration_seconds": 60.8678343296051,
    "test_attempts": 1,
    "vpn_restart_attempts": 0,
    "vpn_restart_duration_seconds": 1.725947618484497,
    "connectivity_wait_duration_seconds": 1.9626035690307617,
    "source": "lom",
    "target": "yuki"
  }
}
