{
  "status": "success",
  "data": {
    "total_bandwidth_mbps": {
      "min": 75.586,
      "average": 273.63620000000003,
      "max": 461.02,
      "percentiles": {
        "p25": 211.8925,
        "p50": 264.395,
        "p75": 302.47499999999997
      }
    },
    "cpu_usage_percent": {
      "min": 3.12,
      "average": 11.655291666666667,
      "max": 24.73,
      "percentiles": {
        "p25": 8.16,
        "p50": 10.89,
        "p75": 14.14
      }
    },
    "ttfb_ms": {
      "min": 29.0,
      "average": 36.25,
      "max": 43.0,
      "percentiles": {
        "p25": 33.5,
        "p50": 35.5,
        "p75": 39.75
      }
    },
    "conn_time_ms": {
      "min": 22.0,
      "average": 26.0,
      "max": 29.0,
      "percentiles": {
        "p25": 23.5,
        "p50": 26.5,
        "p75": 28.5
      }
    }
  },
  "meta": {
    "duration_seconds": 31.999863862991333,
    "test_attempts": 1,
    "vpn_restart_attempts": 0,
    "vpn_restart_duration_seconds": 1.908517599105835,
    "connectivity_wait_duration_seconds": 1.9252958297729492,
    "source": "lom",
    "target": "yuki"
  }
}
