{
  "status": "success",
  "data": {
    "encoding": {
      "bitrate_kbps": {
        "min": 3298.8,
        "average": 3348.7620689655173,
        "max": 3489.3,
        "percentiles": {
          "p25": 3321.9,
          "p50": 3338.2,
          "p75": 3355.95
        }
      },
      "fps": {
        "min": 31.0,
        "average": 32.13793103448276,
        "max": 45.0,
        "percentiles": {
          "p25": 31.0,
          "p50": 31.0,
          "p75": 32.0
        }
      },
      "dropped_frames": {
        "min": 15.0,
        "average": 15.0,
        "max": 15.0,
        "percentiles": {
          "p25": 15.0,
          "p50": 15.0,
          "p75": 15.0
        }
      }
    },
    "network": {
      "packets_dropped": {
        "min": 0.0,
        "average": 0.0,
        "max": 0.0,
        "percentiles": {
          "p25": 0.0,
          "p50": 0.0,
          "p75": 0.0
        }
      },
      "packets_recovered": {
        "min": 0.0,
        "average": 0.0,
        "max": 0.0,
        "percentiles": {
          "p25": 0.0,
          "p50": 0.0,
          "p75": 0.0
        }
      },
      "rtt_ms": {
        "min": 5.157950544206742,
        "average": 8.801130214662283,
        "max": 25.46301726532474,
        "percentiles": {
          "p25": 7.72078408867868,
          "p50": 8.03402959789912,
          "p75": 8.678276748110056
        }
      },
      "quality": {
        "min": 100.0,
        "average": 100.0,
        "max": 100.0,
        "percentiles": {
          "p25": 100.0,
          "p50": 100.0,
          "p75": 100.0
        }
      },
      "bitrate_bps": {
        "min": 0.0,
        "average": 3174966.580645161,
        "max": 5141442.0,
        "percentiles": {
          "p25": 2857080.0,
          "p50": 3566548.0,
          "p75": 3601107.0
        }
      }
    }
  },
  "meta": {
    "duration_seconds": 31.381739854812622,
    "test_attempts": 1,
    "vpn_restart_attempts": 0,
    "vpn_restart_duration_seconds": 1.5679981708526611,
    "connectivity_wait_duration_seconds": 1.9661099910736084,
    "source": "lom",
    "target": "yuki"
  }
}
