{
  "status": "success",
  "data": {
    "rtt_min_ms": {
      "min": 1.323,
      "average": 1.4,
      "max": 1.477,
      "percentiles": {
        "p25": 1.2845,
        "p50": 1.4,
        "p75": 1.5155000000000003
      }
    },
    "rtt_avg_ms": {
      "min": 18.348,
      "average": 18.7245,
      "max": 19.101,
      "percentiles": {
        "p25": 18.15975,
        "p50": 18.7245,
        "p75": 19.28925
      }
    },
    "rtt_max_ms": {
      "min": 90.592,
      "average": 101.80250000000001,
      "max": 113.013,
      "percentiles": {
        "p25": 84.98675,
        "p50": 101.80250000000001,
        "p75": 118.61825000000002
      }
    },
    "rtt_mdev_ms": {
      "min": 18.689,
      "average": 19.018,
      "max": 19.347,
      "percentiles": {
        "p25": 18.524499999999996,
        "p50": 19.018,
        "p75": 19.511500000000005
      }
    },
    "packet_loss_percent": {
      "min": 0.0,
      "average": 33.333333333333336,
      "max": 100.0,
      "percentiles": {
        "p25": 0.0,
        "p50": 0.0,
        "p75": 100.0
      }
    }
  },
  "meta": {
    "duration_seconds": 61.67274737358093,
    "test_attempts": 1,
    "vpn_restart_attempts": 0,
    "vpn_restart_duration_seconds": 3.0718324184417725,
    "connectivity_wait_duration_seconds": 2.767359733581543,
    "source": "lom",
    "target": "yuki"
  }
}
