{
  "status": "success",
  "data": {
    "total_bandwidth_mbps": {
      "min": 1.5002499999999999,
      "average": 2.010722,
      "max": 2.3533,
      "percentiles": {
        "p25": 1.9316625,
        "p50": 1.9953,
        "p75": 2.1497800000000002
      }
    },
    "cpu_usage_percent": {
      "min": 0.0,
      "average": 3.1706666666666665,
      "max": 8.6,
      "percentiles": {
        "p25": 2.02,
        "p50": 3.03,
        "p75": 4.08
      }
    },
    "ttfb_ms": {
      "min": 62.0,
      "average": 310.5,
      "max": 615.0,
      "percentiles": {
        "p25": 133.0,
        "p50": 291.5,
        "p75": 519.5
      }
    },
    "conn_time_ms": {
      "min": 34.0,
      "average": 167.75,
      "max": 388.0,
      "percentiles": {
        "p25": 63.0,
        "p50": 124.5,
        "p75": 287.75
      }
    }
  },
  "meta": {
    "duration_seconds": 34.44357490539551,
    "test_attempts": 1,
    "vpn_restart_attempts": 0,
    "vpn_restart_duration_seconds": 2.7533676624298096,
    "connectivity_wait_duration_seconds": 2.7144038677215576,
    "source": "lom",
    "target": "yuki"
  }
}
