{
    "status": "success",
    "data": {
        "encoding": {
            "bitrate_kbps": {
                "min": 3302.3,
                "average": 3337.6862068965515,
                "max": 3470.3,
                "percentiles": {
                    "p25": 3314.3999999999996,
                    "p50": 3326.6,
                    "p75": 3343.25
                }
            },
            "fps": {
                "min": 30.0,
                "average": 32.06896551724138,
                "max": 44.0,
                "percentiles": {
                    "p25": 31.0,
                    "p50": 31.0,
                    "p75": 32.0
                }
            },
            "dropped_frames": {
                "min": 15.0,
                "average": 15.0,
                "max": 15.0,
                "percentiles": {
                    "p25": 15.0,
                    "p50": 15.0,
                    "p75": 15.0
                }
            }
        },
        "network": {
            "packets_dropped": {
                "min": 0.0,
                "average": 724186.3,
                "max": 2162710.0,
                "percentiles": {
                    "p25": 0.25,
                    "p50": 524297.0,
                    "p75": 1540135.25
                }
            },
            "packets_recovered": {
                "min": 0.0,
                "average": 1.3,
                "max": 18.0,
                "percentiles": {
                    "p25": 0.0,
                    "p50": 0.0,
                    "p75": 0.0
                }
            },
            "rtt_ms": {
                "min": 5.0,
                "average": 3167.5478142774436,
                "max": 5033.495282559797,
                "percentiles": {
                    "p25": 1311.8332246208179,
                    "p50": 3660.1389201156844,
                    "p75": 4952.373789193258
                }
            },
            "quality": {
                "min": 1.0,
                "average": 74.6,
                "max": 100.0,
                "percentiles": {
                    "p25": 52.25,
                    "p50": 87.5,
                    "p75": 100.0
                }
            },
            "bitrate_bps": {
                "min": 0.0,
                "average": 1211022.75,
                "max": 2332213.0,
                "percentiles": {
                    "p25": 0.0,
                    "p50": 1542252.5,
                    "p75": 1786841.5
                }
            }
        }
    },
    "meta": {
        "duration_seconds": 32.20246696472168,
        "test_attempts": 1,
        "vpn_restart_attempts": 0,
        "vpn_restart_duration_seconds": 2.6095001697540283,
        "connectivity_wait_duration_seconds": 2.350625991821289,
        "source": "lom",
        "target": "yuki"
    }
}