{
  "status": "success",
  "data": {
    "encoding": {
      "bitrate_kbps": {
        "min": 3306.8,
        "average": 3347.0689655172414,
        "max": 3495.3,
        "percentiles": {
          "p25": 3320.3,
          "p50": 3334.3,
          "p75": 3355.75
        }
      },
      "fps": {
        "min": 31.0,
        "average": 32.13793103448276,
        "max": 45.0,
        "percentiles": {
          "p25": 31.0,
          "p50": 31.0,
          "p75": 32.0
        }
      },
      "dropped_frames": {
        "min": 15.0,
        "average": 15.0,
        "max": 15.0,
        "percentiles": {
          "p25": 15.0,
          "p50": 15.0,
          "p75": 15.0
        }
      }
    },
    "network": {
      "packets_dropped": {
        "min": 0.0,
        "average": 1790.1935483870968,
        "max": 55496.0,
        "percentiles": {
          "p25": 0.0,
          "p50": 0.0,
          "p75": 0.0
        }
      },
      "packets_recovered": {
        "min": 0.0,
        "average": 1.2903225806451613,
        "max": 13.0,
        "percentiles": {
          "p25": 0.0,
          "p50": 0.0,
          "p75": 1.0
        }
      },
      "rtt_ms": {
        "min": 5.0,
        "average": 7.676693505257094,
        "max": 9.1156442820166,
        "percentiles": {
          "p25": 7.129342873880056,
          "p50": 7.698676526501833,
          "p75": 8.372244303623287
        }
      },
      "quality": {
        "min": 97.0,
        "average": 99.35483870967742,
        "max": 100.0,
        "percentiles": {
          "p25": 99.0,
          "p50": 100.0,
          "p75": 100.0
        }
      },
      "bitrate_bps": {
        "min": 0.0,
        "average": 3154447.580645161,
        "max": 5129197.0,
        "percentiles": {
          "p25": 2861854.0,
          "p50": 3504334.0,
          "p75": 3623929.0
        }
      }
    }
  },
  "meta": {
    "duration_seconds": 31.75514054298401,
    "test_attempts": 1,
    "vpn_restart_attempts": 0,
    "vpn_restart_duration_seconds": 6.918190956115723,
    "connectivity_wait_duration_seconds": 3.9844701290130615,
    "source": "luna",
    "target": "lom"
  }
}
