{
  "status": "success",
  "data": {
    "rtt_min_ms": {
      "min": 1.044,
      "average": 1.0603333333333333,
      "max": 1.079,
      "percentiles": {
        "p25": 1.044,
        "p50": 1.058,
        "p75": 1.079
      }
    },
    "rtt_avg_ms": {
      "min": 9.576,
      "average": 9.96,
      "max": 10.211,
      "percentiles": {
        "p25": 9.576,
        "p50": 10.093,
        "p75": 10.211
      }
    },
    "rtt_max_ms": {
      "min": 19.666,
      "average": 20.980333333333334,
      "max": 21.957,
      "percentiles": {
        "p25": 19.666,
        "p50": 21.318,
        "p75": 21.957
      }
    },
    "rtt_mdev_ms": {
      "min": 4.163,
      "average": 4.691666666666666,
      "max": 5.091,
      "percentiles": {
        "p25": 4.163,
        "p50": 4.821,
        "p75": 5.091
      }
    },
    "packet_loss_percent": {
      "min": 1.0,
      "average": 1.6666666666666667,
      "max": 2.0,
      "percentiles": {
        "p25": 1.0,
        "p50": 2.0,
        "p75": 2.0
      }
    }
  },
  "meta": {
    "duration_seconds": 61.50019431114197,
    "test_attempts": 1,
    "vpn_restart_attempts": 0,
    "vpn_restart_duration_seconds": 0.0,
    "connectivity_wait_duration_seconds": 0.0,
    "source": "luna",
    "target": "lom"
  }
}
