{
    "status": "success",
    "data": {
        "encoding": {
            "bitrate_kbps": {
                "min": 3309.8,
                "average": 3358.289655172414,
                "max": 3503.5,
                "percentiles": {
                    "p25": 3330.1499999999996,
                    "p50": 3342.8,
                    "p75": 3372.7
                }
            },
            "fps": {
                "min": 30.0,
                "average": 32.10344827586207,
                "max": 45.0,
                "percentiles": {
                    "p25": 31.0,
                    "p50": 31.0,
                    "p75": 32.0
                }
            },
            "dropped_frames": {
                "min": 15.0,
                "average": 15.0,
                "max": 15.0,
                "percentiles": {
                    "p25": 15.0,
                    "p50": 15.0,
                    "p75": 15.0
                }
            }
        },
        "network": {
            "packets_dropped": {
                "min": 0.0,
                "average": 1790.1935483870968,
                "max": 55496.0,
                "percentiles": {
                    "p25": 0.0,
                    "p50": 0.0,
                    "p75": 0.0
                }
            },
            "packets_recovered": {
                "min": 0.0,
                "average": 37.41935483870968,
                "max": 124.0,
                "percentiles": {
                    "p25": 25.0,
                    "p50": 33.0,
                    "p75": 46.0
                }
            },
            "rtt_ms": {
                "min": 6.238980503226218,
                "average": 12.860479871725628,
                "max": 16.3498016690233,
                "percentiles": {
                    "p25": 12.278380049253,
                    "p50": 13.046226053657689,
                    "p75": 13.733113403432435
                }
            },
            "quality": {
                "min": 80.0,
                "average": 89.70967741935483,
                "max": 100.0,
                "percentiles": {
                    "p25": 87.0,
                    "p50": 90.0,
                    "p75": 92.0
                }
            },
            "bitrate_bps": {
                "min": 0.0,
                "average": 3160088.3870967743,
                "max": 5187202.0,
                "percentiles": {
                    "p25": 2857458.0,
                    "p50": 3529296.0,
                    "p75": 3613502.0
                }
            }
        }
    },
    "meta": {
        "duration_seconds": 32.05582332611084,
        "test_attempts": 1,
        "vpn_restart_attempts": 0,
        "vpn_restart_duration_seconds": 0.0,
        "connectivity_wait_duration_seconds": 0.0,
        "source": "luna",
        "target": "lom"
    }
}