{
    "status": "success",
    "data": {
        "rtt_min_ms": {
            "min": 51.207,
            "average": 51.211,
            "max": 51.216,
            "percentiles": {
                "p25": 51.207,
                "p50": 51.21,
                "p75": 51.216
            }
        },
        "rtt_avg_ms": {
            "min": 65.335,
            "average": 67.704,
            "max": 71.987,
            "percentiles": {
                "p25": 65.335,
                "p50": 65.79,
                "p75": 71.987
            }
        },
        "rtt_max_ms": {
            "min": 293.467,
            "average": 366.1633333333333,
            "max": 509.655,
            "percentiles": {
                "p25": 293.467,
                "p50": 295.368,
                "p75": 509.655
            }
        },
        "rtt_mdev_ms": {
            "min": 32.51,
            "average": 41.85,
            "max": 60.077,
            "percentiles": {
                "p25": 32.51,
                "p50": 32.963,
                "p75": 60.077
            }
        },
        "packet_loss_percent": {
            "min": 0.0,
            "average": 0.0,
            "max": 0.0,
            "percentiles": {
                "p25": 0.0,
                "p50": 0.0,
                "p75": 0.0
            }
        }
    },
    "meta": {
        "duration_seconds": 61.047414779663086,
        "test_attempts": 1,
        "vpn_restart_attempts": 0,
        "vpn_restart_duration_seconds": 1.8716559410095215,
        "connectivity_wait_duration_seconds": 10.409307956695557,
        "source": "yuki",
        "target": "luna"
    }
}