{
    "status": "success",
    "data": {
        "total_bandwidth_mbps": {
            "min": 7.823,
            "average": 10.139617,
            "max": 13.550499999999998,
            "percentiles": {
                "p25": 9.1591775,
                "p50": 10.094565,
                "p75": 10.782955000000001
            }
        },
        "cpu_usage_percent": {
            "min": 0.0,
            "average": 1.740076923076923,
            "max": 6.56,
            "percentiles": {
                "p25": 0.9375,
                "p50": 1.99,
                "p75": 2.6425
            }
        },
        "ttfb_ms": {
            "min": 89.0,
            "average": 155.875,
            "max": 257.0,
            "percentiles": {
                "p25": 121.0,
                "p50": 135.5,
                "p75": 214.0
            }
        },
        "conn_time_ms": {
            "min": 50.0,
            "average": 77.0,
            "max": 94.0,
            "percentiles": {
                "p25": 57.75,
                "p50": 82.0,
                "p75": 90.75
            }
        }
    },
    "meta": {
        "duration_seconds": 32.86433982849121,
        "test_attempts": 1,
        "vpn_restart_attempts": 0,
        "vpn_restart_duration_seconds": 1.6500461101531982,
        "connectivity_wait_duration_seconds": 10.564289808273315,
        "source": "yuki",
        "target": "luna"
    }
}