{
  "status": "success",
  "data": {
    "encoding": {
      "bitrate_kbps": {
        "min": 3310.8,
        "average": 3349.303448275862,
        "max": 3500.7,
        "percentiles": {
          "p25": 3321.6,
          "p50": 3335.2,
          "p75": 3358.55
        }
      },
      "fps": {
        "min": 31.0,
        "average": 32.13793103448276,
        "max": 45.0,
        "percentiles": {
          "p25": 31.0,
          "p50": 31.0,
          "p75": 32.0
        }
      },
      "dropped_frames": {
        "min": 15.0,
        "average": 15.0,
        "max": 15.0,
        "percentiles": {
          "p25": 15.0,
          "p50": 15.0,
          "p75": 15.0
        }
      }
    },
    "network": {
      "packets_dropped": {
        "min": 0.0,
        "average": 0.0,
        "max": 0.0,
        "percentiles": {
          "p25": 0.0,
          "p50": 0.0,
          "p75": 0.0
        }
      },
      "packets_recovered": {
        "min": 0.0,
        "average": 0.0,
        "max": 0.0,
        "percentiles": {
          "p25": 0.0,
          "p50": 0.0,
          "p75": 0.0
        }
      },
      "rtt_ms": {
        "min": 3.9522701222151415,
        "average": 4.604505138448734,
        "max": 5.239720060712923,
        "percentiles": {
          "p25": 4.42905448982495,
          "p50": 4.603793958137513,
          "p75": 4.840446678635715
        }
      },
      "quality": {
        "min": 100.0,
        "average": 100.0,
        "max": 100.0,
        "percentiles": {
          "p25": 100.0,
          "p50": 100.0,
          "p75": 100.0
        }
      },
      "bitrate_bps": {
        "min": 0.0,
        "average": 3148250.9032258065,
        "max": 5174822.0,
        "percentiles": {
          "p25": 2862612.0,
          "p50": 3556464.0,
          "p75": 3590128.0
        }
      }
    }
  },
  "meta": {
    "duration_seconds": 31.32614541053772,
    "test_attempts": 1,
    "vpn_restart_attempts": 0,
    "vpn_restart_duration_seconds": 1.5272934436798096,
    "connectivity_wait_duration_seconds": 1.8634979724884033,
    "source": "luna",
    "target": "lom"
  }
}
