{
    "status": "success",
    "data": {
        "Internal": {
            "status": "success",
            "data": {
                "total_duration_seconds": {
                    "min": 707.812745809555,
                    "average": 707.812745809555,
                    "max": 707.812745809555,
                    "percentiles": {
                        "p25": 707.812745809555,
                        "p50": 707.812745809555,
                        "p75": 707.812745809555
                    }
                },
                "vpn_installation_seconds": {
                    "min": 0.0,
                    "average": 0.0,
                    "max": 0.0,
                    "percentiles": {
                        "p25": 0.0,
                        "p50": 0.0,
                        "p75": 0.0
                    }
                },
                "benchmarking_seconds": {
                    "min": 707.812745809555,
                    "average": 707.812745809555,
                    "max": 707.812745809555,
                    "percentiles": {
                        "p25": 707.812745809555,
                        "p50": 707.812745809555,
                        "p75": 707.812745809555
                    }
                }
            }
        }
    }
}