{
  "status": "success",
  "data": {
    "rtt_min_ms": {
      "min": 1.128,
      "average": 1.4643333333333333,
      "max": 2.047,
      "percentiles": {
        "p25": 1.128,
        "p50": 1.218,
        "p75": 2.047
      }
    },
    "rtt_avg_ms": {
      "min": 4.882,
      "average": 5.128333333333333,
      "max": 5.266,
      "percentiles": {
        "p25": 4.882,
        "p50": 5.237,
        "p75": 5.266
      }
    },
    "rtt_max_ms": {
      "min": 8.776,
      "average": 10.155,
      "max": 12.783,
      "percentiles": {
        "p25": 8.776,
        "p50": 8.906,
        "p75": 12.783
      }
    },
    "rtt_mdev_ms": {
      "min": 1.632,
      "average": 1.6976666666666667,
      "max": 1.785,
      "percentiles": {
        "p25": 1.632,
        "p50": 1.676,
        "p75": 1.785
      }
    },
    "packet_loss_percent": {
      "min": 0.0,
      "average": 0.0,
      "max": 0.0,
      "percentiles": {
        "p25": 0.0,
        "p50": 0.0,
        "p75": 0.0
      }
    }
  },
  "meta": {
    "duration_seconds": 60.82273840904236,
    "test_attempts": 1,
    "vpn_restart_attempts": 0,
    "vpn_restart_duration_seconds": 5.7586236000061035,
    "connectivity_wait_duration_seconds": 18.15451169013977,
    "source": "lom",
    "target": "yuki"
  }
}
