{
  "status": "success",
  "data": {
    "total_bandwidth_mbps": {
      "min": 90.17000000000002,
      "average": 93.47433333333333,
      "max": 96.1,
      "percentiles": {
        "p25": 92.41749999999999,
        "p50": 93.875,
        "p75": 94.6225
      }
    },
    "cpu_usage_percent": {
      "min": 2.04,
      "average": 5.731791666666667,
      "max": 21.05,
      "percentiles": {
        "p25": 4.04,
        "p50": 5.0,
        "p75": 6.1049999999999995
      }
    },
    "ttfb_ms": {
      "min": 21.0,
      "average": 35.75,
      "max": 61.0,
      "percentiles": {
        "p25": 24.5,
        "p50": 33.5,
        "p75": 44.25
      }
    },
    "conn_time_ms": {
      "min": 20.0,
      "average": 33.375,
      "max": 57.0,
      "percentiles": {
        "p25": 22.25,
        "p50": 31.0,
        "p75": 42.25
      }
    }
  },
  "meta": {
    "duration_seconds": 31.547915935516357,
    "test_attempts": 1,
    "vpn_restart_attempts": 0,
    "vpn_restart_duration_seconds": 6.9233598709106445,
    "connectivity_wait_duration_seconds": 3.944666862487793,
    "source": "lom",
    "target": "yuki"
  }
}
