{
    "status": "success",
    "data": {
        "rtt_min_ms": {
            "min": 1.595,
            "average": 1.6616666666666666,
            "max": 1.696,
            "percentiles": {
                "p25": 1.595,
                "p50": 1.694,
                "p75": 1.696
            }
        },
        "rtt_avg_ms": {
            "min": 9.97,
            "average": 10.624,
            "max": 11.874,
            "percentiles": {
                "p25": 9.97,
                "p50": 10.028,
                "p75": 11.874
            }
        },
        "rtt_max_ms": {
            "min": 23.635,
            "average": 50.33433333333333,
            "max": 69.452,
            "percentiles": {
                "p25": 23.635,
                "p50": 57.916,
                "p75": 69.452
            }
        },
        "rtt_mdev_ms": {
            "min": 5.126,
            "average": 6.991,
            "max": 8.937,
            "percentiles": {
                "p25": 5.126,
                "p50": 6.91,
                "p75": 8.937
            }
        },
        "packet_loss_percent": {
            "min": 0.0,
            "average": 0.0,
            "max": 0.0,
            "percentiles": {
                "p25": 0.0,
                "p50": 0.0,
                "p75": 0.0
            }
        }
    },
    "meta": {
        "duration_seconds": 61.11932063102722,
        "test_attempts": 1,
        "vpn_restart_attempts": 0,
        "vpn_restart_duration_seconds": 7.078262805938721,
        "connectivity_wait_duration_seconds": 2.744791030883789,
        "source": "lom",
        "target": "yuki"
    }
}