{
    "status": "success",
    "data": {
        "Internal": {
            "status": "success",
            "data": {
                "mean_seconds": {
                    "min": 11.76132560424,
                    "average": 11.907434938786666,
                    "max": 12.07825534694,
                    "percentiles": {
                        "p25": 11.907434938786666,
                        "p50": 11.907434938786666,
                        "p75": 11.907434938786666
                    }
                },
                "stddev_seconds": {
                    "min": 0.04040264817155489,
                    "average": 0.1493864175027135,
                    "max": 0.29367146310143544,
                    "percentiles": {
                        "p25": 0.1493864175027135,
                        "p50": 0.1493864175027135,
                        "p75": 0.1493864175027135
                    }
                },
                "min_seconds": {
                    "min": 11.553668521239999,
                    "average": 11.801802789953333,
                    "max": 12.049686360439999,
                    "percentiles": {
                        "p25": 11.801802789953333,
                        "p50": 11.801802789953333,
                        "p75": 11.801802789953333
                    }
                },
                "max_seconds": {
                    "min": 11.96339424218,
                    "average": 12.01306708762,
                    "max": 12.10682433344,
                    "percentiles": {
                        "p25": 12.01306708762,
                        "p50": 12.01306708762,
                        "p75": 12.01306708762
                    }
                }
            }
        }
    }
}