{
  "status": "success",
  "data": {
    "rtt_min_ms": {
      "min": 0.485,
      "average": 0.578,
      "max": 0.675,
      "percentiles": {
        "p25": 0.485,
        "p50": 0.574,
        "p75": 0.675
      }
    },
    "rtt_avg_ms": {
      "min": 8.717,
      "average": 9.438666666666666,
      "max": 9.884,
      "percentiles": {
        "p25": 8.717,
        "p50": 9.715,
        "p75": 9.884
      }
    },
    "rtt_max_ms": {
      "min": 19.4,
      "average": 20.738666666666667,
      "max": 21.782,
      "percentiles": {
        "p25": 19.4,
        "p50": 21.034,
        "p75": 21.782
      }
    },
    "rtt_mdev_ms": {
      "min": 4.559,
      "average": 4.923333333333334,
      "max": 5.336,
      "percentiles": {
        "p25": 4.559,
        "p50": 4.875,
        "p75": 5.336
      }
    },
    "packet_loss_percent": {
      "min": 0.0,
      "average": 0.3333333333333333,
      "max": 1.0,
      "percentiles": {
        "p25": 0.0,
        "p50": 0.0,
        "p75": 1.0
      }
    }
  },
  "meta": {
    "duration_seconds": 61.59489846229553,
    "test_attempts": 1,
    "vpn_restart_attempts": 0,
    "vpn_restart_duration_seconds": 0.0,
    "connectivity_wait_duration_seconds": 0.0,
    "source": "lom",
    "target": "yuki"
  }
}
