{
  "status": "success",
  "data": {
    "rtt_min_ms": {
      "min": 0.431,
      "average": 0.47533333333333333,
      "max": 0.537,
      "percentiles": {
        "p25": 0.431,
        "p50": 0.458,
        "p75": 0.537
      }
    },
    "rtt_avg_ms": {
      "min": 8.502,
      "average": 8.778666666666666,
      "max": 9.049,
      "percentiles": {
        "p25": 8.502,
        "p50": 8.785,
        "p75": 9.049
      }
    },
    "rtt_max_ms": {
      "min": 19.023,
      "average": 19.616,
      "max": 19.986,
      "percentiles": {
        "p25": 19.023,
        "p50": 19.839,
        "p75": 19.986
      }
    },
    "rtt_mdev_ms": {
      "min": 4.741,
      "average": 4.984,
      "max": 5.141,
      "percentiles": {
        "p25": 4.741,
        "p50": 5.07,
        "p75": 5.141
      }
    },
    "packet_loss_percent": {
      "min": 1.0,
      "average": 1.6666666666666667,
      "max": 2.0,
      "percentiles": {
        "p25": 1.0,
        "p50": 2.0,
        "p75": 2.0
      }
    }
  },
  "meta": {
    "duration_seconds": 61.47986721992493,
    "test_attempts": 1,
    "vpn_restart_attempts": 0
  }
}
