{
    "status": "success",
    "data": {
        "rtt_min_ms": {
            "min": 0.471,
            "average": 0.524,
            "max": 0.573,
            "percentiles": {
                "p25": 0.471,
                "p50": 0.528,
                "p75": 0.573
            }
        },
        "rtt_avg_ms": {
            "min": 9.01,
            "average": 9.383666666666667,
            "max": 9.684,
            "percentiles": {
                "p25": 9.01,
                "p50": 9.457,
                "p75": 9.684
            }
        },
        "rtt_max_ms": {
            "min": 19.733,
            "average": 21.545333333333335,
            "max": 22.646,
            "percentiles": {
                "p25": 19.733,
                "p50": 22.257,
                "p75": 22.646
            }
        },
        "rtt_mdev_ms": {
            "min": 5.059,
            "average": 5.173333333333334,
            "max": 5.336,
            "percentiles": {
                "p25": 5.059,
                "p50": 5.125,
                "p75": 5.336
            }
        },
        "packet_loss_percent": {
            "min": 3.0,
            "average": 4.0,
            "max": 5.0,
            "percentiles": {
                "p25": 3.0,
                "p50": 4.0,
                "p75": 5.0
            }
        }
    },
    "meta": {
        "duration_seconds": 61.61293125152588,
        "test_attempts": 1,
        "vpn_restart_attempts": 0,
        "vpn_restart_duration_seconds": 0.0,
        "connectivity_wait_duration_seconds": 0.0,
        "source": "lom",
        "target": "yuki"
    }
}