{
  "status": "success",
  "data": {
    "total_bandwidth_mbps": {
      "min": 57.56,
      "average": 63.724333333333334,
      "max": 71.61,
      "percentiles": {
        "p25": 61.8275,
        "p50": 63.69499999999999,
        "p75": 65.5025
      }
    },
    "cpu_usage_percent": {
      "min": 0.0,
      "average": 2.4719166666666665,
      "max": 5.05,
      "percentiles": {
        "p25": 2.04,
        "p50": 2.1399999999999997,
        "p75": 3.06
      }
    },
    "ttfb_ms": {
      "min": 28.0,
      "average": 31.5,
      "max": 39.0,
      "percentiles": {
        "p25": 28.0,
        "p50": 29.5,
        "p75": 37.0
      }
    },
    "conn_time_ms": {
      "min": 15.0,
      "average": 23.0,
      "max": 30.0,
      "percentiles": {
        "p25": 17.0,
        "p50": 23.5,
        "p75": 28.5
      }
    }
  },
  "meta": {
    "duration_seconds": 31.331979036331177,
    "test_attempts": 1,
    "vpn_restart_attempts": 0
  }
}
