{
  "status": "success",
  "data": {
    "bitrate_kbps": {
      "min": 1760.7,
      "average": 1945.4793103448276,
      "max": 1972.2,
      "percentiles": {
        "p25": 1941.85,
        "p50": 1960.6,
        "p75": 1966.3000000000002
      }
    },
    "fps": {
      "min": 31.0,
      "average": 32.13793103448276,
      "max": 45.0,
      "percentiles": {
        "p25": 31.0,
        "p50": 31.0,
        "p75": 32.0
      }
    },
    "dropped_frames": {
      "min": 15.0,
      "average": 15.0,
      "max": 15.0,
      "percentiles": {
        "p25": 15.0,
        "p50": 15.0,
        "p75": 15.0
      }
    }
  },
  "meta": {
    "duration_seconds": 122.37153768539429,
    "test_attempts": 1,
    "vpn_restart_attempts": 0
  }
}
