{
    "status": "success",
    "data": {
        "rtt_min_ms": {
            "min": 1.01,
            "average": 1.0393333333333332,
            "max": 1.097,
            "percentiles": {
                "p25": 1.01,
                "p50": 1.011,
                "p75": 1.097
            }
        },
        "rtt_avg_ms": {
            "min": 1.329,
            "average": 1.3463333333333334,
            "max": 1.363,
            "percentiles": {
                "p25": 1.329,
                "p50": 1.347,
                "p75": 1.363
            }
        },
        "rtt_max_ms": {
            "min": 1.537,
            "average": 1.5423333333333333,
            "max": 1.552,
            "percentiles": {
                "p25": 1.537,
                "p50": 1.538,
                "p75": 1.552
            }
        },
        "rtt_mdev_ms": {
            "min": 0.087,
            "average": 0.10166666666666667,
            "max": 0.114,
            "percentiles": {
                "p25": 0.087,
                "p50": 0.104,
                "p75": 0.114
            }
        },
        "packet_loss_percent": {
            "min": 0.0,
            "average": 0.0,
            "max": 0.0,
            "percentiles": {
                "p25": 0.0,
                "p50": 0.0,
                "p75": 0.0
            }
        }
    },
    "meta": {
        "duration_seconds": 60.777015209198,
        "test_attempts": 1,
        "vpn_restart_attempts": 0,
        "vpn_restart_duration_seconds": 0.0,
        "connectivity_wait_duration_seconds": 0.0,
        "source": "yuki",
        "target": "luna"
    }
}