{
  "status": "success",
  "data": {
    "total_bandwidth_mbps": {
      "min": 841.9000000000001,
      "average": 842.0600000000001,
      "max": 843.2999999999998,
      "percentiles": {
        "p25": 841.9000000000001,
        "p50": 842.0,
        "p75": 842.1
      }
    },
    "cpu_usage_percent": {
      "min": 15.87,
      "average": 32.13825,
      "max": 42.27,
      "percentiles": {
        "p25": 30.85,
        "p50": 32.275,
        "p75": 33.68
      }
    },
    "ttfb_ms": {
      "min": 15.0,
      "average": 19.375,
      "max": 23.0,
      "percentiles": {
        "p25": 18.0,
        "p50": 19.5,
        "p75": 21.0
      }
    },
    "conn_time_ms": {
      "min": 13.0,
      "average": 18.0,
      "max": 22.0,
      "percentiles": {
        "p25": 16.0,
        "p50": 18.5,
        "p75": 20.0
      }
    }
  },
  "meta": {
    "duration_seconds": 31.68125581741333,
    "test_attempts": 1,
    "vpn_restart_attempts": 0,
    "vpn_restart_duration_seconds": 0.0,
    "connectivity_wait_duration_seconds": 0.0,
    "source": "yuki",
    "target": "luna"
  }
}
