{
    "status": "success",
    "data": {
        "encoding": {
            "bitrate_kbps": {
                "min": 3295.8,
                "average": 3348.1068965517243,
                "max": 3483.3,
                "percentiles": {
                    "p25": 3324.95,
                    "p50": 3336.9,
                    "p75": 3352.45
                }
            },
            "fps": {
                "min": 31.0,
                "average": 32.13793103448276,
                "max": 45.0,
                "percentiles": {
                    "p25": 31.0,
                    "p50": 31.0,
                    "p75": 32.0
                }
            },
            "dropped_frames": {
                "min": 15.0,
                "average": 15.0,
                "max": 15.0,
                "percentiles": {
                    "p25": 15.0,
                    "p50": 15.0,
                    "p75": 15.0
                }
            }
        },
        "network": {
            "packets_dropped": {
                "min": 0.0,
                "average": 288.16129032258067,
                "max": 377.0,
                "percentiles": {
                    "p25": 257.0,
                    "p50": 324.0,
                    "p75": 329.0
                }
            },
            "packets_recovered": {
                "min": 0.0,
                "average": 0.45161290322580644,
                "max": 3.0,
                "percentiles": {
                    "p25": 0.0,
                    "p50": 0.0,
                    "p75": 1.0
                }
            },
            "rtt_ms": {
                "min": 6.2791731286876,
                "average": 11.946483850335941,
                "max": 15.289719338937878,
                "percentiles": {
                    "p25": 10.587771658082588,
                    "p50": 11.942929392705462,
                    "p75": 13.538278466400325
                }
            },
            "quality": {
                "min": 8.0,
                "average": 13.096774193548388,
                "max": 100.0,
                "percentiles": {
                    "p25": 9.0,
                    "p50": 10.0,
                    "p75": 12.0
                }
            },
            "bitrate_bps": {
                "min": 0.0,
                "average": 149951.0,
                "max": 238929.0,
                "percentiles": {
                    "p25": 148618.0,
                    "p50": 157661.0,
                    "p75": 163250.0
                }
            }
        }
    },
    "meta": {
        "duration_seconds": 31.728599071502686,
        "test_attempts": 1,
        "vpn_restart_attempts": 0,
        "vpn_restart_duration_seconds": 5.342864274978638,
        "connectivity_wait_duration_seconds": 4.346954107284546,
        "source": "lom",
        "target": "yuki"
    }
}