{
    "status": "success",
    "data": {
        "rtt_min_ms": {
            "min": 2.859,
            "average": 3.1096666666666666,
            "max": 3.356,
            "percentiles": {
                "p25": 2.859,
                "p50": 3.114,
                "p75": 3.356
            }
        },
        "rtt_avg_ms": {
            "min": 6.449,
            "average": 6.6803333333333335,
            "max": 7.012,
            "percentiles": {
                "p25": 6.449,
                "p50": 6.58,
                "p75": 7.012
            }
        },
        "rtt_max_ms": {
            "min": 10.011,
            "average": 10.197,
            "max": 10.299,
            "percentiles": {
                "p25": 10.011,
                "p50": 10.281,
                "p75": 10.299
            }
        },
        "rtt_mdev_ms": {
            "min": 1.55,
            "average": 1.672,
            "max": 1.793,
            "percentiles": {
                "p25": 1.55,
                "p50": 1.673,
                "p75": 1.793
            }
        },
        "packet_loss_percent": {
            "min": 0.0,
            "average": 0.0,
            "max": 0.0,
            "percentiles": {
                "p25": 0.0,
                "p50": 0.0,
                "p75": 0.0
            }
        }
    },
    "meta": {
        "duration_seconds": 60.84301280975342,
        "test_attempts": 1,
        "vpn_restart_attempts": 0,
        "vpn_restart_duration_seconds": 1.917003870010376,
        "connectivity_wait_duration_seconds": 4.1864540576934814,
        "source": "yuki",
        "target": "luna"
    }
}