{
    "status": "success",
    "data": {
        "total_bandwidth_mbps": {
            "min": 7.118900000000001,
            "average": 7.81419,
            "max": 8.8535,
            "percentiles": {
                "p25": 7.6115,
                "p50": 7.77665,
                "p75": 7.976925
            }
        },
        "cpu_usage_percent": {
            "min": 3.12,
            "average": 6.920625,
            "max": 11.32,
            "percentiles": {
                "p25": 6.1375,
                "p50": 7.07,
                "p75": 8.14
            }
        },
        "ttfb_ms": {
            "min": 34.0,
            "average": 56.5,
            "max": 74.0,
            "percentiles": {
                "p25": 38.25,
                "p50": 61.0,
                "p75": 69.75
            }
        },
        "conn_time_ms": {
            "min": 22.0,
            "average": 25.5,
            "max": 29.0,
            "percentiles": {
                "p25": 22.25,
                "p50": 26.5,
                "p75": 27.75
            }
        }
    },
    "meta": {
        "duration_seconds": 31.6841037273407,
        "test_attempts": 1,
        "vpn_restart_attempts": 0,
        "vpn_restart_duration_seconds": 1.972306728363037,
        "connectivity_wait_duration_seconds": 248.40051770210266,
        "source": "yuki",
        "target": "luna"
    }
}