{
  "status": "success",
  "data": {
    "rtt_min_ms": {
      "min": 106.719,
      "average": 137.86266666666666,
      "max": 175.76,
      "percentiles": {
        "p25": 106.719,
        "p50": 131.109,
        "p75": 175.76
      }
    },
    "rtt_avg_ms": {
      "min": 217.807,
      "average": 299.5813333333333,
      "max": 353.305,
      "percentiles": {
        "p25": 217.807,
        "p50": 327.632,
        "p75": 353.305
      }
    },
    "rtt_max_ms": {
      "min": 331.112,
      "average": 574.165,
      "max": 812.919,
      "percentiles": {
        "p25": 331.112,
        "p50": 578.464,
        "p75": 812.919
      }
    },
    "rtt_mdev_ms": {
      "min": 40.682,
      "average": 68.987,
      "max": 107.373,
      "percentiles": {
        "p25": 40.682,
        "p50": 58.906,
        "p75": 107.373
      }
    },
    "packet_loss_percent": {
      "min": 0.0,
      "average": 0.0,
      "max": 0.0,
      "percentiles": {
        "p25": 0.0,
        "p50": 0.0,
        "p75": 0.0
      }
    }
  },
  "meta": {
    "duration_seconds": 61.34369111061096,
    "test_attempts": 1,
    "vpn_restart_attempts": 0
  }
}
