{
  "status": "success",
  "data": {
    "total_bandwidth_mbps": {
      "min": 0.62756,
      "average": 5.848373846153846,
      "max": 7.019,
      "percentiles": {
        "p25": 6.4922,
        "p50": 6.787999999999999,
        "p75": 6.9281
      }
    },
    "cpu_usage_percent": {
      "min": 2.02,
      "average": 5.0672,
      "max": 8.25,
      "percentiles": {
        "p25": 4.2475,
        "p50": 5.15,
        "p75": 5.565
      }
    },
    "ttfb_ms": {
      "min": 40.0,
      "average": 48.25,
      "max": 63.0,
      "percentiles": {
        "p25": 41.0,
        "p50": 45.0,
        "p75": 58.75
      }
    },
    "conn_time_ms": {
      "min": 36.0,
      "average": 38.5,
      "max": 42.0,
      "percentiles": {
        "p25": 36.25,
        "p50": 38.0,
        "p75": 41.25
      }
    }
  },
  "meta": {
    "duration_seconds": 31.286117553710938,
    "test_attempts": 1,
    "vpn_restart_attempts": 0
  }
}
