{
  "status": "success",
  "data": {
    "total_bandwidth_mbps": {
      "min": 1.0491000000000001,
      "average": 2.7067768333333335,
      "max": 5.717350000000001,
      "percentiles": {
        "p25": 1.8101325000000001,
        "p50": 2.6080650000000003,
        "p75": 3.2191
      }
    },
    "cpu_usage_percent": {
      "min": 0.0,
      "average": 0.647007874015748,
      "max": 3.03,
      "percentiles": {
        "p25": 0.0,
        "p50": 0.8,
        "p75": 1.0
      }
    },
    "ttfb_ms": {
      "min": 107.0,
      "average": 353.375,
      "max": 602.0,
      "percentiles": {
        "p25": 221.75,
        "p50": 330.5,
        "p75": 539.5
      }
    },
    "conn_time_ms": {
      "min": 21.0,
      "average": 76.75,
      "max": 178.0,
      "percentiles": {
        "p25": 34.5,
        "p50": 41.0,
        "p75": 152.25
      }
    }
  },
  "meta": {
    "duration_seconds": 48.70364451408386,
    "test_attempts": 1,
    "vpn_restart_attempts": 0,
    "vpn_restart_duration_seconds": 2.0732855796813965,
    "connectivity_wait_duration_seconds": 2.7959837913513184,
    "source": "lom",
    "target": "yuki"
  }
}
