{
  "status": "success",
  "data": {
    "rtt_min_ms": {
      "min": 1.648,
      "average": 1.83,
      "max": 2.184,
      "percentiles": {
        "p25": 1.648,
        "p50": 1.658,
        "p75": 2.184
      }
    },
    "rtt_avg_ms": {
      "min": 5.376,
      "average": 5.486666666666666,
      "max": 5.656,
      "percentiles": {
        "p25": 5.376,
        "p50": 5.428,
        "p75": 5.656
      }
    },
    "rtt_max_ms": {
      "min": 9.081,
      "average": 9.330666666666666,
      "max": 9.509,
      "percentiles": {
        "p25": 9.081,
        "p50": 9.402,
        "p75": 9.509
      }
    },
    "rtt_mdev_ms": {
      "min": 1.594,
      "average": 1.7126666666666666,
      "max": 1.892,
      "percentiles": {
        "p25": 1.594,
        "p50": 1.652,
        "p75": 1.892
      }
    },
    "packet_loss_percent": {
      "min": 0.0,
      "average": 0.3333333333333333,
      "max": 1.0,
      "percentiles": {
        "p25": 0.0,
        "p50": 0.0,
        "p75": 1.0
      }
    }
  },
  "meta": {
    "duration_seconds": 60.98208212852478,
    "test_attempts": 1,
    "vpn_restart_attempts": 0,
    "vpn_restart_duration_seconds": 0.0,
    "connectivity_wait_duration_seconds": 0.0,
    "source": "yuki",
    "target": "luna"
  }
}
