{
  "status": "success",
  "data": {
    "total_bandwidth_mbps": {
      "min": 881.3000000000001,
      "average": 882.3766666666667,
      "max": 895.9,
      "percentiles": {
        "p25": 881.8000000000001,
        "p50": 881.8500000000001,
        "p75": 881.9999999999999
      }
    },
    "cpu_usage_percent": {
      "min": 0.0,
      "average": 11.720333333333333,
      "max": 19.59,
      "percentiles": {
        "p25": 10.2,
        "p50": 11.46,
        "p75": 13.27
      }
    },
    "ttfb_ms": {
      "min": 11.0,
      "average": 15.25,
      "max": 19.0,
      "percentiles": {
        "p25": 13.25,
        "p50": 15.5,
        "p75": 17.0
      }
    },
    "conn_time_ms": {
      "min": 10.0,
      "average": 14.0,
      "max": 18.0,
      "percentiles": {
        "p25": 12.0,
        "p50": 14.5,
        "p75": 15.75
      }
    }
  },
  "meta": {
    "duration_seconds": 31.497045278549194,
    "test_attempts": 1,
    "vpn_restart_attempts": 0,
    "vpn_restart_duration_seconds": 0.0,
    "connectivity_wait_duration_seconds": 0.0,
    "source": "lom",
    "target": "yuki"
  }
}
