{
    "status": "success",
    "data": {
        "rtt_min_ms": {
            "min": 1.214,
            "average": 1.297,
            "max": 1.459,
            "percentiles": {
                "p25": 1.214,
                "p50": 1.218,
                "p75": 1.459
            }
        },
        "rtt_avg_ms": {
            "min": 14.614,
            "average": 17.204666666666668,
            "max": 19.034,
            "percentiles": {
                "p25": 14.614,
                "p50": 17.966,
                "p75": 19.034
            }
        },
        "rtt_max_ms": {
            "min": 40.18,
            "average": 114.64233333333334,
            "max": 261.149,
            "percentiles": {
                "p25": 40.18,
                "p50": 42.598,
                "p75": 261.149
            }
        },
        "rtt_mdev_ms": {
            "min": 10.341,
            "average": 16.031333333333333,
            "max": 27.246,
            "percentiles": {
                "p25": 10.341,
                "p50": 10.507,
                "p75": 27.246
            }
        },
        "packet_loss_percent": {
            "min": 4.0,
            "average": 4.666666666666667,
            "max": 5.0,
            "percentiles": {
                "p25": 4.0,
                "p50": 5.0,
                "p75": 5.0
            }
        }
    },
    "meta": {
        "duration_seconds": 61.963045835494995,
        "test_attempts": 1,
        "vpn_restart_attempts": 0,
        "vpn_restart_duration_seconds": 2.157923460006714,
        "connectivity_wait_duration_seconds": 2.796700954437256,
        "source": "yuki",
        "target": "luna"
    }
}