{
    "status": "success",
    "data": {
        "rtt_min_ms": {
            "min": 0.984,
            "average": 1.1553333333333333,
            "max": 1.415,
            "percentiles": {
                "p25": 0.984,
                "p50": 1.067,
                "p75": 1.415
            }
        },
        "rtt_avg_ms": {
            "min": 14.737,
            "average": 17.53066666666667,
            "max": 21.575,
            "percentiles": {
                "p25": 14.737,
                "p50": 16.28,
                "p75": 21.575
            }
        },
        "rtt_max_ms": {
            "min": 39.206,
            "average": 105.417,
            "max": 236.157,
            "percentiles": {
                "p25": 39.206,
                "p50": 40.888,
                "p75": 236.157
            }
        },
        "rtt_mdev_ms": {
            "min": 10.11,
            "average": 15.530666666666667,
            "max": 25.29,
            "percentiles": {
                "p25": 10.11,
                "p50": 11.192,
                "p75": 25.29
            }
        },
        "packet_loss_percent": {
            "min": 3.0,
            "average": 4.666666666666667,
            "max": 7.0,
            "percentiles": {
                "p25": 3.0,
                "p50": 4.0,
                "p75": 7.0
            }
        }
    },
    "meta": {
        "duration_seconds": 63.00050139427185,
        "test_attempts": 1,
        "vpn_restart_attempts": 0,
        "vpn_restart_duration_seconds": 2.2838501930236816,
        "connectivity_wait_duration_seconds": 2.9998090267181396,
        "source": "yuki",
        "target": "luna"
    }
}