{
    "status": "success",
    "data": {
        "total_bandwidth_mbps": {
            "min": 0.75468,
            "average": 4.143421333333333,
            "max": 10.576699999999999,
            "percentiles": {
                "p25": 1.745,
                "p50": 3.7197500000000003,
                "p75": 6.6781500000000005
            }
        },
        "cpu_usage_percent": {
            "min": 0.0,
            "average": 1.3387982832618026,
            "max": 7.69,
            "percentiles": {
                "p25": 0.0,
                "p50": 1.01,
                "p75": 2.0
            }
        },
        "ttfb_ms": {
            "min": 1070.0,
            "average": 1566.375,
            "max": 1854.0,
            "percentiles": {
                "p25": 1367.5,
                "p50": 1644.5,
                "p75": 1795.5
            }
        },
        "conn_time_ms": {
            "min": 496.0,
            "average": 536.625,
            "max": 769.0,
            "percentiles": {
                "p25": 499.25,
                "p50": 501.5,
                "p75": 515.5
            }
        }
    },
    "meta": {
        "duration_seconds": 42.0934796333313,
        "test_attempts": 1,
        "vpn_restart_attempts": 0,
        "vpn_restart_duration_seconds": 1.833136796951294,
        "connectivity_wait_duration_seconds": 21.500566482543945,
        "source": "yuki",
        "target": "luna"
    }
}