{
    "status": "success",
    "data": {
        "bitrate_kbps": {
            "min": 1914.1,
            "average": 1989.8172413793104,
            "max": 2033.8,
            "percentiles": {
                "p25": 1982.65,
                "p50": 1988.5,
                "p75": 1996.1999999999998
            }
        },
        "fps": {
            "min": 31.0,
            "average": 32.13793103448276,
            "max": 45.0,
            "percentiles": {
                "p25": 31.0,
                "p50": 31.0,
                "p75": 32.0
            }
        },
        "dropped_frames": {
            "min": 15.0,
            "average": 15.0,
            "max": 15.0,
            "percentiles": {
                "p25": 15.0,
                "p50": 15.0,
                "p75": 15.0
            }
        }
    },
    "meta": {
        "duration_seconds": 32.07260274887085,
        "test_attempts": 1,
        "vpn_restart_attempts": 0,
        "vpn_restart_duration_seconds": 2.0993878841400146,
        "connectivity_wait_duration_seconds": 2.56929612159729,
        "source": "yuki",
        "target": "luna"
    }
}