{
    "status": "success",
    "data": {
        "rtt_min_ms": {
            "min": 50.788,
            "average": 50.889,
            "max": 50.941,
            "percentiles": {
                "p25": 50.788,
                "p50": 50.938,
                "p75": 50.941
            }
        },
        "rtt_avg_ms": {
            "min": 71.543,
            "average": 78.69533333333334,
            "max": 84.483,
            "percentiles": {
                "p25": 71.543,
                "p50": 80.06,
                "p75": 84.483
            }
        },
        "rtt_max_ms": {
            "min": 313.783,
            "average": 457.547,
            "max": 537.379,
            "percentiles": {
                "p25": 313.783,
                "p50": 521.479,
                "p75": 537.379
            }
        },
        "rtt_mdev_ms": {
            "min": 35.595,
            "average": 58.98566666666667,
            "max": 71.97,
            "percentiles": {
                "p25": 35.595,
                "p50": 69.392,
                "p75": 71.97
            }
        },
        "packet_loss_percent": {
            "min": 0.0,
            "average": 0.0,
            "max": 0.0,
            "percentiles": {
                "p25": 0.0,
                "p50": 0.0,
                "p75": 0.0
            }
        }
    },
    "meta": {
        "duration_seconds": 61.259175062179565,
        "test_attempts": 1,
        "vpn_restart_attempts": 0,
        "vpn_restart_duration_seconds": 2.040658473968506,
        "connectivity_wait_duration_seconds": 70.60549664497375,
        "source": "lom",
        "target": "yuki"
    }
}