{
    "status": "success",
    "data": {
        "rtt_min_ms": {
            "min": 26.125,
            "average": 26.185,
            "max": 26.219,
            "percentiles": {
                "p25": 26.125,
                "p50": 26.211,
                "p75": 26.219
            }
        },
        "rtt_avg_ms": {
            "min": 45.499,
            "average": 46.76133333333333,
            "max": 48.687,
            "percentiles": {
                "p25": 45.499,
                "p50": 46.098,
                "p75": 48.687
            }
        },
        "rtt_max_ms": {
            "min": 151.796,
            "average": 209.049,
            "max": 272.19,
            "percentiles": {
                "p25": 151.796,
                "p50": 203.161,
                "p75": 272.19
            }
        },
        "rtt_mdev_ms": {
            "min": 21.61,
            "average": 27.243333333333332,
            "max": 31.594,
            "percentiles": {
                "p25": 21.61,
                "p50": 28.526,
                "p75": 31.594
            }
        },
        "packet_loss_percent": {
            "min": 0.0,
            "average": 0.3333333333333333,
            "max": 1.0,
            "percentiles": {
                "p25": 0.0,
                "p50": 0.0,
                "p75": 1.0
            }
        }
    },
    "meta": {
        "duration_seconds": 61.2448935508728,
        "test_attempts": 1,
        "vpn_restart_attempts": 0,
        "vpn_restart_duration_seconds": 2.083080291748047,
        "connectivity_wait_duration_seconds": 70.5720694065094,
        "source": "lom",
        "target": "yuki"
    }
}