{
    "status": "success",
    "data": {
        "total_bandwidth_mbps": {
            "min": 0.79423,
            "average": 2.2589893333333335,
            "max": 4.46721,
            "percentiles": {
                "p25": 1.5327525,
                "p50": 2.2912,
                "p75": 2.8525799999999997
            }
        },
        "cpu_usage_percent": {
            "min": 0.0,
            "average": 1.3997619047619048,
            "max": 59.0,
            "percentiles": {
                "p25": 0.0,
                "p50": 0.0,
                "p75": 1.0
            }
        },
        "ttfb_ms": {
            "min": 156.0,
            "average": 952.5,
            "max": 2976.0,
            "percentiles": {
                "p25": 192.25,
                "p50": 267.5,
                "p75": 1820.0
            }
        },
        "conn_time_ms": {
            "min": 81.0,
            "average": 287.125,
            "max": 970.0,
            "percentiles": {
                "p25": 82.25,
                "p50": 98.5,
                "p75": 449.0
            }
        }
    },
    "meta": {
        "duration_seconds": 49.25711131095886,
        "test_attempts": 1,
        "vpn_restart_attempts": 0,
        "vpn_restart_duration_seconds": 2.064183235168457,
        "connectivity_wait_duration_seconds": 71.03116869926453,
        "source": "lom",
        "target": "yuki"
    }
}