{
    "status": "success",
    "data": {
        "total_bandwidth_mbps": {
            "min": 0.5000100000000001,
            "average": 1.9952363333333334,
            "max": 5.0309,
            "percentiles": {
                "p25": 1.3600475,
                "p50": 1.73797,
                "p75": 2.54200375
            }
        },
        "cpu_usage_percent": {
            "min": 0.0,
            "average": 0.9281651376146789,
            "max": 8.85,
            "percentiles": {
                "p25": 0.0,
                "p50": 1.0,
                "p75": 1.01
            }
        },
        "ttfb_ms": {
            "min": 151.0,
            "average": 1028.0,
            "max": 3267.0,
            "percentiles": {
                "p25": 275.25,
                "p50": 470.0,
                "p75": 1637.25
            }
        },
        "conn_time_ms": {
            "min": 47.0,
            "average": 365.875,
            "max": 1082.0,
            "percentiles": {
                "p25": 77.25,
                "p50": 102.5,
                "p75": 716.0
            }
        }
    },
    "meta": {
        "duration_seconds": 51.47766375541687,
        "test_attempts": 1,
        "vpn_restart_attempts": 0,
        "vpn_restart_duration_seconds": 2.2635114192962646,
        "connectivity_wait_duration_seconds": 12.40339708328247,
        "source": "lom",
        "target": "yuki"
    }
}