{
  "status": "success",
  "data": {
    "rtt_min_ms": {
      "min": 0.929,
      "average": 0.966,
      "max": 0.99,
      "percentiles": {
        "p25": 0.929,
        "p50": 0.979,
        "p75": 0.99
      }
    },
    "rtt_avg_ms": {
      "min": 1.169,
      "average": 1.2403333333333333,
      "max": 1.303,
      "percentiles": {
        "p25": 1.169,
        "p50": 1.249,
        "p75": 1.303
      }
    },
    "rtt_max_ms": {
      "min": 1.945,
      "average": 3.8073333333333332,
      "max": 5.003,
      "percentiles": {
        "p25": 1.945,
        "p50": 4.474,
        "p75": 5.003
      }
    },
    "rtt_mdev_ms": {
      "min": 0.132,
      "average": 0.368,
      "max": 0.569,
      "percentiles": {
        "p25": 0.132,
        "p50": 0.403,
        "p75": 0.569
      }
    },
    "packet_loss_percent": {
      "min": 0.0,
      "average": 0.0,
      "max": 0.0,
      "percentiles": {
        "p25": 0.0,
        "p50": 0.0,
        "p75": 0.0
      }
    }
  },
  "meta": {
    "duration_seconds": 60.386969327926636,
    "test_attempts": 1,
    "vpn_restart_attempts": 0
  }
}
