{
  "status": "success",
  "data": {
    "total_bandwidth_mbps": {
      "min": 672.8,
      "average": 755.0033333333333,
      "max": 835.3000000000001,
      "percentiles": {
        "p25": 728.9000000000001,
        "p50": 754.0,
        "p75": 785.225
      }
    },
    "cpu_usage_percent": {
      "min": 23.19,
      "average": 37.065916666666666,
      "max": 68.09,
      "percentiles": {
        "p25": 28.737499999999997,
        "p50": 31.919999999999998,
        "p75": 45.695
      }
    },
    "ttfb_ms": {
      "min": 21.0,
      "average": 21.5,
      "max": 23.0,
      "percentiles": {
        "p25": 21.0,
        "p50": 21.0,
        "p75": 22.5
      }
    },
    "conn_time_ms": {
      "min": 20.0,
      "average": 20.5,
      "max": 22.0,
      "percentiles": {
        "p25": 20.0,
        "p50": 20.0,
        "p75": 21.5
      }
    }
  },
  "meta": {
    "duration_seconds": 30.997856855392456,
    "test_attempts": 1,
    "vpn_restart_attempts": 0
  }
}
