{
  "status": "success",
  "data": {
    "bitrate_kbps": {
      "min": 1761.7,
      "average": 1947.3586206896553,
      "max": 1972.4,
      "percentiles": {
        "p25": 1945.1,
        "p50": 1960.9,
        "p75": 1966.35
      }
    },
    "fps": {
      "min": 31.0,
      "average": 32.13793103448276,
      "max": 45.0,
      "percentiles": {
        "p25": 31.0,
        "p50": 31.0,
        "p75": 32.0
      }
    },
    "dropped_frames": {
      "min": 15.0,
      "average": 15.0,
      "max": 15.0,
      "percentiles": {
        "p25": 15.0,
        "p50": 15.0,
        "p75": 15.0
      }
    }
  },
  "meta": {
    "duration_seconds": 31.232581853866577,
    "test_attempts": 1,
    "vpn_restart_attempts": 0
  }
}
