{
  "status": "success",
  "data": {
    "VpnCloud": {
      "status": "success",
      "data": {
        "rtt_min_ms": {
          "min": 1.205,
          "average": 1.7566666666666666,
          "max": 2.25,
          "percentiles": {
            "p25": 1.484,
            "p50": 1.7866666666666666,
            "p75": 1.9993333333333334
          }
        },
        "rtt_avg_ms": {
          "min": 5.153,
          "average": 5.406666666666666,
          "max": 5.66,
          "percentiles": {
            "p25": 5.270333333333333,
            "p50": 5.410666666666667,
            "p75": 5.539
          }
        },
        "rtt_max_ms": {
          "min": 8.276,
          "average": 8.861,
          "max": 9.349,
          "percentiles": {
            "p25": 8.649000000000001,
            "p50": 8.809,
            "p75": 9.125
          }
        },
        "rtt_mdev_ms": {
          "min": 1.496,
          "average": 1.6544444444444446,
          "max": 1.736,
          "percentiles": {
            "p25": 1.59,
            "p50": 1.6603333333333334,
            "p75": 1.713
          }
        },
        "packet_loss_percent": {
          "min": 0.0,
          "average": 0.6666666666666666,
          "max": 2.0,
          "percentiles": {
            "p25": 0.0,
            "p50": 0.3333333333333333,
            "p75": 1.6666666666666667
          }
        }
      }
    },
    "Zerotier": {
      "status": "success",
      "data": {
        "rtt_min_ms": {
          "min": 1.128,
          "average": 1.7777777777777777,
          "max": 2.433,
          "percentiles": {
            "p25": 1.4206666666666665,
            "p50": 1.657,
            "p75": 2.2556666666666665
          }
        },
        "rtt_avg_ms": {
          "min": 4.882,
          "average": 5.336111111111111,
          "max": 5.805,
          "percentiles": {
            "p25": 5.063,
            "p50": 5.463,
            "p75": 5.482333333333333
          }
        },
        "rtt_max_ms": {
          "min": 8.733,
          "average": 9.463555555555555,
          "max": 12.783,
          "percentiles": {
            "p25": 8.815666666666667,
            "p50": 9.111,
            "p75": 10.464
          }
        },
        "rtt_mdev_ms": {
          "min": 1.608,
          "average": 1.678777777777778,
          "max": 1.785,
          "percentiles": {
            "p25": 1.6213333333333333,
            "p50": 1.6796666666666666,
            "p75": 1.7353333333333334
          }
        },
        "packet_loss_percent": {
          "min": 0.0,
          "average": 0.1111111111111111,
          "max": 1.0,
          "percentiles": {
            "p25": 0.0,
            "p50": 0.0,
            "p75": 0.3333333333333333
          }
        }
      }
    },
    "Yggdrasil": {
      "status": "success",
      "data": {
        "rtt_min_ms": {
          "min": 2.351,
          "average": 2.748111111111111,
          "max": 3.464,
          "percentiles": {
            "p25": 2.4593333333333334,
            "p50": 2.7336666666666667,
            "p75": 3.0513333333333335
          }
        },
        "rtt_avg_ms": {
          "min": 6.342,
          "average": 6.726555555555556,
          "max": 7.273,
          "percentiles": {
            "p25": 6.514666666666667,
            "p50": 6.632,
            "p75": 7.0329999999999995
          }
        },
        "rtt_max_ms": {
          "min": 9.769,
          "average": 28.552333333333333,
          "max": 60.717,
          "percentiles": {
            "p25": 11.025333333333334,
            "p50": 36.514,
            "p75": 38.117666666666665
          }
        },
        "rtt_mdev_ms": {
          "min": 1.522,
          "average": 3.1803333333333335,
          "max": 6.725,
          "percentiles": {
            "p25": 1.722,
            "p50": 3.6866666666666665,
            "p75": 4.132333333333333
          }
        },
        "packet_loss_percent": {
          "min": 0.0,
          "average": 0.0,
          "max": 0.0,
          "percentiles": {
            "p25": 0.0,
            "p50": 0.0,
            "p75": 0.0
          }
        }
      }
    },
    "Tinc": {
      "status": "success",
      "data": {
        "rtt_min_ms": {
          "min": 1.33,
          "average": 1.9242222222222223,
          "max": 2.399,
          "percentiles": {
            "p25": 1.6613333333333333,
            "p50": 1.92,
            "p75": 2.191333333333333
          }
        },
        "rtt_avg_ms": {
          "min": 5.005,
          "average": 5.315777777777778,
          "max": 5.705,
          "percentiles": {
            "p25": 5.213,
            "p50": 5.317333333333333,
            "p75": 5.417
          }
        },
        "rtt_max_ms": {
          "min": 8.246,
          "average": 8.707666666666666,
          "max": 9.13,
          "percentiles": {
            "p25": 8.460666666666667,
            "p50": 8.671333333333333,
            "p75": 8.991
          }
        },
        "rtt_mdev_ms": {
          "min": 1.534,
          "average": 1.6216666666666668,
          "max": 1.748,
          "percentiles": {
            "p25": 1.5406666666666666,
            "p50": 1.631,
            "p75": 1.6933333333333334
          }
        },
        "packet_loss_percent": {
          "min": 0.0,
          "average": 0.7777777777777778,
          "max": 2.0,
          "percentiles": {
            "p25": 0.0,
            "p50": 0.6666666666666666,
            "p75": 1.6666666666666667
          }
        }
      }
    },
    "Mycelium": {
      "status": "success",
      "data": {
        "rtt_min_ms": {
          "min": 2.015,
          "average": 18.796444444444443,
          "max": 52.042,
          "percentiles": {
            "p25": 18.482666666666667,
            "p50": 18.77166666666667,
            "p75": 19.135
          }
        },
        "rtt_avg_ms": {
          "min": 5.872,
          "average": 23.422777777777778,
          "max": 55.34,
          "percentiles": {
            "p25": 22.380333333333333,
            "p50": 23.262333333333334,
            "p75": 24.625666666666667
          }
        },
        "rtt_max_ms": {
          "min": 9.001,
          "average": 93.15255555555555,
          "max": 212.279,
          "percentiles": {
            "p25": 25.546,
            "p50": 93.31700000000001,
            "p75": 160.59466666666668
          }
        },
        "rtt_mdev_ms": {
          "min": 1.548,
          "average": 8.85988888888889,
          "max": 28.777,
          "percentiles": {
            "p25": 1.592,
            "p50": 7.942666666666667,
            "p75": 17.045
          }
        },
        "packet_loss_percent": {
          "min": 0.0,
          "average": 0.0,
          "max": 0.0,
          "percentiles": {
            "p25": 0.0,
            "p50": 0.0,
            "p75": 0.0
          }
        }
      }
    },
    "Easytier": {
      "status": "success",
      "data": {
        "rtt_min_ms": {
          "min": 1.367,
          "average": 1.875,
          "max": 2.696,
          "percentiles": {
            "p25": 1.5393333333333334,
            "p50": 1.7686666666666666,
            "p75": 2.317
          }
        },
        "rtt_avg_ms": {
          "min": 5.301,
          "average": 6.2651111111111115,
          "max": 7.789,
          "percentiles": {
            "p25": 5.467333333333333,
            "p50": 6.249666666666667,
            "p75": 7.078333333333333
          }
        },
        "rtt_max_ms": {
          "min": 8.71,
          "average": 77.1861111111111,
          "max": 215.105,
          "percentiles": {
            "p25": 8.995333333333333,
            "p50": 75.35833333333333,
            "p75": 147.20466666666667
          }
        },
        "rtt_mdev_ms": {
          "min": 1.564,
          "average": 8.028666666666666,
          "max": 20.912,
          "percentiles": {
            "p25": 1.6056666666666668,
            "p50": 7.827999999999999,