{
    "status": "success",
    "data": {
        "rtt_min_ms": {
            "min": 2.209,
            "average": 2.393,
            "max": 2.509,
            "percentiles": {
                "p25": 2.209,
                "p50": 2.461,
                "p75": 2.509
            }
        },
        "rtt_avg_ms": {
            "min": 5.745,
            "average": 6.195,
            "max": 6.778,
            "percentiles": {
                "p25": 5.745,
                "p50": 6.062,
                "p75": 6.778
            }
        },
        "rtt_max_ms": {
            "min": 8.937,
            "average": 20.808999999999997,
            "max": 43.721,
            "percentiles": {
                "p25": 8.937,
                "p50": 9.769,
                "p75": 43.721
            }
        },
        "rtt_mdev_ms": {
            "min": 1.659,
            "average": 2.921333333333333,
            "max": 5.284,
            "percentiles": {
                "p25": 1.659,
                "p50": 1.821,
                "p75": 5.284
            }
        },
        "packet_loss_percent": {
            "min": 0.0,
            "average": 0.0,
            "max": 0.0,
            "percentiles": {
                "p25": 0.0,
                "p50": 0.0,
                "p75": 0.0
            }
        }
    },
    "meta": {
        "duration_seconds": 60.80946898460388,
        "test_attempts": 1,
        "vpn_restart_attempts": 0,
        "vpn_restart_duration_seconds": 3.5937788486480713,
        "connectivity_wait_duration_seconds": 1.8960397243499756,
        "source": "yuki",
        "target": "luna"
    }
}