{
    "status": "success",
    "data": {
        "rtt_min_ms": {
            "min": 2.237,
            "average": 2.6703333333333332,
            "max": 3.098,
            "percentiles": {
                "p25": 2.237,
                "p50": 2.676,
                "p75": 3.098
            }
        },
        "rtt_avg_ms": {
            "min": 5.998,
            "average": 6.228,
            "max": 6.557,
            "percentiles": {
                "p25": 5.998,
                "p50": 6.129,
                "p75": 6.557
            }
        },
        "rtt_max_ms": {
            "min": 9.564,
            "average": 21.552666666666667,
            "max": 45.505,
            "percentiles": {
                "p25": 9.564,
                "p50": 9.589,
                "p75": 45.505
            }
        },
        "rtt_mdev_ms": {
            "min": 1.466,
            "average": 2.4963333333333333,
            "max": 4.281,
            "percentiles": {
                "p25": 1.466,
                "p50": 1.742,
                "p75": 4.281
            }
        },
        "packet_loss_percent": {
            "min": 0.0,
            "average": 0.0,
            "max": 0.0,
            "percentiles": {
                "p25": 0.0,
                "p50": 0.0,
                "p75": 0.0
            }
        }
    },
    "meta": {
        "duration_seconds": 60.784706115722656,
        "test_attempts": 1,
        "vpn_restart_attempts": 0,
        "vpn_restart_duration_seconds": 3.011112928390503,
        "connectivity_wait_duration_seconds": 2.0074477195739746,
        "source": "yuki",
        "target": "luna"
    }
}