{
    "status": "success",
    "data": {
        "total_bandwidth_mbps": {
            "min": 0.54895,
            "average": 6.362338,
            "max": 7.1725,
            "percentiles": {
                "p25": 6.3832,
                "p50": 6.5628,
                "p75": 6.76125
            }
        },
        "cpu_usage_percent": {
            "min": 0.0,
            "average": 2.602886597938144,
            "max": 63.64,
            "percentiles": {
                "p25": 1.735,
                "p50": 2.02,
                "p75": 2.97
            }
        },
        "ttfb_ms": {
            "min": 28.0,
            "average": 165.66666666666666,
            "max": 278.0,
            "percentiles": {
                "p25": 40.75,
                "p50": 185.5,
                "p75": 273.5
            }
        },
        "conn_time_ms": {
            "min": 19.0,
            "average": 121.66666666666667,
            "max": 215.0,
            "percentiles": {
                "p25": 22.75,
                "p50": 129.5,
                "p75": 213.5
            }
        }
    },
    "meta": {
        "duration_seconds": 32.019855260849,
        "test_attempts": 1,
        "vpn_restart_attempts": 0,
        "vpn_restart_duration_seconds": 4.82077169418335,
        "connectivity_wait_duration_seconds": 2.3350586891174316,
        "source": "yuki",
        "target": "luna"
    }
}