{
    "status": "success",
    "data": {
        "encoding": {
            "bitrate_kbps": {
                "min": 3318.8,
                "average": 3355.7172413793105,
                "max": 3496.2,
                "percentiles": {
                    "p25": 3329.7,
                    "p50": 3342.3,
                    "p75": 3363.4
                }
            },
            "fps": {
                "min": 30.0,
                "average": 32.0,
                "max": 44.0,
                "percentiles": {
                    "p25": 31.0,
                    "p50": 31.0,
                    "p75": 32.0
                }
            },
            "dropped_frames": {
                "min": 15.0,
                "average": 15.0,
                "max": 15.0,
                "percentiles": {
                    "p25": 15.0,
                    "p50": 15.0,
                    "p75": 15.0
                }
            }
        },
        "network": {
            "packets_dropped": {
                "min": 0.0,
                "average": 0.0,
                "max": 0.0,
                "percentiles": {
                    "p25": 0.0,
                    "p50": 0.0,
                    "p75": 0.0
                }
            },
            "packets_recovered": {
                "min": 0.0,
                "average": 27.225806451612904,
                "max": 79.0,
                "percentiles": {
                    "p25": 13.0,
                    "p50": 25.0,
                    "p75": 38.0
                }
            },
            "rtt_ms": {
                "min": 5.118900418792507,
                "average": 18.547344344949227,
                "max": 36.39323424952974,
                "percentiles": {
                    "p25": 14.32820863350056,
                    "p50": 16.35977494122772,
                    "p75": 22.2484738241295
                }
            },
            "quality": {
                "min": 81.0,
                "average": 92.35483870967742,
                "max": 100.0,
                "percentiles": {
                    "p25": 89.0,
                    "p50": 93.0,
                    "p75": 95.0
                }
            },
            "bitrate_bps": {
                "min": 0.0,
                "average": 3158903.9032258065,
                "max": 4996978.0,
                "percentiles": {
                    "p25": 2899459.0,
                    "p50": 3481640.0,
                    "p75": 3637692.0
                }
            }
        }
    },
    "meta": {
        "duration_seconds": 31.402525186538696,
        "test_attempts": 1,
        "vpn_restart_attempts": 0,
        "vpn_restart_duration_seconds": 2.317420482635498,
        "connectivity_wait_duration_seconds": 1.9251844882965088,
        "source": "yuki",
        "target": "luna"
    }
}