{
  "status": "success",
  "data": {
    "rtt_min_ms": {
      "min": 0.976,
      "average": 1.0223333333333333,
      "max": 1.067,
      "percentiles": {
        "p25": 0.976,
        "p50": 1.024,
        "p75": 1.067
      }
    },
    "rtt_avg_ms": {
      "min": 9.22,
      "average": 9.608333333333334,
      "max": 10.302,
      "percentiles": {
        "p25": 9.22,
        "p50": 9.303,
        "p75": 10.302
      }
    },
    "rtt_max_ms": {
      "min": 20.642,
      "average": 21.643666666666668,
      "max": 22.55,
      "percentiles": {
        "p25": 20.642,
        "p50": 21.739,
        "p75": 22.55
      }
    },
    "rtt_mdev_ms": {
      "min": 5.032,
      "average": 5.126666666666667,
      "max": 5.175,
      "percentiles": {
        "p25": 5.032,
        "p50": 5.173,
        "p75": 5.175
      }
    },
    "packet_loss_percent": {
      "min": 0.0,
      "average": 2.0,
      "max": 3.0,
      "percentiles": {
        "p25": 0.0,
        "p50": 3.0,
        "p75": 3.0
      }
    }
  },
  "meta": {
    "duration_seconds": 61.30440592765808,
    "test_attempts": 1,
    "vpn_restart_attempts": 0,
    "vpn_restart_duration_seconds": 1.750844955444336,
    "connectivity_wait_duration_seconds": 4.080022573471069,
    "source": "luna",
    "target": "lom"
  }
}
