{
  "status": "success",
  "data": {
    "total_bandwidth_mbps": {
      "min": 37.57,
      "average": 39.252,
      "max": 40.967000000000006,
      "percentiles": {
        "p25": 38.70675,
        "p50": 39.273,
        "p75": 39.777
      }
    },
    "cpu_usage_percent": {
      "min": 0.0,
      "average": 2.5985833333333335,
      "max": 13.68,
      "percentiles": {
        "p25": 2.02,
        "p50": 2.13,
        "p75": 3.03
      }
    },
    "ttfb_ms": {
      "min": 19.0,
      "average": 38.875,
      "max": 75.0,
      "percentiles": {
        "p25": 22.25,
        "p50": 30.5,
        "p75": 64.25
      }
    },
    "conn_time_ms": {
      "min": 13.0,
      "average": 32.375,
      "max": 68.0,
      "percentiles": {
        "p25": 18.0,
        "p50": 23.5,
        "p75": 56.25
      }
    }
  },
  "meta": {
    "duration_seconds": 31.875146865844727,
    "test_attempts": 1,
    "vpn_restart_attempts": 0,
    "vpn_restart_duration_seconds": 2.033421039581299,
    "connectivity_wait_duration_seconds": 6.113460540771484,
    "source": "luna",
    "target": "lom"
  }
}
