{
    "status": "success",
    "data": {
        "rtt_min_ms": {
            "min": 1.503,
            "average": 1.5523333333333333,
            "max": 1.623,
            "percentiles": {
                "p25": 1.503,
                "p50": 1.531,
                "p75": 1.623
            }
        },
        "rtt_avg_ms": {
            "min": 5.213,
            "average": 5.355666666666667,
            "max": 5.634,
            "percentiles": {
                "p25": 5.213,
                "p50": 5.22,
                "p75": 5.634
            }
        },
        "rtt_max_ms": {
            "min": 8.792,
            "average": 8.995333333333333,
            "max": 9.126,
            "percentiles": {
                "p25": 8.792,
                "p50": 9.068,
                "p75": 9.126
            }
        },
        "rtt_mdev_ms": {
            "min": 1.707,
            "average": 1.73,
            "max": 1.746,
            "percentiles": {
                "p25": 1.707,
                "p50": 1.737,
                "p75": 1.746
            }
        },
        "packet_loss_percent": {
            "min": 0.0,
            "average": 0.3333333333333333,
            "max": 1.0,
            "percentiles": {
                "p25": 0.0,
                "p50": 0.0,
                "p75": 1.0
            }
        }
    },
    "meta": {
        "duration_seconds": 61.02456474304199,
        "test_attempts": 1,
        "vpn_restart_attempts": 0,
        "vpn_restart_duration_seconds": 1.7229704856872559,
        "connectivity_wait_duration_seconds": 3.862210750579834,
        "source": "yuki",
        "target": "luna"
    }
}