{
  "status": "success",
  "data": {
    "total_bandwidth_mbps": {
      "min": 91.10000000000001,
      "average": 93.22533333333334,
      "max": 95.52000000000001,
      "percentiles": {
        "p25": 92.44,
        "p50": 93.41,
        "p75": 94.15
      }
    },
    "cpu_usage_percent": {
      "min": 1.01,
      "average": 4.378458333333334,
      "max": 22.92,
      "percentiles": {
        "p25": 3.03,
        "p50": 3.9,
        "p75": 4.4
      }
    },
    "ttfb_ms": {
      "min": 23.0,
      "average": 33.125,
      "max": 46.0,
      "percentiles": {
        "p25": 25.75,
        "p50": 35.0,
        "p75": 36.75
      }
    },
    "conn_time_ms": {
      "min": 22.0,
      "average": 30.5,
      "max": 39.0,
      "percentiles": {
        "p25": 24.25,
        "p50": 33.0,
        "p75": 34.0
      }
    }
  },
  "meta": {
    "duration_seconds": 31.490817070007324,
    "test_attempts": 1,
    "vpn_restart_attempts": 0,
    "vpn_restart_duration_seconds": 1.6783318519592285,
    "connectivity_wait_duration_seconds": 4.153000116348267,
    "source": "yuki",
    "target": "luna"
  }
}
