{
  "status": "success",
  "data": {
    "total_bandwidth_mbps": {
      "min": 91.21000000000001,
      "average": 93.27533333333334,
      "max": 96.7,
      "percentiles": {
        "p25": 91.8725,
        "p50": 93.27499999999999,
        "p75": 94.315
      }
    },
    "cpu_usage_percent": {
      "min": 0.0,
      "average": 4.549791666666667,
      "max": 28.42,
      "percentiles": {
        "p25": 3.03,
        "p50": 4.0,
        "p75": 4.4
      }
    },
    "ttfb_ms": {
      "min": 23.0,
      "average": 34.25,
      "max": 49.0,
      "percentiles": {
        "p25": 24.75,
        "p50": 33.5,
        "p75": 43.5
      }
    },
    "conn_time_ms": {
      "min": 20.0,
      "average": 31.0,
      "max": 45.0,
      "percentiles": {
        "p25": 23.5,
        "p50": 31.0,
        "p75": 37.75
      }
    }
  },
  "meta": {
    "duration_seconds": 31.587794303894043,
    "test_attempts": 1,
    "vpn_restart_attempts": 0,
    "vpn_restart_duration_seconds": 1.8431167602539062,
    "connectivity_wait_duration_seconds": 3.9180524349212646,
    "source": "yuki",
    "target": "luna"
  }
}
