{
  "status": "success",
  "data": {
    "rtt_min_ms": {
      "min": 2.004,
      "average": 2.175333333333333,
      "max": 2.344,
      "percentiles": {
        "p25": 2.004,
        "p50": 2.178,
        "p75": 2.344
      }
    },
    "rtt_avg_ms": {
      "min": 5.754,
      "average": 6.15,
      "max": 6.437,
      "percentiles": {
        "p25": 5.754,
        "p50": 6.259,
        "p75": 6.437
      }
    },
    "rtt_max_ms": {
      "min": 9.311,
      "average": 32.653333333333336,
      "max": 46.082,
      "percentiles": {
        "p25": 9.311,
        "p50": 42.567,
        "p75": 46.082
      }
    },
    "rtt_mdev_ms": {
      "min": 1.694,
      "average": 3.368,
      "max": 4.355,
      "percentiles": {
        "p25": 1.694,
        "p50": 4.055,
        "p75": 4.355
      }
    },
    "packet_loss_percent": {
      "min": 0.0,
      "average": 0.0,
      "max": 0.0,
      "percentiles": {
        "p25": 0.0,
        "p50": 0.0,
        "p75": 0.0
      }
    }
  },
  "meta": {
    "duration_seconds": 60.42779588699341,
    "test_attempts": 1,
    "vpn_restart_attempts": 0
  }
}
