{
  "status": "success",
  "data": {
    "total_bandwidth_mbps": {
      "min": 6.969,
      "average": 7.822933333333333,
      "max": 8.568000000000001,
      "percentiles": {
        "p25": 7.517000000000001,
        "p50": 7.769,
        "p75": 8.18825
      }
    },
    "cpu_usage_percent": {
      "min": 4.12,
      "average": 5.815,
      "max": 8.25,
      "percentiles": {
        "p25": 5.21,
        "p50": 6.12,
        "p75": 6.25
      }
    },
    "ttfb_ms": {
      "min": 27.0,
      "average": 33.0,
      "max": 41.0,
      "percentiles": {
        "p25": 28.0,
        "p50": 32.0,
        "p75": 39.0
      }
    },
    "conn_time_ms": {
      "min": 23.0,
      "average": 24.25,
      "max": 25.0,
      "percentiles": {
        "p25": 23.25,
        "p50": 24.5,
        "p75": 25.0
      }
    }
  },
  "meta": {
    "duration_seconds": 31.368070363998413,
    "test_attempts": 1,
    "vpn_restart_attempts": 0
  }
}
