{
  "status": "success",
  "data": {
    "rtt_min_ms": {
      "min": 1.404,
      "average": 1.8936666666666666,
      "max": 2.196,
      "percentiles": {
        "p25": 1.404,
        "p50": 2.081,
        "p75": 2.196
      }
    },
    "rtt_avg_ms": {
      "min": 5.337,
      "average": 5.362333333333333,
      "max": 5.393,
      "percentiles": {
        "p25": 5.337,
        "p50": 5.357,
        "p75": 5.393
      }
    },
    "rtt_max_ms": {
      "min": 8.535,
      "average": 8.640333333333334,
      "max": 8.694,
      "percentiles": {
        "p25": 8.535,
        "p50": 8.692,
        "p75": 8.694
      }
    },
    "rtt_mdev_ms": {
      "min": 1.449,
      "average": 1.5383333333333333,
      "max": 1.63,
      "percentiles": {
        "p25": 1.449,
        "p50": 1.536,
        "p75": 1.63
      }
    },
    "packet_loss_percent": {
      "min": 0.0,
      "average": 1.0,
      "max": 2.0,
      "percentiles": {
        "p25": 0.0,
        "p50": 1.0,
        "p75": 2.0
      }
    }
  },
  "meta": {
    "duration_seconds": 61.191070556640625,
    "test_attempts": 1,
    "vpn_restart_attempts": 0,
    "vpn_restart_duration_seconds": 0.0,
    "connectivity_wait_duration_seconds": 0.0,
    "source": "lom",
    "target": "yuki"
  }
}
