{
    "status": "success",
    "data": {
        "rtt_min_ms": {
            "min": 1.301,
            "average": 1.5126666666666666,
            "max": 1.672,
            "percentiles": {
                "p25": 1.301,
                "p50": 1.565,
                "p75": 1.672
            }
        },
        "rtt_avg_ms": {
            "min": 5.044,
            "average": 5.259333333333333,
            "max": 5.436,
            "percentiles": {
                "p25": 5.044,
                "p50": 5.298,
                "p75": 5.436
            }
        },
        "rtt_max_ms": {
            "min": 8.555,
            "average": 8.750333333333334,
            "max": 8.849,
            "percentiles": {
                "p25": 8.555,
                "p50": 8.847,
                "p75": 8.849
            }
        },
        "rtt_mdev_ms": {
            "min": 1.651,
            "average": 1.679,
            "max": 1.701,
            "percentiles": {
                "p25": 1.651,
                "p50": 1.685,
                "p75": 1.701
            }
        },
        "packet_loss_percent": {
            "min": 0.0,
            "average": 0.3333333333333333,
            "max": 1.0,
            "percentiles": {
                "p25": 0.0,
                "p50": 0.0,
                "p75": 1.0
            }
        }
    },
    "meta": {
        "duration_seconds": 61.01556992530823,
        "test_attempts": 1,
        "vpn_restart_attempts": 0,
        "vpn_restart_duration_seconds": 0.0,
        "connectivity_wait_duration_seconds": 0.0,
        "source": "lom",
        "target": "yuki"
    }
}