{
  "status": "success",
  "data": {
    "rtt_min_ms": {
      "min": 1.349,
      "average": 1.5396666666666667,
      "max": 1.714,
      "percentiles": {
        "p25": 1.349,
        "p50": 1.556,
        "p75": 1.714
      }
    },
    "rtt_avg_ms": {
      "min": 4.998,
      "average": 5.145666666666667,
      "max": 5.288,
      "percentiles": {
        "p25": 4.998,
        "p50": 5.151,
        "p75": 5.288
      }
    },
    "rtt_max_ms": {
      "min": 8.737,
      "average": 8.87,
      "max": 8.975,
      "percentiles": {
        "p25": 8.737,
        "p50": 8.898,
        "p75": 8.975
      }
    },
    "rtt_mdev_ms": {
      "min": 1.542,
      "average": 1.6843333333333332,
      "max": 1.763,
      "percentiles": {
        "p25": 1.542,
        "p50": 1.748,
        "p75": 1.763
      }
    },
    "packet_loss_percent": {
      "min": 0.0,
      "average": 1.3333333333333333,
      "max": 4.0,
      "percentiles": {
        "p25": 0.0,
        "p50": 0.0,
        "p75": 4.0
      }
    }
  },
  "meta": {
    "duration_seconds": 60.77903938293457,
    "test_attempts": 1,
    "vpn_restart_attempts": 0
  }
}
