{
  "status": "success",
  "data": {
    "total_bandwidth_mbps": {
      "min": 44.9,
      "average": 46.522999999999996,
      "max": 48.199999999999996,
      "percentiles": {
        "p25": 45.8925,
        "p50": 46.685,
        "p75": 47.0525
      }
    },
    "cpu_usage_percent": {
      "min": 9.68,
      "average": 13.811333333333334,
      "max": 18.6,
      "percentiles": {
        "p25": 12.77,
        "p50": 13.83,
        "p75": 15.12
      }
    },
    "ttfb_ms": {
      "min": 21.0,
      "average": 32.25,
      "max": 53.0,
      "percentiles": {
        "p25": 22.25,
        "p50": 27.5,
        "p75": 47.0
      }
    },
    "conn_time_ms": {
      "min": 19.0,
      "average": 28.75,
      "max": 51.0,
      "percentiles": {
        "p25": 19.75,
        "p50": 22.5,
        "p75": 44.0
      }
    }
  },
  "meta": {
    "duration_seconds": 31.56142520904541,
    "test_attempts": 1,
    "vpn_restart_attempts": 0
  }
}
