{
    "status": "success",
    "data": {
        "rtt_min_ms": {
            "min": 0.861,
            "average": 0.938,
            "max": 1.014,
            "percentiles": {
                "p25": 0.861,
                "p50": 0.939,
                "p75": 1.014
            }
        },
        "rtt_avg_ms": {
            "min": 14.727,
            "average": 15.962333333333333,
            "max": 17.48,
            "percentiles": {
                "p25": 14.727,
                "p50": 15.68,
                "p75": 17.48
            }
        },
        "rtt_max_ms": {
            "min": 39.21,
            "average": 40.18833333333333,
            "max": 40.774,
            "percentiles": {
                "p25": 39.21,
                "p50": 40.581,
                "p75": 40.774
            }
        },
        "rtt_mdev_ms": {
            "min": 8.365,
            "average": 9.607000000000001,
            "max": 10.419,
            "percentiles": {
                "p25": 8.365,
                "p50": 10.037,
                "p75": 10.419
            }
        },
        "packet_loss_percent": {
            "min": 3.0,
            "average": 5.0,
            "max": 7.0,
            "percentiles": {
                "p25": 3.0,
                "p50": 5.0,
                "p75": 7.0
            }
        }
    },
    "meta": {
        "duration_seconds": 61.68063712120056,
        "test_attempts": 1,
        "vpn_restart_attempts": 0,
        "vpn_restart_duration_seconds": 0.0,
        "connectivity_wait_duration_seconds": 0.0,
        "source": "luna",
        "target": "lom"
    }
}