{
    "status": "success",
    "data": {
        "rtt_min_ms": {
            "min": 0.893,
            "average": 0.9676666666666667,
            "max": 1.048,
            "percentiles": {
                "p25": 0.893,
                "p50": 0.962,
                "p75": 1.048
            }
        },
        "rtt_avg_ms": {
            "min": 16.88,
            "average": 17.096666666666668,
            "max": 17.507,
            "percentiles": {
                "p25": 16.88,
                "p50": 16.903,
                "p75": 17.507
            }
        },
        "rtt_max_ms": {
            "min": 39.868,
            "average": 40.75366666666667,
            "max": 41.223,
            "percentiles": {
                "p25": 39.868,
                "p50": 41.17,
                "p75": 41.223
            }
        },
        "rtt_mdev_ms": {
            "min": 9.266,
            "average": 10.534333333333333,
            "max": 12.088,
            "percentiles": {
                "p25": 9.266,
                "p50": 10.249,
                "p75": 12.088
            }
        },
        "packet_loss_percent": {
            "min": 2.0,
            "average": 5.333333333333333,
            "max": 9.0,
            "percentiles": {
                "p25": 2.0,
                "p50": 5.0,
                "p75": 9.0
            }
        }
    },
    "meta": {
        "duration_seconds": 61.62952518463135,
        "test_attempts": 1,
        "vpn_restart_attempts": 0,
        "vpn_restart_duration_seconds": 0.0,
        "connectivity_wait_duration_seconds": 0.0,
        "source": "luna",
        "target": "lom"
    }
}