{
    "status": "success",
    "data": {
        "rtt_min_ms": {
            "min": 1.029,
            "average": 1.069,
            "max": 1.113,
            "percentiles": {
                "p25": 1.029,
                "p50": 1.065,
                "p75": 1.113
            }
        },
        "rtt_avg_ms": {
            "min": 14.586,
            "average": 16.232666666666667,
            "max": 17.368,
            "percentiles": {
                "p25": 14.586,
                "p50": 16.744,
                "p75": 17.368
            }
        },
        "rtt_max_ms": {
            "min": 34.934,
            "average": 37.452,
            "max": 39.226,
            "percentiles": {
                "p25": 34.934,
                "p50": 38.196,
                "p75": 39.226
            }
        },
        "rtt_mdev_ms": {
            "min": 8.662,
            "average": 9.104333333333333,
            "max": 9.631,
            "percentiles": {
                "p25": 8.662,
                "p50": 9.02,
                "p75": 9.631
            }
        },
        "packet_loss_percent": {
            "min": 5.0,
            "average": 5.666666666666667,
            "max": 6.0,
            "percentiles": {
                "p25": 5.0,
                "p50": 6.0,
                "p75": 6.0
            }
        }
    },
    "meta": {
        "duration_seconds": 62.163535594940186,
        "test_attempts": 1,
        "vpn_restart_attempts": 0,
        "vpn_restart_duration_seconds": 0.0,
        "connectivity_wait_duration_seconds": 0.0,
        "source": "luna",
        "target": "lom"
    }
}