{
  "status": "success",
  "data": {
    "encoding": {
      "bitrate_kbps": {
        "min": 3319.8,
        "average": 3359.493103448276,
        "max": 3506.7,
        "percentiles": {
          "p25": 3329.8500000000004,
          "p50": 3342.8,
          "p75": 3374.75
        }
      },
      "fps": {
        "min": 31.0,
        "average": 32.13793103448276,
        "max": 45.0,
        "percentiles": {
          "p25": 31.0,
          "p50": 31.0,
          "p75": 32.0
        }
      },
      "dropped_frames": {
        "min": 15.0,
        "average": 15.0,
        "max": 15.0,
        "percentiles": {
          "p25": 15.0,
          "p50": 15.0,
          "p75": 15.0
        }
      }
    },
    "network": {
      "packets_dropped": {
        "min": 0.0,
        "average": 0.03225806451612903,
        "max": 1.0,
        "percentiles": {
          "p25": 0.0,
          "p50": 0.0,
          "p75": 0.0
        }
      },
      "packets_recovered": {
        "min": 0.0,
        "average": 84.2258064516129,
        "max": 213.0,
        "percentiles": {
          "p25": 67.0,
          "p50": 79.0,
          "p75": 100.0
        }
      },
      "rtt_ms": {
        "min": 4.7892756510119865,
        "average": 18.274655576421605,
        "max": 23.485930799933968,
        "percentiles": {
          "p25": 16.34661153973942,
          "p50": 19.00074898712842,
          "p75": 20.865672192591934
        }
      },
      "quality": {
        "min": 69.0,
        "average": 79.93548387096774,
        "max": 100.0,
        "percentiles": {
          "p25": 77.0,
          "p50": 79.0,
          "p75": 83.0
        }
      },
      "bitrate_bps": {
        "min": 0.0,
        "average": 3159653.0967741935,
        "max": 5184891.0,
        "percentiles": {
          "p25": 2847886.0,
          "p50": 3572026.0,
          "p75": 3605892.0
        }
      }
    }
  },
  "meta": {
    "duration_seconds": 32.46953773498535,
    "test_attempts": 1,
    "vpn_restart_attempts": 0,
    "vpn_restart_duration_seconds": 0.0,
    "connectivity_wait_duration_seconds": 0.0,
    "source": "luna",
    "target": "lom"
  }
}
