{
  "status": "success",
  "data": {
    "total_bandwidth_mbps": {
      "min": 650.0,
      "average": 854.0699999999999,
      "max": 1022.8,
      "percentiles": {
        "p25": 780.1249999999999,
        "p50": 866.7,
        "p75": 933.4000000000001
      }
    },
    "cpu_usage_percent": {
      "min": 41.94,
      "average": 60.01925,
      "max": 82.61,
      "percentiles": {
        "p25": 52.765,
        "p50": 59.675,
        "p75": 66.7425
      }
    },
    "ttfb_ms": {
      "min": 24.0,
      "average": 228.5,
      "max": 420.0,
      "percentiles": {
        "p25": 30.5,
        "p50": 235.0,
        "p75": 420.0
      }
    },
    "conn_time_ms": {
      "min": 21.0,
      "average": 221.0,
      "max": 417.0,
      "percentiles": {
        "p25": 23.0,
        "p50": 223.0,
        "p75": 417.0
      }
    }
  }
}
