{
  "status": "success",
  "data": {
    "total_bandwidth_mbps": {
      "min": 681.8000000000001,
      "average": 817.85,
      "max": 1038.6,
      "percentiles": {
        "p25": 753.2250000000001,
        "p50": 782.8,
        "p75": 893.3
      }
    },
    "cpu_usage_percent": {
      "min": 43.68,
      "average": 59.3515,
      "max": 77.27,
      "percentiles": {
        "p25": 55.32,
        "p50": 57.835,
        "p75": 65.625
      }
    },
    "ttfb_ms": {
      "min": 34.0,
      "average": 223.0,
      "max": 409.0,
      "percentiles": {
        "p25": 35.75,
        "p50": 224.5,
        "p75": 408.75
      }
    },
    "conn_time_ms": {
      "min": 30.0,
      "average": 220.5,
      "max": 407.0,
      "percentiles": {
        "p25": 32.25,
        "p50": 222.5,
        "p75": 406.75
      }
    }
  }
}
