{
    "total_bandwidth_mbps_percentiles": {
        "p25": 722.3,
        "p50": 773.85,
        "p75": 830.25
    },
    "cpu_usage_percent_percentiles": {
        "p25": 44.602500000000006,
        "p50": 55.06,
        "p75": 67.17999999999999
    },
    "ttfb_ms_percentiles": {
        "p25": 26.75,
        "p50": 35.0,
        "p75": 45.5
    },
    "conn_time_ms_percentiles": {
        "p25": 22.25,
        "p50": 28.5,
        "p75": 35.5
    }
}