{
  "start": {
    "connected": [
      {
        "socket": 7,
        "local_host": "fd1e:4856:9a1:22c8:f999:9312:15b7:6187",
        "local_port": 42934,
        "remote_host": "fd1e:4856:9a1:22c8:f999:931e:4856:9a1",
        "remote_port": 5201
      },
      {
        "socket": 9,
        "local_host": "fd1e:4856:9a1:22c8:f999:9312:15b7:6187",
        "local_port": 42938,
        "remote_host": "fd1e:4856:9a1:22c8:f999:931e:4856:9a1",
        "remote_port": 5201
      }
    ],
    "version": "iperf 3.18",
    "system_info": "Linux milo 6.12.18 #1-NixOS SMP PREEMPT_DYNAMIC Fri Mar  7 17:25:47 UTC 2025 x86_64",
    "timestamp": {
      "time": "Mon, 10 Mar 2025 17:44:33 GMT",
      "timesecs": 1741628673
    },
    "connecting_to": {
      "host": "fd1e:4856:9a1:22c8:f999:931e:4856:9a1",
      "port": 5201
    },
    "cookie": "qgzjctmxdnahex7fclyrp5bq66fu7zd76umk",
    "tcp_mss_default": 2728,
    "target_bitrate": 0,
    "fq_rate": 0,
    "sock_bufsize": 0,
    "sndbuf_actual": 16384,
    "rcvbuf_actual": 131072,
    "test_start": {
      "protocol": "TCP",
      "num_streams": 1,
      "blksize": 131072,
      "omit": 0,
      "duration": 10,
      "bytes": 0,
      "blocks": 0,
      "reverse": 0,
      "tos": 0,
      "target_bitrate": 0,
      "bidir": 1,
      "fqrate": 0,
      "interval": 1
    }
  },
  "intervals": [
    {
      "streams": [
        {
          "socket": 7,
          "start": 0,
          "end": 1.000296,
          "seconds": 1.0002959966659546,
          "bytes": 123469824,
          "bits_per_second": 987466305.265899,
          "retransmits": 54,
          "snd_cwnd": 409200,
          "snd_wnd": 3157376,
          "rtt": 2083,
          "rttvar": 107,
          "pmtu": 2800,
          "omitted": false,
          "sender": true
        },
        {
          "socket": 9,
          "start": 0,
          "end": 1.000302,
          "seconds": 1.0003019571304321,
          "bytes": 123338752,
          "bits_per_second": 986412161.8141953,
          "omitted": false,
          "sender": false
        }
      ],
      "sum": {
        "start": 0,
        "end": 1.000296,
        "seconds": 1.0002959966659546,
        "bytes": 123469824,
        "bits_per_second": 987466305.265899,
        "retransmits": 54,
        "omitted": false,
        "sender": true
      },
      "sum_bidir_reverse": {
        "start": 0,
        "end": 1.000296,
        "seconds": 1.0002959966659546,
        "bytes": 123338752,
        "bits_per_second": 986418039.549056,
        "omitted": false,
        "sender": false
      }
    },
    {
      "streams": [
        {
          "socket": 7,
          "start": 1.000296,
          "end": 2.001029,
          "seconds": 1.0007330179214478,
          "bytes": 166723584,
          "bits_per_second": 1332811697.1400812,
          "retransmits": 11,
          "snd_cwnd": 605616,
          "snd_wnd": 3728768,
          "rtt": 3343,
          "rttvar": 37,
          "pmtu": 2800,
          "omitted": false,
          "sender": true
        },
        {
          "socket": 9,
          "start": 1.000302,
          "end": 2.001036,
          "seconds": 1.0007339715957642,
          "bytes": 138018816,
          "bits_per_second": 1103340707.2604206,
          "omitted": false,
          "sender": false
        }
      ],
      "sum": {
        "start": 1.000296,
        "end": 2.001029,
        "seconds": 1.0007330179214478,
        "bytes": 166723584,
        "bits_per_second": 1332811697.1400812,
        "retransmits": 11,
        "omitted": false,
        "sender": true
      },
      "sum_bidir_reverse": {
        "start": 1.000296,
        "end": 2.001029,
        "seconds": 1.0007330179214478,
        "bytes": 138018816,
        "bits_per_second": 1103341758.7173784,
        "omitted": false,
        "sender": false
      }
    },
    {
      "streams": [
        {
          "socket": 7,
          "start": 2.001029,
          "end": 3.0003,
          "seconds": 0.9992709755897522,
          "bytes": 150077440,
          "bits_per_second": 1201495439.5042,
          "retransmits": 178,
          "snd_cwnd": 332816,
          "snd_wnd": 3728768,
          "rtt": 2389,
          "rttvar": 23,
          "pmtu": 2800,
          "omitted": false,
          "sender": true
        },
        {
          "socket": 9,
          "start": 2.001036,
          "end": 3.000307,
          "seconds": 0.9992709755897522,
          "bytes": 139067392,
          "bits_per_second": 1113350795.9073853,
          "omitted": false,
          "sender": false
        }
      ],
      "sum": {
        "start": 2.001029,
        "end": 3.0003,
        "seconds": 0.9992709755897522,
        "bytes": 150077440,
        "bits_per_second": 1201495439.5042,
        "retransmits": 178,
        "omitted": false,
        "sender": true
      },
      "sum_bidir_reverse": {
        "start": 2.001029,
        "end": 3.0003,
        "seconds": 0.9992709755897522,
        "bytes": 139067392,
        "bits_per_second": 1113350795.9073853,
        "omitted": false,
        "sender": false
      }
    },
    {
      "streams": [
        {
          "socket": 7,
          "start": 3.0003,
          "end": 4.001048,
          "seconds": 1.0007480382919312,
          "bytes": 154271744,
          "bits_per_second": 1233251432.704758,
          "retransmits": 29,
          "snd_cwnd": 548328,
          "snd_wnd": 3728768,
          "rtt": 3135,
          "rttvar": 22,
          "pmtu": 2800,
          "omitted": false,
          "sender": true
        },
        {
          "socket": 9,
          "start": 3.000307,
          "end": 4.001056,
          "seconds": 1.0007489919662476,
          "bytes": 130416640,
          "bits_per_second": 1042552256.735312,
          "omitted": false,
          "sender": false
        }
      ],
      "sum": {
        "start": 3.0003,
        "end": 4.001048,
        "seconds": 1.0007480382919312,
        "bytes": 154271744,
        "bits_per_second": 1233251432.704758,
        "retransmits": 29,
        "omitted": false,
        "sender": true
      },
      "sum_bidir_reverse": {
        "start": 3.0003,
        "end": 4.001048,
        "seconds": 1.0007480382919312,
        "bytes": 130416640,
        "bits_per_second": 1042553250.2474376,
        "omitted": false,
        "sender": false
      }
    },
    {
      "streams": [
        {
          "socket": 7,
          "start": 4.001048,
          "end": 5.000415,
          "seconds": 0.9993669986724854,
          "bytes": 147849216,
          "bits_per_second": 1183542912.234615,
          "retransmits": 106,
          "snd_cwnd": 349184,
          "snd_wnd": 3728768,
          "rtt": 2457,
          "rttvar": 46,
          "pmtu": 2800,
          "omitted": false,
          "sender": true
        },
        {
          "socket": 9,
          "start": 4.001056,
          "end": 5.000438,
          "seconds": 0.9993820190429688,
          "bytes": 127533056,
          "bits_per_second": 1020895341.880404,
          "omitted": false,
          "sender": false
        }
      ],
      "sum": {
        "start": 4.001048,
        "end": 5.000415,
        "seconds": 0.9993669986724854,
        "bytes": 147849216,
        "bits_per_second": 1183542912.234615,
        "retransmits": 106,
        "omitted": false,
        "sender": true
      },
      "sum_bidir_reverse": {
        "start": 4.001048,
        "end": 5.000415,
        "seconds": 0.9993669986724854,
        "bytes": 127533056,
        "bits_per_second": 1020910685.8193976,
        "omitted": false,
        "sender": false
      }
    },
    {
      "streams": [
        {
          "socket": 7,
          "start": 5.000415,
          "end": 6.00031,
          "seconds": 0.9998949766159058,
          "bytes": 150863872,
          "bits_per_second": 1207037743.1885192,
          "retransmits": 67,
          "snd_cwnd": 250976,
          "snd_wnd": 3723520,
          "rtt": 1774,
          "rttvar": 59,