{
  "start": {
    "connected": [
      {
        "socket": 7,
        "local_host": "fd1e:4856:9a1:22c8:f999:9312:15b7:6187",
        "local_port": 35187,
        "remote_host": "fd1e:4856:9a1:22c8:f999:931e:4856:9a1",
        "remote_port": 5201
      },
      {
        "socket": 9,
        "local_host": "fd1e:4856:9a1:22c8:f999:9312:15b7:6187",
        "local_port": 58919,
        "remote_host": "fd1e:4856:9a1:22c8:f999:931e:4856:9a1",
        "remote_port": 5201
      }
    ],
    "version": "iperf 3.18",
    "system_info": "Linux milo 6.12.18 #1-NixOS SMP PREEMPT_DYNAMIC Fri Mar  7 17:25:47 UTC 2025 x86_64",
    "timestamp": {
      "time": "Mon, 10 Mar 2025 17:44:44 GMT",
      "timesecs": 1741628684
    },
    "connecting_to": {
      "host": "fd1e:4856:9a1:22c8:f999:931e:4856:9a1",
      "port": 5201
    },
    "cookie": "erubmxblseekofbngvfupegojetjbstbnomy",
    "target_bitrate": 0,
    "fq_rate": 0,
    "sock_bufsize": 0,
    "sndbuf_actual": 212992,
    "rcvbuf_actual": 212992,
    "test_start": {
      "protocol": "UDP",
      "num_streams": 1,
      "blksize": 2728,
      "omit": 0,
      "duration": 10,
      "bytes": 0,
      "blocks": 0,
      "reverse": 0,
      "tos": 0,
      "target_bitrate": 0,
      "bidir": 1,
      "fqrate": 0,
      "interval": 1
    }
  },
  "intervals": [
    {
      "streams": [
        {
          "socket": 7,
          "start": 0,
          "end": 1.001409,
          "seconds": 1.00140905380249,
          "bytes": 800493408,
          "bits_per_second": 6394936454.472142,
          "packets": 293437,
          "omitted": false,
          "sender": true
        },
        {
          "socket": 9,
          "start": 0,
          "end": 1.00141,
          "seconds": 1.0014100074768066,
          "bytes": 198257400,
          "bits_per_second": 1583825993.507194,
          "jitter_ms": 0.014147288633724267,
          "lost_packets": 210911,
          "packets": 283586,
          "lost_percent": 74.37285338486384,
          "omitted": false,
          "sender": false
        }
      ],
      "sum": {
        "start": 0,
        "end": 1.001409,
        "seconds": 1.00140905380249,
        "bytes": 800493408,
        "bits_per_second": 6394936454.472142,
        "packets": 293437,
        "omitted": false,
        "sender": true
      },
      "sum_bidir_reverse": {
        "start": 0,
        "end": 1.001409,
        "seconds": 1.00140905380249,
        "bytes": 198257400,
        "bits_per_second": 1583827501.8360493,
        "jitter_ms": 0.014147288633724267,
        "lost_packets": 210911,
        "packets": 283586,
        "lost_percent": 74.37285338486384,
        "omitted": false,
        "sender": false
      }
    },
    {
      "streams": [
        {
          "socket": 7,
          "start": 1.001409,
          "end": 2.000833,
          "seconds": 0.9994239807128906,
          "bytes": 828029840,
          "bits_per_second": 6628056608.442515,
          "packets": 303530,
          "omitted": false,
          "sender": true
        },
        {
          "socket": 9,
          "start": 1.00141,
          "end": 2.000836,
          "seconds": 0.999426007270813,
          "bytes": 204370848,
          "bits_per_second": 1635905782.024517,
          "jitter_ms": 0.017206995810939686,
          "lost_packets": 223051,
          "packets": 297967,
          "lost_percent": 74.85761846110475,
          "omitted": false,
          "sender": false
        }
      ],
      "sum": {
        "start": 1.001409,
        "end": 2.000833,
        "seconds": 0.9994239807128906,
        "bytes": 828029840,
        "bits_per_second": 6628056608.442515,
        "packets": 303530,
        "omitted": false,
        "sender": true
      },
      "sum_bidir_reverse": {
        "start": 1.001409,
        "end": 2.000833,
        "seconds": 0.9994239807128906,
        "bytes": 204370848,
        "bits_per_second": 1635909099.193093,
        "jitter_ms": 0.017206995810939686,
        "lost_packets": 223051,
        "packets": 297967,
        "lost_percent": 74.85761846110475,
        "omitted": false,
        "sender": false
      }
    },
    {
      "streams": [
        {
          "socket": 7,
          "start": 2.000833,
          "end": 3.000871,
          "seconds": 1.0000380277633667,
          "bytes": 730321064,
          "bits_per_second": 5842346340.635852,
          "packets": 267715,
          "omitted": false,
          "sender": true
        },
        {
          "socket": 9,
          "start": 2.000836,
          "end": 3.000873,
          "seconds": 1.0000369548797607,
          "bytes": 214202560,
          "bits_per_second": 1713557155.7013478,
          "jitter_ms": 0.0210428766877435,
          "lost_packets": 218775,
          "packets": 297295,
          "lost_percent": 73.5885231840428,
          "omitted": false,
          "sender": false
        }
      ],
      "sum": {
        "start": 2.000833,
        "end": 3.000871,
        "seconds": 1.0000380277633667,
        "bytes": 730321064,
        "bits_per_second": 5842346340.635852,
        "packets": 267715,
        "omitted": false,
        "sender": true
      },
      "sum_bidir_reverse": {
        "start": 2.000833,
        "end": 3.000871,
        "seconds": 1.0000380277633667,
        "bytes": 214202560,
        "bits_per_second": 1713555317.323877,
        "jitter_ms": 0.0210428766877435,
        "lost_packets": 218775,
        "packets": 297295,
        "lost_percent": 73.5885231840428,
        "omitted": false,
        "sender": false
      }
    },
    {
      "streams": [
        {
          "socket": 7,
          "start": 3.000871,
          "end": 4.001146,
          "seconds": 1.0002750158309937,
          "bytes": 621667552,
          "bits_per_second": 4971973044.701433,
          "packets": 227890,
          "omitted": false,
          "sender": true
        },
        {
          "socket": 9,
          "start": 3.000873,
          "end": 4.001149,
          "seconds": 1.00027596950531,
          "bytes": 212374800,
          "bits_per_second": 1698529657.6106348,
          "jitter_ms": 0.02186664806496231,
          "lost_packets": 215369,
          "packets": 293219,
          "lost_percent": 73.44987875956197,
          "omitted": false,
          "sender": false
        }
      ],
      "sum": {
        "start": 3.000871,
        "end": 4.001146,
        "seconds": 1.0002750158309937,
        "bytes": 621667552,
        "bits_per_second": 4971973044.701433,
        "packets": 227890,
        "omitted": false,
        "sender": true
      },
      "sum_bidir_reverse": {
        "start": 3.000871,
        "end": 4.001146,
        "seconds": 1.0002750158309937,
        "bytes": 212374800,
        "bits_per_second": 1698531277.0093846,
        "jitter_ms": 0.02186664806496231,
        "lost_packets": 215369,
        "packets": 293219,
        "lost_percent": 73.44987875956197,
        "omitted": false,
        "sender": false
      }
    },
    {
      "streams": [
        {
          "socket": 7,
          "start": 4.001146,
          "end": 5.000833,
          "seconds": 0.9996870160102844,
          "bytes": 639986072,
          "bits_per_second": 5121491520.84949,
          "packets": 234599,
          "omitted": false,
          "sender": true
        },
        {
          "socket": 9,
          "start": 4.001149,
          "end": 5.000835,
          "seconds": 0.9996860027313232,
          "bytes": 205590264,
          "bits_per_second": 1645238712.4620342,
          "jitter_ms": 0.015359226622687945,
          "lost_packets": 220011,
          "packets": 295374,
          "lost_percent": 74.48556745008024,
          "omitted": false,
          "sender": false
        }
      ],
      "sum": {
        "start": 4.001146,
        "end": 5.000833,
        "seconds": 0.9996870160102844,
        "bytes": 639986072,
        "bits_per_second": 5121491520.84949,
        "packets": 234599,
        "omitted": false,