{
    "status": "success",
    "data": {
        "rtt_min_ms": {
            "min": 0.977,
            "average": 1.0163333333333333,
            "max": 1.038,
            "percentiles": {
                "p25": 0.977,
                "p50": 1.034,
                "p75": 1.038
            }
        },
        "rtt_avg_ms": {
            "min": 14.551,
            "average": 16.103,
            "max": 17.069,
            "percentiles": {
                "p25": 14.551,
                "p50": 16.689,
                "p75": 17.069
            }
        },
        "rtt_max_ms": {
            "min": 40.275,
            "average": 41.06166666666667,
            "max": 42.089,
            "percentiles": {
                "p25": 40.275,
                "p50": 40.821,
                "p75": 42.089
            }
        },
        "rtt_mdev_ms": {
            "min": 9.233,
            "average": 9.982666666666667,
            "max": 10.568,
            "percentiles": {
                "p25": 9.233,
                "p50": 10.147,
                "p75": 10.568
            }
        },
        "packet_loss_percent": {
            "min": 6.0,
            "average": 6.666666666666667,
            "max": 7.0,
            "percentiles": {
                "p25": 6.0,
                "p50": 7.0,
                "p75": 7.0
            }
        }
    },
    "meta": {
        "duration_seconds": 61.881025552749634,
        "test_attempts": 1,
        "vpn_restart_attempts": 0,
        "vpn_restart_duration_seconds": 3.4515292644500732,
        "connectivity_wait_duration_seconds": 4.462662935256958,
        "source": "lom",
        "target": "yuki"
    }
}