{
    "status": "success",
    "data": {
        "total_bandwidth_mbps": {
            "min": 21.974,
            "average": 23.2461,
            "max": 24.861999999999995,
            "percentiles": {
                "p25": 22.652,
                "p50": 23.3805,
                "p75": 23.8255
            }
        },
        "cpu_usage_percent": {
            "min": 0.0,
            "average": 4.988666666666667,
            "max": 34.41,
            "percentiles": {
                "p25": 3.0,
                "p50": 4.77,
                "p75": 6.12
            }
        },
        "ttfb_ms": {
            "min": 70.0,
            "average": 92.25,
            "max": 114.0,
            "percentiles": {
                "p25": 72.0,
                "p50": 99.0,
                "p75": 105.5
            }
        },
        "conn_time_ms": {
            "min": 51.0,
            "average": 85.25,
            "max": 111.0,
            "percentiles": {
                "p25": 69.5,
                "p50": 86.5,
                "p75": 103.75
            }
        }
    },
    "meta": {
        "duration_seconds": 34.26118350028992,
        "test_attempts": 1,
        "vpn_restart_attempts": 0,
        "vpn_restart_duration_seconds": 2.2297616004943848,
        "connectivity_wait_duration_seconds": 4.512762784957886,
        "source": "lom",
        "target": "yuki"
    }
}