{
    "status": "success",
    "data": {
        "bitrate_kbps": {
            "min": 1909.1,
            "average": 1988.6586206896552,
            "max": 2012.4,
            "percentiles": {
                "p25": 1982.0,
                "p50": 1989.9,
                "p75": 1997.9499999999998
            }
        },
        "fps": {
            "min": 31.0,
            "average": 32.13793103448276,
            "max": 45.0,
            "percentiles": {
                "p25": 31.0,
                "p50": 31.0,
                "p75": 32.0
            }
        },
        "dropped_frames": {
            "min": 15.0,
            "average": 15.0,
            "max": 15.0,
            "percentiles": {
                "p25": 15.0,
                "p50": 15.0,
                "p75": 15.0
            }
        }
    },
    "meta": {
        "duration_seconds": 32.4667444229126,
        "test_attempts": 1,
        "vpn_restart_attempts": 0,
        "vpn_restart_duration_seconds": 2.168912649154663,
        "connectivity_wait_duration_seconds": 4.877807855606079,
        "source": "lom",
        "target": "yuki"
    }
}