{
    "status": "success",
    "data": {
        "encoding": {
            "bitrate_kbps": {
                "min": 3291.8,
                "average": 3345.7758620689656,
                "max": 3487.5,
                "percentiles": {
                    "p25": 3319.95,
                    "p50": 3333.2,
                    "p75": 3353.8
                }
            },
            "fps": {
                "min": 31.0,
                "average": 32.13793103448276,
                "max": 45.0,
                "percentiles": {
                    "p25": 31.0,
                    "p50": 31.0,
                    "p75": 32.0
                }
            },
            "dropped_frames": {
                "min": 15.0,
                "average": 15.0,
                "max": 15.0,
                "percentiles": {
                    "p25": 15.0,
                    "p50": 15.0,
                    "p75": 15.0
                }
            }
        },
        "network": {
            "packets_dropped": {
                "min": 0.0,
                "average": 1935.9032258064517,
                "max": 58803.0,
                "percentiles": {
                    "p25": 0.0,
                    "p50": 0.0,
                    "p75": 103.0
                }
            },
            "packets_recovered": {
                "min": 0.0,
                "average": 53.61290322580645,
                "max": 141.0,
                "percentiles": {
                    "p25": 12.0,
                    "p50": 61.0,
                    "p75": 84.0
                }
            },
            "rtt_ms": {
                "min": 9.489181610708535,
                "average": 117.85692272058239,
                "max": 385.29469981957953,
                "percentiles": {
                    "p25": 18.09578502000132,
                    "p50": 27.30466054803215,
                    "p75": 232.28862983696965
                }
            },
            "quality": {
                "min": 36.0,
                "average": 74.70967741935483,
                "max": 100.0,
                "percentiles": {
                    "p25": 66.0,
                    "p50": 79.0,
                    "p75": 83.0
                }
            },
            "bitrate_bps": {
                "min": 0.0,
                "average": 2738650.5161290322,
                "max": 4012007.0,
                "percentiles": {
                    "p25": 2086082.0,
                    "p50": 2882664.0,
                    "p75": 3553447.0
                }
            }
        }
    },
    "meta": {
        "duration_seconds": 32.910672664642334,
        "test_attempts": 1,
        "vpn_restart_attempts": 0,
        "vpn_restart_duration_seconds": 1.909966230392456,
        "connectivity_wait_duration_seconds": 4.61673378944397,
        "source": "lom",
        "target": "yuki"
    }
}