{
    "status": "success",
    "data": {
        "total_bandwidth_mbps": {
            "min": 90.42,
            "average": 93.353,
            "max": 95.84,
            "percentiles": {
                "p25": 92.5925,
                "p50": 93.41999999999999,
                "p75": 94.11000000000001
            }
        },
        "cpu_usage_percent": {
            "min": 1.01,
            "average": 3.674125,
            "max": 21.57,
            "percentiles": {
                "p25": 2.205,
                "p50": 3.03,
                "p75": 4.04
            }
        },
        "ttfb_ms": {
            "min": 20.0,
            "average": 28.875,
            "max": 39.0,
            "percentiles": {
                "p25": 22.0,
                "p50": 27.5,
                "p75": 37.75
            }
        },
        "conn_time_ms": {
            "min": 19.0,
            "average": 26.375,
            "max": 35.0,
            "percentiles": {
                "p25": 20.0,
                "p50": 25.5,
                "p75": 33.5
            }
        }
    },
    "meta": {
        "duration_seconds": 31.479515552520752,
        "test_attempts": 1,
        "vpn_restart_attempts": 0,
        "vpn_restart_duration_seconds": 4304.491545200348,
        "connectivity_wait_duration_seconds": 2.171360969543457,
        "source": "yuki",
        "target": "luna"
    }
}