{
  "status": "success",
  "data": {
    "encoding": {
      "bitrate_kbps": {
        "min": 3303.8,
        "average": 3349.1620689655174,
        "max": 3495.9,
        "percentiles": {
          "p25": 3322.2,
          "p50": 3335.4,
          "p75": 3357.75
        }
      },
      "fps": {
        "min": 31.0,
        "average": 32.13793103448276,
        "max": 45.0,
        "percentiles": {
          "p25": 31.0,
          "p50": 31.0,
          "p75": 32.0
        }
      },
      "dropped_frames": {
        "min": 15.0,
        "average": 15.0,
        "max": 15.0,
        "percentiles": {
          "p25": 15.0,
          "p50": 15.0,
          "p75": 15.0
        }
      }
    },
    "network": {
      "packets_dropped": {
        "min": 0.0,
        "average": 1790.0645161290322,
        "max": 55492.0,
        "percentiles": {
          "p25": 0.0,
          "p50": 0.0,
          "p75": 0.0
        }
      },
      "packets_recovered": {
        "min": 0.0,
        "average": 1.2258064516129032,
        "max": 6.0,
        "percentiles": {
          "p25": 0.0,
          "p50": 1.0,
          "p75": 2.0
        }
      },
      "rtt_ms": {
        "min": 5.30204929397595,
        "average": 7.779775252244418,
        "max": 9.771371817292193,
        "percentiles": {
          "p25": 7.302457940887555,
          "p50": 7.8934383547068,
          "p75": 8.112017042272967
        }
      },
      "quality": {
        "min": 98.0,
        "average": 99.29032258064517,
        "max": 100.0,
        "percentiles": {
          "p25": 99.0,
          "p50": 99.0,
          "p75": 100.0
        }
      },
      "bitrate_bps": {
        "min": 0.0,
        "average": 3155736.9032258065,
        "max": 5172837.0,
        "percentiles": {
          "p25": 2847939.0,
          "p50": 3522991.0,
          "p75": 3625664.0
        }
      }
    }
  },
  "meta": {
    "duration_seconds": 31.433087825775146,
    "test_attempts": 1,
    "vpn_restart_attempts": 0,
    "vpn_restart_duration_seconds": 36.956626892089844,
    "connectivity_wait_duration_seconds": 2.454555034637451,
    "source": "yuki",
    "target": "luna"
  }
}
