{
  "status": "success",
  "data": {
    "total_bandwidth_mbps": {
      "min": 2.0198,
      "average": 4.7338175,
      "max": 6.5969999999999995,
      "percentiles": {
        "p25": 3.997022500000001,
        "p50": 4.5388,
        "p75": 5.754510000000001
      }
    },
    "cpu_usage_percent": {
      "min": 0.0,
      "average": 0.5576978417266187,
      "max": 2.04,
      "percentiles": {
        "p25": 0.0,
        "p50": 0.0,
        "p75": 1.0
      }
    },
    "ttfb_ms": {
      "min": 29.0,
      "average": 288.125,
      "max": 549.0,
      "percentiles": {
        "p25": 91.0,
        "p50": 286.0,
        "p75": 453.25
      }
    },
    "conn_time_ms": {
      "min": 16.0,
      "average": 81.5,
      "max": 142.0,
      "percentiles": {
        "p25": 32.75,
        "p50": 78.0,
        "p75": 132.25
      }
    }
  },
  "meta": {
    "duration_seconds": 95.5122230052948,
    "test_attempts": 1,
    "vpn_restart_attempts": 0,
    "vpn_restart_duration_seconds": 1.7235381603240967,
    "connectivity_wait_duration_seconds": 14.245664834976196,
    "source": "luna",
    "target": "lom"
  }
}
