{
    "status": "success",
    "data": {
        "rtt_min_ms": {
            "min": 1.856,
            "average": 2.015,
            "max": 2.096,
            "percentiles": {
                "p25": 1.856,
                "p50": 2.093,
                "p75": 2.096
            }
        },
        "rtt_avg_ms": {
            "min": 19.409,
            "average": 21.926333333333332,
            "max": 25.741,
            "percentiles": {
                "p25": 19.409,
                "p50": 20.629,
                "p75": 25.741
            }
        },
        "rtt_max_ms": {
            "min": 89.898,
            "average": 102.04333333333334,
            "max": 120.839,
            "percentiles": {
                "p25": 89.898,
                "p50": 95.393,
                "p75": 120.839
            }
        },
        "rtt_mdev_ms": {
            "min": 16.173,
            "average": 18.758666666666667,
            "max": 23.833,
            "percentiles": {
                "p25": 16.173,
                "p50": 16.27,
                "p75": 23.833
            }
        },
        "packet_loss_percent": {
            "min": 0.0,
            "average": 0.0,
            "max": 0.0,
            "percentiles": {
                "p25": 0.0,
                "p50": 0.0,
                "p75": 0.0
            }
        }
    },
    "meta": {
        "duration_seconds": 61.074920654296875,
        "test_attempts": 1,
        "vpn_restart_attempts": 0,
        "vpn_restart_duration_seconds": 2.0421998500823975,
        "connectivity_wait_duration_seconds": 4.923433065414429,
        "source": "yuki",
        "target": "luna"
    }
}