{
    "status": "success",
    "data": {
        "encoding": {
            "bitrate_kbps": {
                "min": 3295.8,
                "average": 3345.8586206896553,
                "max": 3499.2,
                "percentiles": {
                    "p25": 3319.95,
                    "p50": 3335.3,
                    "p75": 3354.65
                }
            },
            "fps": {
                "min": 30.0,
                "average": 32.0,
                "max": 45.0,
                "percentiles": {
                    "p25": 31.0,
                    "p50": 31.0,
                    "p75": 32.0
                }
            },
            "dropped_frames": {
                "min": 16.0,
                "average": 16.0,
                "max": 16.0,
                "percentiles": {
                    "p25": 16.0,
                    "p50": 16.0,
                    "p75": 16.0
                }
            }
        },
        "network": {
            "packets_dropped": {
                "min": 0.0,
                "average": 136.4516129032258,
                "max": 218.0,
                "percentiles": {
                    "p25": 114.0,
                    "p50": 137.0,
                    "p75": 174.0
                }
            },
            "packets_recovered": {
                "min": 0.0,
                "average": 106.74193548387096,
                "max": 158.0,
                "percentiles": {
                    "p25": 96.0,
                    "p50": 117.0,
                    "p75": 125.0
                }
            },
            "rtt_ms": {
                "min": 10.930687447656757,
                "average": 69.03782242342814,
                "max": 87.03336637976497,
                "percentiles": {
                    "p25": 69.236453679388,
                    "p50": 73.34705016359847,
                    "p75": 77.41977764322753
                }
            },
            "quality": {
                "min": 29.0,
                "average": 43.12903225806452,
                "max": 100.0,
                "percentiles": {
                    "p25": 37.0,
                    "p50": 42.0,
                    "p75": 45.0
                }
            },
            "bitrate_bps": {
                "min": 0.0,
                "average": 1742429.7741935484,
                "max": 2446722.0,
                "percentiles": {
                    "p25": 1566278.0,
                    "p50": 1867761.0,
                    "p75": 2099084.0
                }
            }
        }
    },
    "meta": {
        "duration_seconds": 34.05087065696716,
        "test_attempts": 1,
        "vpn_restart_attempts": 0,
        "vpn_restart_duration_seconds": 2.1522367000579834,
        "connectivity_wait_duration_seconds": 4.662239074707031,
        "source": "yuki",
        "target": "luna"
    }
}