{
    "status": "success",
    "data": {
        "rtt_min_ms": {
            "min": 1.385,
            "average": 1.5373333333333334,
            "max": 1.745,
            "percentiles": {
                "p25": 1.385,
                "p50": 1.482,
                "p75": 1.745
            }
        },
        "rtt_avg_ms": {
            "min": 12.865,
            "average": 13.018666666666666,
            "max": 13.124,
            "percentiles": {
                "p25": 12.865,
                "p50": 13.067,
                "p75": 13.124
            }
        },
        "rtt_max_ms": {
            "min": 66.19,
            "average": 68.41499999999999,
            "max": 69.624,
            "percentiles": {
                "p25": 66.19,
                "p50": 69.431,
                "p75": 69.624
            }
        },
        "rtt_mdev_ms": {
            "min": 10.684,
            "average": 11.239666666666666,
            "max": 12.348,
            "percentiles": {
                "p25": 10.684,
                "p50": 10.687,
                "p75": 12.348
            }
        },
        "packet_loss_percent": {
            "min": 0.0,
            "average": 0.0,
            "max": 0.0,
            "percentiles": {
                "p25": 0.0,
                "p50": 0.0,
                "p75": 0.0
            }
        }
    },
    "meta": {
        "duration_seconds": 61.076892614364624,
        "test_attempts": 1,
        "vpn_restart_attempts": 0,
        "vpn_restart_duration_seconds": 2.9896914958953857,
        "connectivity_wait_duration_seconds": 2.379450798034668,
        "source": "luna",
        "target": "lom"
    }
}