{
    "status": "success",
    "data": {
        "rtt_min_ms": {
            "min": 1.391,
            "average": 1.4946666666666666,
            "max": 1.562,
            "percentiles": {
                "p25": 1.391,
                "p50": 1.531,
                "p75": 1.562
            }
        },
        "rtt_avg_ms": {
            "min": 10.803,
            "average": 11.747333333333334,
            "max": 12.408,
            "percentiles": {
                "p25": 10.803,
                "p50": 12.031,
                "p75": 12.408
            }
        },
        "rtt_max_ms": {
            "min": 21.232,
            "average": 58.87133333333333,
            "max": 78.412,
            "percentiles": {
                "p25": 21.232,
                "p50": 76.97,
                "p75": 78.412
            }
        },
        "rtt_mdev_ms": {
            "min": 5.359,
            "average": 8.806000000000001,
            "max": 10.704,
            "percentiles": {
                "p25": 5.359,
                "p50": 10.355,
                "p75": 10.704
            }
        },
        "packet_loss_percent": {
            "min": 0.0,
            "average": 0.0,
            "max": 0.0,
            "percentiles": {
                "p25": 0.0,
                "p50": 0.0,
                "p75": 0.0
            }
        }
    },
    "meta": {
        "duration_seconds": 60.89794158935547,
        "test_attempts": 1,
        "vpn_restart_attempts": 0,
        "vpn_restart_duration_seconds": 3.1236138343811035,
        "connectivity_wait_duration_seconds": 2.1361029148101807,
        "source": "luna",
        "target": "lom"
    }
}