{
    "status": "success",
    "data": {
        "total_bandwidth_mbps": {
            "min": 2.7648999999999995,
            "average": 3.2829766666666664,
            "max": 3.6963,
            "percentiles": {
                "p25": 3.1032,
                "p50": 3.24045,
                "p75": 3.4513249999999998
            }
        },
        "cpu_usage_percent": {
            "min": 0.0,
            "average": 2.23875,
            "max": 51.2,
            "percentiles": {
                "p25": 1.01,
                "p50": 1.05,
                "p75": 2.04
            }
        },
        "ttfb_ms": {
            "min": 57.0,
            "average": 197.75,
            "max": 346.0,
            "percentiles": {
                "p25": 96.75,
                "p50": 200.0,
                "p75": 280.5
            }
        },
        "conn_time_ms": {
            "min": 31.0,
            "average": 106.25,
            "max": 187.0,
            "percentiles": {
                "p25": 62.0,
                "p50": 104.5,
                "p75": 148.25
            }
        }
    },
    "meta": {
        "duration_seconds": 32.8611786365509,
        "test_attempts": 1,
        "vpn_restart_attempts": 0,
        "vpn_restart_duration_seconds": 3.308245897293091,
        "connectivity_wait_duration_seconds": 3.3361666202545166,
        "source": "luna",
        "target": "lom"
    }
}