{
  "status": "success",
  "data": {
    "bitrate_kbps": {
      "min": 1918.1,
      "average": 1989.989655172414,
      "max": 2015.8,
      "percentiles": {
        "p25": 1983.0,
        "p50": 1990.4,
        "p75": 1999.0500000000002
      }
    },
    "fps": {
      "min": 31.0,
      "average": 32.13793103448276,
      "max": 45.0,
      "percentiles": {
        "p25": 31.0,
        "p50": 31.0,
        "p75": 32.0
      }
    },
    "dropped_frames": {
      "min": 15.0,
      "average": 15.0,
      "max": 15.0,
      "percentiles": {
        "p25": 15.0,
        "p50": 15.0,
        "p75": 15.0
      }
    }
  },
  "meta": {
    "duration_seconds": 31.619170665740967,
    "test_attempts": 1,
    "vpn_restart_attempts": 0,
    "vpn_restart_duration_seconds": 2.0804026126861572,
    "connectivity_wait_duration_seconds": 3.935570001602173,
    "source": "luna",
    "target": "lom"
  }
}
