{
  "status": "success",
  "data": {
    "rtt_min_ms": {
      "min": 1.7,
      "average": 1.971,
      "max": 2.369,
      "percentiles": {
        "p25": 1.7,
        "p50": 1.844,
        "p75": 2.369
      }
    },
    "rtt_avg_ms": {
      "min": 5.274,
      "average": 5.3966666666666665,
      "max": 5.522,
      "percentiles": {
        "p25": 5.274,
        "p50": 5.394,
        "p75": 5.522
      }
    },
    "rtt_max_ms": {
      "min": 8.289,
      "average": 8.624,
      "max": 8.896,
      "percentiles": {
        "p25": 8.289,
        "p50": 8.687,
        "p75": 8.896
      }
    },
    "rtt_mdev_ms": {
      "min": 1.421,
      "average": 1.5156666666666667,
      "max": 1.655,
      "percentiles": {
        "p25": 1.421,
        "p50": 1.471,
        "p75": 1.655
      }
    },
    "packet_loss_percent": {
      "min": 0.0,
      "average": 0.0,
      "max": 0.0,
      "percentiles": {
        "p25": 0.0,
        "p50": 0.0,
        "p75": 0.0
      }
    }
  },
  "meta": {
    "duration_seconds": 60.80201959609985,
    "test_attempts": 1,
    "vpn_restart_attempts": 0,
    "vpn_restart_duration_seconds": 1.827451467514038,
    "connectivity_wait_duration_seconds": 1.9625670909881592,
    "source": "yuki",
    "target": "luna"
  }
}
