{
    "status": "success",
    "data": {
        "bitrate_kbps": {
            "min": 1898.0,
            "average": 1986.751724137931,
            "max": 2009.3,
            "percentiles": {
                "p25": 1981.05,
                "p50": 1988.9,
                "p75": 1996.5
            }
        },
        "fps": {
            "min": 31.0,
            "average": 32.13793103448276,
            "max": 45.0,
            "percentiles": {
                "p25": 31.0,
                "p50": 31.0,
                "p75": 32.0
            }
        },
        "dropped_frames": {
            "min": 15.0,
            "average": 15.0,
            "max": 15.0,
            "percentiles": {
                "p25": 15.0,
                "p50": 15.0,
                "p75": 15.0
            }
        }
    },
    "meta": {
        "duration_seconds": 31.30716633796692,
        "test_attempts": 1,
        "vpn_restart_attempts": 0,
        "vpn_restart_duration_seconds": 1.9325299263000488,
        "connectivity_wait_duration_seconds": 2.084519624710083,
        "source": "yuki",
        "target": "luna"
    }
}