{
    "status": "success",
    "data": {
        "rtt_min_ms": {
            "min": 1.621,
            "average": 1.671,
            "max": 1.702,
            "percentiles": {
                "p25": 1.621,
                "p50": 1.69,
                "p75": 1.702
            }
        },
        "rtt_avg_ms": {
            "min": 10.421,
            "average": 25.836666666666666,
            "max": 51.912,
            "percentiles": {
                "p25": 10.421,
                "p50": 15.177,
                "p75": 51.912
            }
        },
        "rtt_max_ms": {
            "min": 40.794,
            "average": 377.728,
            "max": 911.553,
            "percentiles": {
                "p25": 40.794,
                "p50": 180.837,
                "p75": 911.553
            }
        },
        "rtt_mdev_ms": {
            "min": 5.939,
            "average": 58.611999999999995,
            "max": 147.278,
            "percentiles": {
                "p25": 5.939,
                "p50": 22.619,
                "p75": 147.278
            }
        },
        "packet_loss_percent": {
            "min": 0.0,
            "average": 0.0,
            "max": 0.0,
            "percentiles": {
                "p25": 0.0,
                "p50": 0.0,
                "p75": 0.0
            }
        }
    },
    "meta": {
        "duration_seconds": 60.90807485580444,
        "test_attempts": 1,
        "vpn_restart_attempts": 0,
        "vpn_restart_duration_seconds": 1.7036528587341309,
        "connectivity_wait_duration_seconds": 11.195419311523438,
        "source": "luna",
        "target": "lom"
    }
}