{
  "status": "success",
  "data": {
    "rtt_min_ms": {
      "min": 26.416,
      "average": 34.693,
      "max": 51.21,
      "percentiles": {
        "p25": 26.416,
        "p50": 26.453,
        "p75": 51.21
      }
    },
    "rtt_avg_ms": {
      "min": 39.538,
      "average": 49.94466666666666,
      "max": 61.046,
      "percentiles": {
        "p25": 39.538,
        "p50": 49.25,
        "p75": 61.046
      }
    },
    "rtt_max_ms": {
      "min": 167.188,
      "average": 216.792,
      "max": 242.195,
      "percentiles": {
        "p25": 167.188,
        "p50": 240.993,
        "p75": 242.195
      }
    },
    "rtt_mdev_ms": {
      "min": 12.839,
      "average": 23.113666666666667,
      "max": 28.984,
      "percentiles": {
        "p25": 12.839,
        "p50": 27.518,
        "p75": 28.984
      }
    },
    "packet_loss_percent": {
      "min": 0.0,
      "average": 0.0,
      "max": 0.0,
      "percentiles": {
        "p25": 0.0,
        "p50": 0.0,
        "p75": 0.0
      }
    }
  },
  "meta": {
    "duration_seconds": 60.98483467102051,
    "test_attempts": 1,
    "vpn_restart_attempts": 0,
    "vpn_restart_duration_seconds": 2.0129950046539307,
    "connectivity_wait_duration_seconds": 70.37217998504639,
    "source": "luna",
    "target": "lom"
  }
}
