{
    "status": "success",
    "data": {
        "rtt_min_ms": {
            "min": 1.202,
            "average": 1.2196666666666667,
            "max": 1.235,
            "percentiles": {
                "p25": 1.202,
                "p50": 1.222,
                "p75": 1.235
            }
        },
        "rtt_avg_ms": {
            "min": 12.369,
            "average": 13.619333333333334,
            "max": 14.548,
            "percentiles": {
                "p25": 12.369,
                "p50": 13.941,
                "p75": 14.548
            }
        },
        "rtt_max_ms": {
            "min": 219.87,
            "average": 223.3216666666667,
            "max": 230.104,
            "percentiles": {
                "p25": 219.87,
                "p50": 219.991,
                "p75": 230.104
            }
        },
        "rtt_mdev_ms": {
            "min": 21.458,
            "average": 26.982,
            "max": 30.506,
            "percentiles": {
                "p25": 21.458,
                "p50": 28.982,
                "p75": 30.506
            }
        },
        "packet_loss_percent": {
            "min": 0.0,
            "average": 0.0,
            "max": 0.0,
            "percentiles": {
                "p25": 0.0,
                "p50": 0.0,
                "p75": 0.0
            }
        }
    },
    "meta": {
        "duration_seconds": 61.1449670791626,
        "test_attempts": 1,
        "vpn_restart_attempts": 0,
        "vpn_restart_duration_seconds": 1.6250574588775635,
        "connectivity_wait_duration_seconds": 10.13129734992981,
        "source": "luna",
        "target": "lom"
    }
}