{
  "status": "success",
  "data": {
    "total_bandwidth_mbps": {
      "min": 2.22182,
      "average": 4.476912333333333,
      "max": 8.748619999999999,
      "percentiles": {
        "p25": 3.34788,
        "p50": 4.10015,
        "p75": 4.775555
      }
    },
    "cpu_usage_percent": {
      "min": 0.0,
      "average": 0.7091129032258064,
      "max": 4.0,
      "percentiles": {
        "p25": 0.0,
        "p50": 0.99,
        "p75": 1.01
      }
    },
    "ttfb_ms": {
      "min": 134.0,
      "average": 195.0,
      "max": 231.0,
      "percentiles": {
        "p25": 164.25,
        "p50": 200.0,
        "p75": 222.0
      }
    },
    "conn_time_ms": {
      "min": 73.0,
      "average": 82.75,
      "max": 97.0,
      "percentiles": {
        "p25": 74.25,
        "p50": 79.0,
        "p75": 93.75
      }
    }
  },
  "meta": {
    "duration_seconds": 32.58318734169006,
    "test_attempts": 1,
    "vpn_restart_attempts": 0,
    "vpn_restart_duration_seconds": 1.7735803127288818,
    "connectivity_wait_duration_seconds": 70.23375463485718,
    "source": "luna",
    "target": "lom"
  }
}
