{
    "status": "success",
    "data": {
        "encoding": {
            "bitrate_kbps": {
                "min": 3297.8,
                "average": 3353.2172413793105,
                "max": 3493.6,
                "percentiles": {
                    "p25": 3326.2,
                    "p50": 3337.8,
                    "p75": 3366.6
                }
            },
            "fps": {
                "min": 31.0,
                "average": 32.13793103448276,
                "max": 45.0,
                "percentiles": {
                    "p25": 31.0,
                    "p50": 31.0,
                    "p75": 32.0
                }
            },
            "dropped_frames": {
                "min": 15.0,
                "average": 15.0,
                "max": 15.0,
                "percentiles": {
                    "p25": 15.0,
                    "p50": 15.0,
                    "p75": 15.0
                }
            }
        },
        "network": {
            "packets_dropped": {
                "min": 0.0,
                "average": 0.0,
                "max": 0.0,
                "percentiles": {
                    "p25": 0.0,
                    "p50": 0.0,
                    "p75": 0.0
                }
            },
            "packets_recovered": {
                "min": 0.0,
                "average": 0.0,
                "max": 0.0,
                "percentiles": {
                    "p25": 0.0,
                    "p50": 0.0,
                    "p75": 0.0
                }
            },
            "rtt_ms": {
                "min": 10.378787281718346,
                "average": 92.517329155077,
                "max": 353.87912444961745,
                "percentiles": {
                    "p25": 61.57165966001602,
                    "p50": 76.6030512574369,
                    "p75": 95.39639259742857
                }
            },
            "quality": {
                "min": 100.0,
                "average": 100.0,
                "max": 100.0,
                "percentiles": {
                    "p25": 100.0,
                    "p50": 100.0,
                    "p75": 100.0
                }
            },
            "bitrate_bps": {
                "min": 0.0,
                "average": 3157821.6129032257,
                "max": 4487498.0,
                "percentiles": {
                    "p25": 3127749.0,
                    "p50": 3308512.0,
                    "p75": 3601888.0
                }
            }
        }
    },
    "meta": {
        "duration_seconds": 31.615771055221558,
        "test_attempts": 1,
        "vpn_restart_attempts": 0,
        "vpn_restart_duration_seconds": 1.725487470626831,
        "connectivity_wait_duration_seconds": 70.59849262237549,
        "source": "luna",
        "target": "lom"
    }
}