{
  "status": "success",
  "data": {
    "bitrate_kbps": {
      "min": 1917.1,
      "average": 1989.8137931034482,
      "max": 2015.4,
      "percentiles": {
        "p25": 1982.9499999999998,
        "p50": 1990.4,
        "p75": 1998.8
      }
    },
    "fps": {
      "min": 31.0,
      "average": 32.13793103448276,
      "max": 45.0,
      "percentiles": {
        "p25": 31.0,
        "p50": 31.0,
        "p75": 32.0
      }
    },
    "dropped_frames": {
      "min": 15.0,
      "average": 15.0,
      "max": 15.0,
      "percentiles": {
        "p25": 15.0,
        "p50": 15.0,
        "p75": 15.0
      }
    }
  },
  "meta": {
    "duration_seconds": 31.574931144714355,
    "test_attempts": 1,
    "vpn_restart_attempts": 0,
    "vpn_restart_duration_seconds": 1.6717033386230469,
    "connectivity_wait_duration_seconds": 70.24082541465759,
    "source": "luna",
    "target": "lom"
  }
}
