{
    "status": "success",
    "data": {
        "rtt_min_ms": {
            "min": 1.372,
            "average": 1.4496666666666667,
            "max": 1.492,
            "percentiles": {
                "p25": 1.372,
                "p50": 1.485,
                "p75": 1.492
            }
        },
        "rtt_avg_ms": {
            "min": 12.89,
            "average": 15.427666666666667,
            "max": 17.212,
            "percentiles": {
                "p25": 12.89,
                "p50": 16.181,
                "p75": 17.212
            }
        },
        "rtt_max_ms": {
            "min": 217.157,
            "average": 227.32733333333334,
            "max": 233.043,
            "percentiles": {
                "p25": 217.157,
                "p50": 231.782,
                "p75": 233.043
            }
        },
        "rtt_mdev_ms": {
            "min": 21.165,
            "average": 30.063,
            "max": 36.24,
            "percentiles": {
                "p25": 21.165,
                "p50": 32.784,
                "p75": 36.24
            }
        },
        "packet_loss_percent": {
            "min": 0.0,
            "average": 4.333333333333333,
            "max": 13.0,
            "percentiles": {
                "p25": 0.0,
                "p50": 0.0,
                "p75": 13.0
            }
        }
    },
    "meta": {
        "duration_seconds": 61.4593346118927,
        "test_attempts": 1,
        "vpn_restart_attempts": 0,
        "vpn_restart_duration_seconds": 1.9832496643066406,
        "connectivity_wait_duration_seconds": 2.3078479766845703,
        "source": "yuki",
        "target": "luna"
    }
}