{
    "status": "success",
    "data": {
        "rtt_min_ms": {
            "min": 1.139,
            "average": 1.3716666666666666,
            "max": 1.5,
            "percentiles": {
                "p25": 1.139,
                "p50": 1.476,
                "p75": 1.5
            }
        },
        "rtt_avg_ms": {
            "min": 12.265,
            "average": 15.840666666666666,
            "max": 17.671,
            "percentiles": {
                "p25": 12.265,
                "p50": 17.586,
                "p75": 17.671
            }
        },
        "rtt_max_ms": {
            "min": 220.48,
            "average": 225.458,
            "max": 234.641,
            "percentiles": {
                "p25": 220.48,
                "p50": 221.253,
                "p75": 234.641
            }
        },
        "rtt_mdev_ms": {
            "min": 21.874,
            "average": 31.45,
            "max": 37.55,
            "percentiles": {
                "p25": 21.874,
                "p50": 34.926,
                "p75": 37.55
            }
        },
        "packet_loss_percent": {
            "min": 1.0,
            "average": 1.6666666666666667,
            "max": 3.0,
            "percentiles": {
                "p25": 1.0,
                "p50": 1.0,
                "p75": 3.0
            }
        }
    },
    "meta": {
        "duration_seconds": 62.308204889297485,
        "test_attempts": 1,
        "vpn_restart_attempts": 0,
        "vpn_restart_duration_seconds": 2.116130828857422,
        "connectivity_wait_duration_seconds": 2.2431118488311768,
        "source": "yuki",
        "target": "luna"
    }
}