{
    "status": "success",
    "data": {
        "rtt_min_ms": {
            "min": 1.308,
            "average": 1.3293333333333333,
            "max": 1.345,
            "percentiles": {
                "p25": 1.308,
                "p50": 1.335,
                "p75": 1.345
            }
        },
        "rtt_avg_ms": {
            "min": 13.236,
            "average": 14.196666666666667,
            "max": 15.215,
            "percentiles": {
                "p25": 13.236,
                "p50": 14.139,
                "p75": 15.215
            }
        },
        "rtt_max_ms": {
            "min": 207.608,
            "average": 223.89233333333334,
            "max": 234.564,
            "percentiles": {
                "p25": 207.608,
                "p50": 229.505,
                "p75": 234.564
            }
        },
        "rtt_mdev_ms": {
            "min": 22.336,
            "average": 25.831666666666667,
            "max": 30.395,
            "percentiles": {
                "p25": 22.336,
                "p50": 24.764,
                "p75": 30.395
            }
        },
        "packet_loss_percent": {
            "min": 0.0,
            "average": 0.0,
            "max": 0.0,
            "percentiles": {
                "p25": 0.0,
                "p50": 0.0,
                "p75": 0.0
            }
        }
    },
    "meta": {
        "duration_seconds": 60.88555288314819,
        "test_attempts": 1,
        "vpn_restart_attempts": 0,
        "vpn_restart_duration_seconds": 1.9975149631500244,
        "connectivity_wait_duration_seconds": 2.1986632347106934,
        "source": "yuki",
        "target": "luna"
    }
}