{
  "status": "success",
  "data": {
    "total_bandwidth_mbps": {
      "min": 2.59821,
      "average": 30.637604,
      "max": 56.394999999999996,
      "percentiles": {
        "p25": 12.734550000000002,
        "p50": 38.781,
        "p75": 39.69725
      }
    },
    "cpu_usage_percent": {
      "min": 0.0,
      "average": 2.3338493723849374,
      "max": 9.18,
      "percentiles": {
        "p25": 1.02,
        "p50": 2.02,
        "p75": 3.03
      }
    },
    "ttfb_ms": {
      "min": 35.0,
      "average": 158.5,
      "max": 447.0,
      "percentiles": {
        "p25": 64.0,
        "p50": 135.0,
        "p75": 200.0
      }
    },
    "conn_time_ms": {
      "min": 30.0,
      "average": 36.125,
      "max": 42.0,
      "percentiles": {
        "p25": 31.75,
        "p50": 36.0,
        "p75": 40.0
      }
    }
  },
  "meta": {
    "duration_seconds": 42.116047620773315,
    "test_attempts": 1,
    "vpn_restart_attempts": 0,
    "vpn_restart_duration_seconds": 1.983144998550415,
    "connectivity_wait_duration_seconds": 2.196479082107544,
    "source": "yuki",
    "target": "luna"
  }
}
