{
    "status": "success",
    "data": {
        "total_bandwidth_mbps": {
            "min": 4.0698,
            "average": 34.57494,
            "max": 82.126,
            "percentiles": {
                "p25": 36.74725,
                "p50": 38.851,
                "p75": 39.642250000000004
            }
        },
        "cpu_usage_percent": {
            "min": 0.0,
            "average": 2.6473839662447256,
            "max": 10.2,
            "percentiles": {
                "p25": 2.0,
                "p50": 2.04,
                "p75": 3.045
            }
        },
        "ttfb_ms": {
            "min": 45.0,
            "average": 438.5,
            "max": 1043.0,
            "percentiles": {
                "p25": 225.5,
                "p50": 432.0,
                "p75": 520.5
            }
        },
        "conn_time_ms": {
            "min": 28.0,
            "average": 136.0,
            "max": 410.0,
            "percentiles": {
                "p25": 63.0,
                "p50": 118.0,
                "p75": 128.5
            }
        }
    },
    "meta": {
        "duration_seconds": 38.359256982803345,
        "test_attempts": 1,
        "vpn_restart_attempts": 0,
        "vpn_restart_duration_seconds": 2.030888080596924,
        "connectivity_wait_duration_seconds": 2.4298784732818604,
        "source": "yuki",
        "target": "luna"
    }
}