{
  "status": "success",
  "data": {
    "total_bandwidth_mbps": {
      "min": 21.239000000000004,
      "average": 23.034366666666667,
      "max": 23.905,
      "percentiles": {
        "p25": 22.70275,
        "p50": 23.14,
        "p75": 23.44625
      }
    },
    "cpu_usage_percent": {
      "min": 1.0,
      "average": 4.354333333333333,
      "max": 9.18,
      "percentiles": {
        "p25": 3.0075,
        "p50": 4.08,
        "p75": 6.045
      }
    },
    "ttfb_ms": {
      "min": 23.0,
      "average": 45.625,
      "max": 98.0,
      "percentiles": {
        "p25": 26.75,
        "p50": 43.0,
        "p75": 51.75
      }
    },
    "conn_time_ms": {
      "min": 14.0,
      "average": 36.875,
      "max": 94.0,
      "percentiles": {
        "p25": 16.75,
        "p50": 31.0,
        "p75": 47.0
      }
    }
  },
  "meta": {
    "duration_seconds": 32.2434823513031,
    "test_attempts": 1,
    "vpn_restart_attempts": 0,
    "vpn_restart_duration_seconds": 0.0,
    "connectivity_wait_duration_seconds": 0.0,
    "source": "luna",
    "target": "lom"
  }
}
