{
    "status": "success",
    "data": {
        "encoding": {
            "bitrate_kbps": {
                "min": 3308.8,
                "average": 3355.2344827586207,
                "max": 3500.5,
                "percentiles": {
                    "p25": 3326.5,
                    "p50": 3338.4,
                    "p75": 3370.15
                }
            },
            "fps": {
                "min": 31.0,
                "average": 32.13793103448276,
                "max": 45.0,
                "percentiles": {
                    "p25": 31.0,
                    "p50": 31.0,
                    "p75": 32.0
                }
            },
            "dropped_frames": {
                "min": 15.0,
                "average": 15.0,
                "max": 15.0,
                "percentiles": {
                    "p25": 15.0,
                    "p50": 15.0,
                    "p75": 15.0
                }
            }
        },
        "network": {
            "packets_dropped": {
                "min": 0.0,
                "average": 0.0,
                "max": 0.0,
                "percentiles": {
                    "p25": 0.0,
                    "p50": 0.0,
                    "p75": 0.0
                }
            },
            "packets_recovered": {
                "min": 0.0,
                "average": 47.9,
                "max": 113.0,
                "percentiles": {
                    "p25": 37.0,
                    "p50": 44.5,
                    "p75": 59.25
                }
            },
            "rtt_ms": {
                "min": 5.992671102013124,
                "average": 11.547890672578703,
                "max": 15.259079930066983,
                "percentiles": {
                    "p25": 10.663938577700364,
                    "p50": 11.728370337304105,
                    "p75": 12.552651721480048
                }
            },
            "quality": {
                "min": 80.0,
                "average": 87.56666666666666,
                "max": 100.0,
                "percentiles": {
                    "p25": 85.75,
                    "p50": 87.5,
                    "p75": 89.0
                }
            },
            "bitrate_bps": {
                "min": 0.0,
                "average": 3168487.6666666665,
                "max": 5121714.0,
                "percentiles": {
                    "p25": 2846409.25,
                    "p50": 3587861.5,
                    "p75": 3620249.25
                }
            }
        }
    },
    "meta": {
        "duration_seconds": 31.360389232635498,
        "test_attempts": 1,
        "vpn_restart_attempts": 0,
        "vpn_restart_duration_seconds": 0.0,
        "connectivity_wait_duration_seconds": 0.0,
        "source": "luna",
        "target": "lom"
    }
}