{
    "status": "success",
    "data": {
        "encoding": {
            "bitrate_kbps": {
                "min": 3295.8,
                "average": 3351.5793103448277,
                "max": 3488.0,
                "percentiles": {
                    "p25": 3329.6,
                    "p50": 3342.8,
                    "p75": 3357.75
                }
            },
            "fps": {
                "min": 31.0,
                "average": 32.13793103448276,
                "max": 45.0,
                "percentiles": {
                    "p25": 31.0,
                    "p50": 31.0,
                    "p75": 32.0
                }
            },
            "dropped_frames": {
                "min": 15.0,
                "average": 15.0,
                "max": 15.0,
                "percentiles": {
                    "p25": 15.0,
                    "p50": 15.0,
                    "p75": 15.0
                }
            }
        },
        "network": {
            "packets_dropped": {
                "min": 0.0,
                "average": 289.16129032258067,
                "max": 360.0,
                "percentiles": {
                    "p25": 259.0,
                    "p50": 323.0,
                    "p75": 329.0
                }
            },
            "packets_recovered": {
                "min": 0.0,
                "average": 0.16129032258064516,
                "max": 1.0,
                "percentiles": {
                    "p25": 0.0,
                    "p50": 0.0,
                    "p75": 0.0
                }
            },
            "rtt_ms": {
                "min": 4.9054225271113845,
                "average": 7.838949805630336,
                "max": 9.235038883884323,
                "percentiles": {
                    "p25": 7.504631700313413,
                    "p50": 7.921701930422283,
                    "p75": 8.40129799018246
                }
            },
            "quality": {
                "min": 8.0,
                "average": 13.0,
                "max": 100.0,
                "percentiles": {
                    "p25": 9.0,
                    "p50": 10.0,
                    "p75": 11.0
                }
            },
            "bitrate_bps": {
                "min": 0.0,
                "average": 149890.38709677418,
                "max": 222503.0,
                "percentiles": {
                    "p25": 144083.0,
                    "p50": 150020.0,
                    "p75": 169348.0
                }
            }
        }
    },
    "meta": {
        "duration_seconds": 31.610064029693604,
        "test_attempts": 1,
        "vpn_restart_attempts": 0,
        "vpn_restart_duration_seconds": 4.841188192367554,
        "connectivity_wait_duration_seconds": 3.898714780807495,
        "source": "lom",
        "target": "yuki"
    }
}