{
  "status": "success",
  "data": {
    "rtt_min_ms": {
      "min": 1.261,
      "average": 1.372,
      "max": 1.489,
      "percentiles": {
        "p25": 1.261,
        "p50": 1.366,
        "p75": 1.489
      }
    },
    "rtt_avg_ms": {
      "min": 14.74,
      "average": 15.760666666666667,
      "max": 17.505,
      "percentiles": {
        "p25": 14.74,
        "p50": 15.037,
        "p75": 17.505
      }
    },
    "rtt_max_ms": {
      "min": 37.994,
      "average": 39.003,
      "max": 39.729,
      "percentiles": {
        "p25": 37.994,
        "p50": 39.286,
        "p75": 39.729
      }
    },
    "rtt_mdev_ms": {
      "min": 9.407,
      "average": 10.259666666666666,
      "max": 11.334,
      "percentiles": {
        "p25": 9.407,
        "p50": 10.038,
        "p75": 11.334
      }
    },
    "packet_loss_percent": {
      "min": 1.0,
      "average": 6.0,
      "max": 9.0,
      "percentiles": {
        "p25": 1.0,
        "p50": 8.0,
        "p75": 9.0
      }
    }
  },
  "meta": {
    "duration_seconds": 61.83135533332825,
    "test_attempts": 1,
    "vpn_restart_attempts": 0,
    "vpn_restart_duration_seconds": 6.505842924118042,
    "connectivity_wait_duration_seconds": 5.554928541183472,
    "source": "lom",
    "target": "yuki"
  }
}
