{
  "status": "success",
  "data": {
    "total_bandwidth_mbps": {
      "min": 841.8,
      "average": 842.25,
      "max": 850.1999999999999,
      "percentiles": {
        "p25": 841.9,
        "p50": 841.9,
        "p75": 842.0249999999999
      }
    },
    "cpu_usage_percent": {
      "min": 24.72,
      "average": 30.419125,
      "max": 37.23,
      "percentiles": {
        "p25": 28.89,
        "p50": 30.11,
        "p75": 31.91
      }
    },
    "ttfb_ms": {
      "min": 19.0,
      "average": 23.375,
      "max": 32.0,
      "percentiles": {
        "p25": 19.0,
        "p50": 22.0,
        "p75": 28.5
      }
    },
    "conn_time_ms": {
      "min": 17.0,
      "average": 21.0,
      "max": 27.0,
      "percentiles": {
        "p25": 18.0,
        "p50": 20.5,
        "p75": 24.25
      }
    }
  },
  "meta": {
    "duration_seconds": 32.39048147201538,
    "test_attempts": 1,
    "vpn_restart_attempts": 0,
    "source": "lom",
    "target": "yuki"
  }
}
