{
    "status": "success",
    "data": {
        "bitrate_kbps": {
            "min": 1779.7,
            "average": 1963.2275862068966,
            "max": 1988.2,
            "percentiles": {
                "p25": 1960.65,
                "p50": 1974.9,
                "p75": 1982.0
            }
        },
        "fps": {
            "min": 31.0,
            "average": 32.13793103448276,
            "max": 45.0,
            "percentiles": {
                "p25": 31.0,
                "p50": 31.0,
                "p75": 32.0
            }
        },
        "dropped_frames": {
            "min": 15.0,
            "average": 15.0,
            "max": 15.0,
            "percentiles": {
                "p25": 15.0,
                "p50": 15.0,
                "p75": 15.0
            }
        }
    },
    "meta": {
        "duration_seconds": 31.560354709625244,
        "test_attempts": 1,
        "vpn_restart_attempts": 0,
        "source": "lom",
        "target": "yuki"
    }
}