{
  "status": "success",
  "data": {
    "encoding": {
      "bitrate_kbps": {
        "min": 3307.8,
        "average": 3352.731034482759,
        "max": 3488.4,
        "percentiles": {
          "p25": 3326.9,
          "p50": 3340.1,
          "p75": 3366.45
        }
      },
      "fps": {
        "min": 31.0,
        "average": 32.06896551724138,
        "max": 45.0,
        "percentiles": {
          "p25": 31.0,
          "p50": 31.0,
          "p75": 32.0
        }
      },
      "dropped_frames": {
        "min": 15.0,
        "average": 15.0,
        "max": 15.0,
        "percentiles": {
          "p25": 15.0,
          "p50": 15.0,
          "p75": 15.0
        }
      }
    },
    "network": {
      "packets_dropped": {
        "min": 0.0,
        "average": 2111.7419354838707,
        "max": 65045.0,
        "percentiles": {
          "p25": 0.0,
          "p50": 6.0,
          "p75": 23.0
        }
      },
      "packets_recovered": {
        "min": 0.0,
        "average": 112.45161290322581,
        "max": 199.0,
        "percentiles": {
          "p25": 64.0,
          "p50": 124.0,
          "p75": 155.0
        }
      },
      "rtt_ms": {
        "min": 6.792861301379033,
        "average": 35.95525716401727,
        "max": 52.18387230914696,
        "percentiles": {
          "p25": 30.017297804616426,
          "p50": 37.4209750331027,
          "p75": 41.266855426363
        }
      },
      "quality": {
        "min": 54.0,
        "average": 73.19354838709677,
        "max": 100.0,
        "percentiles": {
          "p25": 64.0,
          "p50": 73.0,
          "p75": 80.0
        }
      },
      "bitrate_bps": {
        "min": 0.0,
        "average": 3019085.9032258065,
        "max": 4209240.0,
        "percentiles": {
          "p25": 2992693.0,
          "p50": 3232853.0,
          "p75": 3355502.0
        }
      }
    }
  },
  "meta": {
    "duration_seconds": 31.66744089126587,
    "test_attempts": 1,
    "vpn_restart_attempts": 0,
    "vpn_restart_duration_seconds": 1.663222312927246,
    "connectivity_wait_duration_seconds": 6.296295642852783,
    "source": "lom",
    "target": "yuki"
  }
}
