{
  "status": "success",
  "data": {
    "total_bandwidth_mbps": {
      "min": 37.175,
      "average": 39.10693333333333,
      "max": 40.236999999999995,
      "percentiles": {
        "p25": 38.83425,
        "p50": 39.11,
        "p75": 39.640750000000004
      }
    },
    "cpu_usage_percent": {
      "min": 0.0,
      "average": 3.6725,
      "max": 16.33,
      "percentiles": {
        "p25": 2.04,
        "p50": 3.03,
        "p75": 4.03
      }
    },
    "ttfb_ms": {
      "min": 22.0,
      "average": 37.285714285714285,
      "max": 67.0,
      "percentiles": {
        "p25": 24.0,
        "p50": 33.0,
        "p75": 47.0
      }
    },
    "conn_time_ms": {
      "min": 21.0,
      "average": 34.285714285714285,
      "max": 66.0,
      "percentiles": {
        "p25": 23.0,
        "p50": 31.0,
        "p75": 37.0
      }
    }
  },
  "meta": {
    "duration_seconds": 32.29024386405945,
    "test_attempts": 1,
    "vpn_restart_attempts": 0,
    "vpn_restart_duration_seconds": 4.916130542755127,
    "connectivity_wait_duration_seconds": 2.3174450397491455,
    "source": "lom",
    "target": "yuki"
  }
}
