{
  "status": "success",
  "data": {
    "bitrate_kbps": {
      "min": 1898.0,
      "average": 1986.2413793103449,
      "max": 2008.6,
      "percentiles": {
        "p25": 1980.8,
        "p50": 1988.5,
        "p75": 1995.9
      }
    },
    "fps": {
      "min": 31.0,
      "average": 32.13793103448276,
      "max": 45.0,
      "percentiles": {
        "p25": 31.0,
        "p50": 31.0,
        "p75": 32.0
      }
    },
    "dropped_frames": {
      "min": 15.0,
      "average": 15.0,
      "max": 15.0,
      "percentiles": {
        "p25": 15.0,
        "p50": 15.0,
        "p75": 15.0
      }
    }
  },
  "meta": {
    "duration_seconds": 31.726887464523315,
    "test_attempts": 1,
    "vpn_restart_attempts": 0,
    "vpn_restart_duration_seconds": 1.970994472503662,
    "connectivity_wait_duration_seconds": 2.826054573059082,
    "source": "luna",
    "target": "lom"
  }
}
