{
  "status": "success",
  "data": {
    "encoding": {
      "bitrate_kbps": {
        "min": 3312.8,
        "average": 3348.958620689655,
        "max": 3491.4,
        "percentiles": {
          "p25": 3322.6499999999996,
          "p50": 3337.4,
          "p75": 3357.8999999999996
        }
      },
      "fps": {
        "min": 30.0,
        "average": 32.0,
        "max": 43.0,
        "percentiles": {
          "p25": 31.0,
          "p50": 31.0,
          "p75": 32.0
        }
      },
      "dropped_frames": {
        "min": 15.0,
        "average": 15.0,
        "max": 15.0,
        "percentiles": {
          "p25": 15.0,
          "p50": 15.0,
          "p75": 15.0
        }
      }
    },
    "network": {
      "packets_dropped": {
        "min": 0.0,
        "average": 288.0967741935484,
        "max": 371.0,
        "percentiles": {
          "p25": 257.0,
          "p50": 314.0,
          "p75": 328.0
        }
      },
      "packets_recovered": {
        "min": 0.0,
        "average": 0.5161290322580645,
        "max": 2.0,
        "percentiles": {
          "p25": 0.0,
          "p50": 0.0,
          "p75": 1.0
        }
      },
      "rtt_ms": {
        "min": 6.1546595992472115,
        "average": 12.412304336718138,
        "max": 15.320678278785378,
        "percentiles": {
          "p25": 11.675186736009845,
          "p50": 12.609345630595067,
          "p75": 13.678953237591815
        }
      },
      "quality": {
        "min": 8.0,
        "average": 13.0,
        "max": 100.0,
        "percentiles": {
          "p25": 9.0,
          "p50": 10.0,
          "p75": 12.0
        }
      },
      "bitrate_bps": {
        "min": 0.0,
        "average": 148103.4516129032,
        "max": 231378.0,
        "percentiles": {
          "p25": 145750.0,
          "p50": 151766.0,
          "p75": 164696.0
        }
      }
    }
  },
  "meta": {
    "duration_seconds": 31.524368286132812,
    "test_attempts": 1,
    "vpn_restart_attempts": 0,
    "vpn_restart_duration_seconds": 6.094073295593262,
    "connectivity_wait_duration_seconds": 4.237035036087036,
    "source": "yuki",
    "target": "luna"
  }
}
