{
  "status": "success",
  "data": {
    "rtt_min_ms": {
      "min": 6.865,
      "average": 7.138,
      "max": 7.455,
      "percentiles": {
        "p25": 6.865,
        "p50": 7.094,
        "p75": 7.455
      }
    },
    "rtt_avg_ms": {
      "min": 10.652,
      "average": 11.09,
      "max": 11.53,
      "percentiles": {
        "p25": 10.652,
        "p50": 11.088,
        "p75": 11.53
      }
    },
    "rtt_max_ms": {
      "min": 13.543,
      "average": 44.815999999999995,
      "max": 80.716,
      "percentiles": {
        "p25": 13.543,
        "p50": 40.189,
        "p75": 80.716
      }
    },
    "rtt_mdev_ms": {
      "min": 1.683,
      "average": 4.174666666666667,
      "max": 7.287,
      "percentiles": {
        "p25": 1.683,
        "p50": 3.554,
        "p75": 7.287
      }
    },
    "packet_loss_percent": {
      "min": 0.0,
      "average": 0.0,
      "max": 0.0,
      "percentiles": {
        "p25": 0.0,
        "p50": 0.0,
        "p75": 0.0
      }
    }
  },
  "meta": {
    "duration_seconds": 60.64834666252136,
    "test_attempts": 1,
    "vpn_restart_attempts": 0
  }
}
