{
  "status": "success",
  "data": {
    "total_bandwidth_mbps": {
      "min": 73.92,
      "average": 140.02484,
      "max": 240.61,
      "percentiles": {
        "p25": 109.09299999999999,
        "p50": 129.81,
        "p75": 162.49172500000003
      }
    },
    "cpu_usage_percent": {
      "min": 6.25,
      "average": 13.8851,
      "max": 22.58,
      "percentiles": {
        "p25": 10.6975,
        "p50": 13.2,
        "p75": 17.6725
      }
    },
    "ttfb_ms": {
      "min": 85.0,
      "average": 90.75,
      "max": 99.0,
      "percentiles": {
        "p25": 85.75,
        "p50": 89.5,
        "p75": 97.0
      }
    },
    "conn_time_ms": {
      "min": 55.0,
      "average": 59.5,
      "max": 66.0,
      "percentiles": {
        "p25": 55.0,
        "p50": 58.5,
        "p75": 65.0
      }
    }
  },
  "meta": {
    "duration_seconds": 53.38647794723511,
    "test_attempts": 1,
    "vpn_restart_attempts": 0
  }
}
