{
  "status": "success",
  "data": {
    "encoding": {
      "bitrate_kbps": {
        "min": 3300.8,
        "average": 3348.2620689655173,
        "max": 3494.1,
        "percentiles": {
          "p25": 3321.95,
          "p50": 3335.0,
          "p75": 3356.55
        }
      },
      "fps": {
        "min": 31.0,
        "average": 32.13793103448276,
        "max": 45.0,
        "percentiles": {
          "p25": 31.0,
          "p50": 31.0,
          "p75": 32.0
        }
      },
      "dropped_frames": {
        "min": 15.0,
        "average": 15.0,
        "max": 15.0,
        "percentiles": {
          "p25": 15.0,
          "p50": 15.0,
          "p75": 15.0
        }
      }
    },
    "network": {
      "packets_dropped": {
        "min": 0.0,
        "average": 1790.0645161290322,
        "max": 55492.0,
        "percentiles": {
          "p25": 0.0,
          "p50": 0.0,
          "p75": 0.0
        }
      },
      "packets_recovered": {
        "min": 0.0,
        "average": 1.2903225806451613,
        "max": 4.0,
        "percentiles": {
          "p25": 0.0,
          "p50": 1.0,
          "p75": 2.0
        }
      },
      "rtt_ms": {
        "min": 4.979207669115968,
        "average": 7.856232691246709,
        "max": 9.20556517081505,
        "percentiles": {
          "p25": 7.459212201164759,
          "p50": 7.860487926915387,
          "p75": 8.165879068453844
        }
      },
      "quality": {
        "min": 98.0,
        "average": 99.29032258064517,
        "max": 100.0,
        "percentiles": {
          "p25": 99.0,
          "p50": 99.0,
          "p75": 100.0
        }
      },
      "bitrate_bps": {
        "min": 0.0,
        "average": 3154336.193548387,
        "max": 5193067.0,
        "percentiles": {
          "p25": 2868469.0,
          "p50": 3550367.0,
          "p75": 3611629.0
        }
      }
    }
  },
  "meta": {
    "duration_seconds": 31.457650899887085,
    "test_attempts": 1,
    "vpn_restart_attempts": 0,
    "vpn_restart_duration_seconds": 1.504227876663208,
    "connectivity_wait_duration_seconds": 1.9477112293243408,
    "source": "yuki",
    "target": "luna"
  }
}
