{
    "status": "success",
    "data": {
        "rtt_min_ms": {
            "min": 2.31,
            "average": 2.3686666666666665,
            "max": 2.415,
            "percentiles": {
                "p25": 2.31,
                "p50": 2.381,
                "p75": 2.415
            }
        },
        "rtt_avg_ms": {
            "min": 12.237,
            "average": 12.527666666666667,
            "max": 12.873,
            "percentiles": {
                "p25": 12.237,
                "p50": 12.473,
                "p75": 12.873
            }
        },
        "rtt_max_ms": {
            "min": 66.18,
            "average": 67.21533333333333,
            "max": 67.806,
            "percentiles": {
                "p25": 66.18,
                "p50": 67.66,
                "p75": 67.806
            }
        },
        "rtt_mdev_ms": {
            "min": 8.788,
            "average": 9.202666666666667,
            "max": 9.779,
            "percentiles": {
                "p25": 8.788,
                "p50": 9.041,
                "p75": 9.779
            }
        },
        "packet_loss_percent": {
            "min": 0.0,
            "average": 0.0,
            "max": 0.0,
            "percentiles": {
                "p25": 0.0,
                "p50": 0.0,
                "p75": 0.0
            }
        }
    },
    "meta": {
        "duration_seconds": 60.86664700508118,
        "test_attempts": 1,
        "vpn_restart_attempts": 0,
        "vpn_restart_duration_seconds": 2.1400303840637207,
        "connectivity_wait_duration_seconds": 4.570418834686279,
        "source": "yuki",
        "target": "luna"
    }
}