{
  "status": "success",
  "data": {
    "rtt_min_ms": {
      "min": 1.976,
      "average": 2.0693333333333332,
      "max": 2.124,
      "percentiles": {
        "p25": 1.976,
        "p50": 2.108,
        "p75": 2.124
      }
    },
    "rtt_avg_ms": {
      "min": 11.724,
      "average": 12.414,
      "max": 13.722,
      "percentiles": {
        "p25": 11.724,
        "p50": 11.796,
        "p75": 13.722
      }
    },
    "rtt_max_ms": {
      "min": 59.974,
      "average": 68.04333333333334,
      "max": 78.757,
      "percentiles": {
        "p25": 59.974,
        "p50": 65.399,
        "p75": 78.757
      }
    },
    "rtt_mdev_ms": {
      "min": 7.338,
      "average": 9.548333333333334,
      "max": 12.118,
      "percentiles": {
        "p25": 7.338,
        "p50": 9.189,
        "p75": 12.118
      }
    },
    "packet_loss_percent": {
      "min": 0.0,
      "average": 0.0,
      "max": 0.0,
      "percentiles": {
        "p25": 0.0,
        "p50": 0.0,
        "p75": 0.0
      }
    }
  },
  "meta": {
    "duration_seconds": 60.833866596221924,
    "test_attempts": 1,
    "vpn_restart_attempts": 0,
    "vpn_restart_duration_seconds": 1.7076301574707031,
    "connectivity_wait_duration_seconds": 4.1782073974609375,
    "source": "yuki",
    "target": "luna"
  }
}
