{
    "status": "success",
    "data": {
        "total_bandwidth_mbps": {
            "min": 3.01893,
            "average": 3.763424666666667,
            "max": 6.6624,
            "percentiles": {
                "p25": 3.40322,
                "p50": 3.66035,
                "p75": 3.981675
            }
        },
        "cpu_usage_percent": {
            "min": 1.03,
            "average": 3.6328870292887028,
            "max": 7.22,
            "percentiles": {
                "p25": 3.03,
                "p50": 3.23,
                "p75": 4.12
            }
        },
        "ttfb_ms": {
            "min": 58.0,
            "average": 290.625,
            "max": 1510.0,
            "percentiles": {
                "p25": 63.75,
                "p50": 81.0,
                "p75": 295.5
            }
        },
        "conn_time_ms": {
            "min": 29.0,
            "average": 244.25,
            "max": 1439.0,
            "percentiles": {
                "p25": 31.25,
                "p50": 40.5,
                "p75": 232.0
            }
        }
    },
    "meta": {
        "duration_seconds": 33.35535001754761,
        "test_attempts": 1,
        "vpn_restart_attempts": 0,
        "vpn_restart_duration_seconds": 1.730518102645874,
        "connectivity_wait_duration_seconds": 4.538454532623291,
        "source": "yuki",
        "target": "luna"
    }
}