{
    "status": "success",
    "data": {
        "bitrate_kbps": {
            "min": 1909.1,
            "average": 1988.4655172413793,
            "max": 2011.5,
            "percentiles": {
                "p25": 1981.95,
                "p50": 1989.7,
                "p75": 1997.65
            }
        },
        "fps": {
            "min": 31.0,
            "average": 32.13793103448276,
            "max": 45.0,
            "percentiles": {
                "p25": 31.0,
                "p50": 31.0,
                "p75": 32.0
            }
        },
        "dropped_frames": {
            "min": 15.0,
            "average": 15.0,
            "max": 15.0,
            "percentiles": {
                "p25": 15.0,
                "p50": 15.0,
                "p75": 15.0
            }
        }
    },
    "meta": {
        "duration_seconds": 31.594552278518677,
        "test_attempts": 1,
        "vpn_restart_attempts": 0,
        "vpn_restart_duration_seconds": 1.6589713096618652,
        "connectivity_wait_duration_seconds": 6.3691534996032715,
        "source": "yuki",
        "target": "luna"
    }
}