{
  "status": "success",
  "data": {
    "encoding": {
      "bitrate_kbps": {
        "min": 3300.8,
        "average": 3346.8551724137933,
        "max": 3492.9,
        "percentiles": {
          "p25": 3319.8,
          "p50": 3333.6,
          "p75": 3355.6
        }
      },
      "fps": {
        "min": 30.0,
        "average": 32.10344827586207,
        "max": 45.0,
        "percentiles": {
          "p25": 31.0,
          "p50": 31.0,
          "p75": 32.0
        }
      },
      "dropped_frames": {
        "min": 15.0,
        "average": 15.0,
        "max": 15.0,
        "percentiles": {
          "p25": 15.0,
          "p50": 15.0,
          "p75": 15.0
        }
      }
    },
    "network": {
      "packets_dropped": {
        "min": 0.0,
        "average": 0.0,
        "max": 0.0,
        "percentiles": {
          "p25": 0.0,
          "p50": 0.0,
          "p75": 0.0
        }
      },
      "packets_recovered": {
        "min": 0.0,
        "average": 0.0,
        "max": 0.0,
        "percentiles": {
          "p25": 0.0,
          "p50": 0.0,
          "p75": 0.0
        }
      },
      "rtt_ms": {
        "min": 5.3534718078159855,
        "average": 7.988582087719973,
        "max": 9.646640940430974,
        "percentiles": {
          "p25": 7.609701599569915,
          "p50": 8.06332810589697,
          "p75": 8.290726273333416
        }
      },
      "quality": {
        "min": 100.0,
        "average": 100.0,
        "max": 100.0,
        "percentiles": {
          "p25": 100.0,
          "p50": 100.0,
          "p75": 100.0
        }
      },
      "bitrate_bps": {
        "min": 0.0,
        "average": 3168358.129032258,
        "max": 5126265.0,
        "percentiles": {
          "p25": 2875510.0,
          "p50": 3512979.0,
          "p75": 3601226.0
        }
      }
    }
  },
  "meta": {
    "duration_seconds": 31.40978479385376,
    "test_attempts": 1,
    "vpn_restart_attempts": 0,
    "vpn_restart_duration_seconds": 1.5892901420593262,
    "connectivity_wait_duration_seconds": 2.1568384170532227,
    "source": "luna",
    "target": "lom"
  }
}
