{
  "status": "success",
  "data": {
    "Tinc": {
      "status": "success",
      "data": {
        "mean_seconds": {
          "min": 165.25989392618,
          "average": 165.75577724842,
          "max": 166.34721599815998,
          "percentiles": {
            "p25": 165.75577724842,
            "p50": 165.75577724842,
            "p75": 165.75577724842
          }
        },
        "stddev_seconds": {
          "min": 0.14902278524776896,
          "average": 1.0233563731148803,
          "max": 2.3455838193445944,
          "percentiles": {
            "p25": 1.0233563731148803,
            "p50": 1.0233563731148803,
            "p75": 1.0233563731148803
          }
        },
        "min_seconds": {
          "min": 164.68863777366,
          "average": 165.03215501742,
          "max": 165.55484679891998,
          "percentiles": {
            "p25": 165.03215501742,
            "p50": 165.03215501742,
            "p75": 165.03215501742
          }
        },
        "max_seconds": {
          "min": 165.66680737268,
          "average": 166.47939947942,
          "max": 168.00579422266,
          "percentiles": {
            "p25": 166.47939947942,
            "p50": 166.47939947942,
            "p75": 166.47939947942
          }
        }
      }
    },
    "Nebula": {
      "status": "success",
      "data": {
        "mean_seconds": {
          "min": 179.32184946886002,
          "average": 179.68004777812,
          "max": 180.03824608738,
          "percentiles": {
            "p25": 179.68004777812,
            "p50": 179.68004777812,
            "p75": 179.68004777812
          }
        },
        "stddev_seconds": {
          "min": 0.16466920710987967,
          "average": 1.1613259554264692,
          "max": 2.1579827037430586,
          "percentiles": {
            "p25": 1.1613259554264692,
            "p50": 1.1613259554264692,
            "p75": 1.1613259554264692
          }
        },
        "min_seconds": {
          "min": 177.79592526536,
          "average": 178.85886631987,
          "max": 179.92180737438,
          "percentiles": {
            "p25": 178.85886631987,
            "p50": 178.85886631987,
            "p75": 178.85886631987
          }
        },
        "max_seconds": {
          "min": 180.15468480038,
          "average": 180.50122923637002,
          "max": 180.84777367236,
          "percentiles": {
            "p25": 180.50122923637002,
            "p50": 180.50122923637002,
            "p75": 180.50122923637002
          }
        }
      }
    },
    "Headscale": {
      "status": "success",
      "data": {
        "mean_seconds": {
          "min": 40.52514395572,
          "average": 48.84139250420667,
          "max": 53.09595604434,
          "percentiles": {
            "p25": 48.84139250420667,
            "p50": 48.84139250420667,
            "p75": 48.84139250420667
          }
        },
        "stddev_seconds": {
          "min": 2.672520949140001,
          "average": 2.723777888635307,
          "max": 2.7979647991496908,
          "percentiles": {
            "p25": 2.723777888635307,
            "p50": 2.723777888635307,
            "p75": 2.723777888635307
          }
        },
        "min_seconds": {
          "min": 38.615356078219996,
          "average": 46.915390688706665,
          "max": 51.206198358339996,
          "percentiles": {
            "p25": 46.915390688706665,
            "p50": 46.915390688706665,
            "p75": 46.915390688706665
          }
        },
        "max_seconds": {
          "min": 42.43493183322,
          "average": 50.76739431970667,
          "max": 54.98571373034,
          "percentiles": {
            "p25": 50.76739431970667,
            "p50": 50.76739431970667,
            "p75": 50.76739431970667
          }
        }
      }
    }
  }
}
