{
  "status": "success",
  "data": {
    "Tinc": {
      "status": "success",
      "data": {
        "total_throughput_mbps": {
          "min": 16.37450361230993,
          "average": 16.37450361230993,
          "max": 16.37450361230993,
          "percentiles": {
            "p25": 16.37450361230993,
            "p50": 16.37450361230993,
            "p75": 16.37450361230993
          }
        },
        "avg_throughput_mbps": {
          "min": 8.187251806154965,
          "average": 8.187251806154965,
          "max": 8.187251806154965,
          "percentiles": {
            "p25": 8.187251806154965,
            "p50": 8.187251806154965,
            "p75": 8.187251806154965
          }
        },
        "total_retransmits": {
          "min": 5824.0,
          "average": 5824.0,
          "max": 5824.0,
          "percentiles": {
            "p25": 5824.0,
            "p50": 5824.0,
            "p75": 5824.0
          }
        }
      }
    },
    "Mycelium": {
      "status": "success",
      "data": {
        "total_throughput_mbps": {
          "min": 7.3396074380779295,
          "average": 7.3396074380779295,
          "max": 7.3396074380779295,
          "percentiles": {
            "p25": 7.3396074380779295,
            "p50": 7.3396074380779295,
            "p75": 7.3396074380779295
          }
        },
        "avg_throughput_mbps": {
          "min": 3.6698037190389647,
          "average": 3.6698037190389647,
          "max": 3.6698037190389647,
          "percentiles": {
            "p25": 3.6698037190389647,
            "p50": 3.6698037190389647,
            "p75": 3.6698037190389647
          }
        },
        "total_retransmits": {
          "min": 137.0,
          "average": 137.0,
          "max": 137.0,
          "percentiles": {
            "p25": 137.0,
            "p50": 137.0,
            "p75": 137.0
          }
        }
      }
    },
    "Hyprspace": {
      "status": "success",
      "data": {
        "total_throughput_mbps": {
          "min": 6.500866187506559,
          "average": 6.500866187506559,
          "max": 6.500866187506559,
          "percentiles": {
            "p25": 6.500866187506559,
            "p50": 6.500866187506559,
            "p75": 6.500866187506559
          }
        },
        "avg_throughput_mbps": {
          "min": 2.1669553958355197,
          "average": 2.1669553958355197,
          "max": 2.1669553958355197,
          "percentiles": {
            "p25": 2.1669553958355197,
            "p50": 2.1669553958355197,
            "p75": 2.1669553958355197
          }
        },
        "total_retransmits": {
          "min": 1997.0,
          "average": 1997.0,
          "max": 1997.0,
          "percentiles": {
            "p25": 1997.0,
            "p50": 1997.0,
            "p75": 1997.0
          }
        }
      }
    },
    "Zerotier": {
      "status": "success",
      "data": {
        "total_throughput_mbps": {
          "min": 35.82455302025589,
          "average": 35.82455302025589,
          "max": 35.82455302025589,
          "percentiles": {
            "p25": 35.82455302025589,
            "p50": 35.82455302025589,
            "p75": 35.82455302025589
          }
        },
        "avg_throughput_mbps": {
          "min": 11.94151767341863,
          "average": 11.94151767341863,
          "max": 11.94151767341863,
          "percentiles": {
            "p25": 11.94151767341863,
            "p50": 11.94151767341863,
            "p75": 11.94151767341863
          }
        },
        "total_retransmits": {
          "min": 5309.0,
          "average": 5309.0,
          "max": 5309.0,
          "percentiles": {
            "p25": 5309.0,
            "p50": 5309.0,
            "p75": 5309.0
          }
        }
      }
    },
    "VpnCloud": {
      "status": "success",
      "data": {
        "total_throughput_mbps": {
          "min": 23.574741565976566,
          "average": 23.574741565976566,
          "max": 23.574741565976566,
          "percentiles": {
            "p25": 23.574741565976566,
            "p50": 23.574741565976566,
            "p75": 23.574741565976566
          }
        },
        "avg_throughput_mbps": {
          "min": 7.858247188658855,
          "average": 7.858247188658855,
          "max": 7.858247188658855,
          "percentiles": {
            "p25": 7.858247188658855,
            "p50": 7.858247188658855,
            "p75": 7.858247188658855
          }
        },
        "total_retransmits": {
          "min": 8978.0,
          "average": 8978.0,
          "max": 8978.0,
          "percentiles": {
            "p25": 8978.0,
            "p50": 8978.0,
            "p75": 8978.0
          }
        }
      }
    },
    "Nebula": {
      "status": "success",
      "data": {
        "total_throughput_mbps": {
          "min": 15.081523914012294,
          "average": 15.081523914012294,
          "max": 15.081523914012294,
          "percentiles": {
            "p25": 15.081523914012294,
            "p50": 15.081523914012294,
            "p75": 15.081523914012294
          }
        },
        "avg_throughput_mbps": {
          "min": 7.540761957006147,
          "average": 7.540761957006147,
          "max": 7.540761957006147,
          "percentiles": {
            "p25": 7.540761957006147,
            "p50": 7.540761957006147,
            "p75": 7.540761957006147
          }
        },
        "total_retransmits": {
          "min": 6051.0,
          "average": 6051.0,
          "max": 6051.0,
          "percentiles": {
            "p25": 6051.0,
            "p50": 6051.0,
            "p75": 6051.0
          }
        }
      }
    },
    "Wireguard": {
      "status": "success",
      "data": {
        "total_throughput_mbps": {
          "min": 24.990222680288312,
          "average": 24.990222680288312,
          "max": 24.990222680288312,
          "percentiles": {
            "p25": 24.990222680288312,
            "p50": 24.990222680288312,
            "p75": 24.990222680288312
          }
        },
        "avg_throughput_mbps": {
          "min": 8.33007422676277,
          "average": 8.33007422676277,
          "max": 8.33007422676277,
          "percentiles": {
            "p25": 8.33007422676277,
            "p50": 8.33007422676277,
            "p75": 8.33007422676277
          }
        },
        "total_retransmits": {
          "min": 7856.0,
          "average": 7856.0,
          "max": 7856.0,
          "percentiles": {
            "p25": 7856.0,
            "p50": 7856.0,
            "p75": 7856.0
          }
        }
      }
    },
    "Yggdrasil": {
      "status": "success",
      "data": {
        "total_throughput_mbps": {
          "min": 16.811347037306756,
          "average": 16.811347037306756,
          "max": 16.811347037306756,
          "percentiles": {
            "p25": 16.811347037306756,
            "p50": 16.811347037306756,
            "p75": 16.811347037306756
          }
        },
        "avg_throughput_mbps": {
          "min": 5.603782345768919,
          "average": 5.603782345768919,
          "max": 5.603782345768919,
          "percentiles": {
            "p25": 5.603782345768919,
            "p50": 5.603782345768919,
            "p75": 5.603782345768919
          }
        },
        "total_retransmits": {
          "min": 520.0,
          "average": 520.0,
          "max": 520.0,
          "percentiles": {
            "p25": 520.0,
            "p50": 520.0,
            "p75": 520.0
          }
        }
      }
    },
    "Easytier": {
      "status": "success",
      "data": {
        "total_throughput_mbps": {
          "min": 57.56413065956261,
          "average": 57.56413065956261,
          "max": 57.56413065956261,
          "percentiles": {
            "p25": 57.56413065956261,
            "p50": 57.56413065956261,
            "p75": 57.56413065956261
          }
        },
        "avg_throughput_mbps": {
          "min": 19.188043553187537,