{
  "status": "success",
  "data": {
    "Tinc": {
      "status": "success",
      "data": {
        "rtt_min_ms": {
          "min": 0.843,
          "average": 1.1257777777777778,
          "max": 1.454,
          "percentiles": {
            "p25": 1.0316666666666667,
            "p50": 1.1346666666666667,
            "p75": 1.211
          }
        },
        "rtt_avg_ms": {
          "min": 8.767,
          "average": 9.895222222222221,
          "max": 10.769,
          "percentiles": {
            "p25": 9.389,
            "p50": 9.806666666666667,
            "p75": 10.49
          }
        },
        "rtt_max_ms": {
          "min": 18.897,
          "average": 21.373555555555555,
          "max": 23.243,
          "percentiles": {
            "p25": 20.511666666666667,
            "p50": 21.46333333333333,
            "p75": 22.145666666666667
          }
        },
        "rtt_mdev_ms": {
          "min": 4.589,
          "average": 5.083333333333333,
          "max": 5.77,
          "percentiles": {
            "p25": 4.8116666666666665,
            "p50": 5.041333333333333,
            "p75": 5.396999999999999
          }
        },
        "packet_loss_percent": {
          "min": 0.0,
          "average": 2.4444444444444446,
          "max": 4.0,
          "percentiles": {
            "p25": 1.6666666666666667,
            "p50": 2.6666666666666665,
            "p75": 3.0
          }
        }
      }
    },
    "Mycelium": {
      "status": "success",
      "data": {
        "rtt_min_ms": {
          "min": 1.621,
          "average": 18.167555555555555,
          "max": 51.101,
          "percentiles": {
            "p25": 18.091,
            "p50": 18.186,
            "p75": 18.225666666666665
          }
        },
        "rtt_avg_ms": {
          "min": 10.421,
          "average": 39.662222222222226,
          "max": 94.304,
          "percentiles": {
            "p25": 29.705666666666666,
            "p50": 34.20933333333333,
            "p75": 55.071666666666665
          }
        },
        "rtt_max_ms": {
          "min": 40.794,
          "average": 345.50955555555555,
          "max": 911.553,
          "percentiles": {
            "p25": 185.20633333333333,
            "p50": 298.4173333333333,
            "p75": 552.905
          }
        },
        "rtt_mdev_ms": {
          "min": 5.939,
          "average": 49.48422222222222,
          "max": 147.278,
          "percentiles": {
            "p25": 19.866333333333333,
            "p50": 36.67433333333334,
            "p75": 91.912
          }
        },
        "packet_loss_percent": {
          "min": 0.0,
          "average": 0.0,
          "max": 0.0,
          "percentiles": {
            "p25": 0.0,
            "p50": 0.0,
            "p75": 0.0
          }
        }
      }
    },
    "Hyprspace": {
      "status": "success",
      "data": {
        "rtt_min_ms": {
          "min": 1.385,
          "average": 1.6393333333333333,
          "max": 1.978,
          "percentiles": {
            "p25": 1.5406666666666666,
            "p50": 1.5986666666666667,
            "p75": 1.7786666666666666
          }
        },
        "rtt_avg_ms": {
          "min": 10.726,
          "average": 11.913666666666666,
          "max": 13.124,
          "percentiles": {
            "p25": 11.656,
            "p50": 11.852666666666666,
            "p75": 12.232333333333333
          }
        },
        "rtt_max_ms": {
          "min": 23.192,
          "average": 58.272888888888886,
          "max": 69.624,
          "percentiles": {
            "p25": 47.753,
            "p50": 61.49133333333333,
            "p75": 65.57433333333333
          }
        },
        "rtt_mdev_ms": {
          "min": 5.543,
          "average": 8.624888888888888,
          "max": 12.348,
          "percentiles": {
            "p25": 7.6209999999999996,
            "p50": 8.680333333333333,
            "p75": 9.573333333333334
          }
        },
        "packet_loss_percent": {
          "min": 0.0,
          "average": 0.0,
          "max": 0.0,
          "percentiles": {
            "p25": 0.0,
            "p50": 0.0,
            "p75": 0.0
          }
        }
      }
    },
    "Zerotier": {
      "status": "success",
      "data": {
        "rtt_min_ms": {
          "min": 0.802,
          "average": 1.1553333333333333,
          "max": 1.335,
          "percentiles": {
            "p25": 0.9983333333333334,
            "p50": 1.2106666666666666,
            "p75": 1.257
          }
        },
        "rtt_avg_ms": {
          "min": 9.174,
          "average": 10.153444444444444,
          "max": 11.257,
          "percentiles": {
            "p25": 9.544666666666666,
            "p50": 10.319333333333333,
            "p75": 10.596333333333334
          }
        },
        "rtt_max_ms": {
          "min": 19.185,
          "average": 21.578111111111113,
          "max": 22.966,
          "percentiles": {
            "p25": 20.478,
            "p50": 21.861,
            "p75": 22.395333333333333
          }
        },
        "rtt_mdev_ms": {
          "min": 4.818,
          "average": 5.172,
          "max": 5.673,
          "percentiles": {
            "p25": 4.987,
            "p50": 5.090333333333334,
            "p75": 5.438666666666666
          }
        },
        "packet_loss_percent": {
          "min": 0.0,
          "average": 1.3333333333333335,
          "max": 4.0,
          "percentiles": {
            "p25": 0.0,
            "p50": 1.6666666666666667,
            "p75": 2.3333333333333335
          }
        }
      }
    },
    "VpnCloud": {
      "status": "success",
      "data": {
        "rtt_min_ms": {
          "min": 0.9,
          "average": 1.077888888888889,
          "max": 1.256,
          "percentiles": {
            "p25": 1.0226666666666666,
            "p50": 1.086,
            "p75": 1.125
          }
        },
        "rtt_avg_ms": {
          "min": 9.441,
          "average": 9.905777777777779,
          "max": 10.366,
          "percentiles": {
            "p25": 9.531333333333334,
            "p50": 9.894333333333334,
            "p75": 10.291666666666666
          }
        },
        "rtt_max_ms": {
          "min": 19.333,
          "average": 21.499555555555556,
          "max": 23.094,
          "percentiles": {
            "p25": 20.485666666666667,
            "p50": 21.466,
            "p75": 22.547
          }
        },
        "rtt_mdev_ms": {
          "min": 4.572,
          "average": 5.117444444444445,
          "max": 5.594,
          "percentiles": {
            "p25": 4.859333333333334,
            "p50": 5.12,
            "p75": 5.373
          }
        },
        "packet_loss_percent": {
          "min": 0.0,
          "average": 1.0,
          "max": 2.0,
          "percentiles": {
            "p25": 0.6666666666666666,
            "p50": 0.6666666666666666,
            "p75": 1.6666666666666667
          }
        }
      }
    },
    "Nebula": {
      "status": "success",
      "data": {
        "rtt_min_ms": {
          "min": 0.92,
          "average": 1.1034444444444444,
          "max": 1.37,
          "percentiles": {
            "p25": 1.0306666666666666,
            "p50": 1.1036666666666666,
            "p75": 1.1760000000000002
          }
        },
        "rtt_avg_ms": {
          "min": 8.92,
          "average": 10.079,
          "max": 10.967,
          "percentiles": {
            "p25": 9.406333333333333,
            "p50": 10.134333333333334,
            "p75": 10.696333333333333
          }
        },
        "rtt_max_ms": {
          "min": 19.665,
          "average": 21.752,
          "max": 23.072,
          "percentiles": {
            "p25": 20.589,
            "p50": 22.030666666666665,
            "p75": 22.636333333333333
          }
        },
        "rtt_mdev_ms": {
          "min": 4.746,
          "average": 5.1721111111111115,
          "max": 5.415,