{
    "status": "success",
    "data": {
        "VpnCloud": {
            "status": "success",
            "data": {
                "rtt_min_ms": {
                    "min": 0.724,
                    "average": 0.9967777777777778,
                    "max": 1.233,
                    "percentiles": {
                        "p25": 0.923,
                        "p50": 1.022,
                        "p75": 1.0453333333333332
                    }
                },
                "rtt_avg_ms": {
                    "min": 9.131,
                    "average": 9.852222222222222,
                    "max": 10.558,
                    "percentiles": {
                        "p25": 9.410666666666668,
                        "p50": 9.740666666666668,
                        "p75": 10.405333333333333
                    }
                },
                "rtt_max_ms": {
                    "min": 19.9,
                    "average": 21.530555555555555,
                    "max": 22.896,
                    "percentiles": {
                        "p25": 20.709,
                        "p50": 21.485666666666667,
                        "p75": 22.397000000000002
                    }
                },
                "rtt_mdev_ms": {
                    "min": 4.539,
                    "average": 5.221222222222222,
                    "max": 5.726,
                    "percentiles": {
                        "p25": 4.883333333333333,
                        "p50": 5.225666666666666,
                        "p75": 5.554666666666667
                    }
                },
                "packet_loss_percent": {
                    "min": 0.0,
                    "average": 1.777777777777778,
                    "max": 5.0,
                    "percentiles": {
                        "p25": 0.6666666666666666,
                        "p50": 1.3333333333333333,
                        "p75": 3.3333333333333335
                    }
                }
            }
        },
        "Zerotier": {
            "status": "success",
            "data": {
                "rtt_min_ms": {
                    "min": 1.057,
                    "average": 1.1695,
                    "max": 1.31,
                    "percentiles": {
                        "p25": 1.13475,
                        "p50": 1.1645,
                        "p75": 1.20925
                    }
                },
                "rtt_avg_ms": {
                    "min": 9.244,
                    "average": 9.837777777777777,
                    "max": 10.584,
                    "percentiles": {
                        "p25": 9.388833333333332,
                        "p50": 9.868333333333334,
                        "p75": 10.256166666666667
                    }
                },
                "rtt_max_ms": {
                    "min": 19.058,
                    "average": 21.472277777777776,
                    "max": 23.455,
                    "percentiles": {
                        "p25": 20.25575,
                        "p50": 21.75583333333333,
                        "p75": 22.40525
                    }
                },
                "rtt_mdev_ms": {
                    "min": 4.725,
                    "average": 5.260055555555556,
                    "max": 6.135,
                    "percentiles": {
                        "p25": 5.01975,
                        "p50": 5.172166666666667,
                        "p75": 5.5882499999999995
                    }
                },
                "packet_loss_percent": {
                    "min": 0.0,
                    "average": 13.11111111111111,
                    "max": 100.0,
                    "percentiles": {
                        "p25": 1.0,
                        "p50": 2.6666666666666665,
                        "p75": 35.666666666666664
                    }
                }
            }
        },
        "Yggdrasil": {
            "status": "success",
            "data": {
                "rtt_min_ms": {
                    "min": 1.637,
                    "average": 2.033777777777778,
                    "max": 2.415,
                    "percentiles": {
                        "p25": 1.9196666666666666,
                        "p50": 2.0516666666666667,
                        "p75": 2.13
                    }
                },
                "rtt_avg_ms": {
                    "min": 11.034,
                    "average": 12.15611111111111,
                    "max": 12.89,
                    "percentiles": {
                        "p25": 11.664,
                        "p50": 12.021,
                        "p75": 12.783333333333333
                    }
                },
                "rtt_max_ms": {
                    "min": 58.82,
                    "average": 66.77766666666666,
                    "max": 75.523,
                    "percentiles": {
                        "p25": 62.22966666666667,
                        "p50": 66.115,
                        "p75": 71.98833333333333
                    }
                },
                "rtt_mdev_ms": {
                    "min": 6.851,
                    "average": 8.725444444444445,
                    "max": 10.464,
                    "percentiles": {
                        "p25": 7.895,
                        "p50": 8.400333333333334,
                        "p75": 9.881
                    }
                },
                "packet_loss_percent": {
                    "min": 0.0,
                    "average": 0.0,
                    "max": 0.0,
                    "percentiles": {
                        "p25": 0.0,
                        "p50": 0.0,
                        "p75": 0.0
                    }
                }
            }
        },
        "Mycelium": {
            "status": "success",
            "data": {
                "rtt_min_ms": {
                    "min": 1.202,
                    "average": 9.671222222222223,
                    "max": 26.014,
                    "percentiles": {
                        "p25": 9.627666666666666,
                        "p50": 9.675,
                        "p75": 9.711
                    }
                },
                "rtt_avg_ms": {
                    "min": 12.031,
                    "average": 21.34177777777778,
                    "max": 39.136,
                    "percentiles": {
                        "p25": 19.565333333333335,
                        "p50": 21.660666666666668,
                        "p75": 22.799333333333333
                    }
                },
                "rtt_max_ms": {
                    "min": 45.884,
                    "average": 202.1578888888889,
                    "max": 249.895,
                    "percentiles": {
                        "p25": 138.535,
                        "p50": 231.62666666666667,
                        "p75": 236.312
                    }
                },
                "rtt_mdev_ms": {
                    "min": 4.828,
                    "average": 22.674111111111113,
                    "max": 30.506,
                    "percentiles": {
                        "p25": 13.664666666666665,
                        "p50": 24.296666666666667,
                        "p75": 30.061
                    }
                },
                "packet_loss_percent": {
                    "min": 0.0,
                    "average": 0.0,
                    "max": 0.0,
                    "percentiles": {
                        "p25": 0.0,
                        "p50": 0.0,
                        "p75": 0.0
                    }
                }
            }
        },
        "Easytier": {
            "status": "success",
            "data": {
                "rtt_min_ms": {
                    "min": 1.051,
                    "average": 1.2432222222222222,
                    "max": 1.5,