{
    "status": "success",
    "data": {
        "Tinc": {
            "status": "success",
            "data": {
                "total_bandwidth_mbps": {
                    "min": 37.886,
                    "average": 39.381477777777775,
                    "max": 41.482,
                    "percentiles": {
                        "p25": 38.62866666666667,
                        "p50": 39.400166666666664,
                        "p75": 40.010416666666664
                    }
                },
                "cpu_usage_percent": {
                    "min": 0.0,
                    "average": 2.3483055555555556,
                    "max": 12.37,
                    "percentiles": {
                        "p25": 2.0,
                        "p50": 2.02,
                        "p75": 3.0
                    }
                },
                "ttfb_ms": {
                    "min": 12.0,
                    "average": 56.291666666666664,
                    "max": 276.0,
                    "percentiles": {
                        "p25": 27.666666666666668,
                        "p50": 42.833333333333336,
                        "p75": 69.58333333333333
                    }
                },
                "conn_time_ms": {
                    "min": 12.0,
                    "average": 50.25,
                    "max": 270.0,
                    "percentiles": {
                        "p25": 22.0,
                        "p50": 36.0,
                        "p75": 64.66666666666667
                    }
                }
            }
        },
        "Mycelium": {
            "status": "success",
            "data": {
                "total_bandwidth_mbps": {
                    "min": 1.972,
                    "average": 4.209402555555555,
                    "max": 41.901799999999994,
                    "percentiles": {
                        "p25": 2.9544712499999997,
                        "p50": 3.5453116666666666,
                        "p75": 4.298231666666667
                    }
                },
                "cpu_usage_percent": {
                    "min": 0.0,
                    "average": 0.938881852733877,
                    "max": 8.55,
                    "percentiles": {
                        "p25": 0.0,
                        "p50": 0.9966666666666667,
                        "p75": 1.34
                    }
                },
                "ttfb_ms": {
                    "min": 134.0,
                    "average": 225.66666666666666,
                    "max": 411.0,
                    "percentiles": {
                        "p25": 181.08333333333334,
                        "p50": 232.0,
                        "p75": 267.1666666666667
                    }
                },
                "conn_time_ms": {
                    "min": 66.0,
                    "average": 97.29166666666667,
                    "max": 138.0,
                    "percentiles": {
                        "p25": 87.25,
                        "p50": 96.83333333333333,
                        "p75": 111.5
                    }
                }
            }
        },
        "Headscale": {
            "status": "error",
            "error_type": "ClanError",
            "error": {
                "description": "list index out of range",
                "msg": "Unexpected general Exception occured",
                "location": "NoneType: None\n"
            },
            "machine": "0_lom"
        },
        "Hyprspace": {
            "status": "success",
            "data": {
                "total_bandwidth_mbps": {
                    "min": 2.6177999999999995,
                    "average": 3.2400024444444444,
                    "max": 5.759399999999999,
                    "percentiles": {
                        "p25": 3.0803291666666666,
                        "p50": 3.212706666666667,
                        "p75": 3.372008333333333
                    }
                },
                "cpu_usage_percent": {
                    "min": 0.0,
                    "average": 2.4828055555555557,
                    "max": 78.79,
                    "percentiles": {
                        "p25": 1.0725,
                        "p50": 1.6966666666666665,
                        "p75": 2.736666666666667
                    }
                },
                "ttfb_ms": {
                    "min": 57.0,
                    "average": 224.58333333333334,
                    "max": 881.0,
                    "percentiles": {
                        "p25": 104.66666666666667,
                        "p50": 175.66666666666666,
                        "p75": 266.5833333333333
                    }
                },
                "conn_time_ms": {
                    "min": 31.0,
                    "average": 147.375,
                    "max": 719.0,
                    "percentiles": {
                        "p25": 72.41666666666667,
                        "p50": 96.83333333333333,
                        "p75": 158.91666666666666
                    }
                }
            }
        },
        "Zerotier": {
            "status": "success",
            "data": {
                "total_bandwidth_mbps": {
                    "min": 36.897999999999996,
                    "average": 38.952711111111114,
                    "max": 40.564,
                    "percentiles": {
                        "p25": 38.427416666666666,
                        "p50": 38.90266666666667,
                        "p75": 39.60941666666667
                    }
                },
                "cpu_usage_percent": {
                    "min": 0.0,
                    "average": 3.1276527777777776,
                    "max": 23.16,
                    "percentiles": {
                        "p25": 2.033333333333333,
                        "p50": 3.02,
                        "p75": 3.4808333333333334
                    }
                },
                "ttfb_ms": {
                    "min": 13.0,
                    "average": 42.07738095238095,
                    "max": 87.0,
                    "percentiles": {
                        "p25": 30.916666666666668,
                        "p50": 38.5,
                        "p75": 54.916666666666664
                    }
                },
                "conn_time_ms": {
                    "min": 9.0,
                    "average": 37.166666666666664,
                    "max": 77.0,
                    "percentiles": {
                        "p25": 27.583333333333332,
                        "p50": 32.666666666666664,
                        "p75": 46.583333333333336
                    }
                }
            }
        },
        "VpnCloud": {
            "status": "success",
            "data": {
                "total_bandwidth_mbps": {
                    "min": 37.196,
                    "average": 39.27822222222222,
                    "max": 41.856,
                    "percentiles": {
                        "p25": 38.794333333333334,
                        "p50": 39.30383333333333,
                        "p75": 39.77775
                    }
                },
                "cpu_usage_percent": {
                    "min": 0.0,
                    "average": 2.1940416666666667,
                    "max": 25.26,
                    "percentiles": {
                        "p25": 1.3766666666666667,
                        "p50": 2.013333333333333,
                        "p75": 2.39
                    }
                },
                "ttfb_ms": {
                    "min": 15.0,
                    "average": 55.75,
                    "max": 241.0,
                    "percentiles": {
                        "p25": 31.416666666666668,
                        "p50": 44.333333333333336,
                        "p75": 71.66666666666667
                    }
                },