{
  "status": "success",
  "data": {
    "Zerotier": {
      "status": "success",
      "data": {
        "total_bandwidth_mbps": {
          "min": 17.861,
          "average": 19.07927777777778,
          "max": 20.378,
          "percentiles": {
            "p25": 18.716333333333335,
            "p50": 19.031833333333335,
            "p75": 19.530583333333336
          }
        },
        "cpu_usage_percent": {
          "min": 3.19,
          "average": 7.481916666666667,
          "max": 11.58,
          "percentiles": {
            "p25": 6.534166666666667,
            "p50": 7.348333333333334,
            "p75": 8.511666666666667
          }
        },
        "ttfb_ms": {
          "min": 23.0,
          "average": 54.416666666666664,
          "max": 90.0,
          "percentiles": {
            "p25": 34.25,
            "p50": 48.666666666666664,
            "p75": 80.33333333333333
          }
        },
        "conn_time_ms": {
          "min": 21.0,
          "average": 47.5,
          "max": 84.0,
          "percentiles": {
            "p25": 26.25,
            "p50": 42.833333333333336,
            "p75": 73.41666666666667
          }
        }
      }
    },
    "Internal": {
      "status": "success",
      "data": {
        "total_bandwidth_mbps": {
          "min": 54.46,
          "average": 62.64077777777778,
          "max": 71.61,
          "percentiles": {
            "p25": 60.335,
            "p50": 62.84166666666666,
            "p75": 65.07166666666666
          }
        },
        "cpu_usage_percent": {
          "min": 0.0,
          "average": 2.28225,
          "max": 5.05,
          "percentiles": {
            "p25": 1.71,
            "p50": 2.0733333333333333,
            "p75": 2.743333333333333
          }
        },
        "ttfb_ms": {
          "min": 22.0,
          "average": 28.166666666666668,
          "max": 39.0,
          "percentiles": {
            "p25": 25.166666666666668,
            "p50": 27.833333333333332,
            "p75": 31.5
          }
        },
        "conn_time_ms": {
          "min": 13.0,
          "average": 21.083333333333332,
          "max": 30.0,
          "percentiles": {
            "p25": 16.75,
            "p50": 21.666666666666668,
            "p75": 24.833333333333332
          }
        }
      }
    },
    "Hyprspace": {
      "status": "success",
      "data": {
        "total_bandwidth_mbps": {
          "min": 0.63722,
          "average": 10.405607777777778,
          "max": 46.993,
          "percentiles": {
            "p25": 7.327283333333334,
            "p50": 10.234250000000001,
            "p75": 13.461933333333333
          }
        },
        "cpu_usage_percent": {
          "min": 2.06,
          "average": 5.621851851851852,
          "max": 31.96,
          "percentiles": {
            "p25": 4.2075000000000005,
            "p50": 5.276666666666666,
            "p75": 6.538333333333333
          }
        },
        "ttfb_ms": {
          "min": 57.0,
          "average": 157.58333333333334,
          "max": 441.0,
          "percentiles": {
            "p25": 91.5,
            "p50": 142.66666666666666,
            "p75": 238.58333333333334
          }
        },
        "conn_time_ms": {
          "min": 53.0,
          "average": 119.41666666666667,
          "max": 350.0,
          "percentiles": {
            "p25": 72.58333333333333,
            "p50": 103.83333333333333,
            "p75": 181.83333333333334
          }
        }
      }
    }
  }
}
