{
    "status": "success",
    "data": {
        "Tinc": {
            "status": "success",
            "data": {
                "sender_throughput_mbps": {
                    "min": 7.933429608124625,
                    "average": 8.143341771909787,
                    "max": 8.492949794849126,
                    "percentiles": {
                        "p25": 8.143341771909787,
                        "p50": 8.143341771909787,
                        "p75": 8.143341771909787
                    }
                },
                "receiver_throughput_mbps": {
                    "min": 7.894159223265784,
                    "average": 8.117143687267472,
                    "max": 8.45543049855458,
                    "percentiles": {
                        "p25": 8.117143687267472,
                        "p50": 8.117143687267472,
                        "p75": 8.117143687267472
                    }
                },
                "retransmits": {
                    "min": 1319.0,
                    "average": 1377.3333333333333,
                    "max": 1412.0,
                    "percentiles": {
                        "p25": 1377.3333333333333,
                        "p50": 1377.3333333333333,
                        "p75": 1377.3333333333333
                    }
                }
            }
        },
        "Mycelium": {
            "status": "success",
            "data": {
                "sender_throughput_mbps": {
                    "min": 4.159087087364147,
                    "average": 4.671689913286071,
                    "max": 5.067787082541788,
                    "percentiles": {
                        "p25": 4.671689913286071,
                        "p50": 4.671689913286071,
                        "p75": 4.671689913286071
                    }
                },
                "receiver_throughput_mbps": {
                    "min": 4.048622419479856,
                    "average": 4.0962504509668225,
                    "max": 4.190697921755263,
                    "percentiles": {
                        "p25": 4.0962504509668225,
                        "p50": 4.0962504509668225,
                        "p75": 4.0962504509668225
                    }
                },
                "retransmits": {
                    "min": 0.0,
                    "average": 34.333333333333336,
                    "max": 103.0,
                    "percentiles": {
                        "p25": 34.333333333333336,
                        "p50": 34.333333333333336,
                        "p75": 34.333333333333336
                    }
                }
            }
        },
        "Headscale": {
            "status": "success",
            "data": {
                "sender_throughput_mbps": {
                    "min": 33.37760882228204,
                    "average": 39.051715747681904,
                    "max": 44.282493572093465,
                    "percentiles": {
                        "p25": 39.051715747681904,
                        "p50": 39.051715747681904,
                        "p75": 39.051715747681904
                    }
                },
                "receiver_throughput_mbps": {
                    "min": 33.218634706997875,
                    "average": 38.871291036674556,
                    "max": 44.1047603906594,
                    "percentiles": {
                        "p25": 38.871291036674556,
                        "p50": 38.871291036674556,
                        "p75": 38.871291036674556
                    }
                },
                "retransmits": {
                    "min": 2188.0,
                    "average": 2250.0,
                    "max": 2286.0,
                    "percentiles": {
                        "p25": 2250.0,
                        "p50": 2250.0,
                        "p75": 2250.0
                    }
                }
            }
        },
        "Hyprspace": {
            "status": "success",
            "data": {
                "sender_throughput_mbps": {
                    "min": 1.7825237040953457,
                    "average": 2.1087087309890533,
                    "max": 2.411566038569127,
                    "percentiles": {
                        "p25": 2.1087087309890533,
                        "p50": 2.1087087309890533,
                        "p75": 2.1087087309890533
                    }
                },
                "receiver_throughput_mbps": {
                    "min": 1.6504418861811483,
                    "average": 1.9925336151456416,
                    "max": 2.272867078326372,
                    "percentiles": {
                        "p25": 1.9925336151456416,
                        "p50": 1.9925336151456416,
                        "p75": 1.9925336151456416
                    }
                },
                "retransmits": {
                    "min": 31.0,
                    "average": 52.333333333333336,
                    "max": 95.0,
                    "percentiles": {
                        "p25": 52.333333333333336,
                        "p50": 52.333333333333336,
                        "p75": 52.333333333333336
                    }
                }
            }
        },
        "Zerotier": {
            "status": "success",
            "data": {
                "sender_throughput_mbps": {
                    "min": 10.974360916109347,
                    "average": 11.720014945875006,
                    "max": 12.232649445660075,
                    "percentiles": {
                        "p25": 11.720014945875006,
                        "p50": 11.720014945875006,
                        "p75": 11.720014945875006
                    }
                },
                "receiver_throughput_mbps": {
                    "min": 10.900853313828206,
                    "average": 11.64610175396912,
                    "max": 12.15955608997562,
                    "percentiles": {
                        "p25": 11.64610175396912,
                        "p50": 11.64610175396912,
                        "p75": 11.64610175396912
                    }
                },
                "retransmits": {
                    "min": 864.0,
                    "average": 884.0,
                    "max": 905.0,
                    "percentiles": {
                        "p25": 884.0,
                        "p50": 884.0,
                        "p75": 884.0
                    }
                }
            }
        },
        "VpnCloud": {
            "status": "success",
            "data": {
                "sender_throughput_mbps": {
                    "min": 8.003740084399887,
                    "average": 8.236679007891182,
                    "max": 8.423070591393934,
                    "percentiles": {
                        "p25": 8.236679007891182,
                        "p50": 8.236679007891182,
                        "p75": 8.236679007891182
                    }
                },
                "receiver_throughput_mbps": {
                    "min": 7.96612312285726,
                    "average": 8.198360559336955,
                    "max": 8.38391300871512,
                    "percentiles": {
                        "p25": 8.198360559336955,
                        "p50": 8.198360559336955,
                        "p75": 8.198360559336955
                    }
                },
                "retransmits": {
                    "min": 1287.0,
                    "average": 1407.3333333333333,
                    "max": 1578.0,
                    "percentiles": {
                        "p25": 1407.3333333333333,
                        "p50": 1407.3333333333333,
                        "p75": 1407.3333333333333
                    }
                }
            }
        },
        "Nebula": {
            "status": "success",
            "data": {
                "sender_throughput_mbps": {
                    "min": 0.034950169536867,