{
  "status": "success",
  "data": {
    "Zerotier": {
      "status": "success",
      "data": {
        "sender_throughput_mbps": {
          "min": 11.358943290612146,
          "average": 11.813453101214783,
          "max": 12.163230632007961,
          "percentiles": {
            "p25": 11.813453101214783,
            "p50": 11.813453101214783,
            "p75": 11.813453101214783
          }
        },
        "receiver_throughput_mbps": {
          "min": 11.323639795339064,
          "average": 11.775528386188935,
          "max": 12.124602312131177,
          "percentiles": {
            "p25": 11.775528386188935,
            "p50": 11.775528386188935,
            "p75": 11.775528386188935
          }
        },
        "retransmits": {
          "min": 895.0,
          "average": 921.6666666666666,
          "max": 952.0,
          "percentiles": {
            "p25": 921.6666666666666,
            "p50": 921.6666666666666,
            "p75": 921.6666666666666
          }
        }
      }
    },
    "Internal": {
      "status": "success",
      "data": {
        "sender_throughput_mbps": {
          "min": 24.395911946918346,
          "average": 27.715906767136207,
          "max": 30.826207762014878,
          "percentiles": {
            "p25": 27.715906767136207,
            "p50": 27.715906767136207,
            "p75": 27.715906767136207
          }
        },
        "receiver_throughput_mbps": {
          "min": 24.11103619337538,
          "average": 27.468379333676992,
          "max": 30.613659796357,
          "percentiles": {
            "p25": 27.468379333676992,
            "p50": 27.468379333676992,
            "p75": 27.468379333676992
          }
        },
        "retransmits": {
          "min": 1546.0,
          "average": 1672.6666666666667,
          "max": 1840.0,
          "percentiles": {
            "p25": 1672.6666666666667,
            "p50": 1672.6666666666667,
            "p75": 1672.6666666666667
          }
        }
      }
    },
    "Hyprspace": {
      "status": "success",
      "data": {
        "sender_throughput_mbps": {
          "min": 1.5029198574170406,
          "average": 5.568863208356522,
          "max": 12.547393579216244,
          "percentiles": {
            "p25": 5.568863208356522,
            "p50": 5.568863208356522,
            "p75": 5.568863208356522
          }
        },
        "receiver_throughput_mbps": {
          "min": 1.4647520139753496,
          "average": 5.495722828791337,
          "max": 12.421240070101952,
          "percentiles": {
            "p25": 5.495722828791337,
            "p50": 5.495722828791337,
            "p75": 5.495722828791337
          }
        },
        "retransmits": {
          "min": 78.0,
          "average": 109.66666666666667,
          "max": 140.0,
          "percentiles": {
            "p25": 109.66666666666667,
            "p50": 109.66666666666667,
            "p75": 109.66666666666667
          }
        }
      }
    }
  }
}
