{
    "status": "success",
    "data": {
        "vpn_installation_seconds": 2447.8873626959394,
        "tc_stabilization_seconds": 330.35547726694494,
        "test_execution_seconds": 25699.452073335648,
        "vpn_restart_seconds": 10335.699422597885,
        "connectivity_wait_seconds": 2026.5147330760956,
        "other_overhead_seconds": 0.0,
        "total_seconds": 40839.90906897251
    }
}