{
    "status": "success",
    "data": {
        "vpn_installation_seconds": 3759.5291781420237,
        "tc_stabilization_seconds": 330.25451602101384,
        "test_execution_seconds": 36095.64770722389,
        "vpn_restart_seconds": 1125.1535687446594,
        "connectivity_wait_seconds": 2264.549692630768,
        "other_overhead_seconds": 0.0,
        "total_seconds": 42164.17958879298
    }
}