{
    "status": "success",
    "data": {
        "vpn_installation_seconds": 3097.8637166300905,
        "tc_stabilization_seconds": 240.16095051905722,
        "test_execution_seconds": 5555.479941129684,
        "vpn_restart_seconds": 9959.27327799797,
        "connectivity_wait_seconds": 1195.5751502513885,
        "other_overhead_seconds": 0.0,
        "total_seconds": 20048.35303652819
    }
}