{
    "status": "success",
    "data": {
        "vpn_installation_seconds": 2780.675418814004,
        "tc_stabilization_seconds": 330.44535822293255,
        "test_execution_seconds": 30007.217764377594,
        "vpn_restart_seconds": 10415.450730800629,
        "connectivity_wait_seconds": 2039.3423390388489,
        "other_overhead_seconds": 0.0,
        "total_seconds": 45573.13161125401
    }
}