{
  "status": "success",
  "data": {
    "vpn_installation_seconds": 2337.359109293029,
    "tc_stabilization_seconds": 330.30554828286404,
    "test_execution_seconds": 13297.30776977539,
    "vpn_restart_seconds": 10262.390890598297,
    "connectivity_wait_seconds": 1658.0529022216797,
    "other_overhead_seconds": 0.0,
    "total_seconds": 27885.41622017126
  }
}
