{
  "status": "success",
  "data": {
    "VpnCloud": {
      "status": "success",
      "data": {
        "total_duration_seconds": {
          "min": 1413.351144247572,
          "average": 1413.351144247572,
          "max": 1413.351144247572,
          "percentiles": {
            "p25": 1413.351144247572,
            "p50": 1413.351144247572,
            "p75": 1413.351144247572
          }
        },
        "vpn_installation_seconds": {
          "min": 125.13260471599642,
          "average": 125.13260471599642,
          "max": 125.13260471599642,
          "percentiles": {
            "p25": 125.13260471599642,
            "p50": 125.13260471599642,
            "p75": 125.13260471599642
          }
        },
        "benchmarking_seconds": {
          "min": 1288.2185395315755,
          "average": 1288.2185395315755,
          "max": 1288.2185395315755,
          "percentiles": {
            "p25": 1288.2185395315755,
            "p50": 1288.2185395315755,
            "p75": 1288.2185395315755
          }
        }
      }
    },
    "Zerotier": {
      "status": "success",
      "data": {
        "total_duration_seconds": {
          "min": 856.6462832574616,
          "average": 856.6462832574616,
          "max": 856.6462832574616,
          "percentiles": {
            "p25": 856.6462832574616,
            "p50": 856.6462832574616,
            "p75": 856.6462832574616
          }
        },
        "vpn_installation_seconds": {
          "min": 125.449467643979,
          "average": 125.449467643979,
          "max": 125.449467643979,
          "percentiles": {
            "p25": 125.449467643979,
            "p50": 125.449467643979,
            "p75": 125.449467643979
          }
        },
        "benchmarking_seconds": {
          "min": 731.1968156134826,
          "average": 731.1968156134826,
          "max": 731.1968156134826,
          "percentiles": {
            "p25": 731.1968156134826,
            "p50": 731.1968156134826,
            "p75": 731.1968156134826
          }
        }
      }
    },
    "Yggdrasil": {
      "status": "success",
      "data": {
        "total_duration_seconds": {
          "min": 1977.666617999028,
          "average": 1977.666617999028,
          "max": 1977.666617999028,
          "percentiles": {
            "p25": 1977.666617999028,
            "p50": 1977.666617999028,
            "p75": 1977.666617999028
          }
        },
        "vpn_installation_seconds": {
          "min": 117.16207056498388,
          "average": 117.16207056498388,
          "max": 117.16207056498388,
          "percentiles": {
            "p25": 117.16207056498388,
            "p50": 117.16207056498388,
            "p75": 117.16207056498388
          }
        },
        "benchmarking_seconds": {
          "min": 1860.504547434044,
          "average": 1860.504547434044,
          "max": 1860.504547434044,
          "percentiles": {
            "p25": 1860.504547434044,
            "p50": 1860.504547434044,
            "p75": 1860.504547434044
          }
        }
      }
    },
    "Tinc": {
      "status": "success",
      "data": {
        "total_duration_seconds": {
          "min": 2466.109691460035,
          "average": 2466.109691460035,
          "max": 2466.109691460035,
          "percentiles": {
            "p25": 2466.109691460035,
            "p50": 2466.109691460035,
            "p75": 2466.109691460035
          }
        },
        "vpn_installation_seconds": {
          "min": 271.0695731040323,
          "average": 271.0695731040323,
          "max": 271.0695731040323,
          "percentiles": {
            "p25": 271.0695731040323,
            "p50": 271.0695731040323,
            "p75": 271.0695731040323
          }
        },
        "benchmarking_seconds": {
          "min": 2195.0401183560025,
          "average": 2195.0401183560025,
          "max": 2195.0401183560025,
          "percentiles": {
            "p25": 2195.0401183560025,
            "p50": 2195.0401183560025,
            "p75": 2195.0401183560025
          }
        }
      }
    },
    "Mycelium": {
      "status": "success",
      "data": {
        "total_duration_seconds": {
          "min": 1659.0883576667402,
          "average": 1659.0883576667402,
          "max": 1659.0883576667402,
          "percentiles": {
            "p25": 1659.0883576667402,
            "p50": 1659.0883576667402,
            "p75": 1659.0883576667402
          }
        },
        "vpn_installation_seconds": {
          "min": 179.71665217302507,
          "average": 179.71665217302507,
          "max": 179.71665217302507,
          "percentiles": {
            "p25": 179.71665217302507,
            "p50": 179.71665217302507,
            "p75": 179.71665217302507
          }
        },
        "benchmarking_seconds": {
          "min": 1479.3717054937151,
          "average": 1479.3717054937151,
          "max": 1479.3717054937151,
          "percentiles": {
            "p25": 1479.3717054937151,
            "p50": 1479.3717054937151,
            "p75": 1479.3717054937151
          }
        }
      }
    },
    "Easytier": {
      "status": "success",
      "data": {
        "total_duration_seconds": {
          "min": 1203.797231695964,
          "average": 1203.797231695964,
          "max": 1203.797231695964,
          "percentiles": {
            "p25": 1203.797231695964,
            "p50": 1203.797231695964,
            "p75": 1203.797231695964
          }
        },
        "vpn_installation_seconds": {
          "min": 480.9655881350045,
          "average": 480.9655881350045,
          "max": 480.9655881350045,
          "percentiles": {
            "p25": 480.9655881350045,
            "p50": 480.9655881350045,
            "p75": 480.9655881350045
          }
        },
        "benchmarking_seconds": {
          "min": 722.8316435609595,
          "average": 722.8316435609595,
          "max": 722.8316435609595,
          "percentiles": {
            "p25": 722.8316435609595,
            "p50": 722.8316435609595,
            "p75": 722.8316435609595
          }
        }
      }
    },
    "Internal": {
      "status": "success",
      "data": {
        "total_duration_seconds": {
          "min": 678.3927030503401,
          "average": 678.3927030503401,
          "max": 678.3927030503401,
          "percentiles": {
            "p25": 678.3927030503401,
            "p50": 678.3927030503401,
            "p75": 678.3927030503401
          }
        },
        "vpn_installation_seconds": {
          "min": 124.82578271999955,
          "average": 124.82578271999955,
          "max": 124.82578271999955,
          "percentiles": {
            "p25": 124.82578271999955,
            "p50": 124.82578271999955,
            "p75": 124.82578271999955
          }
        },
        "benchmarking_seconds": {
          "min": 553.5669203303405,
          "average": 553.5669203303405,
          "max": 553.5669203303405,
          "percentiles": {
            "p25": 553.5669203303405,
            "p50": 553.5669203303405,
            "p75": 553.5669203303405
          }
        }
      }
    },
    "Hyprspace": {
      "status": "success",
      "data": {
        "total_duration_seconds": {
          "min": 10656.473888055014,
          "average": 10656.473888055014,
          "max": 10656.473888055014,
          "percentiles": {
            "p25": 10656.473888055014,
            "p50": 10656.473888055014,
            "p75": 10656.473888055014
          }
        },
        "vpn_installation_seconds": {
          "min": 117.65267275401857,
          "average": 117.65267275401857,
          "max": 117.65267275401857,
          "percentiles": {
            "p25": 117.65267275401857,
            "p50": 117.65267275401857,
            "p75": 117.65267275401857
          }
        },
        "benchmarking_seconds": {
          "min": 10538.821215300995,
          "average": 10538.821215300995,
          "max": 10538.821215300995,