{
    "status": "success",
    "data": {
        "Tinc": {
            "status": "success",
            "data": {
                "total_duration_seconds": {
                    "min": 2688.406248737185,
                    "average": 2688.406248737185,
                    "max": 2688.406248737185,
                    "percentiles": {
                        "p25": 2688.406248737185,
                        "p50": 2688.406248737185,
                        "p75": 2688.406248737185
                    }
                },
                "vpn_installation_seconds": {
                    "min": 348.47592620603973,
                    "average": 348.47592620603973,
                    "max": 348.47592620603973,
                    "percentiles": {
                        "p25": 348.47592620603973,
                        "p50": 348.47592620603973,
                        "p75": 348.47592620603973
                    }
                },
                "benchmarking_seconds": {
                    "min": 2339.930322531145,
                    "average": 2339.930322531145,
                    "max": 2339.930322531145,
                    "percentiles": {
                        "p25": 2339.930322531145,
                        "p50": 2339.930322531145,
                        "p75": 2339.930322531145
                    }
                }
            }
        },
        "Mycelium": {
            "status": "success",
            "data": {
                "total_duration_seconds": {
                    "min": 9439.377455565293,
                    "average": 9439.377455565293,
                    "max": 9439.377455565293,
                    "percentiles": {
                        "p25": 9439.377455565293,
                        "p50": 9439.377455565293,
                        "p75": 9439.377455565293
                    }
                },
                "vpn_installation_seconds": {
                    "min": 361.10244271499687,
                    "average": 361.10244271499687,
                    "max": 361.10244271499687,
                    "percentiles": {
                        "p25": 361.10244271499687,
                        "p50": 361.10244271499687,
                        "p75": 361.10244271499687
                    }
                },
                "benchmarking_seconds": {
                    "min": 9078.275012850296,
                    "average": 9078.275012850296,
                    "max": 9078.275012850296,
                    "percentiles": {
                        "p25": 9078.275012850296,
                        "p50": 9078.275012850296,
                        "p75": 9078.275012850296
                    }
                }
            }
        },
        "Headscale": {
            "status": "success",
            "data": {
                "total_duration_seconds": {
                    "min": 1794.2001869545056,
                    "average": 1794.2001869545056,
                    "max": 1794.2001869545056,
                    "percentiles": {
                        "p25": 1794.2001869545056,
                        "p50": 1794.2001869545056,
                        "p75": 1794.2001869545056
                    }
                },
                "vpn_installation_seconds": {
                    "min": 277.2922246729868,
                    "average": 277.2922246729868,
                    "max": 277.2922246729868,
                    "percentiles": {
                        "p25": 277.2922246729868,
                        "p50": 277.2922246729868,
                        "p75": 277.2922246729868
                    }
                },
                "benchmarking_seconds": {
                    "min": 1516.9079622815188,
                    "average": 1516.9079622815188,
                    "max": 1516.9079622815188,
                    "percentiles": {
                        "p25": 1516.9079622815188,
                        "p50": 1516.9079622815188,
                        "p75": 1516.9079622815188
                    }
                }
            }
        },
        "Hyprspace": {
            "status": "success",
            "data": {
                "total_duration_seconds": {
                    "min": 6147.671514577349,
                    "average": 6147.671514577349,
                    "max": 6147.671514577349,
                    "percentiles": {
                        "p25": 6147.671514577349,
                        "p50": 6147.671514577349,
                        "p75": 6147.671514577349
                    }
                },
                "vpn_installation_seconds": {
                    "min": 340.40955947199836,
                    "average": 340.40955947199836,
                    "max": 340.40955947199836,
                    "percentiles": {
                        "p25": 340.40955947199836,
                        "p50": 340.40955947199836,
                        "p75": 340.40955947199836
                    }
                },
                "benchmarking_seconds": {
                    "min": 5807.26195510535,
                    "average": 5807.26195510535,
                    "max": 5807.26195510535,
                    "percentiles": {
                        "p25": 5807.26195510535,
                        "p50": 5807.26195510535,
                        "p75": 5807.26195510535
                    }
                }
            }
        },
        "Zerotier": {
            "status": "success",
            "data": {
                "total_duration_seconds": {
                    "min": 2429.6581716560177,
                    "average": 2429.6581716560177,
                    "max": 2429.6581716560177,
                    "percentiles": {
                        "p25": 2429.6581716560177,
                        "p50": 2429.6581716560177,
                        "p75": 2429.6581716560177
                    }
                },
                "vpn_installation_seconds": {
                    "min": 336.6653128559992,
                    "average": 336.6653128559992,
                    "max": 336.6653128559992,
                    "percentiles": {
                        "p25": 336.6653128559992,
                        "p50": 336.6653128559992,
                        "p75": 336.6653128559992
                    }
                },
                "benchmarking_seconds": {
                    "min": 2092.9928588000184,
                    "average": 2092.9928588000184,
                    "max": 2092.9928588000184,
                    "percentiles": {
                        "p25": 2092.9928588000184,
                        "p50": 2092.9928588000184,
                        "p75": 2092.9928588000184
                    }
                }
            }
        },
        "VpnCloud": {
            "status": "success",
            "data": {
                "total_duration_seconds": {
                    "min": 3103.3819650111254,
                    "average": 3103.3819650111254,
                    "max": 3103.3819650111254,
                    "percentiles": {
                        "p25": 3103.3819650111254,
                        "p50": 3103.3819650111254,
                        "p75": 3103.3819650111254
                    }
                },
                "vpn_installation_seconds": {
                    "min": 402.82197578198975,
                    "average": 402.82197578198975,
                    "max": 402.82197578198975,
                    "percentiles": {
                        "p25": 402.82197578198975,
                        "p50": 402.82197578198975,
                        "p75": 402.82197578198975
                    }
                },
                "benchmarking_seconds": {
                    "min": 2700.5599892291357,
                    "average": 2700.5599892291357,
                    "max": 2700.5599892291357,
                    "percentiles": {
                        "p25": 2700.5599892291357,