{
    "status": "success",
    "data": {
        "VpnCloud": {
            "status": "success",
            "data": {
                "total_duration_seconds": {
                    "min": 1428.1544163595245,
                    "average": 1428.1544163595245,
                    "max": 1428.1544163595245,
                    "percentiles": {
                        "p25": 1428.1544163595245,
                        "p50": 1428.1544163595245,
                        "p75": 1428.1544163595245
                    }
                },
                "vpn_installation_seconds": {
                    "min": 470.8838348010031,
                    "average": 470.8838348010031,
                    "max": 470.8838348010031,
                    "percentiles": {
                        "p25": 470.8838348010031,
                        "p50": 470.8838348010031,
                        "p75": 470.8838348010031
                    }
                },
                "benchmarking_seconds": {
                    "min": 957.2705815585214,
                    "average": 957.2705815585214,
                    "max": 957.2705815585214,
                    "percentiles": {
                        "p25": 957.2705815585214,
                        "p50": 957.2705815585214,
                        "p75": 957.2705815585214
                    }
                }
            }
        },
        "Zerotier": {
            "status": "success",
            "data": {
                "total_duration_seconds": {
                    "min": 1020.1250699571974,
                    "average": 1020.1250699571974,
                    "max": 1020.1250699571974,
                    "percentiles": {
                        "p25": 1020.1250699571974,
                        "p50": 1020.1250699571974,
                        "p75": 1020.1250699571974
                    }
                },
                "vpn_installation_seconds": {
                    "min": 410.009523479006,
                    "average": 410.009523479006,
                    "max": 410.009523479006,
                    "percentiles": {
                        "p25": 410.009523479006,
                        "p50": 410.009523479006,
                        "p75": 410.009523479006
                    }
                },
                "benchmarking_seconds": {
                    "min": 610.1155464781914,
                    "average": 610.1155464781914,
                    "max": 610.1155464781914,
                    "percentiles": {
                        "p25": 610.1155464781914,
                        "p50": 610.1155464781914,
                        "p75": 610.1155464781914
                    }
                }
            }
        },
        "Yggdrasil": {
            "status": "success",
            "data": {
                "total_duration_seconds": {
                    "min": 2032.947980901401,
                    "average": 2032.947980901401,
                    "max": 2032.947980901401,
                    "percentiles": {
                        "p25": 2032.947980901401,
                        "p50": 2032.947980901401,
                        "p75": 2032.947980901401
                    }
                },
                "vpn_installation_seconds": {
                    "min": 300.407382941019,
                    "average": 300.407382941019,
                    "max": 300.407382941019,
                    "percentiles": {
                        "p25": 300.407382941019,
                        "p50": 300.407382941019,
                        "p75": 300.407382941019
                    }
                },
                "benchmarking_seconds": {
                    "min": 1732.540597960382,
                    "average": 1732.540597960382,
                    "max": 1732.540597960382,
                    "percentiles": {
                        "p25": 1732.540597960382,
                        "p50": 1732.540597960382,
                        "p75": 1732.540597960382
                    }
                }
            }
        },
        "Mycelium": {
            "status": "success",
            "data": {
                "total_duration_seconds": {
                    "min": 1647.9316445464501,
                    "average": 1647.9316445464501,
                    "max": 1647.9316445464501,
                    "percentiles": {
                        "p25": 1647.9316445464501,
                        "p50": 1647.9316445464501,
                        "p75": 1647.9316445464501
                    }
                },
                "vpn_installation_seconds": {
                    "min": 363.2350337820244,
                    "average": 363.2350337820244,
                    "max": 363.2350337820244,
                    "percentiles": {
                        "p25": 363.2350337820244,
                        "p50": 363.2350337820244,
                        "p75": 363.2350337820244
                    }
                },
                "benchmarking_seconds": {
                    "min": 1284.6966107644257,
                    "average": 1284.6966107644257,
                    "max": 1284.6966107644257,
                    "percentiles": {
                        "p25": 1284.6966107644257,
                        "p50": 1284.6966107644257,
                        "p75": 1284.6966107644257
                    }
                }
            }
        },
        "Easytier": {
            "status": "success",
            "data": {
                "total_duration_seconds": {
                    "min": 1335.3274192276294,
                    "average": 1335.3274192276294,
                    "max": 1335.3274192276294,
                    "percentiles": {
                        "p25": 1335.3274192276294,
                        "p50": 1335.3274192276294,
                        "p75": 1335.3274192276294
                    }
                },
                "vpn_installation_seconds": {
                    "min": 718.1863488560193,
                    "average": 718.1863488560193,
                    "max": 718.1863488560193,
                    "percentiles": {
                        "p25": 718.1863488560193,
                        "p50": 718.1863488560193,
                        "p75": 718.1863488560193
                    }
                },
                "benchmarking_seconds": {
                    "min": 617.1410703716101,
                    "average": 617.1410703716101,
                    "max": 617.1410703716101,
                    "percentiles": {
                        "p25": 617.1410703716101,
                        "p50": 617.1410703716101,
                        "p75": 617.1410703716101
                    }
                }
            }
        },
        "Internal": {
            "status": "success",
            "data": {
                "total_duration_seconds": {
                    "min": 678.3927030503401,
                    "average": 678.3927030503401,
                    "max": 678.3927030503401,
                    "percentiles": {
                        "p25": 678.3927030503401,
                        "p50": 678.3927030503401,
                        "p75": 678.3927030503401
                    }
                },
                "vpn_installation_seconds": {
                    "min": 124.82578271999955,
                    "average": 124.82578271999955,
                    "max": 124.82578271999955,
                    "percentiles": {
                        "p25": 124.82578271999955,
                        "p50": 124.82578271999955,
                        "p75": 124.82578271999955
                    }
                },
                "benchmarking_seconds": {
                    "min": 553.5669203303405,
                    "average": 553.5669203303405,
                    "max": 553.5669203303405,
                    "percentiles": {
                        "p25": 553.5669203303405,
                        "p50": 553.5669203303405,