{
    "status": "success",
    "data": {
        "Tinc": {
            "status": "success",
            "data": {
                "total_duration_seconds": {
                    "min": 2698.106869300944,
                    "average": 2698.106869300944,
                    "max": 2698.106869300944,
                    "percentiles": {
                        "p25": 2698.106869300944,
                        "p50": 2698.106869300944,
                        "p75": 2698.106869300944
                    }
                },
                "vpn_installation_seconds": {
                    "min": 348.47592620603973,
                    "average": 348.47592620603973,
                    "max": 348.47592620603973,
                    "percentiles": {
                        "p25": 348.47592620603973,
                        "p50": 348.47592620603973,
                        "p75": 348.47592620603973
                    }
                },
                "benchmarking_seconds": {
                    "min": 2349.5957003899966,
                    "average": 2349.5957003899966,
                    "max": 2349.5957003899966,
                    "percentiles": {
                        "p25": 2349.5957003899966,
                        "p50": 2349.5957003899966,
                        "p75": 2349.5957003899966
                    }
                }
            }
        },
        "Mycelium": {
            "status": "success",
            "data": {
                "total_duration_seconds": {
                    "min": 9454.204470036988,
                    "average": 9454.204470036988,
                    "max": 9454.204470036988,
                    "percentiles": {
                        "p25": 9454.204470036988,
                        "p50": 9454.204470036988,
                        "p75": 9454.204470036988
                    }
                },
                "vpn_installation_seconds": {
                    "min": 361.10244271499687,
                    "average": 361.10244271499687,
                    "max": 361.10244271499687,
                    "percentiles": {
                        "p25": 361.10244271499687,
                        "p50": 361.10244271499687,
                        "p75": 361.10244271499687
                    }
                },
                "benchmarking_seconds": {
                    "min": 9093.073966357013,
                    "average": 9093.073966357013,
                    "max": 9093.073966357013,
                    "percentiles": {
                        "p25": 9093.073966357013,
                        "p50": 9093.073966357013,
                        "p75": 9093.073966357013
                    }
                }
            }
        },
        "Headscale": {
            "status": "success",
            "data": {
                "total_duration_seconds": {
                    "min": 1815.117840877996,
                    "average": 1815.117840877996,
                    "max": 1815.117840877996,
                    "percentiles": {
                        "p25": 1815.117840877996,
                        "p50": 1815.117840877996,
                        "p75": 1815.117840877996
                    }
                },
                "vpn_installation_seconds": {
                    "min": 277.2922246729868,
                    "average": 277.2922246729868,
                    "max": 277.2922246729868,
                    "percentiles": {
                        "p25": 277.2922246729868,
                        "p50": 277.2922246729868,
                        "p75": 277.2922246729868
                    }
                },
                "benchmarking_seconds": {
                    "min": 1537.7981297150109,
                    "average": 1537.7981297150109,
                    "max": 1537.7981297150109,
                    "percentiles": {
                        "p25": 1537.7981297150109,
                        "p50": 1537.7981297150109,
                        "p75": 1537.7981297150109
                    }
                }
            }
        },
        "Hyprspace": {
            "status": "success",
            "data": {
                "total_duration_seconds": {
                    "min": 6157.186703571962,
                    "average": 6157.186703571962,
                    "max": 6157.186703571962,
                    "percentiles": {
                        "p25": 6157.186703571962,
                        "p50": 6157.186703571962,
                        "p75": 6157.186703571962
                    }
                },
                "vpn_installation_seconds": {
                    "min": 340.40955947199836,
                    "average": 340.40955947199836,
                    "max": 340.40955947199836,
                    "percentiles": {
                        "p25": 340.40955947199836,
                        "p50": 340.40955947199836,
                        "p75": 340.40955947199836
                    }
                },
                "benchmarking_seconds": {
                    "min": 5816.73983727998,
                    "average": 5816.73983727998,
                    "max": 5816.73983727998,
                    "percentiles": {
                        "p25": 5816.73983727998,
                        "p50": 5816.73983727998,
                        "p75": 5816.73983727998
                    }
                }
            }
        },
        "Zerotier": {
            "status": "success",
            "data": {
                "total_duration_seconds": {
                    "min": 2442.029696698999,
                    "average": 2442.029696698999,
                    "max": 2442.029696698999,
                    "percentiles": {
                        "p25": 2442.029696698999,
                        "p50": 2442.029696698999,
                        "p75": 2442.029696698999
                    }
                },
                "vpn_installation_seconds": {
                    "min": 336.6653128559992,
                    "average": 336.6653128559992,
                    "max": 336.6653128559992,
                    "percentiles": {
                        "p25": 336.6653128559992,
                        "p50": 336.6653128559992,
                        "p75": 336.6653128559992
                    }
                },
                "benchmarking_seconds": {
                    "min": 2105.329451861995,
                    "average": 2105.329451861995,
                    "max": 2105.329451861995,
                    "percentiles": {
                        "p25": 2105.329451861995,
                        "p50": 2105.329451861995,
                        "p75": 2105.329451861995
                    }
                }
            }
        },
        "VpnCloud": {
            "status": "success",
            "data": {
                "total_duration_seconds": {
                    "min": 3147.5651630820357,
                    "average": 3147.5651630820357,
                    "max": 3147.5651630820357,
                    "percentiles": {
                        "p25": 3147.5651630820357,
                        "p50": 3147.5651630820357,
                        "p75": 3147.5651630820357
                    }
                },
                "vpn_installation_seconds": {
                    "min": 402.82197578198975,
                    "average": 402.82197578198975,
                    "max": 402.82197578198975,
                    "percentiles": {
                        "p25": 402.82197578198975,
                        "p50": 402.82197578198975,
                        "p75": 402.82197578198975
                    }
                },
                "benchmarking_seconds": {
                    "min": 2744.6941542989807,
                    "average": 2744.6941542989807,
                    "max": 2744.6941542989807,
                    "percentiles": {
                        "p25": 2744.6941542989807,