{
    "status": "success",
    "data": {
        "VpnCloud": {
            "status": "success",
            "data": {
                "total_duration_seconds": {
                    "min": 1957.952640944044,
                    "average": 1957.952640944044,
                    "max": 1957.952640944044,
                    "percentiles": {
                        "p25": 1957.952640944044,
                        "p50": 1957.952640944044,
                        "p75": 1957.952640944044
                    }
                },
                "vpn_installation_seconds": {
                    "min": 125.13260471599642,
                    "average": 125.13260471599642,
                    "max": 125.13260471599642,
                    "percentiles": {
                        "p25": 125.13260471599642,
                        "p50": 125.13260471599642,
                        "p75": 125.13260471599642
                    }
                },
                "benchmarking_seconds": {
                    "min": 1832.8200362280477,
                    "average": 1832.8200362280477,
                    "max": 1832.8200362280477,
                    "percentiles": {
                        "p25": 1832.8200362280477,
                        "p50": 1832.8200362280477,
                        "p75": 1832.8200362280477
                    }
                }
            }
        },
        "Zerotier": {
            "status": "success",
            "data": {
                "total_duration_seconds": {
                    "min": 2187.8028818030725,
                    "average": 2187.8028818030725,
                    "max": 2187.8028818030725,
                    "percentiles": {
                        "p25": 2187.8028818030725,
                        "p50": 2187.8028818030725,
                        "p75": 2187.8028818030725
                    }
                },
                "vpn_installation_seconds": {
                    "min": 140.36717361898627,
                    "average": 140.36717361898627,
                    "max": 140.36717361898627,
                    "percentiles": {
                        "p25": 140.36717361898627,
                        "p50": 140.36717361898627,
                        "p75": 140.36717361898627
                    }
                },
                "benchmarking_seconds": {
                    "min": 2047.4357081840863,
                    "average": 2047.4357081840863,
                    "max": 2047.4357081840863,
                    "percentiles": {
                        "p25": 2047.4357081840863,
                        "p50": 2047.4357081840863,
                        "p75": 2047.4357081840863
                    }
                }
            }
        },
        "Yggdrasil": {
            "status": "success",
            "data": {
                "total_duration_seconds": {
                    "min": 6031.136135202425,
                    "average": 6031.136135202425,
                    "max": 6031.136135202425,
                    "percentiles": {
                        "p25": 6031.136135202425,
                        "p50": 6031.136135202425,
                        "p75": 6031.136135202425
                    }
                },
                "vpn_installation_seconds": {
                    "min": 105.10492371895816,
                    "average": 105.10492371895816,
                    "max": 105.10492371895816,
                    "percentiles": {
                        "p25": 105.10492371895816,
                        "p50": 105.10492371895816,
                        "p75": 105.10492371895816
                    }
                },
                "benchmarking_seconds": {
                    "min": 5926.031211483467,
                    "average": 5926.031211483467,
                    "max": 5926.031211483467,
                    "percentiles": {
                        "p25": 5926.031211483467,
                        "p50": 5926.031211483467,
                        "p75": 5926.031211483467
                    }
                }
            }
        },
        "Tinc": {
            "status": "success",
            "data": {
                "total_duration_seconds": {
                    "min": 2466.109691460035,
                    "average": 2466.109691460035,
                    "max": 2466.109691460035,
                    "percentiles": {
                        "p25": 2466.109691460035,
                        "p50": 2466.109691460035,
                        "p75": 2466.109691460035
                    }
                },
                "vpn_installation_seconds": {
                    "min": 271.0695731040323,
                    "average": 271.0695731040323,
                    "max": 271.0695731040323,
                    "percentiles": {
                        "p25": 271.0695731040323,
                        "p50": 271.0695731040323,
                        "p75": 271.0695731040323
                    }
                },
                "benchmarking_seconds": {
                    "min": 2195.0401183560025,
                    "average": 2195.0401183560025,
                    "max": 2195.0401183560025,
                    "percentiles": {
                        "p25": 2195.0401183560025,
                        "p50": 2195.0401183560025,
                        "p75": 2195.0401183560025
                    }
                }
            }
        },
        "Mycelium": {
            "status": "success",
            "data": {
                "total_duration_seconds": {
                    "min": 5640.331864246982,
                    "average": 5640.331864246982,
                    "max": 5640.331864246982,
                    "percentiles": {
                        "p25": 5640.331864246982,
                        "p50": 5640.331864246982,
                        "p75": 5640.331864246982
                    }
                },
                "vpn_installation_seconds": {
                    "min": 170.74955472297734,
                    "average": 170.74955472297734,
                    "max": 170.74955472297734,
                    "percentiles": {
                        "p25": 170.74955472297734,
                        "p50": 170.74955472297734,
                        "p75": 170.74955472297734
                    }
                },
                "benchmarking_seconds": {
                    "min": 5469.582309524005,
                    "average": 5469.582309524005,
                    "max": 5469.582309524005,
                    "percentiles": {
                        "p25": 5469.582309524005,
                        "p50": 5469.582309524005,
                        "p75": 5469.582309524005
                    }
                }
            }
        },
        "Easytier": {
            "status": "success",
            "data": {
                "total_duration_seconds": {
                    "min": 1203.797231695964,
                    "average": 1203.797231695964,
                    "max": 1203.797231695964,
                    "percentiles": {
                        "p25": 1203.797231695964,
                        "p50": 1203.797231695964,
                        "p75": 1203.797231695964
                    }
                },
                "vpn_installation_seconds": {
                    "min": 480.9655881350045,
                    "average": 480.9655881350045,
                    "max": 480.9655881350045,
                    "percentiles": {
                        "p25": 480.9655881350045,
                        "p50": 480.9655881350045,
                        "p75": 480.9655881350045
                    }
                },
                "benchmarking_seconds": {
                    "min": 722.8316435609595,
                    "average": 722.8316435609595,
                    "max": 722.8316435609595,
                    "percentiles": {
                        "p25": 722.8316435609595,