{
    "status": "success",
    "data": {
        "Tinc": {
            "status": "success",
            "data": {
                "bitrate_kbps": {
                    "min": 1907.1,
                    "average": 1988.644827586207,
                    "max": 2013.6,
                    "percentiles": {
                        "p25": 1981.9833333333333,
                        "p50": 1989.8333333333333,
                        "p75": 1997.8666666666668
                    }
                },
                "fps": {
                    "min": 31.0,
                    "average": 32.13793103448276,
                    "max": 45.0,
                    "percentiles": {
                        "p25": 31.0,
                        "p50": 31.0,
                        "p75": 32.0
                    }
                },
                "dropped_frames": {
                    "min": 15.0,
                    "average": 15.0,
                    "max": 15.0,
                    "percentiles": {
                        "p25": 15.0,
                        "p50": 15.0,
                        "p75": 15.0
                    }
                }
            }
        },
        "Mycelium": {
            "status": "success",
            "data": {
                "bitrate_kbps": {
                    "min": 1908.1,
                    "average": 1988.9954022988504,
                    "max": 2015.4,
                    "percentiles": {
                        "p25": 1982.2666666666667,
                        "p50": 1989.9333333333334,
                        "p75": 1998.1499999999999
                    }
                },
                "fps": {
                    "min": 31.0,
                    "average": 32.13793103448276,
                    "max": 45.0,
                    "percentiles": {
                        "p25": 31.0,
                        "p50": 31.0,
                        "p75": 32.0
                    }
                },
                "dropped_frames": {
                    "min": 15.0,
                    "average": 15.0,
                    "max": 15.0,
                    "percentiles": {
                        "p25": 15.0,
                        "p50": 15.0,
                        "p75": 15.0
                    }
                }
            }
        },
        "Headscale": {
            "status": "success",
            "data": {
                "bitrate_kbps": {
                    "min": 1779.7,
                    "average": 1980.0275862068966,
                    "max": 2015.8,
                    "percentiles": {
                        "p25": 1975.45,
                        "p50": 1984.7333333333333,
                        "p75": 1991.5333333333333
                    }
                },
                "fps": {
                    "min": 31.0,
                    "average": 32.14942528735632,
                    "max": 45.0,
                    "percentiles": {
                        "p25": 31.0,
                        "p50": 31.0,
                        "p75": 32.0
                    }
                },
                "dropped_frames": {
                    "min": 15.0,
                    "average": 15.0,
                    "max": 15.0,
                    "percentiles": {
                        "p25": 15.0,
                        "p50": 15.0,
                        "p75": 15.0
                    }
                }
            }
        },
        "Hyprspace": {
            "status": "success",
            "data": {
                "bitrate_kbps": {
                    "min": 1909.1,
                    "average": 1988.5126436781609,
                    "max": 2015.8,
                    "percentiles": {
                        "p25": 1982.3666666666666,
                        "p50": 1989.9666666666667,
                        "p75": 1996.6166666666666
                    }
                },
                "fps": {
                    "min": 31.0,
                    "average": 32.13793103448276,
                    "max": 45.0,
                    "percentiles": {
                        "p25": 31.0,
                        "p50": 31.0,
                        "p75": 32.0
                    }
                },
                "dropped_frames": {
                    "min": 15.0,
                    "average": 15.0,
                    "max": 15.0,
                    "percentiles": {
                        "p25": 15.0,
                        "p50": 15.0,
                        "p75": 15.0
                    }
                }
            }
        },
        "Zerotier": {
            "status": "success",
            "data": {
                "bitrate_kbps": {
                    "min": 1902.1,
                    "average": 1988.4183908045977,
                    "max": 2013.6,
                    "percentiles": {
                        "p25": 1981.8666666666666,
                        "p50": 1989.6333333333334,
                        "p75": 1997.7333333333333
                    }
                },
                "fps": {
                    "min": 31.0,
                    "average": 32.13793103448276,
                    "max": 45.0,
                    "percentiles": {
                        "p25": 31.0,
                        "p50": 31.0,
                        "p75": 32.0
                    }
                },
                "dropped_frames": {
                    "min": 15.0,
                    "average": 15.0,
                    "max": 15.0,
                    "percentiles": {
                        "p25": 15.0,
                        "p50": 15.0,
                        "p75": 15.0
                    }
                }
            }
        },
        "VpnCloud": {
            "status": "success",
            "data": {
                "bitrate_kbps": {
                    "min": 1905.1,
                    "average": 1988.2862068965517,
                    "max": 2024.4,
                    "percentiles": {
                        "p25": 1981.45,
                        "p50": 1989.1,
                        "p75": 1997.0
                    }
                },
                "fps": {
                    "min": 31.0,
                    "average": 32.13793103448276,
                    "max": 45.0,
                    "percentiles": {
                        "p25": 31.0,
                        "p50": 31.0,
                        "p75": 32.0
                    }
                },
                "dropped_frames": {
                    "min": 15.0,
                    "average": 15.0,
                    "max": 15.0,
                    "percentiles": {
                        "p25": 15.0,
                        "p50": 15.0,
                        "p75": 15.0
                    }
                }
            }
        },
        "Nebula": {
            "status": "success",
            "data": {
                "bitrate_kbps": {
                    "min": 1898.0,
                    "average": 1987.4850574712643,
                    "max": 2011.9,
                    "percentiles": {
                        "p25": 1981.8833333333332,
                        "p50": 1989.3,
                        "p75": 1996.35
                    }
                },
                "fps": {
                    "min": 31.0,
                    "average": 32.13793103448276,
                    "max": 45.0,
                    "percentiles": {
                        "p25": 31.0,
                        "p50": 31.0,
                        "p75": 32.0
                    }
                },
                "dropped_frames": {
                    "min": 15.0,
                    "average": 15.0,
                    "max": 15.0,
                    "percentiles": {
                        "p25": 15.0,
                        "p50": 15.0,
                        "p75": 15.0
                    }
                }
            }
        },