{
  "status": "success",
  "data": {
    "Zerotier": {
      "status": "success",
      "data": {
        "bitrate_kbps": {
          "min": 1751.7,
          "average": 1946.5908045977012,
          "max": 1973.0,
          "percentiles": {
            "p25": 1942.6166666666666,
            "p50": 1961.3666666666666,
            "p75": 1966.6833333333334
          }
        },
        "fps": {
          "min": 31.0,
          "average": 32.13793103448276,
          "max": 45.0,
          "percentiles": {
            "p25": 31.0,
            "p50": 31.0,
            "p75": 32.0
          }
        },
        "dropped_frames": {
          "min": 14.0,
          "average": 14.666666666666666,
          "max": 15.0,
          "percentiles": {
            "p25": 14.666666666666666,
            "p50": 14.666666666666666,
            "p75": 14.666666666666666
          }
        }
      }
    },
    "Internal": {
      "status": "success",
      "data": {
        "bitrate_kbps": {
          "min": 1747.6,
          "average": 1945.010344827586,
          "max": 1973.5,
          "percentiles": {
            "p25": 1941.7166666666667,
            "p50": 1960.4333333333334,
            "p75": 1966.05
          }
        },
        "fps": {
          "min": 31.0,
          "average": 32.13793103448276,
          "max": 45.0,
          "percentiles": {
            "p25": 31.0,
            "p50": 31.0,
            "p75": 32.0
          }
        },
        "dropped_frames": {
          "min": 14.0,
          "average": 14.333333333333334,
          "max": 15.0,
          "percentiles": {
            "p25": 14.333333333333334,
            "p50": 14.333333333333334,
            "p75": 14.333333333333334
          }
        }
      }
    },
    "Hyprspace": {
      "status": "success",
      "data": {
        "bitrate_kbps": {
          "min": 1749.7,
          "average": 1946.503448275862,
          "max": 1976.3,
          "percentiles": {
            "p25": 1943.4333333333334,
            "p50": 1960.5,
            "p75": 1966.3333333333333
          }
        },
        "fps": {
          "min": 31.0,
          "average": 32.13793103448276,
          "max": 45.0,
          "percentiles": {
            "p25": 31.0,
            "p50": 31.0,
            "p75": 32.0
          }
        },
        "dropped_frames": {
          "min": 15.0,
          "average": 15.0,
          "max": 15.0,
          "percentiles": {
            "p25": 15.0,
            "p50": 15.0,
            "p75": 15.0
          }
        }
      }
    }
  }
}
