{
    "status": "success",
    "data": {
        "encoding": {
            "bitrate_kbps": {
                "min": 3301.8,
                "average": 3347.0068965517244,
                "max": 3494.7,
                "percentiles": {
                    "p25": 3319.8500000000004,
                    "p50": 3333.6,
                    "p75": 3356.2
                }
            },
            "fps": {
                "min": 31.0,
                "average": 32.13793103448276,
                "max": 45.0,
                "percentiles": {
                    "p25": 31.0,
                    "p50": 31.0,
                    "p75": 32.0
                }
            },
            "dropped_frames": {
                "min": 15.0,
                "average": 15.0,
                "max": 15.0,
                "percentiles": {
                    "p25": 15.0,
                    "p50": 15.0,
                    "p75": 15.0
                }
            }
        },
        "network": {
            "packets_dropped": {
                "min": 0.0,
                "average": 1790.1290322580646,
                "max": 55494.0,
                "percentiles": {
                    "p25": 0.0,
                    "p50": 0.0,
                    "p75": 0.0
                }
            },
            "packets_recovered": {
                "min": 0.0,
                "average": 129.48387096774192,
                "max": 274.0,
                "percentiles": {
                    "p25": 103.0,
                    "p50": 131.0,
                    "p75": 158.0
                }
            },
            "rtt_ms": {
                "min": 6.708662662600202,
                "average": 17.811496969742763,
                "max": 22.50635968215821,
                "percentiles": {
                    "p25": 16.16562042269475,
                    "p50": 18.91481165629445,
                    "p75": 20.25283864229923
                }
            },
            "quality": {
                "min": 64.0,
                "average": 72.16129032258064,
                "max": 100.0,
                "percentiles": {
                    "p25": 69.0,
                    "p50": 72.0,
                    "p75": 74.0
                }
            },
            "bitrate_bps": {
                "min": 0.0,
                "average": 3153530.7741935486,
                "max": 5113346.0,
                "percentiles": {
                    "p25": 2851194.0,
                    "p50": 3559569.0,
                    "p75": 3613596.0
                }
            }
        }
    },
    "meta": {
        "duration_seconds": 31.600903749465942,
        "test_attempts": 1,
        "vpn_restart_attempts": 0,
        "vpn_restart_duration_seconds": 1.8272697925567627,
        "connectivity_wait_duration_seconds": 5.4564361572265625,
        "source": "yuki",
        "target": "luna"
    }
}