{
  "status": "success",
  "data": {
    "total_bandwidth_mbps": {
      "min": 5.9307,
      "average": 6.64296,
      "max": 7.3979,
      "percentiles": {
        "p25": 6.404224999999999,
        "p50": 6.629249999999999,
        "p75": 6.8561250000000005
      }
    },
    "cpu_usage_percent": {
      "min": 10.71,
      "average": 16.825666666666667,
      "max": 41.38,
      "percentiles": {
        "p25": 13.48,
        "p50": 15.135000000000002,
        "p75": 17.58
      }
    },
    "ttfb_ms": {
      "min": 33.0,
      "average": 63.5,
      "max": 129.0,
      "percentiles": {
        "p25": 36.25,
        "p50": 46.0,
        "p75": 108.25
      }
    },
    "conn_time_ms": {
      "min": 25.0,
      "average": 49.25,
      "max": 104.0,
      "percentiles": {
        "p25": 25.75,
        "p50": 34.0,
        "p75": 88.0
      }
    }
  },
  "meta": {
    "duration_seconds": 31.687787532806396,
    "test_attempts": 1,
    "vpn_restart_attempts": 0
  }
}
