{
    "status": "success",
    "data": {
        "rtt_min_ms": {
            "min": 1.281,
            "average": 1.5226666666666666,
            "max": 1.903,
            "percentiles": {
                "p25": 1.281,
                "p50": 1.384,
                "p75": 1.903
            }
        },
        "rtt_avg_ms": {
            "min": 4.91,
            "average": 5.274,
            "max": 5.558,
            "percentiles": {
                "p25": 4.91,
                "p50": 5.354,
                "p75": 5.558
            }
        },
        "rtt_max_ms": {
            "min": 8.607,
            "average": 8.909333333333333,
            "max": 9.112,
            "percentiles": {
                "p25": 8.607,
                "p50": 9.009,
                "p75": 9.112
            }
        },
        "rtt_mdev_ms": {
            "min": 1.645,
            "average": 1.717,
            "max": 1.806,
            "percentiles": {
                "p25": 1.645,
                "p50": 1.7,
                "p75": 1.806
            }
        },
        "packet_loss_percent": {
            "min": 0.0,
            "average": 0.0,
            "max": 0.0,
            "percentiles": {
                "p25": 0.0,
                "p50": 0.0,
                "p75": 0.0
            }
        }
    },
    "meta": {
        "duration_seconds": 60.81373643875122,
        "test_attempts": 1,
        "vpn_restart_attempts": 0,
        "vpn_restart_duration_seconds": 1.8745405673980713,
        "connectivity_wait_duration_seconds": 3.86708664894104,
        "source": "luna",
        "target": "lom"
    }
}