{
    "status": "success",
    "data": {
        "encoding": {
            "bitrate_kbps": {
                "min": 3292.8,
                "average": 3345.8137931034485,
                "max": 3488.1,
                "percentiles": {
                    "p25": 3319.5,
                    "p50": 3333.7,
                    "p75": 3354.1000000000004
                }
            },
            "fps": {
                "min": 31.0,
                "average": 32.13793103448276,
                "max": 45.0,
                "percentiles": {
                    "p25": 31.0,
                    "p50": 31.0,
                    "p75": 32.0
                }
            },
            "dropped_frames": {
                "min": 15.0,
                "average": 15.0,
                "max": 15.0,
                "percentiles": {
                    "p25": 15.0,
                    "p50": 15.0,
                    "p75": 15.0
                }
            }
        },
        "network": {
            "packets_dropped": {
                "min": 0.0,
                "average": 1790.3225806451612,
                "max": 55500.0,
                "percentiles": {
                    "p25": 0.0,
                    "p50": 0.0,
                    "p75": 0.0
                }
            },
            "packets_recovered": {
                "min": 0.0,
                "average": 1.7419354838709677,
                "max": 16.0,
                "percentiles": {
                    "p25": 0.0,
                    "p50": 1.0,
                    "p75": 2.0
                }
            },
            "rtt_ms": {
                "min": 5.403375072497647,
                "average": 7.447842288615128,
                "max": 8.98232515523402,
                "percentiles": {
                    "p25": 6.76454833645986,
                    "p50": 7.59949802873922,
                    "p75": 8.08873255021517
                }
            },
            "quality": {
                "min": 95.0,
                "average": 99.2258064516129,
                "max": 100.0,
                "percentiles": {
                    "p25": 99.0,
                    "p50": 99.0,
                    "p75": 100.0
                }
            },
            "bitrate_bps": {
                "min": 0.0,
                "average": 3152698.9677419355,
                "max": 5148969.0,
                "percentiles": {
                    "p25": 2863101.0,
                    "p50": 3537193.0,
                    "p75": 3611894.0
                }
            }
        }
    },
    "meta": {
        "duration_seconds": 31.442748308181763,
        "test_attempts": 1,
        "vpn_restart_attempts": 0,
        "vpn_restart_duration_seconds": 1.5831592082977295,
        "connectivity_wait_duration_seconds": 3.929302215576172,
        "source": "luna",
        "target": "lom"
    }
}