{
  "status": "success",
  "data": {
    "rtt_min_ms": {
      "min": 51.394,
      "average": 51.644,
      "max": 52.042,
      "percentiles": {
        "p25": 51.394,
        "p50": 51.496,
        "p75": 52.042
      }
    },
    "rtt_avg_ms": {
      "min": 55.115,
      "average": 55.23566666666667,
      "max": 55.34,
      "percentiles": {
        "p25": 55.115,
        "p50": 55.252,
        "p75": 55.34
      }
    },
    "rtt_max_ms": {
      "min": 58.054,
      "average": 58.73266666666667,
      "max": 59.116,
      "percentiles": {
        "p25": 58.054,
        "p50": 59.028,
        "p75": 59.116
      }
    },
    "rtt_mdev_ms": {
      "min": 1.548,
      "average": 1.7426666666666666,
      "max": 1.95,
      "percentiles": {
        "p25": 1.548,
        "p50": 1.73,
        "p75": 1.95
      }
    },
    "packet_loss_percent": {
      "min": 0.0,
      "average": 0.0,
      "max": 0.0,
      "percentiles": {
        "p25": 0.0,
        "p50": 0.0,
        "p75": 0.0
      }
    }
  },
  "meta": {
    "duration_seconds": 60.92293643951416,
    "test_attempts": 1,
    "vpn_restart_attempts": 0,
    "vpn_restart_duration_seconds": 1.869185447692871,
    "connectivity_wait_duration_seconds": 70.16169810295105,
    "source": "lom",
    "target": "yuki"
  }
}
