{
    "status": "success",
    "data": {
        "rtt_min_ms": {
            "min": 1.403,
            "average": 1.6473333333333333,
            "max": 1.779,
            "percentiles": {
                "p25": 1.403,
                "p50": 1.76,
                "p75": 1.779
            }
        },
        "rtt_avg_ms": {
            "min": 5.129,
            "average": 5.226,
            "max": 5.321,
            "percentiles": {
                "p25": 5.129,
                "p50": 5.228,
                "p75": 5.321
            }
        },
        "rtt_max_ms": {
            "min": 8.61,
            "average": 8.923333333333334,
            "max": 9.171,
            "percentiles": {
                "p25": 8.61,
                "p50": 8.989,
                "p75": 9.171
            }
        },
        "rtt_mdev_ms": {
            "min": 1.671,
            "average": 1.7303333333333333,
            "max": 1.815,
            "percentiles": {
                "p25": 1.671,
                "p50": 1.705,
                "p75": 1.815
            }
        },
        "packet_loss_percent": {
            "min": 0.0,
            "average": 0.3333333333333333,
            "max": 1.0,
            "percentiles": {
                "p25": 0.0,
                "p50": 0.0,
                "p75": 1.0
            }
        }
    },
    "meta": {
        "duration_seconds": 61.067057609558105,
        "test_attempts": 1,
        "vpn_restart_attempts": 0,
        "vpn_restart_duration_seconds": 1.9672141075134277,
        "connectivity_wait_duration_seconds": 2.0374908447265625,
        "source": "luna",
        "target": "lom"
    }
}