{
  "status": "success",
  "data": {
    "encoding": {
      "bitrate_kbps": {
        "min": 3305.3,
        "average": 3340.6448275862067,
        "max": 3473.6,
        "percentiles": {
          "p25": 3316.0,
          "p50": 3330.2,
          "p75": 3347.15
        }
      },
      "fps": {
        "min": 31.0,
        "average": 32.13793103448276,
        "max": 45.0,
        "percentiles": {
          "p25": 31.0,
          "p50": 31.0,
          "p75": 32.0
        }
      },
      "dropped_frames": {
        "min": 15.0,
        "average": 15.0,
        "max": 15.0,
        "percentiles": {
          "p25": 15.0,
          "p50": 15.0,
          "p75": 15.0
        }
      }
    },
    "network": {
      "packets_dropped": {
        "min": 0.0,
        "average": 1.032258064516129,
        "max": 32.0,
        "percentiles": {
          "p25": 0.0,
          "p50": 0.0,
          "p75": 0.0
        }
      },
      "packets_recovered": {
        "min": 0.0,
        "average": 0.0,
        "max": 0.0,
        "percentiles": {
          "p25": 0.0,
          "p50": 0.0,
          "p75": 0.0
        }
      },
      "rtt_ms": {
        "min": 6.05041086462364,
        "average": 5034.023858770757,
        "max": 9870.06944488747,
        "percentiles": {
          "p25": 2874.6921958015046,
          "p50": 4985.338132400086,
          "p75": 7329.017230720283
        }
      },
      "quality": {
        "min": 87.0,
        "average": 99.58064516129032,
        "max": 100.0,
        "percentiles": {
          "p25": 100.0,
          "p50": 100.0,
          "p75": 100.0
        }
      },
      "bitrate_bps": {
        "min": 0.0,
        "average": 2123115.35483871,
        "max": 2773033.0,
        "percentiles": {
          "p25": 1853335.0,
          "p50": 2356510.0,
          "p75": 2578882.0
        }
      }
    }
  },
  "meta": {
    "duration_seconds": 31.74364972114563,
    "test_attempts": 1,
    "vpn_restart_attempts": 0,
    "vpn_restart_duration_seconds": 1.7465591430664062,
    "connectivity_wait_duration_seconds": 70.94729471206665,
    "source": "luna",
    "target": "lom"
  }
}
