{
  "status": "success",
  "data": {
    "rtt_min_ms": {
      "min": 1.059,
      "average": 1.54,
      "max": 1.975,
      "percentiles": {
        "p25": 1.059,
        "p50": 1.586,
        "p75": 1.975
      }
    },
    "rtt_avg_ms": {
      "min": 4.462,
      "average": 4.665,
      "max": 4.773,
      "percentiles": {
        "p25": 4.462,
        "p50": 4.76,
        "p75": 4.773
      }
    },
    "rtt_max_ms": {
      "min": 8.061,
      "average": 8.228333333333333,
      "max": 8.413,
      "percentiles": {
        "p25": 8.061,
        "p50": 8.211,
        "p75": 8.413
      }
    },
    "rtt_mdev_ms": {
      "min": 1.551,
      "average": 1.604,
      "max": 1.707,
      "percentiles": {
        "p25": 1.551,
        "p50": 1.554,
        "p75": 1.707
      }
    },
    "packet_loss_percent": {
      "min": 0.0,
      "average": 0.6666666666666666,
      "max": 2.0,
      "percentiles": {
        "p25": 0.0,
        "p50": 0.0,
        "p75": 2.0
      }
    }
  },
  "meta": {
    "duration_seconds": 60.822206258773804,
    "test_attempts": 1,
    "vpn_restart_attempts": 0
  }
}
