{
  "status": "success",
  "data": {
    "total_bandwidth_mbps": {
      "min": 130.47,
      "average": 143.79933333333332,
      "max": 156.84,
      "percentiles": {
        "p25": 140.03750000000002,
        "p50": 143.34,
        "p75": 147.1325
      }
    },
    "cpu_usage_percent": {
      "min": 1.16,
      "average": 4.727,
      "max": 8.91,
      "percentiles": {
        "p25": 4.17,
        "p50": 4.875,
        "p75": 5.26
      }
    },
    "ttfb_ms": {
      "min": 25.0,
      "average": 28.25,
      "max": 31.0,
      "percentiles": {
        "p25": 25.75,
        "p50": 28.5,
        "p75": 30.5
      }
    },
    "conn_time_ms": {
      "min": 20.0,
      "average": 24.0,
      "max": 26.0,
      "percentiles": {
        "p25": 21.25,
        "p50": 25.0,
        "p75": 25.75
      }
    }
  },
  "meta": {
    "duration_seconds": 32.191115856170654,
    "test_attempts": 1,
    "vpn_restart_attempts": 0
  }
}
