{
  "status": "success",
  "data": {
    "rtt_min_ms": {
      "min": 0.772,
      "average": 0.848,
      "max": 0.915,
      "percentiles": {
        "p25": 0.772,
        "p50": 0.857,
        "p75": 0.915
      }
    },
    "rtt_avg_ms": {
      "min": 1.214,
      "average": 1.2193333333333334,
      "max": 1.228,
      "percentiles": {
        "p25": 1.214,
        "p50": 1.216,
        "p75": 1.228
      }
    },
    "rtt_max_ms": {
      "min": 1.34,
      "average": 1.4273333333333333,
      "max": 1.533,
      "percentiles": {
        "p25": 1.34,
        "p50": 1.409,
        "p75": 1.533
      }
    },
    "rtt_mdev_ms": {
      "min": 0.076,
      "average": 0.08466666666666667,
      "max": 0.099,
      "percentiles": {
        "p25": 0.076,
        "p50": 0.079,
        "p75": 0.099
      }
    },
    "packet_loss_percent": {
      "min": 0.0,
      "average": 0.0,
      "max": 0.0,
      "percentiles": {
        "p25": 0.0,
        "p50": 0.0,
        "p75": 0.0
      }
    }
  },
  "meta": {
    "duration_seconds": 60.75377297401428,
    "test_attempts": 1,
    "vpn_restart_attempts": 0,
    "vpn_restart_duration_seconds": 1.7236127853393555,
    "connectivity_wait_duration_seconds": 1.7594356536865234,
    "source": "luna",
    "target": "lom"
  }
}
