{
    "status": "success",
    "data": {
        "rtt_min_ms": {
            "min": 0.953,
            "average": 1.0313333333333332,
            "max": 1.146,
            "percentiles": {
                "p25": 0.953,
                "p50": 0.995,
                "p75": 1.146
            }
        },
        "rtt_avg_ms": {
            "min": 15.623,
            "average": 15.922666666666666,
            "max": 16.476,
            "percentiles": {
                "p25": 15.623,
                "p50": 15.669,
                "p75": 16.476
            }
        },
        "rtt_max_ms": {
            "min": 34.815,
            "average": 38.19866666666667,
            "max": 40.602,
            "percentiles": {
                "p25": 34.815,
                "p50": 39.179,
                "p75": 40.602
            }
        },
        "rtt_mdev_ms": {
            "min": 9.029,
            "average": 9.776666666666667,
            "max": 10.513,
            "percentiles": {
                "p25": 9.029,
                "p50": 9.788,
                "p75": 10.513
            }
        },
        "packet_loss_percent": {
            "min": 6.0,
            "average": 7.0,
            "max": 8.0,
            "percentiles": {
                "p25": 6.0,
                "p50": 7.0,
                "p75": 8.0
            }
        }
    },
    "meta": {
        "duration_seconds": 61.9652795791626,
        "test_attempts": 1,
        "vpn_restart_attempts": 0,
        "vpn_restart_duration_seconds": 2.41977596282959,
        "connectivity_wait_duration_seconds": 4.632532596588135,
        "source": "lom",
        "target": "yuki"
    }
}