{
    "status": "success",
    "data": {
        "total_bandwidth_mbps": {
            "min": 37.486000000000004,
            "average": 39.0147,
            "max": 40.277,
            "percentiles": {
                "p25": 38.783500000000004,
                "p50": 39.075,
                "p75": 39.24625
            }
        },
        "cpu_usage_percent": {
            "min": 0.0,
            "average": 2.5807083333333334,
            "max": 7.22,
            "percentiles": {
                "p25": 2.02,
                "p50": 2.15,
                "p75": 3.03
            }
        },
        "ttfb_ms": {
            "min": 24.0,
            "average": 54.25,
            "max": 106.0,
            "percentiles": {
                "p25": 29.75,
                "p50": 46.0,
                "p75": 81.75
            }
        },
        "conn_time_ms": {
            "min": 20.0,
            "average": 38.5,
            "max": 81.0,
            "percentiles": {
                "p25": 21.75,
                "p50": 31.0,
                "p75": 50.0
            }
        }
    },
    "meta": {
        "duration_seconds": 31.790487051010132,
        "test_attempts": 1,
        "vpn_restart_attempts": 0,
        "vpn_restart_duration_seconds": 6.981226205825806,
        "connectivity_wait_duration_seconds": 4.337935447692871,
        "source": "yuki",
        "target": "luna"
    }
}