{
    "status": "success",
    "data": {
        "encoding": {
            "bitrate_kbps": {
                "min": 3304.8,
                "average": 3350.655172413793,
                "max": 3496.5,
                "percentiles": {
                    "p25": 3323.6499999999996,
                    "p50": 3336.5,
                    "p75": 3359.05
                }
            },
            "fps": {
                "min": 31.0,
                "average": 32.13793103448276,
                "max": 45.0,
                "percentiles": {
                    "p25": 31.0,
                    "p50": 31.0,
                    "p75": 32.0
                }
            },
            "dropped_frames": {
                "min": 15.0,
                "average": 15.0,
                "max": 15.0,
                "percentiles": {
                    "p25": 15.0,
                    "p50": 15.0,
                    "p75": 15.0
                }
            }
        },
        "network": {
            "packets_dropped": {
                "min": 0.0,
                "average": 1790.0967741935483,
                "max": 55493.0,
                "percentiles": {
                    "p25": 0.0,
                    "p50": 0.0,
                    "p75": 0.0
                }
            },
            "packets_recovered": {
                "min": 0.0,
                "average": 33.32258064516129,
                "max": 103.0,
                "percentiles": {
                    "p25": 25.0,
                    "p50": 28.0,
                    "p75": 41.0
                }
            },
            "rtt_ms": {
                "min": 6.844981783329185,
                "average": 12.855789121613816,
                "max": 14.711076418049313,
                "percentiles": {
                    "p25": 12.19630150825373,
                    "p50": 13.251982087406027,
                    "p75": 13.699075889290883
                }
            },
            "quality": {
                "min": 82.0,
                "average": 90.64516129032258,
                "max": 100.0,
                "percentiles": {
                    "p25": 89.0,
                    "p50": 91.0,
                    "p75": 93.0
                }
            },
            "bitrate_bps": {
                "min": 0.0,
                "average": 3156198.4838709678,
                "max": 5192095.0,
                "percentiles": {
                    "p25": 2873724.0,
                    "p50": 3544677.0,
                    "p75": 3601617.0
                }
            }
        }
    },
    "meta": {
        "duration_seconds": 31.482600688934326,
        "test_attempts": 1,
        "vpn_restart_attempts": 0,
        "vpn_restart_duration_seconds": 6.583245038986206,
        "connectivity_wait_duration_seconds": 2.2284224033355713,
        "source": "yuki",
        "target": "luna"
    }
}