{
    "status": "success",
    "data": {
        "encoding": {
            "bitrate_kbps": {
                "min": 3292.8,
                "average": 3335.9172413793103,
                "max": 3460.4,
                "percentiles": {
                    "p25": 3313.55,
                    "p50": 3325.2,
                    "p75": 3341.8500000000004
                }
            },
            "fps": {
                "min": 30.0,
                "average": 32.10344827586207,
                "max": 45.0,
                "percentiles": {
                    "p25": 31.0,
                    "p50": 31.0,
                    "p75": 32.0
                }
            },
            "dropped_frames": {
                "min": 15.0,
                "average": 15.0,
                "max": 15.0,
                "percentiles": {
                    "p25": 15.0,
                    "p50": 15.0,
                    "p75": 15.0
                }
            }
        },
        "network": {
            "packets_dropped": {
                "min": 0.0,
                "average": 0.0,
                "max": 0.0,
                "percentiles": {
                    "p25": 0.0,
                    "p50": 0.0,
                    "p75": 0.0
                }
            },
            "packets_recovered": {
                "min": 0.0,
                "average": 1.5666666666666667,
                "max": 7.0,
                "percentiles": {
                    "p25": 0.0,
                    "p50": 1.0,
                    "p75": 3.0
                }
            },
            "rtt_ms": {
                "min": 5.0,
                "average": 7.289213127248708,
                "max": 8.91198640175815,
                "percentiles": {
                    "p25": 6.663686422095908,
                    "p50": 7.3401754163652475,
                    "p75": 7.8707431934284955
                }
            },
            "quality": {
                "min": 98.0,
                "average": 99.13333333333334,
                "max": 100.0,
                "percentiles": {
                    "p25": 98.75,
                    "p50": 99.0,
                    "p75": 100.0
                }
            },
            "bitrate_bps": {
                "min": 0.0,
                "average": 3158815.8666666667,
                "max": 5060945.0,
                "percentiles": {
                    "p25": 2884086.25,
                    "p50": 3517647.0,
                    "p75": 3604184.0
                }
            }
        }
    },
    "meta": {
        "duration_seconds": 31.06014585494995,
        "test_attempts": 1,
        "vpn_restart_attempts": 0,
        "vpn_restart_duration_seconds": 0.0,
        "connectivity_wait_duration_seconds": 0.0,
        "source": "luna",
        "target": "lom"
    }
}