{
  "status": "success",
  "data": {
    "rtt_min_ms": {
      "min": 0.356,
      "average": 0.375,
      "max": 0.386,
      "percentiles": {
        "p25": 0.356,
        "p50": 0.383,
        "p75": 0.386
      }
    },
    "rtt_avg_ms": {
      "min": 0.524,
      "average": 0.5363333333333333,
      "max": 0.549,
      "percentiles": {
        "p25": 0.524,
        "p50": 0.536,
        "p75": 0.549
      }
    },
    "rtt_max_ms": {
      "min": 0.59,
      "average": 0.597,
      "max": 0.607,
      "percentiles": {
        "p25": 0.59,
        "p50": 0.594,
        "p75": 0.607
      }
    },
    "rtt_mdev_ms": {
      "min": 0.044,
      "average": 0.04633333333333333,
      "max": 0.05,
      "percentiles": {
        "p25": 0.044,
        "p50": 0.045,
        "p75": 0.05
      }
    },
    "packet_loss_percent": {
      "min": 0.0,
      "average": 0.0,
      "max": 0.0,
      "percentiles": {
        "p25": 0.0,
        "p50": 0.0,
        "p75": 0.0
      }
    }
  },
  "meta": {
    "duration_seconds": 62.86282706260681,
    "test_attempts": 1,
    "vpn_restart_attempts": 0,
    "source": "lom",
    "target": "yuki"
  }
}
