{
  "status": "success",
  "data": {
    "total_bandwidth_mbps": {
      "min": 877.6999999999999,
      "average": 881.6500000000001,
      "max": 882.1,
      "percentiles": {
        "p25": 881.7000000000002,
        "p50": 881.8,
        "p75": 881.9000000000001
      }
    },
    "cpu_usage_percent": {
      "min": 0.0,
      "average": 11.36825,
      "max": 18.18,
      "percentiles": {
        "p25": 10.2,
        "p50": 11.22,
        "p75": 12.37
      }
    },
    "ttfb_ms": {
      "min": 17.0,
      "average": 19.0,
      "max": 22.0,
      "percentiles": {
        "p25": 17.0,
        "p50": 19.5,
        "p75": 20.0
      }
    },
    "conn_time_ms": {
      "min": 16.0,
      "average": 18.25,
      "max": 21.0,
      "percentiles": {
        "p25": 16.0,
        "p50": 19.0,
        "p75": 19.75
      }
    }
  },
  "meta": {
    "duration_seconds": 31.57381510734558,
    "test_attempts": 1,
    "vpn_restart_attempts": 0,
    "source": "lom",
    "target": "yuki"
  }
}
