{
  "status": "success",
  "data": {
    "total_bandwidth_mbps": {
      "min": 1080.5,
      "average": 1218.0166666666667,
      "max": 1292.7,
      "percentiles": {
        "p25": 1178.975,
        "p50": 1234.3000000000002,
        "p75": 1253.0
      }
    },
    "cpu_usage_percent": {
      "min": 21.74,
      "average": 28.408916666666666,
      "max": 39.53,
      "percentiles": {
        "p25": 26.88,
        "p50": 28.26,
        "p75": 30.1575
      }
    },
    "ttfb_ms": {
      "min": 13.0,
      "average": 15.0,
      "max": 17.0,
      "percentiles": {
        "p25": 13.5,
        "p50": 15.0,
        "p75": 16.5
      }
    },
    "conn_time_ms": {
      "min": 12.0,
      "average": 13.5,
      "max": 15.0,
      "percentiles": {
        "p25": 12.25,
        "p50": 13.5,
        "p75": 14.75
      }
    }
  },
  "meta": {
    "duration_seconds": 31.231935501098633,
    "test_attempts": 1,
    "vpn_restart_attempts": 0
  }
}
