{
  "status": "success",
  "data": {
    "bitrate_kbps": {
      "min": 1912.1,
      "average": 1989.4137931034484,
      "max": 2014.5,
      "percentiles": {
        "p25": 1982.65,
        "p50": 1990.3,
        "p75": 1998.65
      }
    },
    "fps": {
      "min": 31.0,
      "average": 32.13793103448276,
      "max": 45.0,
      "percentiles": {
        "p25": 31.0,
        "p50": 31.0,
        "p75": 32.0
      }
    },
    "dropped_frames": {
      "min": 15.0,
      "average": 15.0,
      "max": 15.0,
      "percentiles": {
        "p25": 15.0,
        "p50": 15.0,
        "p75": 15.0
      }
    }
  },
  "meta": {
    "duration_seconds": 34.99005579948425,
    "test_attempts": 1,
    "vpn_restart_attempts": 0,
    "source": "lom",
    "target": "yuki"
  }
}
