{
  "status": "success",
  "data": {
    "bitrate_kbps": {
      "min": 1766.7,
      "average": 1947.7586206896551,
      "max": 1973.4,
      "percentiles": {
        "p25": 1944.5,
        "p50": 1961.7,
        "p75": 1967.75
      }
    },
    "fps": {
      "min": 31.0,
      "average": 32.13793103448276,
      "max": 45.0,
      "percentiles": {
        "p25": 31.0,
        "p50": 31.0,
        "p75": 32.0
      }
    },
    "dropped_frames": {
      "min": 15.0,
      "average": 15.0,
      "max": 15.0,
      "percentiles": {
        "p25": 15.0,
        "p50": 15.0,
        "p75": 15.0
      }
    }
  },
  "meta": {
    "duration_seconds": 32.13329195976257,
    "test_attempts": 1,
    "vpn_restart_attempts": 0
  }
}
