{
  "status": "success",
  "data": {
    "rtt_min_ms": {
      "min": 2.039,
      "average": 2.3666666666666667,
      "max": 2.631,
      "percentiles": {
        "p25": 2.039,
        "p50": 2.43,
        "p75": 2.631
      }
    },
    "rtt_avg_ms": {
      "min": 5.872,
      "average": 6.589,
      "max": 8.003,
      "percentiles": {
        "p25": 5.872,
        "p50": 5.892,
        "p75": 8.003
      }
    },
    "rtt_max_ms": {
      "min": 9.583,
      "average": 76.52966666666667,
      "max": 210.389,
      "percentiles": {
        "p25": 9.583,
        "p50": 9.617,
        "p75": 210.389
      }
    },
    "rtt_mdev_ms": {
      "min": 1.644,
      "average": 7.899666666666667,
      "max": 20.408,
      "percentiles": {
        "p25": 1.644,
        "p50": 1.647,
        "p75": 20.408
      }
    },
    "packet_loss_percent": {
      "min": 0.0,
      "average": 0.0,
      "max": 0.0,
      "percentiles": {
        "p25": 0.0,
        "p50": 0.0,
        "p75": 0.0
      }
    }
  },
  "meta": {
    "duration_seconds": 60.86861562728882,
    "test_attempts": 1,
    "vpn_restart_attempts": 0,
    "vpn_restart_duration_seconds": 1.8792901039123535,
    "connectivity_wait_duration_seconds": 70.04047465324402,
    "source": "luna",
    "target": "lom"
  }
}
