{
    "status": "success",
    "data": {
        "total_bandwidth_mbps": {
            "min": 12.4694,
            "average": 25.33761266666667,
            "max": 38.55583,
            "percentiles": {
                "p25": 19.3339,
                "p50": 24.11684,
                "p75": 29.86018
            }
        },
        "cpu_usage_percent": {
            "min": 0.0,
            "average": 5.256541353383459,
            "max": 11.22,
            "percentiles": {
                "p25": 3.03,
                "p50": 5.1,
                "p75": 7.14
            }
        },
        "ttfb_ms": {
            "min": 29.0,
            "average": 88.75,
            "max": 224.0,
            "percentiles": {
                "p25": 39.75,
                "p50": 64.5,
                "p75": 123.75
            }
        },
        "conn_time_ms": {
            "min": 15.0,
            "average": 31.25,
            "max": 71.0,
            "percentiles": {
                "p25": 18.25,
                "p50": 20.0,
                "p75": 45.25
            }
        }
    },
    "meta": {
        "duration_seconds": 169.0682656764984,
        "test_attempts": 1,
        "vpn_restart_attempts": 0,
        "vpn_restart_duration_seconds": 1.6494629383087158,
        "connectivity_wait_duration_seconds": 69.86760258674622,
        "source": "luna",
        "target": "lom"
    }
}