{
  "status": "success",
  "data": {
    "encoding": {
      "bitrate_kbps": {
        "min": 3304.8,
        "average": 3346.2724137931036,
        "max": 3499.4,
        "percentiles": {
          "p25": 3320.45,
          "p50": 3334.2,
          "p75": 3354.45
        }
      },
      "fps": {
        "min": 31.0,
        "average": 32.10344827586207,
        "max": 45.0,
        "percentiles": {
          "p25": 31.0,
          "p50": 31.0,
          "p75": 32.0
        }
      },
      "dropped_frames": {
        "min": 15.0,
        "average": 15.0,
        "max": 15.0,
        "percentiles": {
          "p25": 15.0,
          "p50": 15.0,
          "p75": 15.0
        }
      }
    },
    "network": {
      "packets_dropped": {
        "min": 0.0,
        "average": 1790.3225806451612,
        "max": 55500.0,
        "percentiles": {
          "p25": 0.0,
          "p50": 0.0,
          "p75": 0.0
        }
      },
      "packets_recovered": {
        "min": 0.0,
        "average": 0.0,
        "max": 0.0,
        "percentiles": {
          "p25": 0.0,
          "p50": 0.0,
          "p75": 0.0
        }
      },
      "rtt_ms": {
        "min": 4.189083612283866,
        "average": 4.897375998089647,
        "max": 5.60013755635375,
        "percentiles": {
          "p25": 4.694130187729033,
          "p50": 4.857068954196854,
          "p75": 5.04123311657575
        }
      },
      "quality": {
        "min": 100.0,
        "average": 100.0,
        "max": 100.0,
        "percentiles": {
          "p25": 100.0,
          "p50": 100.0,
          "p75": 100.0
        }
      },
      "bitrate_bps": {
        "min": 0.0,
        "average": 3171972.0322580645,
        "max": 5114895.0,
        "percentiles": {
          "p25": 2845961.0,
          "p50": 3532246.0,
          "p75": 3612987.0
        }
      }
    }
  },
  "meta": {
    "duration_seconds": 31.504966735839844,
    "test_attempts": 1,
    "vpn_restart_attempts": 0,
    "vpn_restart_duration_seconds": 3.041077136993408,
    "connectivity_wait_duration_seconds": 1.8037714958190918,
    "source": "lom",
    "target": "yuki"
  }
}
