{
    "status": "success",
    "data": {
        "rtt_min_ms": {
            "min": 1.392,
            "average": 1.8053333333333332,
            "max": 2.023,
            "percentiles": {
                "p25": 1.392,
                "p50": 2.001,
                "p75": 2.023
            }
        },
        "rtt_avg_ms": {
            "min": 5.017,
            "average": 7.435333333333333,
            "max": 9.822,
            "percentiles": {
                "p25": 5.017,
                "p50": 7.467,
                "p75": 9.822
            }
        },
        "rtt_max_ms": {
            "min": 8.577,
            "average": 146.86633333333333,
            "max": 217.485,
            "percentiles": {
                "p25": 8.577,
                "p50": 214.537,
                "p75": 217.485
            }
        },
        "rtt_mdev_ms": {
            "min": 1.523,
            "average": 17.284666666666666,
            "max": 29.45,
            "percentiles": {
                "p25": 1.523,
                "p50": 20.881,
                "p75": 29.45
            }
        },
        "packet_loss_percent": {
            "min": 0.0,
            "average": 0.0,
            "max": 0.0,
            "percentiles": {
                "p25": 0.0,
                "p50": 0.0,
                "p75": 0.0
            }
        }
    },
    "meta": {
        "duration_seconds": 61.04709196090698,
        "test_attempts": 1,
        "vpn_restart_attempts": 0,
        "vpn_restart_duration_seconds": 1.8499610424041748,
        "connectivity_wait_duration_seconds": 1.9215707778930664,
        "source": "luna",
        "target": "lom"
    }
}