{
  "status": "success",
  "data": {
    "rtt_min_ms": {
      "min": 1.367,
      "average": 1.6466666666666667,
      "max": 1.83,
      "percentiles": {
        "p25": 1.367,
        "p50": 1.743,
        "p75": 1.83
      }
    },
    "rtt_avg_ms": {
      "min": 5.405,
      "average": 6.249333333333333,
      "max": 7.789,
      "percentiles": {
        "p25": 5.405,
        "p50": 5.554,
        "p75": 7.789
      }
    },
    "rtt_max_ms": {
      "min": 8.71,
      "average": 77.72833333333332,
      "max": 215.105,
      "percentiles": {
        "p25": 8.71,
        "p50": 9.37,
        "p75": 215.105
      }
    },
    "rtt_mdev_ms": {
      "min": 1.564,
      "average": 8.015333333333333,
      "max": 20.912,
      "percentiles": {
        "p25": 1.564,
        "p50": 1.57,
        "p75": 20.912
      }
    },
    "packet_loss_percent": {
      "min": 0.0,
      "average": 0.0,
      "max": 0.0,
      "percentiles": {
        "p25": 0.0,
        "p50": 0.0,
        "p75": 0.0
      }
    }
  },
  "meta": {
    "duration_seconds": 61.00217270851135,
    "test_attempts": 1,
    "vpn_restart_attempts": 0,
    "vpn_restart_duration_seconds": 1.9668822288513184,
    "connectivity_wait_duration_seconds": 1.92997145652771,
    "source": "luna",
    "target": "lom"
  }
}
