{
    "status": "success",
    "data": {
        "rtt_min_ms": {
            "min": 1.528,
            "average": 1.7093333333333334,
            "max": 1.943,
            "percentiles": {
                "p25": 1.528,
                "p50": 1.657,
                "p75": 1.943
            }
        },
        "rtt_avg_ms": {
            "min": 5.265,
            "average": 6.7796666666666665,
            "max": 7.544,
            "percentiles": {
                "p25": 5.265,
                "p50": 7.53,
                "p75": 7.544
            }
        },
        "rtt_max_ms": {
            "min": 8.941,
            "average": 144.72533333333334,
            "max": 213.558,
            "percentiles": {
                "p25": 8.941,
                "p50": 211.677,
                "p75": 213.558
            }
        },
        "rtt_mdev_ms": {
            "min": 1.816,
            "average": 14.395666666666667,
            "max": 20.774,
            "percentiles": {
                "p25": 1.816,
                "p50": 20.597,
                "p75": 20.774
            }
        },
        "packet_loss_percent": {
            "min": 0.0,
            "average": 0.0,
            "max": 0.0,
            "percentiles": {
                "p25": 0.0,
                "p50": 0.0,
                "p75": 0.0
            }
        }
    },
    "meta": {
        "duration_seconds": 60.84906244277954,
        "test_attempts": 1,
        "vpn_restart_attempts": 0,
        "vpn_restart_duration_seconds": 1.7493009567260742,
        "connectivity_wait_duration_seconds": 1.971139669418335,
        "source": "luna",
        "target": "lom"
    }
}