{
  "status": "success",
  "data": {
    "total_bandwidth_mbps": {
      "min": 80.651,
      "average": 402.03770000000003,
      "max": 601.7199999999999,
      "percentiles": {
        "p25": 331.21999999999997,
        "p50": 407.22,
        "p75": 493.5625
      }
    },
    "cpu_usage_percent": {
      "min": 0.99,
      "average": 10.727833333333333,
      "max": 27.27,
      "percentiles": {
        "p25": 7.07,
        "p50": 10.2,
        "p75": 13.4
      }
    },
    "ttfb_ms": {
      "min": 19.0,
      "average": 27.5,
      "max": 32.0,
      "percentiles": {
        "p25": 25.25,
        "p50": 28.5,
        "p75": 30.75
      }
    },
    "conn_time_ms": {
      "min": 17.0,
      "average": 19.875,
      "max": 23.0,
      "percentiles": {
        "p25": 18.25,
        "p50": 19.5,
        "p75": 22.25
      }
    }
  },
  "meta": {
    "duration_seconds": 31.677258014678955,
    "test_attempts": 1,
    "vpn_restart_attempts": 0,
    "vpn_restart_duration_seconds": 2.0406336784362793,
    "connectivity_wait_duration_seconds": 1.907881259918213,
    "source": "luna",
    "target": "lom"
  }
}
