{
  "status": "success",
  "data": {
    "bitrate_kbps": {
      "min": 1769.7,
      "average": 1961.6379310344828,
      "max": 1987.5,
      "percentiles": {
        "p25": 1959.65,
        "p50": 1974.3,
        "p75": 1981.2
      }
    },
    "fps": {
      "min": 31.0,
      "average": 32.13793103448276,
      "max": 45.0,
      "percentiles": {
        "p25": 31.0,
        "p50": 31.0,
        "p75": 32.0
      }
    },
    "dropped_frames": {
      "min": 15.0,
      "average": 15.0,
      "max": 15.0,
      "percentiles": {
        "p25": 15.0,
        "p50": 15.0,
        "p75": 15.0
      }
    }
  },
  "meta": {
    "duration_seconds": 31.70282220840454,
    "test_attempts": 1,
    "vpn_restart_attempts": 0,
    "vpn_restart_duration_seconds": 2.0322821140289307,
    "connectivity_wait_duration_seconds": 1.9506182670593262,
    "source": "luna",
    "target": "lom"
  }
}
