{
  "status": "success",
  "data": {
    "rtt_min_ms": {
      "min": 0.95,
      "average": 1.0303333333333333,
      "max": 1.117,
      "percentiles": {
        "p25": 0.95,
        "p50": 1.024,
        "p75": 1.117
      }
    },
    "rtt_avg_ms": {
      "min": 1.288,
      "average": 1.3156666666666668,
      "max": 1.34,
      "percentiles": {
        "p25": 1.288,
        "p50": 1.319,
        "p75": 1.34
      }
    },
    "rtt_max_ms": {
      "min": 1.507,
      "average": 1.5596666666666665,
      "max": 1.651,
      "percentiles": {
        "p25": 1.507,
        "p50": 1.521,
        "p75": 1.651
      }
    },
    "rtt_mdev_ms": {
      "min": 0.086,
      "average": 0.09133333333333334,
      "max": 0.095,
      "percentiles": {
        "p25": 0.086,
        "p50": 0.093,
        "p75": 0.095
      }
    },
    "packet_loss_percent": {
      "min": 0.0,
      "average": 0.0,
      "max": 0.0,
      "percentiles": {
        "p25": 0.0,
        "p50": 0.0,
        "p75": 0.0
      }
    }
  },
  "meta": {
    "duration_seconds": 61.2261700630188,
    "test_attempts": 1,
    "vpn_restart_attempts": 0,
    "source": "yuki",
    "target": "luna"
  }
}
