{
    "status": "success",
    "data": {
        "total_bandwidth_mbps": {
            "min": 575.22,
            "average": 670.8266666666667,
            "max": 713.87,
            "percentiles": {
                "p25": 658.9525,
                "p50": 673.96,
                "p75": 686.5150000000001
            }
        },
        "cpu_usage_percent": {
            "min": 0.0,
            "average": 15.222958333333333,
            "max": 84.0,
            "percentiles": {
                "p25": 11.1375,
                "p50": 13.4,
                "p75": 16.33
            }
        },
        "ttfb_ms": {
            "min": 17.0,
            "average": 19.75,
            "max": 23.0,
            "percentiles": {
                "p25": 18.0,
                "p50": 19.5,
                "p75": 21.75
            }
        },
        "conn_time_ms": {
            "min": 15.0,
            "average": 18.5,
            "max": 21.0,
            "percentiles": {
                "p25": 17.0,
                "p50": 18.5,
                "p75": 20.75
            }
        }
    },
    "meta": {
        "duration_seconds": 31.518921852111816,
        "test_attempts": 1,
        "vpn_restart_attempts": 0,
        "source": "yuki",
        "target": "luna"
    }
}