{
  "status": "success",
  "data": {
    "encoding": {
      "bitrate_kbps": {
        "min": 3313.3,
        "average": 3354.6862068965515,
        "max": 3520.0,
        "percentiles": {
          "p25": 3327.1,
          "p50": 3337.7,
          "p75": 3365.0
        }
      },
      "fps": {
        "min": 31.0,
        "average": 32.13793103448276,
        "max": 45.0,
        "percentiles": {
          "p25": 31.0,
          "p50": 31.0,
          "p75": 32.0
        }
      },
      "dropped_frames": {
        "min": 15.0,
        "average": 15.0,
        "max": 15.0,
        "percentiles": {
          "p25": 15.0,
          "p50": 15.0,
          "p75": 15.0
        }
      }
    },
    "network": {
      "packets_dropped": {
        "min": 0.0,
        "average": 0.0,
        "max": 0.0,
        "percentiles": {
          "p25": 0.0,
          "p50": 0.0,
          "p75": 0.0
        }
      },
      "packets_recovered": {
        "min": 0.0,
        "average": 0.0,
        "max": 0.0,
        "percentiles": {
          "p25": 0.0,
          "p50": 0.0,
          "p75": 0.0
        }
      },
      "rtt_ms": {
        "min": 3.867910539242793,
        "average": 4.6420580162631015,
        "max": 5.30986093723188,
        "percentiles": {
          "p25": 4.345696195104642,
          "p50": 4.6269809814603935,
          "p75": 4.983744781973877
        }
      },
      "quality": {
        "min": 100.0,
        "average": 100.0,
        "max": 100.0,
        "percentiles": {
          "p25": 100.0,
          "p50": 100.0,
          "p75": 100.0
        }
      },
      "bitrate_bps": {
        "min": 0.0,
        "average": 3148566.3225806453,
        "max": 5203263.0,
        "percentiles": {
          "p25": 2863914.0,
          "p50": 3526880.0,
          "p75": 3588293.0
        }
      }
    }
  },
  "meta": {
    "duration_seconds": 32.311771631240845,
    "test_attempts": 1,
    "vpn_restart_attempts": 0,
    "vpn_restart_duration_seconds": 1.4734742641448975,
    "connectivity_wait_duration_seconds": 1.8097178936004639,
    "source": "yuki",
    "target": "luna"
  }
}
