{
    "status": "success",
    "data": {
        "bitrate_kbps": {
            "min": 1899.1,
            "average": 1986.4655172413793,
            "max": 2008.6,
            "percentiles": {
                "p25": 1980.9,
                "p50": 1988.5,
                "p75": 1996.0
            }
        },
        "fps": {
            "min": 31.0,
            "average": 32.13793103448276,
            "max": 45.0,
            "percentiles": {
                "p25": 31.0,
                "p50": 31.0,
                "p75": 32.0
            }
        },
        "dropped_frames": {
            "min": 15.0,
            "average": 15.0,
            "max": 15.0,
            "percentiles": {
                "p25": 15.0,
                "p50": 15.0,
                "p75": 15.0
            }
        }
    },
    "meta": {
        "duration_seconds": 32.033867835998535,
        "test_attempts": 1,
        "vpn_restart_attempts": 0,
        "source": "yuki",
        "target": "luna"
    }
}