{
    "status": "success",
    "data": {
        "rtt_min_ms": {
            "min": 0.844,
            "average": 0.8783333333333333,
            "max": 0.925,
            "percentiles": {
                "p25": 0.844,
                "p50": 0.866,
                "p75": 0.925
            }
        },
        "rtt_avg_ms": {
            "min": 16.027,
            "average": 16.564,
            "max": 17.475,
            "percentiles": {
                "p25": 16.027,
                "p50": 16.19,
                "p75": 17.475
            }
        },
        "rtt_max_ms": {
            "min": 38.411,
            "average": 39.74933333333333,
            "max": 42.148,
            "percentiles": {
                "p25": 38.411,
                "p50": 38.689,
                "p75": 42.148
            }
        },
        "rtt_mdev_ms": {
            "min": 9.678,
            "average": 10.321333333333333,
            "max": 11.007,
            "percentiles": {
                "p25": 9.678,
                "p50": 10.279,
                "p75": 11.007
            }
        },
        "packet_loss_percent": {
            "min": 4.0,
            "average": 4.333333333333333,
            "max": 5.0,
            "percentiles": {
                "p25": 4.0,
                "p50": 4.0,
                "p75": 5.0
            }
        }
    },
    "meta": {
        "duration_seconds": 61.626200914382935,
        "test_attempts": 1,
        "vpn_restart_attempts": 0,
        "vpn_restart_duration_seconds": 37.383041858673096,
        "connectivity_wait_duration_seconds": 5.2886998653411865,
        "source": "luna",
        "target": "lom"
    }
}