{
    "status": "success",
    "data": {
        "rtt_min_ms": {
            "min": 0.82,
            "average": 0.9093333333333333,
            "max": 0.989,
            "percentiles": {
                "p25": 0.82,
                "p50": 0.919,
                "p75": 0.989
            }
        },
        "rtt_avg_ms": {
            "min": 14.365,
            "average": 16.260333333333335,
            "max": 17.591,
            "percentiles": {
                "p25": 14.365,
                "p50": 16.825,
                "p75": 17.591
            }
        },
        "rtt_max_ms": {
            "min": 38.292,
            "average": 39.205333333333336,
            "max": 40.557,
            "percentiles": {
                "p25": 38.292,
                "p50": 38.767,
                "p75": 40.557
            }
        },
        "rtt_mdev_ms": {
            "min": 9.25,
            "average": 9.904666666666666,
            "max": 10.665,
            "percentiles": {
                "p25": 9.25,
                "p50": 9.799,
                "p75": 10.665
            }
        },
        "packet_loss_percent": {
            "min": 2.0,
            "average": 5.0,
            "max": 7.0,
            "percentiles": {
                "p25": 2.0,
                "p50": 6.0,
                "p75": 7.0
            }
        }
    },
    "meta": {
        "duration_seconds": 61.682398557662964,
        "test_attempts": 1,
        "vpn_restart_attempts": 0,
        "vpn_restart_duration_seconds": 36.6517608165741,
        "connectivity_wait_duration_seconds": 3.8987107276916504,
        "source": "luna",
        "target": "lom"
    }
}