{
  "status": "success",
  "data": {
    "rtt_min_ms": {
      "min": 0.841,
      "average": 0.864,
      "max": 0.902,
      "percentiles": {
        "p25": 0.841,
        "p50": 0.849,
        "p75": 0.902
      }
    },
    "rtt_avg_ms": {
      "min": 1.104,
      "average": 1.1213333333333333,
      "max": 1.132,
      "percentiles": {
        "p25": 1.104,
        "p50": 1.128,
        "p75": 1.132
      }
    },
    "rtt_max_ms": {
      "min": 1.233,
      "average": 1.2396666666666667,
      "max": 1.247,
      "percentiles": {
        "p25": 1.233,
        "p50": 1.239,
        "p75": 1.247
      }
    },
    "rtt_mdev_ms": {
      "min": 0.069,
      "average": 0.08,
      "max": 0.091,
      "percentiles": {
        "p25": 0.069,
        "p50": 0.08,
        "p75": 0.091
      }
    },
    "packet_loss_percent": {
      "min": 0.0,
      "average": 0.0,
      "max": 0.0,
      "percentiles": {
        "p25": 0.0,
        "p50": 0.0,
        "p75": 0.0
      }
    }
  },
  "meta": {
    "duration_seconds": 60.71608805656433,
    "test_attempts": 1,
    "vpn_restart_attempts": 0,
    "vpn_restart_duration_seconds": 1.7720813751220703,
    "connectivity_wait_duration_seconds": 3.8035659790039062,
    "source": "luna",
    "target": "lom"
  }
}
