{
  "status": "success",
  "data": {
    "encoding": {
      "bitrate_kbps": {
        "min": 3315.7,
        "average": 3354.2724137931036,
        "max": 3504.7,
        "percentiles": {
          "p25": 3327.65,
          "p50": 3339.5,
          "p75": 3365.1499999999996
        }
      },
      "fps": {
        "min": 30.0,
        "average": 32.10344827586207,
        "max": 45.0,
        "percentiles": {
          "p25": 31.0,
          "p50": 31.0,
          "p75": 32.0
        }
      },
      "dropped_frames": {
        "min": 15.0,
        "average": 15.0,
        "max": 15.0,
        "percentiles": {
          "p25": 15.0,
          "p50": 15.0,
          "p75": 15.0
        }
      }
    },
    "network": {
      "packets_dropped": {
        "min": 0.0,
        "average": 0.0,
        "max": 0.0,
        "percentiles": {
          "p25": 0.0,
          "p50": 0.0,
          "p75": 0.0
        }
      },
      "packets_recovered": {
        "min": 0.0,
        "average": 0.0,
        "max": 0.0,
        "percentiles": {
          "p25": 0.0,
          "p50": 0.0,
          "p75": 0.0
        }
      },
      "rtt_ms": {
        "min": 3.726428136700468,
        "average": 4.399040282911183,
        "max": 5.495600315438978,
        "percentiles": {
          "p25": 4.10179606735046,
          "p50": 4.456733544169257,
          "p75": 4.59200670226337
        }
      },
      "quality": {
        "min": 100.0,
        "average": 100.0,
        "max": 100.0,
        "percentiles": {
          "p25": 100.0,
          "p50": 100.0,
          "p75": 100.0
        }
      },
      "bitrate_bps": {
        "min": 0.0,
        "average": 3174529.419354839,
        "max": 5200953.0,
        "percentiles": {
          "p25": 2861206.0,
          "p50": 3547448.0,
          "p75": 3617263.0
        }
      }
    }
  },
  "meta": {
    "duration_seconds": 32.49925422668457,
    "test_attempts": 1,
    "vpn_restart_attempts": 0,
    "vpn_restart_duration_seconds": 1.5370051860809326,
    "connectivity_wait_duration_seconds": 3.7954235076904297,
    "source": "luna",
    "target": "lom"
  }
}
