{
  "status": "success",
  "data": {
    "rtt_min_ms": {
      "min": 0.512,
      "average": 0.5256666666666667,
      "max": 0.537,
      "percentiles": {
        "p25": 0.512,
        "p50": 0.528,
        "p75": 0.537
      }
    },
    "rtt_avg_ms": {
      "min": 8.779,
      "average": 9.294666666666666,
      "max": 9.683,
      "percentiles": {
        "p25": 8.779,
        "p50": 9.422,
        "p75": 9.683
      }
    },
    "rtt_max_ms": {
      "min": 18.899,
      "average": 20.607,
      "max": 21.578,
      "percentiles": {
        "p25": 18.899,
        "p50": 21.344,
        "p75": 21.578
      }
    },
    "rtt_mdev_ms": {
      "min": 4.637,
      "average": 4.918,
      "max": 5.096,
      "percentiles": {
        "p25": 4.637,
        "p50": 5.021,
        "p75": 5.096
      }
    },
    "packet_loss_percent": {
      "min": 1.0,
      "average": 2.0,
      "max": 3.0,
      "percentiles": {
        "p25": 1.0,
        "p50": 2.0,
        "p75": 3.0
      }
    }
  },
  "meta": {
    "duration_seconds": 61.221418619155884,
    "test_attempts": 1,
    "vpn_restart_attempts": 0
  }
}
