{
  "status": "success",
  "data": {
    "bitrate_kbps": {
      "min": 1747.6,
      "average": 1944.010344827586,
      "max": 1971.2,
      "percentiles": {
        "p25": 1941.45,
        "p50": 1959.7,
        "p75": 1965.3
      }
    },
    "fps": {
      "min": 31.0,
      "average": 32.13793103448276,
      "max": 45.0,
      "percentiles": {
        "p25": 31.0,
        "p50": 31.0,
        "p75": 32.0
      }
    },
    "dropped_frames": {
      "min": 14.0,
      "average": 14.0,
      "max": 14.0,
      "percentiles": {
        "p25": 14.0,
        "p50": 14.0,
        "p75": 14.0
      }
    }
  },
  "meta": {
    "duration_seconds": 122.23734211921692,
    "test_attempts": 1,
    "vpn_restart_attempts": 0
  }
}
