{
    "status": "success",
    "data": {
        "bitrate_kbps": {
            "min": 1916.1,
            "average": 1989.403448275862,
            "max": 2015.8,
            "percentiles": {
                "p25": 1984.5,
                "p50": 1990.5,
                "p75": 1996.25
            }
        },
        "fps": {
            "min": 31.0,
            "average": 32.13793103448276,
            "max": 45.0,
            "percentiles": {
                "p25": 31.0,
                "p50": 31.0,
                "p75": 32.0
            }
        },
        "dropped_frames": {
            "min": 15.0,
            "average": 15.0,
            "max": 15.0,
            "percentiles": {
                "p25": 15.0,
                "p50": 15.0,
                "p75": 15.0
            }
        }
    },
    "meta": {
        "duration_seconds": 31.560290336608887,
        "test_attempts": 1,
        "vpn_restart_attempts": 0,
        "vpn_restart_duration_seconds": 5.632103681564331,
        "connectivity_wait_duration_seconds": 4.704005002975464,
        "source": "yuki",
        "target": "luna"
    }
}