{
  "status": "success",
  "data": {
    "encoding": {
      "bitrate_kbps": {
        "min": 3308.8,
        "average": 3345.3241379310343,
        "max": 3491.9,
        "percentiles": {
          "p25": 3320.65,
          "p50": 3333.4,
          "p75": 3355.6000000000004
        }
      },
      "fps": {
        "min": 31.0,
        "average": 32.13793103448276,
        "max": 45.0,
        "percentiles": {
          "p25": 31.0,
          "p50": 31.0,
          "p75": 32.0
        }
      },
      "dropped_frames": {
        "min": 15.0,
        "average": 15.0,
        "max": 15.0,
        "percentiles": {
          "p25": 15.0,
          "p50": 15.0,
          "p75": 15.0
        }
      }
    },
    "network": {
      "packets_dropped": {
        "min": 0.0,
        "average": 288.06451612903226,
        "max": 377.0,
        "percentiles": {
          "p25": 258.0,
          "p50": 314.0,
          "p75": 328.0
        }
      },
      "packets_recovered": {
        "min": 0.0,
        "average": 0.22580645161290322,
        "max": 2.0,
        "percentiles": {
          "p25": 0.0,
          "p50": 0.0,
          "p75": 0.0
        }
      },
      "rtt_ms": {
        "min": 6.990160430801913,
        "average": 11.851079890568387,
        "max": 14.429315231059983,
        "percentiles": {
          "p25": 10.309624264866295,
          "p50": 11.97254097062911,
          "p75": 13.129949194021746
        }
      },
      "quality": {
        "min": 8.0,
        "average": 13.161290322580646,
        "max": 100.0,
        "percentiles": {
          "p25": 9.0,
          "p50": 10.0,
          "p75": 12.0
        }
      },
      "bitrate_bps": {
        "min": 0.0,
        "average": 149859.1935483871,
        "max": 256133.0,
        "percentiles": {
          "p25": 145889.0,
          "p50": 154300.0,
          "p75": 167886.0
        }
      }
    }
  },
  "meta": {
    "duration_seconds": 31.58297038078308,
    "test_attempts": 1,
    "vpn_restart_attempts": 0,
    "vpn_restart_duration_seconds": 5.247530937194824,
    "connectivity_wait_duration_seconds": 5.050441741943359,
    "source": "yuki",
    "target": "luna"
  }
}
