{
    "status": "success",
    "data": {
        "rtt_min_ms": {
            "min": 0.928,
            "average": 0.9793333333333334,
            "max": 1.046,
            "percentiles": {
                "p25": 0.928,
                "p50": 0.964,
                "p75": 1.046
            }
        },
        "rtt_avg_ms": {
            "min": 1.276,
            "average": 1.2973333333333332,
            "max": 1.319,
            "percentiles": {
                "p25": 1.276,
                "p50": 1.297,
                "p75": 1.319
            }
        },
        "rtt_max_ms": {
            "min": 1.425,
            "average": 2.6003333333333334,
            "max": 4.948,
            "percentiles": {
                "p25": 1.425,
                "p50": 1.428,
                "p75": 4.948
            }
        },
        "rtt_mdev_ms": {
            "min": 0.069,
            "average": 0.21033333333333332,
            "max": 0.484,
            "percentiles": {
                "p25": 0.069,
                "p50": 0.078,
                "p75": 0.484
            }
        },
        "packet_loss_percent": {
            "min": 0.0,
            "average": 0.0,
            "max": 0.0,
            "percentiles": {
                "p25": 0.0,
                "p50": 0.0,
                "p75": 0.0
            }
        }
    },
    "meta": {
        "duration_seconds": 60.74189066886902,
        "test_attempts": 1,
        "vpn_restart_attempts": 0,
        "vpn_restart_duration_seconds": 36.494155168533325,
        "connectivity_wait_duration_seconds": 2.121995210647583,
        "source": "yuki",
        "target": "luna"
    }
}