{
    "status": "success",
    "data": {
        "rtt_min_ms": {
            "min": 0.899,
            "average": 0.9393333333333334,
            "max": 0.975,
            "percentiles": {
                "p25": 0.899,
                "p50": 0.944,
                "p75": 0.975
            }
        },
        "rtt_avg_ms": {
            "min": 1.183,
            "average": 1.2163333333333333,
            "max": 1.267,
            "percentiles": {
                "p25": 1.183,
                "p50": 1.199,
                "p75": 1.267
            }
        },
        "rtt_max_ms": {
            "min": 1.319,
            "average": 2.5083333333333333,
            "max": 4.847,
            "percentiles": {
                "p25": 1.319,
                "p50": 1.359,
                "p75": 4.847
            }
        },
        "rtt_mdev_ms": {
            "min": 0.077,
            "average": 0.21300000000000002,
            "max": 0.467,
            "percentiles": {
                "p25": 0.077,
                "p50": 0.095,
                "p75": 0.467
            }
        },
        "packet_loss_percent": {
            "min": 0.0,
            "average": 0.0,
            "max": 0.0,
            "percentiles": {
                "p25": 0.0,
                "p50": 0.0,
                "p75": 0.0
            }
        }
    },
    "meta": {
        "duration_seconds": 60.69225335121155,
        "test_attempts": 1,
        "vpn_restart_attempts": 0,
        "source": "yuki",
        "target": "luna"
    }
}