{
    "status": "success",
    "data": {
        "total_bandwidth_mbps": {
            "min": 794.87,
            "average": 845.1106666666667,
            "max": 852.5799999999999,
            "percentiles": {
                "p25": 850.05,
                "p50": 851.1,
                "p75": 851.83
            }
        },
        "cpu_usage_percent": {
            "min": 0.0,
            "average": 14.505375,
            "max": 52.04,
            "percentiles": {
                "p25": 11.34,
                "p50": 14.504999999999999,
                "p75": 16.9575
            }
        },
        "ttfb_ms": {
            "min": 17.0,
            "average": 20.125,
            "max": 22.0,
            "percentiles": {
                "p25": 19.0,
                "p50": 20.5,
                "p75": 21.75
            }
        },
        "conn_time_ms": {
            "min": 16.0,
            "average": 19.125,
            "max": 22.0,
            "percentiles": {
                "p25": 17.25,
                "p50": 19.0,
                "p75": 21.5
            }
        }
    },
    "meta": {
        "duration_seconds": 31.309288501739502,
        "test_attempts": 1,
        "vpn_restart_attempts": 0,
        "vpn_restart_duration_seconds": 35.71012544631958,
        "connectivity_wait_duration_seconds": 2.084059000015259,
        "source": "yuki",
        "target": "luna"
    }
}