{
    "status": "success",
    "data": {
        "total_bandwidth_mbps": {
            "min": 752.6999999999999,
            "average": 826.5486666666667,
            "max": 852.7299999999999,
            "percentiles": {
                "p25": 784.6175,
                "p50": 849.8149999999999,
                "p75": 850.94
            }
        },
        "cpu_usage_percent": {
            "min": 3.03,
            "average": 13.953291666666667,
            "max": 27.55,
            "percentiles": {
                "p25": 10.125,
                "p50": 14.43,
                "p75": 17.53
            }
        },
        "ttfb_ms": {
            "min": 17.0,
            "average": 20.5,
            "max": 22.0,
            "percentiles": {
                "p25": 19.25,
                "p50": 21.0,
                "p75": 22.0
            }
        },
        "conn_time_ms": {
            "min": 16.0,
            "average": 19.5,
            "max": 22.0,
            "percentiles": {
                "p25": 18.25,
                "p50": 19.5,
                "p75": 21.5
            }
        }
    },
    "meta": {
        "duration_seconds": 31.338605403900146,
        "test_attempts": 1,
        "vpn_restart_attempts": 0,
        "source": "yuki",
        "target": "luna"
    }
}