{
    "status": "success",
    "data": {
        "encoding": {
            "bitrate_kbps": {
                "min": 3313.9,
                "average": 3350.9137931034484,
                "max": 3501.3,
                "percentiles": {
                    "p25": 3322.8,
                    "p50": 3336.5,
                    "p75": 3359.3500000000004
                }
            },
            "fps": {
                "min": 31.0,
                "average": 32.13793103448276,
                "max": 45.0,
                "percentiles": {
                    "p25": 31.0,
                    "p50": 31.0,
                    "p75": 32.0
                }
            },
            "dropped_frames": {
                "min": 15.0,
                "average": 15.0,
                "max": 15.0,
                "percentiles": {
                    "p25": 15.0,
                    "p50": 15.0,
                    "p75": 15.0
                }
            }
        },
        "network": {
            "packets_dropped": {
                "min": 0.0,
                "average": 0.0,
                "max": 0.0,
                "percentiles": {
                    "p25": 0.0,
                    "p50": 0.0,
                    "p75": 0.0
                }
            },
            "packets_recovered": {
                "min": 0.0,
                "average": 0.0,
                "max": 0.0,
                "percentiles": {
                    "p25": 0.0,
                    "p50": 0.0,
                    "p75": 0.0
                }
            },
            "rtt_ms": {
                "min": 5.57918969458904,
                "average": 9.11105756590101,
                "max": 23.497659848143186,
                "percentiles": {
                    "p25": 7.7269942935533615,
                    "p50": 8.153552343941175,
                    "p75": 9.16196311869218
                }
            },
            "quality": {
                "min": 100.0,
                "average": 100.0,
                "max": 100.0,
                "percentiles": {
                    "p25": 100.0,
                    "p50": 100.0,
                    "p75": 100.0
                }
            },
            "bitrate_bps": {
                "min": 0.0,
                "average": 3152636.870967742,
                "max": 5170816.0,
                "percentiles": {
                    "p25": 2847685.0,
                    "p50": 3561881.0,
                    "p75": 3590736.0
                }
            }
        }
    },
    "meta": {
        "duration_seconds": 31.45496368408203,
        "test_attempts": 1,
        "vpn_restart_attempts": 0,
        "vpn_restart_duration_seconds": 1.6158826351165771,
        "connectivity_wait_duration_seconds": 1.9557271003723145,
        "source": "yuki",
        "target": "luna"
    }
}