{
  "status": "success",
  "data": {
    "rtt_min_ms": {
      "min": 1.208,
      "average": 1.5376666666666665,
      "max": 2.058,
      "percentiles": {
        "p25": 1.208,
        "p50": 1.347,
        "p75": 2.058
      }
    },
    "rtt_avg_ms": {
      "min": 4.758,
      "average": 4.9526666666666666,
      "max": 5.055,
      "percentiles": {
        "p25": 4.758,
        "p50": 5.045,
        "p75": 5.055
      }
    },
    "rtt_max_ms": {
      "min": 8.534,
      "average": 8.852666666666668,
      "max": 9.189,
      "percentiles": {
        "p25": 8.534,
        "p50": 8.835,
        "p75": 9.189
      }
    },
    "rtt_mdev_ms": {
      "min": 1.527,
      "average": 1.5673333333333332,
      "max": 1.603,
      "percentiles": {
        "p25": 1.527,
        "p50": 1.572,
        "p75": 1.603
      }
    },
    "packet_loss_percent": {
      "min": 0.0,
      "average": 0.6666666666666666,
      "max": 2.0,
      "percentiles": {
        "p25": 0.0,
        "p50": 0.0,
        "p75": 2.0
      }
    }
  },
  "meta": {
    "duration_seconds": 60.8390793800354,
    "test_attempts": 1,
    "vpn_restart_attempts": 0
  }
}
