{
  "status": "success",
  "data": {
    "total_bandwidth_mbps": {
      "min": 44.03,
      "average": 46.282333333333334,
      "max": 48.25,
      "percentiles": {
        "p25": 45.265,
        "p50": 46.505,
        "p75": 46.9325
      }
    },
    "cpu_usage_percent": {
      "min": 5.32,
      "average": 11.710083333333333,
      "max": 22.83,
      "percentiles": {
        "p25": 9.18,
        "p50": 10.615,
        "p75": 14.25
      }
    },
    "ttfb_ms": {
      "min": 28.0,
      "average": 40.75,
      "max": 57.0,
      "percentiles": {
        "p25": 28.0,
        "p50": 39.0,
        "p75": 55.25
      }
    },
    "conn_time_ms": {
      "min": 26.0,
      "average": 37.75,
      "max": 53.0,
      "percentiles": {
        "p25": 26.0,
        "p50": 36.0,
        "p75": 51.25
      }
    }
  },
  "meta": {
    "duration_seconds": 31.394227743148804,
    "test_attempts": 1,
    "vpn_restart_attempts": 0
  }
}
