{
  "status": "success",
  "data": {
    "total_bandwidth_mbps": {
      "min": 63.412000000000006,
      "average": 71.22773333333333,
      "max": 81.383,
      "percentiles": {
        "p25": 67.941,
        "p50": 71.56550000000001,
        "p75": 74.3605
      }
    },
    "cpu_usage_percent": {
      "min": 0.0,
      "average": 3.2350833333333333,
      "max": 8.0,
      "percentiles": {
        "p25": 2.04,
        "p50": 3.03,
        "p75": 4.04
      }
    },
    "ttfb_ms": {
      "min": 31.0,
      "average": 70.75,
      "max": 211.0,
      "percentiles": {
        "p25": 38.75,
        "p50": 50.0,
        "p75": 75.25
      }
    },
    "conn_time_ms": {
      "min": 23.0,
      "average": 58.375,
      "max": 210.0,
      "percentiles": {
        "p25": 25.25,
        "p50": 39.5,
        "p75": 53.0
      }
    }
  },
  "meta": {
    "duration_seconds": 34.36508297920227,
    "test_attempts": 1,
    "vpn_restart_attempts": 0,
    "vpn_restart_duration_seconds": 0.0,
    "connectivity_wait_duration_seconds": 0.0,
    "source": "lom",
    "target": "yuki"
  }
}
