{
  "status": "success",
  "data": {
    "rtt_min_ms": {
      "min": 0.921,
      "average": 0.9696666666666667,
      "max": 1.014,
      "percentiles": {
        "p25": 0.921,
        "p50": 0.974,
        "p75": 1.014
      }
    },
    "rtt_avg_ms": {
      "min": 9.118,
      "average": 9.532,
      "max": 10.159,
      "percentiles": {
        "p25": 9.118,
        "p50": 9.319,
        "p75": 10.159
      }
    },
    "rtt_max_ms": {
      "min": 20.902,
      "average": 22.317666666666668,
      "max": 23.234,
      "percentiles": {
        "p25": 20.902,
        "p50": 22.817,
        "p75": 23.234
      }
    },
    "rtt_mdev_ms": {
      "min": 5.106,
      "average": 5.190333333333333,
      "max": 5.336,
      "percentiles": {
        "p25": 5.106,
        "p50": 5.129,
        "p75": 5.336
      }
    },
    "packet_loss_percent": {
      "min": 0.0,
      "average": 3.3333333333333335,
      "max": 6.0,
      "percentiles": {
        "p25": 0.0,
        "p50": 4.0,
        "p75": 6.0
      }
    }
  },
  "meta": {
    "duration_seconds": 61.254826068878174,
    "test_attempts": 1,
    "vpn_restart_attempts": 0,
    "vpn_restart_duration_seconds": 0.0,
    "connectivity_wait_duration_seconds": 0.0,
    "source": "lom",
    "target": "yuki"
  }
}
