{
  "status": "success",
  "data": {
    "encoding": {
      "bitrate_kbps": {
        "min": 3306.8,
        "average": 3350.2241379310344,
        "max": 3494.7,
        "percentiles": {
          "p25": 3323.3,
          "p50": 3338.3,
          "p75": 3358.6000000000004
        }
      },
      "fps": {
        "min": 30.0,
        "average": 32.10344827586207,
        "max": 45.0,
        "percentiles": {
          "p25": 31.0,
          "p50": 31.0,
          "p75": 32.0
        }
      },
      "dropped_frames": {
        "min": 15.0,
        "average": 15.0,
        "max": 15.0,
        "percentiles": {
          "p25": 15.0,
          "p50": 15.0,
          "p75": 15.0
        }
      }
    },
    "network": {
      "packets_dropped": {
        "min": 0.0,
        "average": 0.0,
        "max": 0.0,
        "percentiles": {
          "p25": 0.0,
          "p50": 0.0,
          "p75": 0.0
        }
      },
      "packets_recovered": {
        "min": 0.0,
        "average": 36.96774193548387,
        "max": 121.0,
        "percentiles": {
          "p25": 26.0,
          "p50": 31.0,
          "p75": 46.0
        }
      },
      "rtt_ms": {
        "min": 5.60250331958313,
        "average": 12.20668700432465,
        "max": 15.53142506682822,
        "percentiles": {
          "p25": 11.245937279611228,
          "p50": 12.530977770027103,
          "p75": 13.353139936814415
        }
      },
      "quality": {
        "min": 80.0,
        "average": 89.80645161290323,
        "max": 100.0,
        "percentiles": {
          "p25": 87.0,
          "p50": 90.0,
          "p75": 93.0
        }
      },
      "bitrate_bps": {
        "min": 0.0,
        "average": 3158440.7741935486,
        "max": 5176802.0,
        "percentiles": {
          "p25": 2859501.0,
          "p50": 3551554.0,
          "p75": 3610090.0
        }
      }
    }
  },
  "meta": {
    "duration_seconds": 31.516624689102173,
    "test_attempts": 1,
    "vpn_restart_attempts": 0,
    "vpn_restart_duration_seconds": 0.0,
    "connectivity_wait_duration_seconds": 0.0,
    "source": "lom",
    "target": "yuki"
  }
}
