{
  "status": "success",
  "data": {
    "rtt_min_ms": {
      "min": 2.008,
      "average": 2.1536666666666666,
      "max": 2.25,
      "percentiles": {
        "p25": 2.008,
        "p50": 2.203,
        "p75": 2.25
      }
    },
    "rtt_avg_ms": {
      "min": 5.358,
      "average": 5.502,
      "max": 5.66,
      "percentiles": {
        "p25": 5.358,
        "p50": 5.488,
        "p75": 5.66
      }
    },
    "rtt_max_ms": {
      "min": 8.945,
      "average": 9.056,
      "max": 9.165,
      "percentiles": {
        "p25": 8.945,
        "p50": 9.058,
        "p75": 9.165
      }
    },
    "rtt_mdev_ms": {
      "min": 1.582,
      "average": 1.6386666666666667,
      "max": 1.696,
      "percentiles": {
        "p25": 1.582,
        "p50": 1.638,
        "p75": 1.696
      }
    },
    "packet_loss_percent": {
      "min": 0.0,
      "average": 1.0,
      "max": 2.0,
      "percentiles": {
        "p25": 0.0,
        "p50": 1.0,
        "p75": 2.0
      }
    }
  },
  "meta": {
    "duration_seconds": 61.187185764312744,
    "test_attempts": 1,
    "vpn_restart_attempts": 0,
    "vpn_restart_duration_seconds": 37.206114768981934,
    "connectivity_wait_duration_seconds": 2.1792588233947754,
    "source": "yuki",
    "target": "luna"
  }
}
