{
    "status": "success",
    "data": {
        "rtt_min_ms": {
            "min": 1.042,
            "average": 1.202,
            "max": 1.329,
            "percentiles": {
                "p25": 1.042,
                "p50": 1.235,
                "p75": 1.329
            }
        },
        "rtt_avg_ms": {
            "min": 14.388,
            "average": 15.179,
            "max": 16.471,
            "percentiles": {
                "p25": 14.388,
                "p50": 14.678,
                "p75": 16.471
            }
        },
        "rtt_max_ms": {
            "min": 31.685,
            "average": 38.103,
            "max": 42.372,
            "percentiles": {
                "p25": 31.685,
                "p50": 40.252,
                "p75": 42.372
            }
        },
        "rtt_mdev_ms": {
            "min": 8.477,
            "average": 9.217333333333332,
            "max": 9.76,
            "percentiles": {
                "p25": 8.477,
                "p50": 9.415,
                "p75": 9.76
            }
        },
        "packet_loss_percent": {
            "min": 3.0,
            "average": 3.6666666666666665,
            "max": 5.0,
            "percentiles": {
                "p25": 3.0,
                "p50": 3.0,
                "p75": 5.0
            }
        }
    },
    "meta": {
        "duration_seconds": 61.857078313827515,
        "test_attempts": 1,
        "vpn_restart_attempts": 0,
        "vpn_restart_duration_seconds": 2.3517861366271973,
        "connectivity_wait_duration_seconds": 5.021316289901733,
        "source": "yuki",
        "target": "luna"
    }
}