{
    "status": "success",
    "data": {
        "total_bandwidth_mbps": {
            "min": 21.55,
            "average": 23.267566666666667,
            "max": 24.402,
            "percentiles": {
                "p25": 22.841,
                "p50": 23.528,
                "p75": 23.8345
            }
        },
        "cpu_usage_percent": {
            "min": 0.0,
            "average": 2.986291666666667,
            "max": 21.65,
            "percentiles": {
                "p25": 2.0,
                "p50": 2.02,
                "p75": 4.0
            }
        },
        "ttfb_ms": {
            "min": 37.0,
            "average": 89.125,
            "max": 168.0,
            "percentiles": {
                "p25": 44.25,
                "p50": 86.0,
                "p75": 131.25
            }
        },
        "conn_time_ms": {
            "min": 27.0,
            "average": 66.125,
            "max": 140.0,
            "percentiles": {
                "p25": 33.5,
                "p50": 63.0,
                "p75": 84.0
            }
        }
    },
    "meta": {
        "duration_seconds": 32.8589985370636,
        "test_attempts": 1,
        "vpn_restart_attempts": 0,
        "vpn_restart_duration_seconds": 3.145451068878174,
        "connectivity_wait_duration_seconds": 5.516601800918579,
        "source": "yuki",
        "target": "luna"
    }
}