{
  "status": "success",
  "data": {
    "encoding": {
      "bitrate_kbps": {
        "min": 3311.4,
        "average": 3350.406896551724,
        "max": 3505.5,
        "percentiles": {
          "p25": 3322.05,
          "p50": 3335.3,
          "p75": 3360.05
        }
      },
      "fps": {
        "min": 31.0,
        "average": 32.13793103448276,
        "max": 45.0,
        "percentiles": {
          "p25": 31.0,
          "p50": 31.0,
          "p75": 32.0
        }
      },
      "dropped_frames": {
        "min": 15.0,
        "average": 15.0,
        "max": 15.0,
        "percentiles": {
          "p25": 15.0,
          "p50": 15.0,
          "p75": 15.0
        }
      }
    },
    "network": {
      "packets_dropped": {
        "min": 0.0,
        "average": 1790.032258064516,
        "max": 55491.0,
        "percentiles": {
          "p25": 0.0,
          "p50": 0.0,
          "p75": 0.0
        }
      },
      "packets_recovered": {
        "min": 0.0,
        "average": 85.35483870967742,
        "max": 173.0,
        "percentiles": {
          "p25": 69.0,
          "p50": 86.0,
          "p75": 100.0
        }
      },
      "rtt_ms": {
        "min": 5.532824961169667,
        "average": 18.138177459578213,
        "max": 22.667656381294663,
        "percentiles": {
          "p25": 16.697177679130014,
          "p50": 18.58841802509775,
          "p75": 20.81628514258666
        }
      },
      "quality": {
        "min": 71.0,
        "average": 79.7741935483871,
        "max": 100.0,
        "percentiles": {
          "p25": 77.0,
          "p50": 79.0,
          "p75": 82.0
        }
      },
      "bitrate_bps": {
        "min": 0.0,
        "average": 3155640.935483871,
        "max": 5197586.0,
        "percentiles": {
          "p25": 2863264.0,
          "p50": 3549714.0,
          "p75": 3606055.0
        }
      }
    }
  },
  "meta": {
    "duration_seconds": 31.7454993724823,
    "test_attempts": 1,
    "vpn_restart_attempts": 0,
    "vpn_restart_duration_seconds": 1.7856597900390625,
    "connectivity_wait_duration_seconds": 4.519443035125732,
    "source": "yuki",
    "target": "luna"
  }
}
