{
  "status": "success",
  "data": {
    "total_bandwidth_mbps": {
      "min": 20.968,
      "average": 23.061933333333332,
      "max": 24.078999999999997,
      "percentiles": {
        "p25": 22.624,
        "p50": 23.188000000000002,
        "p75": 23.57175
      }
    },
    "cpu_usage_percent": {
      "min": 0.0,
      "average": 3.681125,
      "max": 16.33,
      "percentiles": {
        "p25": 2.0,
        "p50": 3.03,
        "p75": 5.0375
      }
    },
    "ttfb_ms": {
      "min": 38.0,
      "average": 155.75,
      "max": 515.0,
      "percentiles": {
        "p25": 58.25,
        "p50": 97.0,
        "p75": 213.5
      }
    },
    "conn_time_ms": {
      "min": 31.0,
      "average": 146.5,
      "max": 503.0,
      "percentiles": {
        "p25": 45.5,
        "p50": 89.5,
        "p75": 199.75
      }
    }
  },
  "meta": {
    "duration_seconds": 33.87119269371033,
    "test_attempts": 1,
    "vpn_restart_attempts": 0,
    "vpn_restart_duration_seconds": 6.063232421875,
    "connectivity_wait_duration_seconds": 4.373878479003906,
    "source": "luna",
    "target": "lom"
  }
}
