{
    "status": "success",
    "data": {
        "rtt_min_ms": {
            "min": 0.795,
            "average": 0.8223333333333334,
            "max": 0.842,
            "percentiles": {
                "p25": 0.795,
                "p50": 0.83,
                "p75": 0.842
            }
        },
        "rtt_avg_ms": {
            "min": 1.053,
            "average": 1.0666666666666667,
            "max": 1.076,
            "percentiles": {
                "p25": 1.053,
                "p50": 1.071,
                "p75": 1.076
            }
        },
        "rtt_max_ms": {
            "min": 1.153,
            "average": 3.3743333333333334,
            "max": 5.151,
            "percentiles": {
                "p25": 1.153,
                "p50": 3.819,
                "p75": 5.151
            }
        },
        "rtt_mdev_ms": {
            "min": 0.061,
            "average": 0.2523333333333333,
            "max": 0.414,
            "percentiles": {
                "p25": 0.061,
                "p50": 0.282,
                "p75": 0.414
            }
        },
        "packet_loss_percent": {
            "min": 0.0,
            "average": 0.0,
            "max": 0.0,
            "percentiles": {
                "p25": 0.0,
                "p50": 0.0,
                "p75": 0.0
            }
        }
    },
    "meta": {
        "duration_seconds": 60.66554069519043,
        "test_attempts": 1,
        "vpn_restart_attempts": 0,
        "source": "luna",
        "target": "lom"
    }
}