{
    "status": "success",
    "data": {
        "total_bandwidth_mbps": {
            "min": 796.96,
            "average": 838.3056666666666,
            "max": 855.6600000000001,
            "percentiles": {
                "p25": 817.9625,
                "p50": 847.7,
                "p75": 854.755
            }
        },
        "cpu_usage_percent": {
            "min": 2.0,
            "average": 15.171625,
            "max": 62.63,
            "percentiles": {
                "p25": 10.5925,
                "p50": 14.585,
                "p75": 18.7025
            }
        },
        "ttfb_ms": {
            "min": 15.0,
            "average": 16.625,
            "max": 19.0,
            "percentiles": {
                "p25": 15.25,
                "p50": 16.5,
                "p75": 17.75
            }
        },
        "conn_time_ms": {
            "min": 13.0,
            "average": 15.375,
            "max": 18.0,
            "percentiles": {
                "p25": 14.25,
                "p50": 15.0,
                "p75": 16.75
            }
        }
    },
    "meta": {
        "duration_seconds": 31.28377914428711,
        "test_attempts": 1,
        "vpn_restart_attempts": 0,
        "source": "luna",
        "target": "lom"
    }
}