{
  "status": "success",
  "data": {
    "encoding": {
      "bitrate_kbps": {
        "min": 3304.8,
        "average": 3348.658620689655,
        "max": 3497.1,
        "percentiles": {
          "p25": 3320.8,
          "p50": 3334.4,
          "p75": 3358.05
        }
      },
      "fps": {
        "min": 31.0,
        "average": 32.13793103448276,
        "max": 45.0,
        "percentiles": {
          "p25": 31.0,
          "p50": 31.0,
          "p75": 32.0
        }
      },
      "dropped_frames": {
        "min": 15.0,
        "average": 15.0,
        "max": 15.0,
        "percentiles": {
          "p25": 15.0,
          "p50": 15.0,
          "p75": 15.0
        }
      }
    },
    "network": {
      "packets_dropped": {
        "min": 0.0,
        "average": 1790.3225806451612,
        "max": 55500.0,
        "percentiles": {
          "p25": 0.0,
          "p50": 0.0,
          "p75": 0.0
        }
      },
      "packets_recovered": {
        "min": 0.0,
        "average": 41.70967741935484,
        "max": 102.0,
        "percentiles": {
          "p25": 34.0,
          "p50": 39.0,
          "p75": 49.0
        }
      },
      "rtt_ms": {
        "min": 6.383473871859784,
        "average": 11.297970462268827,
        "max": 13.40216994100304,
        "percentiles": {
          "p25": 10.54065493984005,
          "p50": 11.622108592452514,
          "p75": 12.204616240357609
        }
      },
      "quality": {
        "min": 82.0,
        "average": 88.74193548387096,
        "max": 100.0,
        "percentiles": {
          "p25": 87.0,
          "p50": 89.0,
          "p75": 90.0
        }
      },
      "bitrate_bps": {
        "min": 0.0,
        "average": 3154761.806451613,
        "max": 5184869.0,
        "percentiles": {
          "p25": 2852708.0,
          "p50": 3549092.0,
          "p75": 3605925.0
        }
      }
    }
  },
  "meta": {
    "duration_seconds": 31.353407621383667,
    "test_attempts": 1,
    "vpn_restart_attempts": 0,
    "vpn_restart_duration_seconds": 0.0,
    "connectivity_wait_duration_seconds": 0.0,
    "source": "yuki",
    "target": "luna"
  }
}
