{
  "status": "success",
  "data": {
    "rtt_min_ms": {
      "min": 1.6,
      "average": 1.6566666666666667,
      "max": 1.733,
      "percentiles": {
        "p25": 1.6,
        "p50": 1.637,
        "p75": 1.733
      }
    },
    "rtt_avg_ms": {
      "min": 10.811,
      "average": 11.744,
      "max": 12.304,
      "percentiles": {
        "p25": 10.811,
        "p50": 12.117,
        "p75": 12.304
      }
    },
    "rtt_max_ms": {
      "min": 23.099,
      "average": 55.852000000000004,
      "max": 73.799,
      "percentiles": {
        "p25": 23.099,
        "p50": 70.658,
        "p75": 73.799
      }
    },
    "rtt_mdev_ms": {
      "min": 5.028,
      "average": 9.023333333333333,
      "max": 11.136,
      "percentiles": {
        "p25": 5.028,
        "p50": 10.906,
        "p75": 11.136
      }
    },
    "packet_loss_percent": {
      "min": 0.0,
      "average": 0.0,
      "max": 0.0,
      "percentiles": {
        "p25": 0.0,
        "p50": 0.0,
        "p75": 0.0
      }
    }
  },
  "meta": {
    "duration_seconds": 60.701817750930786,
    "test_attempts": 1,
    "vpn_restart_attempts": 0
  }
}
