{
  "status": "success",
  "data": {
    "total_bandwidth_mbps": {
      "min": 2.863,
      "average": 3.32911,
      "max": 4.4131,
      "percentiles": {
        "p25": 3.103125,
        "p50": 3.27155,
        "p75": 3.485875
      }
    },
    "cpu_usage_percent": {
      "min": 3.12,
      "average": 5.967333333333333,
      "max": 31.96,
      "percentiles": {
        "p25": 4.3125,
        "p50": 5.43,
        "p75": 6.45
      }
    },
    "ttfb_ms": {
      "min": 78.0,
      "average": 207.25,
      "max": 441.0,
      "percentiles": {
        "p25": 94.0,
        "p50": 155.0,
        "p75": 372.75
      }
    },
    "conn_time_ms": {
      "min": 65.0,
      "average": 155.0,
      "max": 350.0,
      "percentiles": {
        "p25": 72.5,
        "p50": 102.5,
        "p75": 290.0
      }
    }
  },
  "meta": {
    "duration_seconds": 33.3637478351593,
    "test_attempts": 1,
    "vpn_restart_attempts": 0
  }
}
