{
  "status": "success",
  "data": {
    "rtt_min_ms": {
      "min": 1.351,
      "average": 1.4806666666666666,
      "max": 1.547,
      "percentiles": {
        "p25": 1.351,
        "p50": 1.544,
        "p75": 1.547
      }
    },
    "rtt_avg_ms": {
      "min": 5.122,
      "average": 5.154333333333334,
      "max": 5.186,
      "percentiles": {
        "p25": 5.122,
        "p50": 5.155,
        "p75": 5.186
      }
    },
    "rtt_max_ms": {
      "min": 8.746,
      "average": 9.153333333333334,
      "max": 9.512,
      "percentiles": {
        "p25": 8.746,
        "p50": 9.202,
        "p75": 9.512
      }
    },
    "rtt_mdev_ms": {
      "min": 1.559,
      "average": 1.764,
      "max": 1.916,
      "percentiles": {
        "p25": 1.559,
        "p50": 1.817,
        "p75": 1.916
      }
    },
    "packet_loss_percent": {
      "min": 0.0,
      "average": 0.0,
      "max": 0.0,
      "percentiles": {
        "p25": 0.0,
        "p50": 0.0,
        "p75": 0.0
      }
    }
  },
  "meta": {
    "duration_seconds": 60.595463037490845,
    "test_attempts": 1,
    "vpn_restart_attempts": 0
  }
}
