{
    "status": "success",
    "data": {
        "rtt_min_ms": {
            "min": 1.653,
            "average": 1.8339999999999999,
            "max": 2.163,
            "percentiles": {
                "p25": 1.653,
                "p50": 1.686,
                "p75": 2.163
            }
        },
        "rtt_avg_ms": {
            "min": 5.164,
            "average": 5.310333333333333,
            "max": 5.474,
            "percentiles": {
                "p25": 5.164,
                "p50": 5.293,
                "p75": 5.474
            }
        },
        "rtt_max_ms": {
            "min": 8.74,
            "average": 8.936,
            "max": 9.051,
            "percentiles": {
                "p25": 8.74,
                "p50": 9.017,
                "p75": 9.051
            }
        },
        "rtt_mdev_ms": {
            "min": 1.552,
            "average": 1.6576666666666666,
            "max": 1.798,
            "percentiles": {
                "p25": 1.552,
                "p50": 1.623,
                "p75": 1.798
            }
        },
        "packet_loss_percent": {
            "min": 0.0,
            "average": 0.3333333333333333,
            "max": 1.0,
            "percentiles": {
                "p25": 0.0,
                "p50": 0.0,
                "p75": 1.0
            }
        }
    },
    "meta": {
        "duration_seconds": 60.94579243659973,
        "test_attempts": 1,
        "vpn_restart_attempts": 0,
        "vpn_restart_duration_seconds": 1.9063119888305664,
        "connectivity_wait_duration_seconds": 3.9146082401275635,
        "source": "lom",
        "target": "yuki"
    }
}