{
  "status": "success",
  "data": {
    "total_bandwidth_mbps": {
      "min": 92.13000000000001,
      "average": 93.70966666666666,
      "max": 96.26,
      "percentiles": {
        "p25": 92.7475,
        "p50": 93.82499999999999,
        "p75": 94.4025
      }
    },
    "cpu_usage_percent": {
      "min": 1.02,
      "average": 4.848041666666667,
      "max": 18.37,
      "percentiles": {
        "p25": 3.06,
        "p50": 4.04,
        "p75": 5.05
      }
    },
    "ttfb_ms": {
      "min": 23.0,
      "average": 35.125,
      "max": 42.0,
      "percentiles": {
        "p25": 28.75,
        "p50": 37.5,
        "p75": 41.0
      }
    },
    "conn_time_ms": {
      "min": 22.0,
      "average": 32.375,
      "max": 40.0,
      "percentiles": {
        "p25": 26.0,
        "p50": 34.0,
        "p75": 38.75
      }
    }
  },
  "meta": {
    "duration_seconds": 31.5820255279541,
    "test_attempts": 1,
    "vpn_restart_attempts": 0,
    "vpn_restart_duration_seconds": 1.8560512065887451,
    "connectivity_wait_duration_seconds": 6.084729433059692,
    "source": "lom",
    "target": "yuki"
  }
}
