{
  "status": "success",
  "data": {
    "total_bandwidth_mbps": {
      "min": 45.290000000000006,
      "average": 46.45166666666667,
      "max": 48.629999999999995,
      "percentiles": {
        "p25": 45.965,
        "p50": 46.355000000000004,
        "p75": 46.74250000000001
      }
    },
    "cpu_usage_percent": {
      "min": 6.19,
      "average": 11.72775,
      "max": 31.33,
      "percentiles": {
        "p25": 8.2425,
        "p50": 10.0,
        "p75": 14.89
      }
    },
    "ttfb_ms": {
      "min": 21.0,
      "average": 31.5,
      "max": 45.0,
      "percentiles": {
        "p25": 21.25,
        "p50": 30.0,
        "p75": 43.25
      }
    },
    "conn_time_ms": {
      "min": 19.0,
      "average": 27.75,
      "max": 41.0,
      "percentiles": {
        "p25": 19.0,
        "p50": 25.5,
        "p75": 38.75
      }
    }
  },
  "meta": {
    "duration_seconds": 31.19632649421692,
    "test_attempts": 1,
    "vpn_restart_attempts": 0
  }
}
