{
  "status": "success",
  "data": {
    "bitrate_kbps": {
      "min": 1755.7,
      "average": 1945.6896551724137,
      "max": 1973.6,
      "percentiles": {
        "p25": 1942.05,
        "p50": 1960.9,
        "p75": 1966.4
      }
    },
    "fps": {
      "min": 31.0,
      "average": 32.13793103448276,
      "max": 45.0,
      "percentiles": {
        "p25": 31.0,
        "p50": 31.0,
        "p75": 32.0
      }
    },
    "dropped_frames": {
      "min": 15.0,
      "average": 15.0,
      "max": 15.0,
      "percentiles": {
        "p25": 15.0,
        "p50": 15.0,
        "p75": 15.0
      }
    }
  },
  "meta": {
    "duration_seconds": 31.642280101776123,
    "test_attempts": 1,
    "vpn_restart_attempts": 0
  }
}
