{
    "status": "success",
    "data": {
        "rtt_min_ms": {
            "min": 2.301,
            "average": 2.587,
            "max": 2.804,
            "percentiles": {
                "p25": 2.301,
                "p50": 2.656,
                "p75": 2.804
            }
        },
        "rtt_avg_ms": {
            "min": 6.053,
            "average": 6.165333333333333,
            "max": 6.265,
            "percentiles": {
                "p25": 6.053,
                "p50": 6.178,
                "p75": 6.265
            }
        },
        "rtt_max_ms": {
            "min": 9.365,
            "average": 11.369333333333334,
            "max": 15.108,
            "percentiles": {
                "p25": 9.365,
                "p50": 9.635,
                "p75": 15.108
            }
        },
        "rtt_mdev_ms": {
            "min": 1.574,
            "average": 1.6966666666666668,
            "max": 1.921,
            "percentiles": {
                "p25": 1.574,
                "p50": 1.595,
                "p75": 1.921
            }
        },
        "packet_loss_percent": {
            "min": 0.0,
            "average": 0.0,
            "max": 0.0,
            "percentiles": {
                "p25": 0.0,
                "p50": 0.0,
                "p75": 0.0
            }
        }
    },
    "meta": {
        "duration_seconds": 60.81204581260681,
        "test_attempts": 1,
        "vpn_restart_attempts": 0,
        "vpn_restart_duration_seconds": 1.5078325271606445,
        "connectivity_wait_duration_seconds": 11.823084354400635,
        "source": "yuki",
        "target": "luna"
    }
}