{
    "status": "success",
    "data": {
        "rtt_min_ms": {
            "min": 2.15,
            "average": 2.3056666666666668,
            "max": 2.4,
            "percentiles": {
                "p25": 2.15,
                "p50": 2.367,
                "p75": 2.4
            }
        },
        "rtt_avg_ms": {
            "min": 5.835,
            "average": 6.431,
            "max": 7.062,
            "percentiles": {
                "p25": 5.835,
                "p50": 6.396,
                "p75": 7.062
            }
        },
        "rtt_max_ms": {
            "min": 12.143,
            "average": 34.564,
            "max": 47.629,
            "percentiles": {
                "p25": 12.143,
                "p50": 43.92,
                "p75": 47.629
            }
        },
        "rtt_mdev_ms": {
            "min": 1.73,
            "average": 3.8513333333333333,
            "max": 5.686,
            "percentiles": {
                "p25": 1.73,
                "p50": 4.138,
                "p75": 5.686
            }
        },
        "packet_loss_percent": {
            "min": 0.0,
            "average": 0.0,
            "max": 0.0,
            "percentiles": {
                "p25": 0.0,
                "p50": 0.0,
                "p75": 0.0
            }
        }
    },
    "meta": {
        "duration_seconds": 60.809781312942505,
        "test_attempts": 1,
        "vpn_restart_attempts": 0,
        "vpn_restart_duration_seconds": 1.894681692123413,
        "connectivity_wait_duration_seconds": 24.202536821365356,
        "source": "yuki",
        "target": "luna"
    }
}