{
  "status": "success",
  "data": {
    "rtt_min_ms": {
      "min": 2.015,
      "average": 2.3786666666666667,
      "max": 2.732,
      "percentiles": {
        "p25": 2.015,
        "p50": 2.389,
        "p75": 2.732
      }
    },
    "rtt_avg_ms": {
      "min": 6.154,
      "average": 8.443666666666667,
      "max": 10.534,
      "percentiles": {
        "p25": 6.154,
        "p50": 8.643,
        "p75": 10.534
      }
    },
    "rtt_max_ms": {
      "min": 9.001,
      "average": 144.19533333333334,
      "max": 212.279,
      "percentiles": {
        "p25": 9.001,
        "p50": 211.306,
        "p75": 212.279
      }
    },
    "rtt_mdev_ms": {
      "min": 1.584,
      "average": 16.937333333333335,
      "max": 28.777,
      "percentiles": {
        "p25": 1.584,
        "p50": 20.451,
        "p75": 28.777
      }
    },
    "packet_loss_percent": {
      "min": 0.0,
      "average": 0.0,
      "max": 0.0,
      "percentiles": {
        "p25": 0.0,
        "p50": 0.0,
        "p75": 0.0
      }
    }
  },
  "meta": {
    "duration_seconds": 60.806336879730225,
    "test_attempts": 1,
    "vpn_restart_attempts": 0,
    "vpn_restart_duration_seconds": 1.843449592590332,
    "connectivity_wait_duration_seconds": 12.078001260757446,
    "source": "yuki",
    "target": "luna"
  }
}
