{
  "status": "success",
  "data": {
    "total_bandwidth_mbps": {
      "min": 19.151,
      "average": 30.069328,
      "max": 48.8138,
      "percentiles": {
        "p25": 22.711074999999997,
        "p50": 27.95697,
        "p75": 35.21405
      }
    },
    "cpu_usage_percent": {
      "min": 0.0,
      "average": 1.8176923076923077,
      "max": 5.0,
      "percentiles": {
        "p25": 1.01,
        "p50": 2.0,
        "p75": 2.11
      }
    },
    "ttfb_ms": {
      "min": 76.0,
      "average": 158.75,
      "max": 257.0,
      "percentiles": {
        "p25": 96.5,
        "p50": 140.5,
        "p75": 236.0
      }
    },
    "conn_time_ms": {
      "min": 38.0,
      "average": 67.0,
      "max": 96.0,
      "percentiles": {
        "p25": 44.0,
        "p50": 66.5,
        "p75": 92.25
      }
    }
  },
  "meta": {
    "duration_seconds": 183.73210096359253,
    "test_attempts": 1,
    "vpn_restart_attempts": 0,
    "vpn_restart_duration_seconds": 1.5451219081878662,
    "connectivity_wait_duration_seconds": 9.882514476776123,
    "source": "yuki",
    "target": "luna"
  }
}
