{
    "status": "success",
    "data": {
        "bitrate_kbps": {
            "min": 1902.1,
            "average": 1987.4620689655171,
            "max": 2010.1,
            "percentiles": {
                "p25": 1981.3000000000002,
                "p50": 1989.2,
                "p75": 1997.1
            }
        },
        "fps": {
            "min": 31.0,
            "average": 32.13793103448276,
            "max": 45.0,
            "percentiles": {
                "p25": 31.0,
                "p50": 31.0,
                "p75": 32.0
            }
        },
        "dropped_frames": {
            "min": 15.0,
            "average": 15.0,
            "max": 15.0,
            "percentiles": {
                "p25": 15.0,
                "p50": 15.0,
                "p75": 15.0
            }
        }
    },
    "meta": {
        "duration_seconds": 31.36601734161377,
        "test_attempts": 1,
        "vpn_restart_attempts": 0,
        "vpn_restart_duration_seconds": 1.8683366775512695,
        "connectivity_wait_duration_seconds": 9.994573831558228,
        "source": "yuki",
        "target": "luna"
    }
}