{
    "status": "success",
    "data": {
        "encoding": {
            "bitrate_kbps": {
                "min": 3311.2,
                "average": 3349.9310344827586,
                "max": 3502.5,
                "percentiles": {
                    "p25": 3321.45,
                    "p50": 3334.8,
                    "p75": 3359.55
                }
            },
            "fps": {
                "min": 31.0,
                "average": 32.13793103448276,
                "max": 45.0,
                "percentiles": {
                    "p25": 31.0,
                    "p50": 31.0,
                    "p75": 32.0
                }
            },
            "dropped_frames": {
                "min": 15.0,
                "average": 15.0,
                "max": 15.0,
                "percentiles": {
                    "p25": 15.0,
                    "p50": 15.0,
                    "p75": 15.0
                }
            }
        },
        "network": {
            "packets_dropped": {
                "min": 0.0,
                "average": 0.0,
                "max": 0.0,
                "percentiles": {
                    "p25": 0.0,
                    "p50": 0.0,
                    "p75": 0.0
                }
            },
            "packets_recovered": {
                "min": 0.0,
                "average": 0.0,
                "max": 0.0,
                "percentiles": {
                    "p25": 0.0,
                    "p50": 0.0,
                    "p75": 0.0
                }
            },
            "rtt_ms": {
                "min": 5.328193703234507,
                "average": 8.684843639228232,
                "max": 11.492348806172433,
                "percentiles": {
                    "p25": 8.09667300703358,
                    "p50": 8.600363314782163,
                    "p75": 9.2900539456997
                }
            },
            "quality": {
                "min": 100.0,
                "average": 100.0,
                "max": 100.0,
                "percentiles": {
                    "p25": 100.0,
                    "p50": 100.0,
                    "p75": 100.0
                }
            },
            "bitrate_bps": {
                "min": 0.0,
                "average": 3148888.7419354836,
                "max": 5178073.0,
                "percentiles": {
                    "p25": 2843929.0,
                    "p50": 3539372.0,
                    "p75": 3588839.0
                }
            }
        }
    },
    "meta": {
        "duration_seconds": 31.531508684158325,
        "test_attempts": 1,
        "vpn_restart_attempts": 0,
        "vpn_restart_duration_seconds": 1.6028931140899658,
        "connectivity_wait_duration_seconds": 8.944690465927124,
        "source": "yuki",
        "target": "luna"
    }
}