{
    "status": "success",
    "data": {
        "rtt_min_ms": {
            "min": 1.45,
            "average": 1.4849999999999999,
            "max": 1.527,
            "percentiles": {
                "p25": 1.45,
                "p50": 1.478,
                "p75": 1.527
            }
        },
        "rtt_avg_ms": {
            "min": 16.104,
            "average": 16.748666666666665,
            "max": 17.205,
            "percentiles": {
                "p25": 16.104,
                "p50": 16.937,
                "p75": 17.205
            }
        },
        "rtt_max_ms": {
            "min": 35.588,
            "average": 38.22933333333334,
            "max": 42.526,
            "percentiles": {
                "p25": 35.588,
                "p50": 36.574,
                "p75": 42.526
            }
        },
        "rtt_mdev_ms": {
            "min": 9.754,
            "average": 10.056333333333333,
            "max": 10.314,
            "percentiles": {
                "p25": 9.754,
                "p50": 10.101,
                "p75": 10.314
            }
        },
        "packet_loss_percent": {
            "min": 3.0,
            "average": 5.333333333333333,
            "max": 7.0,
            "percentiles": {
                "p25": 3.0,
                "p50": 6.0,
                "p75": 7.0
            }
        }
    },
    "meta": {
        "duration_seconds": 62.607693910598755,
        "test_attempts": 1,
        "vpn_restart_attempts": 0,
        "vpn_restart_duration_seconds": 5.973764657974243,
        "connectivity_wait_duration_seconds": 4.733544111251831,
        "source": "lom",
        "target": "yuki"
    }
}