{
  "status": "success",
  "data": {
    "encoding": {
      "bitrate_kbps": {
        "min": 3295.8,
        "average": 3348.865517241379,
        "max": 3491.1,
        "percentiles": {
          "p25": 3323.6499999999996,
          "p50": 3336.8,
          "p75": 3356.25
        }
      },
      "fps": {
        "min": 31.0,
        "average": 32.13793103448276,
        "max": 45.0,
        "percentiles": {
          "p25": 31.0,
          "p50": 31.0,
          "p75": 32.0
        }
      },
      "dropped_frames": {
        "min": 15.0,
        "average": 15.0,
        "max": 15.0,
        "percentiles": {
          "p25": 15.0,
          "p50": 15.0,
          "p75": 15.0
        }
      }
    },
    "network": {
      "packets_dropped": {
        "min": 0.0,
        "average": 287.96774193548384,
        "max": 395.0,
        "percentiles": {
          "p25": 256.0,
          "p50": 318.0,
          "p75": 329.0
        }
      },
      "packets_recovered": {
        "min": 0.0,
        "average": 1.6451612903225807,
        "max": 6.0,
        "percentiles": {
          "p25": 1.0,
          "p50": 1.0,
          "p75": 3.0
        }
      },
      "rtt_ms": {
        "min": 7.090808555688554,
        "average": 17.575559126681338,
        "max": 22.733948188658957,
        "percentiles": {
          "p25": 16.575854744634825,
          "p50": 17.589100888318814,
          "p75": 20.070205865376845
        }
      },
      "quality": {
        "min": 8.0,
        "average": 13.193548387096774,
        "max": 100.0,
        "percentiles": {
          "p25": 9.0,
          "p50": 10.0,
          "p75": 12.0
        }
      },
      "bitrate_bps": {
        "min": 0.0,
        "average": 149700.0,
        "max": 237817.0,
        "percentiles": {
          "p25": 148620.0,
          "p50": 157327.0,
          "p75": 167241.0
        }
      }
    }
  },
  "meta": {
    "duration_seconds": 31.842909574508667,
    "test_attempts": 1,
    "vpn_restart_attempts": 0,
    "vpn_restart_duration_seconds": 5.15783429145813,
    "connectivity_wait_duration_seconds": 4.558768272399902,
    "source": "lom",
    "target": "yuki"
  }
}
