{
    "status": "success",
    "data": {
        "bitrate_kbps": {
            "min": 1913.1,
            "average": 1989.5379310344827,
            "max": 2014.5,
            "percentiles": {
                "p25": 1982.75,
                "p50": 1990.4,
                "p75": 1998.6
            }
        },
        "fps": {
            "min": 31.0,
            "average": 32.172413793103445,
            "max": 45.0,
            "percentiles": {
                "p25": 31.0,
                "p50": 31.0,
                "p75": 32.0
            }
        },
        "dropped_frames": {
            "min": 15.0,
            "average": 15.0,
            "max": 15.0,
            "percentiles": {
                "p25": 15.0,
                "p50": 15.0,
                "p75": 15.0
            }
        }
    },
    "meta": {
        "duration_seconds": 31.856018543243408,
        "test_attempts": 1,
        "vpn_restart_attempts": 0,
        "vpn_restart_duration_seconds": 6.593552350997925,
        "connectivity_wait_duration_seconds": 4.612230062484741,
        "source": "lom",
        "target": "yuki"
    }
}