{
    "status": "success",
    "data": {
        "rtt_min_ms": {
            "min": 1.011,
            "average": 1.1079999999999999,
            "max": 1.176,
            "percentiles": {
                "p25": 1.011,
                "p50": 1.137,
                "p75": 1.176
            }
        },
        "rtt_avg_ms": {
            "min": 1.532,
            "average": 1.537,
            "max": 1.542,
            "percentiles": {
                "p25": 1.532,
                "p50": 1.537,
                "p75": 1.542
            }
        },
        "rtt_max_ms": {
            "min": 1.74,
            "average": 1.8163333333333334,
            "max": 1.946,
            "percentiles": {
                "p25": 1.74,
                "p50": 1.763,
                "p75": 1.946
            }
        },
        "rtt_mdev_ms": {
            "min": 0.091,
            "average": 0.10633333333333334,
            "max": 0.118,
            "percentiles": {
                "p25": 0.091,
                "p50": 0.11,
                "p75": 0.118
            }
        },
        "packet_loss_percent": {
            "min": 0.0,
            "average": 0.0,
            "max": 0.0,
            "percentiles": {
                "p25": 0.0,
                "p50": 0.0,
                "p75": 0.0
            }
        }
    },
    "meta": {
        "duration_seconds": 60.79107308387756,
        "test_attempts": 1,
        "vpn_restart_attempts": 0,
        "vpn_restart_duration_seconds": 5.069458484649658,
        "connectivity_wait_duration_seconds": 3.796191930770874,
        "source": "luna",
        "target": "lom"
    }
}