{
    "status": "success",
    "data": {
        "encoding": {
            "bitrate_kbps": {
                "min": 3311.8,
                "average": 3352.9137931034484,
                "max": 3500.7,
                "percentiles": {
                    "p25": 3326.7,
                    "p50": 3339.5,
                    "p75": 3360.05
                }
            },
            "fps": {
                "min": 30.0,
                "average": 32.06896551724138,
                "max": 45.0,
                "percentiles": {
                    "p25": 31.0,
                    "p50": 31.0,
                    "p75": 32.0
                }
            },
            "dropped_frames": {
                "min": 16.0,
                "average": 16.0,
                "max": 16.0,
                "percentiles": {
                    "p25": 16.0,
                    "p50": 16.0,
                    "p75": 16.0
                }
            }
        },
        "network": {
            "packets_dropped": {
                "min": 0.0,
                "average": 288.741935483871,
                "max": 379.0,
                "percentiles": {
                    "p25": 258.0,
                    "p50": 314.0,
                    "p75": 327.0
                }
            },
            "packets_recovered": {
                "min": 0.0,
                "average": 0.0,
                "max": 0.0,
                "percentiles": {
                    "p25": 0.0,
                    "p50": 0.0,
                    "p75": 0.0
                }
            },
            "rtt_ms": {
                "min": 4.03967419889373,
                "average": 4.940209528779511,
                "max": 5.8967191715326335,
                "percentiles": {
                    "p25": 4.634434909511528,
                    "p50": 4.85699668938085,
                    "p75": 5.18103791600727
                }
            },
            "quality": {
                "min": 9.0,
                "average": 13.193548387096774,
                "max": 100.0,
                "percentiles": {
                    "p25": 9.0,
                    "p50": 10.0,
                    "p75": 12.0
                }
            },
            "bitrate_bps": {
                "min": 0.0,
                "average": 152388.32258064515,
                "max": 250610.0,
                "percentiles": {
                    "p25": 148986.0,
                    "p50": 157174.0,
                    "p75": 168939.0
                }
            }
        }
    },
    "meta": {
        "duration_seconds": 32.6423704624176,
        "test_attempts": 1,
        "vpn_restart_attempts": 0,
        "vpn_restart_duration_seconds": 4.964515686035156,
        "connectivity_wait_duration_seconds": 18.068413019180298,
        "source": "luna",
        "target": "lom"
    }
}