{
    "status": "success",
    "data": {
        "rtt_min_ms": {
            "min": 1.154,
            "average": 1.2476666666666667,
            "max": 1.32,
            "percentiles": {
                "p25": 1.154,
                "p50": 1.269,
                "p75": 1.32
            }
        },
        "rtt_avg_ms": {
            "min": 9.387,
            "average": 9.882,
            "max": 10.226,
            "percentiles": {
                "p25": 9.387,
                "p50": 10.033,
                "p75": 10.226
            }
        },
        "rtt_max_ms": {
            "min": 19.012,
            "average": 20.126666666666665,
            "max": 21.846,
            "percentiles": {
                "p25": 19.012,
                "p50": 19.522,
                "p75": 21.846
            }
        },
        "rtt_mdev_ms": {
            "min": 4.401,
            "average": 4.681333333333333,
            "max": 5.101,
            "percentiles": {
                "p25": 4.401,
                "p50": 4.542,
                "p75": 5.101
            }
        },
        "packet_loss_percent": {
            "min": 0.0,
            "average": 1.0,
            "max": 2.0,
            "percentiles": {
                "p25": 0.0,
                "p50": 1.0,
                "p75": 2.0
            }
        }
    },
    "meta": {
        "duration_seconds": 61.2684268951416,
        "test_attempts": 1,
        "vpn_restart_attempts": 0,
        "vpn_restart_duration_seconds": 1.8351645469665527,
        "connectivity_wait_duration_seconds": 4.112072229385376,
        "source": "yuki",
        "target": "luna"
    }
}