{
    "status": "success",
    "data": {
        "total_bandwidth_mbps": {
            "min": 37.83800000000001,
            "average": 39.30976666666667,
            "max": 40.57300000000001,
            "percentiles": {
                "p25": 38.8985,
                "p50": 39.338499999999996,
                "p75": 39.82975
            }
        },
        "cpu_usage_percent": {
            "min": 0.0,
            "average": 2.4354583333333335,
            "max": 9.28,
            "percentiles": {
                "p25": 1.9849999999999999,
                "p50": 2.02,
                "p75": 3.0
            }
        },
        "ttfb_ms": {
            "min": 24.0,
            "average": 42.25,
            "max": 69.0,
            "percentiles": {
                "p25": 27.25,
                "p50": 37.0,
                "p75": 60.0
            }
        },
        "conn_time_ms": {
            "min": 20.0,
            "average": 38.0,
            "max": 64.0,
            "percentiles": {
                "p25": 23.25,
                "p50": 30.0,
                "p75": 58.75
            }
        }
    },
    "meta": {
        "duration_seconds": 31.735170364379883,
        "test_attempts": 1,
        "vpn_restart_attempts": 0,
        "vpn_restart_duration_seconds": 2.9971632957458496,
        "connectivity_wait_duration_seconds": 4.192559242248535,
        "source": "yuki",
        "target": "luna"
    }
}