{
  "status": "success",
  "data": {
    "encoding": {
      "bitrate_kbps": {
        "min": 3311.2,
        "average": 3349.348275862069,
        "max": 3497.1,
        "percentiles": {
          "p25": 3323.1,
          "p50": 3334.8,
          "p75": 3357.55
        }
      },
      "fps": {
        "min": 31.0,
        "average": 32.10344827586207,
        "max": 44.0,
        "percentiles": {
          "p25": 31.0,
          "p50": 31.0,
          "p75": 32.0
        }
      },
      "dropped_frames": {
        "min": 15.0,
        "average": 15.0,
        "max": 15.0,
        "percentiles": {
          "p25": 15.0,
          "p50": 15.0,
          "p75": 15.0
        }
      }
    },
    "network": {
      "packets_dropped": {
        "min": 0.0,
        "average": 1790.1290322580646,
        "max": 55494.0,
        "percentiles": {
          "p25": 0.0,
          "p50": 0.0,
          "p75": 0.0
        }
      },
      "packets_recovered": {
        "min": 0.0,
        "average": 33.83870967741935,
        "max": 117.0,
        "percentiles": {
          "p25": 23.0,
          "p50": 32.0,
          "p75": 40.0
        }
      },
      "rtt_ms": {
        "min": 7.055173037417982,
        "average": 12.541274767915338,
        "max": 15.7474744567304,
        "percentiles": {
          "p25": 11.383968345973322,
          "p50": 12.752575048888618,
          "p75": 13.935933355250459
        }
      },
      "quality": {
        "min": 80.0,
        "average": 90.6774193548387,
        "max": 100.0,
        "percentiles": {
          "p25": 89.0,
          "p50": 91.0,
          "p75": 93.0
        }
      },
      "bitrate_bps": {
        "min": 0.0,
        "average": 3154598.9677419355,
        "max": 5034536.0,
        "percentiles": {
          "p25": 2845398.0,
          "p50": 3547141.0,
          "p75": 3625079.0
        }
      }
    }
  },
  "meta": {
    "duration_seconds": 31.518004655838013,
    "test_attempts": 1,
    "vpn_restart_attempts": 0,
    "vpn_restart_duration_seconds": 1.6166718006134033,
    "connectivity_wait_duration_seconds": 2.06024432182312,
    "source": "yuki",
    "target": "luna"
  }
}
