{
  "status": "success",
  "data": {
    "rtt_min_ms": {
      "min": 0.433,
      "average": 0.49033333333333334,
      "max": 0.522,
      "percentiles": {
        "p25": 0.433,
        "p50": 0.516,
        "p75": 0.522
      }
    },
    "rtt_avg_ms": {
      "min": 0.68,
      "average": 0.6886666666666666,
      "max": 0.696,
      "percentiles": {
        "p25": 0.68,
        "p50": 0.69,
        "p75": 0.696
      }
    },
    "rtt_max_ms": {
      "min": 0.772,
      "average": 0.7743333333333333,
      "max": 0.776,
      "percentiles": {
        "p25": 0.772,
        "p50": 0.775,
        "p75": 0.776
      }
    },
    "rtt_mdev_ms": {
      "min": 0.059,
      "average": 0.06266666666666666,
      "max": 0.068,
      "percentiles": {
        "p25": 0.059,
        "p50": 0.061,
        "p75": 0.068
      }
    },
    "packet_loss_percent": {
      "min": 0.0,
      "average": 0.0,
      "max": 0.0,
      "percentiles": {
        "p25": 0.0,
        "p50": 0.0,
        "p75": 0.0
      }
    }
  },
  "meta": {
    "duration_seconds": 62.86365747451782,
    "test_attempts": 1,
    "vpn_restart_attempts": 0,
    "source": "yuki",
    "target": "luna"
  }
}
