{
    "status": "success",
    "data": {
        "total_bandwidth_mbps": {
            "min": 875.3,
            "average": 881.6033333333334,
            "max": 882.1999999999999,
            "percentiles": {
                "p25": 881.7,
                "p50": 881.8000000000001,
                "p75": 881.9
            }
        },
        "cpu_usage_percent": {
            "min": 4.29,
            "average": 8.8125,
            "max": 13.0,
            "percentiles": {
                "p25": 7.92,
                "p50": 9.09,
                "p75": 10.0
            }
        },
        "ttfb_ms": {
            "min": 17.0,
            "average": 19.625,
            "max": 22.0,
            "percentiles": {
                "p25": 18.25,
                "p50": 19.0,
                "p75": 21.75
            }
        },
        "conn_time_ms": {
            "min": 16.0,
            "average": 19.125,
            "max": 22.0,
            "percentiles": {
                "p25": 17.25,
                "p50": 18.5,
                "p75": 21.75
            }
        }
    },
    "meta": {
        "duration_seconds": 31.47851324081421,
        "test_attempts": 1,
        "vpn_restart_attempts": 0,
        "source": "yuki",
        "target": "luna"
    }
}