{
    "status": "success",
    "data": {
        "encoding": {
            "bitrate_kbps": {
                "min": 3309.0,
                "average": 3346.248275862069,
                "max": 3496.5,
                "percentiles": {
                    "p25": 3318.85,
                    "p50": 3332.9,
                    "p75": 3356.05
                }
            },
            "fps": {
                "min": 31.0,
                "average": 32.13793103448276,
                "max": 45.0,
                "percentiles": {
                    "p25": 31.0,
                    "p50": 31.0,
                    "p75": 32.0
                }
            },
            "dropped_frames": {
                "min": 15.0,
                "average": 15.0,
                "max": 15.0,
                "percentiles": {
                    "p25": 15.0,
                    "p50": 15.0,
                    "p75": 15.0
                }
            }
        },
        "network": {
            "packets_dropped": {
                "min": 0.0,
                "average": 0.0,
                "max": 0.0,
                "percentiles": {
                    "p25": 0.0,
                    "p50": 0.0,
                    "p75": 0.0
                }
            },
            "packets_recovered": {
                "min": 0.0,
                "average": 0.0,
                "max": 0.0,
                "percentiles": {
                    "p25": 0.0,
                    "p50": 0.0,
                    "p75": 0.0
                }
            },
            "rtt_ms": {
                "min": 3.4978427366263816,
                "average": 4.384704804371285,
                "max": 4.94397628666297,
                "percentiles": {
                    "p25": 4.11758265546627,
                    "p50": 4.494975456156007,
                    "p75": 4.689420198106295
                }
            },
            "quality": {
                "min": 100.0,
                "average": 100.0,
                "max": 100.0,
                "percentiles": {
                    "p25": 100.0,
                    "p50": 100.0,
                    "p75": 100.0
                }
            },
            "bitrate_bps": {
                "min": 0.0,
                "average": 3166160.870967742,
                "max": 5179681.0,
                "percentiles": {
                    "p25": 2850929.0,
                    "p50": 3550993.0,
                    "p75": 3589366.0
                }
            }
        }
    },
    "meta": {
        "duration_seconds": 33.95231103897095,
        "test_attempts": 1,
        "vpn_restart_attempts": 0,
        "vpn_restart_duration_seconds": 0.0,
        "connectivity_wait_duration_seconds": 0.0,
        "source": "yuki",
        "target": "luna"
    }
}