{
    "status": "success",
    "data": {
        "rtt_min_ms": {
            "min": 1.053,
            "average": 1.0723333333333334,
            "max": 1.102,
            "percentiles": {
                "p25": 1.053,
                "p50": 1.062,
                "p75": 1.102
            }
        },
        "rtt_avg_ms": {
            "min": 14.782,
            "average": 15.519,
            "max": 16.518,
            "percentiles": {
                "p25": 14.782,
                "p50": 15.257,
                "p75": 16.518
            }
        },
        "rtt_max_ms": {
            "min": 36.02,
            "average": 39.251333333333335,
            "max": 41.114,
            "percentiles": {
                "p25": 36.02,
                "p50": 40.62,
                "p75": 41.114
            }
        },
        "rtt_mdev_ms": {
            "min": 9.465,
            "average": 9.706666666666667,
            "max": 9.941,
            "percentiles": {
                "p25": 9.465,
                "p50": 9.714,
                "p75": 9.941
            }
        },
        "packet_loss_percent": {
            "min": 1.0,
            "average": 3.6666666666666665,
            "max": 6.0,
            "percentiles": {
                "p25": 1.0,
                "p50": 4.0,
                "p75": 6.0
            }
        }
    },
    "meta": {
        "duration_seconds": 61.58036804199219,
        "test_attempts": 1,
        "vpn_restart_attempts": 0,
        "vpn_restart_duration_seconds": 6.107067823410034,
        "connectivity_wait_duration_seconds": 17.788593292236328,
        "source": "luna",
        "target": "lom"
    }
}