{
  "status": "success",
  "data": {
    "rtt_min_ms": {
      "min": 1.009,
      "average": 1.1163333333333332,
      "max": 1.206,
      "percentiles": {
        "p25": 1.009,
        "p50": 1.134,
        "p75": 1.206
      }
    },
    "rtt_avg_ms": {
      "min": 16.142,
      "average": 16.908666666666665,
      "max": 18.133,
      "percentiles": {
        "p25": 16.142,
        "p50": 16.451,
        "p75": 18.133
      }
    },
    "rtt_max_ms": {
      "min": 38.701,
      "average": 39.88933333333333,
      "max": 41.087,
      "percentiles": {
        "p25": 38.701,
        "p50": 39.88,
        "p75": 41.087
      }
    },
    "rtt_mdev_ms": {
      "min": 9.772,
      "average": 10.067666666666666,
      "max": 10.359,
      "percentiles": {
        "p25": 9.772,
        "p50": 10.072,
        "p75": 10.359
      }
    },
    "packet_loss_percent": {
      "min": 6.0,
      "average": 6.666666666666667,
      "max": 8.0,
      "percentiles": {
        "p25": 6.0,
        "p50": 6.0,
        "p75": 8.0
      }
    }
  },
  "meta": {
    "duration_seconds": 61.66250729560852,
    "test_attempts": 1,
    "vpn_restart_attempts": 0,
    "vpn_restart_duration_seconds": 6.96735405921936,
    "connectivity_wait_duration_seconds": 3.1684865951538086,
    "source": "luna",
    "target": "lom"
  }
}
