{
    "status": "success",
    "data": {
        "rtt_min_ms": {
            "min": 1.036,
            "average": 1.0823333333333334,
            "max": 1.139,
            "percentiles": {
                "p25": 1.036,
                "p50": 1.072,
                "p75": 1.139
            }
        },
        "rtt_avg_ms": {
            "min": 15.802,
            "average": 16.081,
            "max": 16.279,
            "percentiles": {
                "p25": 15.802,
                "p50": 16.162,
                "p75": 16.279
            }
        },
        "rtt_max_ms": {
            "min": 40.017,
            "average": 41.177,
            "max": 42.675,
            "percentiles": {
                "p25": 40.017,
                "p50": 40.839,
                "p75": 42.675
            }
        },
        "rtt_mdev_ms": {
            "min": 9.737,
            "average": 10.096333333333334,
            "max": 10.745,
            "percentiles": {
                "p25": 9.737,
                "p50": 9.807,
                "p75": 10.745
            }
        },
        "packet_loss_percent": {
            "min": 5.0,
            "average": 6.666666666666667,
            "max": 8.0,
            "percentiles": {
                "p25": 5.0,
                "p50": 7.0,
                "p75": 8.0
            }
        }
    },
    "meta": {
        "duration_seconds": 61.9190936088562,
        "test_attempts": 1,
        "vpn_restart_attempts": 0,
        "vpn_restart_duration_seconds": 7.24753475189209,
        "connectivity_wait_duration_seconds": 2.9693691730499268,
        "source": "luna",
        "target": "lom"
    }
}