{
    "status": "success",
    "data": {
        "bitrate_kbps": {
            "min": 1900.1,
            "average": 1987.1965517241379,
            "max": 2009.7,
            "percentiles": {
                "p25": 1981.1999999999998,
                "p50": 1989.1,
                "p75": 1996.9
            }
        },
        "fps": {
            "min": 31.0,
            "average": 32.13793103448276,
            "max": 45.0,
            "percentiles": {
                "p25": 31.0,
                "p50": 31.0,
                "p75": 32.0
            }
        },
        "dropped_frames": {
            "min": 15.0,
            "average": 15.0,
            "max": 15.0,
            "percentiles": {
                "p25": 15.0,
                "p50": 15.0,
                "p75": 15.0
            }
        }
    },
    "meta": {
        "duration_seconds": 31.669458866119385,
        "test_attempts": 1,
        "vpn_restart_attempts": 0,
        "vpn_restart_duration_seconds": 6.018897533416748,
        "connectivity_wait_duration_seconds": 4.820726633071899,
        "source": "luna",
        "target": "lom"
    }
}