{
  "status": "success",
  "data": {
    "rtt_min_ms": {
      "min": 0.92,
      "average": 0.9873333333333334,
      "max": 1.052,
      "percentiles": {
        "p25": 0.92,
        "p50": 0.99,
        "p75": 1.052
      }
    },
    "rtt_avg_ms": {
      "min": 8.92,
      "average": 9.635333333333334,
      "max": 10.166,
      "percentiles": {
        "p25": 8.92,
        "p50": 9.82,
        "p75": 10.166
      }
    },
    "rtt_max_ms": {
      "min": 21.037,
      "average": 21.468666666666667,
      "max": 22.067,
      "percentiles": {
        "p25": 21.037,
        "p50": 21.302,
        "p75": 22.067
      }
    },
    "rtt_mdev_ms": {
      "min": 5.058,
      "average": 5.093333333333334,
      "max": 5.113,
      "percentiles": {
        "p25": 5.058,
        "p50": 5.109,
        "p75": 5.113
      }
    },
    "packet_loss_percent": {
      "min": 0.0,
      "average": 0.6666666666666666,
      "max": 1.0,
      "percentiles": {
        "p25": 0.0,
        "p50": 1.0,
        "p75": 1.0
      }
    }
  },
  "meta": {
    "duration_seconds": 61.27330207824707,
    "test_attempts": 1,
    "vpn_restart_attempts": 0,
    "vpn_restart_duration_seconds": 1.980269432067871,
    "connectivity_wait_duration_seconds": 2.334958791732788,
    "source": "lom",
    "target": "yuki"
  }
}
