{
  "status": "success",
  "data": {
    "encoding": {
      "bitrate_kbps": {
        "min": 3305.8,
        "average": 3349.2586206896553,
        "max": 3491.1,
        "percentiles": {
          "p25": 3323.1,
          "p50": 3336.7,
          "p75": 3356.85
        }
      },
      "fps": {
        "min": 30.0,
        "average": 32.03448275862069,
        "max": 45.0,
        "percentiles": {
          "p25": 31.0,
          "p50": 31.0,
          "p75": 32.0
        }
      },
      "dropped_frames": {
        "min": 16.0,
        "average": 16.0,
        "max": 16.0,
        "percentiles": {
          "p25": 16.0,
          "p50": 16.0,
          "p75": 16.0
        }
      }
    },
    "network": {
      "packets_dropped": {
        "min": 0.0,
        "average": 288.03225806451616,
        "max": 377.0,
        "percentiles": {
          "p25": 258.0,
          "p50": 313.0,
          "p75": 329.0
        }
      },
      "packets_recovered": {
        "min": 0.0,
        "average": 0.22580645161290322,
        "max": 1.0,
        "percentiles": {
          "p25": 0.0,
          "p50": 0.0,
          "p75": 0.0
        }
      },
      "rtt_ms": {
        "min": 6.7862691669109445,
        "average": 12.428817518910375,
        "max": 16.462537255815935,
        "percentiles": {
          "p25": 11.2581268377615,
          "p50": 12.524376729786283,
          "p75": 13.320781044417803
        }
      },
      "quality": {
        "min": 8.0,
        "average": 13.03225806451613,
        "max": 100.0,
        "percentiles": {
          "p25": 9.0,
          "p50": 10.0,
          "p75": 11.0
        }
      },
      "bitrate_bps": {
        "min": 0.0,
        "average": 149695.25806451612,
        "max": 250133.0,
        "percentiles": {
          "p25": 146435.0,
          "p50": 153082.0,
          "p75": 169317.0
        }
      }
    }
  },
  "meta": {
    "duration_seconds": 31.756369590759277,
    "test_attempts": 1,
    "vpn_restart_attempts": 0,
    "vpn_restart_duration_seconds": 5.201090097427368,
    "connectivity_wait_duration_seconds": 6.219576835632324,
    "source": "lom",
    "target": "yuki"
  }
}
