{
  "status": "success",
  "data": {
    "encoding": {
      "bitrate_kbps": {
        "min": 3306.8,
        "average": 3350.3344827586207,
        "max": 3498.3,
        "percentiles": {
          "p25": 3323.95,
          "p50": 3338.0,
          "p75": 3357.45
        }
      },
      "fps": {
        "min": 31.0,
        "average": 32.13793103448276,
        "max": 45.0,
        "percentiles": {
          "p25": 31.0,
          "p50": 31.0,
          "p75": 32.0
        }
      },
      "dropped_frames": {
        "min": 15.0,
        "average": 15.0,
        "max": 15.0,
        "percentiles": {
          "p25": 15.0,
          "p50": 15.0,
          "p75": 15.0
        }
      }
    },
    "network": {
      "packets_dropped": {
        "min": 0.0,
        "average": 1790.258064516129,
        "max": 55498.0,
        "percentiles": {
          "p25": 0.0,
          "p50": 0.0,
          "p75": 0.0
        }
      },
      "packets_recovered": {
        "min": 0.0,
        "average": 79.64516129032258,
        "max": 156.0,
        "percentiles": {
          "p25": 67.0,
          "p50": 79.0,
          "p75": 100.0
        }
      },
      "rtt_ms": {
        "min": 4.874312538373403,
        "average": 18.677293966140127,
        "max": 24.823458335069862,
        "percentiles": {
          "p25": 16.260610849862175,
          "p50": 18.80143200168942,
          "p75": 21.283947466883912
        }
      },
      "quality": {
        "min": 75.0,
        "average": 80.7741935483871,
        "max": 100.0,
        "percentiles": {
          "p25": 78.0,
          "p50": 79.0,
          "p75": 83.0
        }
      },
      "bitrate_bps": {
        "min": 0.0,
        "average": 3157875.5483870967,
        "max": 5179806.0,
        "percentiles": {
          "p25": 2863100.0,
          "p50": 3559507.0,
          "p75": 3610656.0
        }
      }
    }
  },
  "meta": {
    "duration_seconds": 31.997731924057007,
    "test_attempts": 1,
    "vpn_restart_attempts": 0,
    "vpn_restart_duration_seconds": 0.0,
    "connectivity_wait_duration_seconds": 0.0,
    "source": "yuki",
    "target": "luna"
  }
}
