{
    "status": "success",
    "data": {
        "rtt_min_ms": {
            "min": 1.061,
            "average": 1.1126666666666667,
            "max": 1.163,
            "percentiles": {
                "p25": 1.061,
                "p50": 1.114,
                "p75": 1.163
            }
        },
        "rtt_avg_ms": {
            "min": 12.699,
            "average": 13.530666666666667,
            "max": 14.405,
            "percentiles": {
                "p25": 12.699,
                "p50": 13.488,
                "p75": 14.405
            }
        },
        "rtt_max_ms": {
            "min": 218.22,
            "average": 224.56566666666666,
            "max": 228.95,
            "percentiles": {
                "p25": 218.22,
                "p50": 226.527,
                "p75": 228.95
            }
        },
        "rtt_mdev_ms": {
            "min": 22.231,
            "average": 24.595,
            "max": 29.256,
            "percentiles": {
                "p25": 22.231,
                "p50": 22.298,
                "p75": 29.256
            }
        },
        "packet_loss_percent": {
            "min": 0.0,
            "average": 0.0,
            "max": 0.0,
            "percentiles": {
                "p25": 0.0,
                "p50": 0.0,
                "p75": 0.0
            }
        }
    },
    "meta": {
        "duration_seconds": 61.36241173744202,
        "test_attempts": 1,
        "vpn_restart_attempts": 0,
        "vpn_restart_duration_seconds": 1.9648730754852295,
        "connectivity_wait_duration_seconds": 2.2653167247772217,
        "source": "luna",
        "target": "lom"
    }
}