{
    "status": "success",
    "data": {
        "rtt_min_ms": {
            "min": 1.051,
            "average": 1.1683333333333332,
            "max": 1.242,
            "percentiles": {
                "p25": 1.051,
                "p50": 1.212,
                "p75": 1.242
            }
        },
        "rtt_avg_ms": {
            "min": 12.586,
            "average": 15.260333333333334,
            "max": 18.782,
            "percentiles": {
                "p25": 12.586,
                "p50": 14.413,
                "p75": 18.782
            }
        },
        "rtt_max_ms": {
            "min": 220.696,
            "average": 226.72299999999998,
            "max": 236.213,
            "percentiles": {
                "p25": 220.696,
                "p50": 223.26,
                "p75": 236.213
            }
        },
        "rtt_mdev_ms": {
            "min": 21.619,
            "average": 31.261,
            "max": 42.268,
            "percentiles": {
                "p25": 21.619,
                "p50": 29.896,
                "p75": 42.268
            }
        },
        "packet_loss_percent": {
            "min": 0.0,
            "average": 0.0,
            "max": 0.0,
            "percentiles": {
                "p25": 0.0,
                "p50": 0.0,
                "p75": 0.0
            }
        }
    },
    "meta": {
        "duration_seconds": 60.93871092796326,
        "test_attempts": 1,
        "vpn_restart_attempts": 0,
        "vpn_restart_duration_seconds": 1.8893427848815918,
        "connectivity_wait_duration_seconds": 4.560768365859985,
        "source": "luna",
        "target": "lom"
    }
}