{
  "status": "success",
  "data": {
    "total_bandwidth_mbps": {
      "min": 4.431500000000001,
      "average": 28.645493333333334,
      "max": 67.99700000000001,
      "percentiles": {
        "p25": 21.292,
        "p50": 26.3075,
        "p75": 35.0125
      }
    },
    "cpu_usage_percent": {
      "min": 0.0,
      "average": 2.000928270042194,
      "max": 8.0,
      "percentiles": {
        "p25": 1.01,
        "p50": 2.0,
        "p75": 2.91
      }
    },
    "ttfb_ms": {
      "min": 49.0,
      "average": 238.125,
      "max": 699.0,
      "percentiles": {
        "p25": 71.5,
        "p50": 105.0,
        "p75": 537.25
      }
    },
    "conn_time_ms": {
      "min": 20.0,
      "average": 71.0,
      "max": 210.0,
      "percentiles": {
        "p25": 21.25,
        "p50": 28.0,
        "p75": 163.25
      }
    }
  },
  "meta": {
    "duration_seconds": 38.3700532913208,
    "test_attempts": 1,
    "vpn_restart_attempts": 0,
    "vpn_restart_duration_seconds": 1.9449360370635986,
    "connectivity_wait_duration_seconds": 4.048535346984863,
    "source": "luna",
    "target": "lom"
  }
}
