{
  "status": "success",
  "data": {
    "rtt_min_ms": {
      "min": 6.862,
      "average": 7.206666666666667,
      "max": 7.69,
      "percentiles": {
        "p25": 6.862,
        "p50": 7.068,
        "p75": 7.69
      }
    },
    "rtt_avg_ms": {
      "min": 10.538,
      "average": 10.932333333333334,
      "max": 11.275,
      "percentiles": {
        "p25": 10.538,
        "p50": 10.984,
        "p75": 11.275
      }
    },
    "rtt_max_ms": {
      "min": 14.445,
      "average": 36.04633333333334,
      "max": 47.317,
      "percentiles": {
        "p25": 14.445,
        "p50": 46.377,
        "p75": 47.317
      }
    },
    "rtt_mdev_ms": {
      "min": 1.696,
      "average": 3.21,
      "max": 4.016,
      "percentiles": {
        "p25": 1.696,
        "p50": 3.918,
        "p75": 4.016
      }
    },
    "packet_loss_percent": {
      "min": 0.0,
      "average": 0.0,
      "max": 0.0,
      "percentiles": {
        "p25": 0.0,
        "p50": 0.0,
        "p75": 0.0
      }
    }
  },
  "meta": {
    "duration_seconds": 60.45060658454895,
    "test_attempts": 1,
    "vpn_restart_attempts": 0
  }
}
