{
    "status": "success",
    "data": {
        "rtt_min_ms": {
            "min": 1.262,
            "average": 1.3266666666666667,
            "max": 1.391,
            "percentiles": {
                "p25": 1.262,
                "p50": 1.327,
                "p75": 1.391
            }
        },
        "rtt_avg_ms": {
            "min": 1.885,
            "average": 1.9,
            "max": 1.91,
            "percentiles": {
                "p25": 1.885,
                "p50": 1.905,
                "p75": 1.91
            }
        },
        "rtt_max_ms": {
            "min": 2.1,
            "average": 3.0716666666666668,
            "max": 4.404,
            "percentiles": {
                "p25": 2.1,
                "p50": 2.711,
                "p75": 4.404
            }
        },
        "rtt_mdev_ms": {
            "min": 0.161,
            "average": 0.224,
            "max": 0.316,
            "percentiles": {
                "p25": 0.161,
                "p50": 0.195,
                "p75": 0.316
            }
        },
        "packet_loss_percent": {
            "min": 0.0,
            "average": 0.0,
            "max": 0.0,
            "percentiles": {
                "p25": 0.0,
                "p50": 0.0,
                "p75": 0.0
            }
        }
    },
    "meta": {
        "duration_seconds": 60.73550081253052,
        "test_attempts": 1,
        "vpn_restart_attempts": 0,
        "vpn_restart_duration_seconds": 3.6182899475097656,
        "connectivity_wait_duration_seconds": 1.8047194480895996,
        "source": "yuki",
        "target": "luna"
    }
}