{
    "status": "success",
    "data": {
        "rtt_min_ms": {
            "min": 1.179,
            "average": 1.3943333333333334,
            "max": 1.538,
            "percentiles": {
                "p25": 1.179,
                "p50": 1.466,
                "p75": 1.538
            }
        },
        "rtt_avg_ms": {
            "min": 1.944,
            "average": 1.9666666666666668,
            "max": 1.985,
            "percentiles": {
                "p25": 1.944,
                "p50": 1.971,
                "p75": 1.985
            }
        },
        "rtt_max_ms": {
            "min": 2.191,
            "average": 2.4063333333333334,
            "max": 2.769,
            "percentiles": {
                "p25": 2.191,
                "p50": 2.259,
                "p75": 2.769
            }
        },
        "rtt_mdev_ms": {
            "min": 0.129,
            "average": 0.136,
            "max": 0.142,
            "percentiles": {
                "p25": 0.129,
                "p50": 0.137,
                "p75": 0.142
            }
        },
        "packet_loss_percent": {
            "min": 0.0,
            "average": 0.0,
            "max": 0.0,
            "percentiles": {
                "p25": 0.0,
                "p50": 0.0,
                "p75": 0.0
            }
        }
    },
    "meta": {
        "duration_seconds": 60.676387786865234,
        "test_attempts": 1,
        "vpn_restart_attempts": 0,
        "source": "yuki",
        "target": "luna"
    }
}