{
    "status": "success",
    "data": {
        "total_bandwidth_mbps": {
            "min": 313.12,
            "average": 601.4553571428571,
            "max": 664.79,
            "percentiles": {
                "p25": 585.9175,
                "p50": 608.0899999999999,
                "p75": 637.0725
            }
        },
        "cpu_usage_percent": {
            "min": 32.29,
            "average": 56.73846846846847,
            "max": 91.92,
            "percentiles": {
                "p25": 52.69,
                "p50": 54.305,
                "p75": 60.055
            }
        },
        "ttfb_ms": {
            "min": 13.0,
            "average": 18.0,
            "max": 21.0,
            "percentiles": {
                "p25": 16.0,
                "p50": 18.5,
                "p75": 20.75
            }
        },
        "conn_time_ms": {
            "min": 11.0,
            "average": 16.625,
            "max": 19.0,
            "percentiles": {
                "p25": 15.25,
                "p50": 17.0,
                "p75": 19.0
            }
        }
    },
    "meta": {
        "duration_seconds": 31.067001342773438,
        "test_attempts": 1,
        "vpn_restart_attempts": 0,
        "source": "yuki",
        "target": "luna"
    }
}