{
  "status": "success",
  "data": {
    "encoding": {
      "bitrate_kbps": {
        "min": 3309.4,
        "average": 3343.448275862069,
        "max": 3477.2,
        "percentiles": {
          "p25": 3319.25,
          "p50": 3332.3,
          "p75": 3349.3
        }
      },
      "fps": {
        "min": 31.0,
        "average": 32.06896551724138,
        "max": 43.0,
        "percentiles": {
          "p25": 31.0,
          "p50": 31.0,
          "p75": 32.0
        }
      },
      "dropped_frames": {
        "min": 15.0,
        "average": 15.0,
        "max": 15.0,
        "percentiles": {
          "p25": 15.0,
          "p50": 15.0,
          "p75": 15.0
        }
      }
    },
    "network": {
      "packets_dropped": {
        "min": 0.0,
        "average": 1790.2903225806451,
        "max": 55499.0,
        "percentiles": {
          "p25": 0.0,
          "p50": 0.0,
          "p75": 0.0
        }
      },
      "packets_recovered": {
        "min": 0.0,
        "average": 0.0,
        "max": 0.0,
        "percentiles": {
          "p25": 0.0,
          "p50": 0.0,
          "p75": 0.0
        }
      },
      "rtt_ms": {
        "min": 4.158905790195827,
        "average": 4.774926053358013,
        "max": 5.776245574180197,
        "percentiles": {
          "p25": 4.396391200444613,
          "p50": 4.872389997408595,
          "p75": 5.020502544024203
        }
      },
      "quality": {
        "min": 100.0,
        "average": 100.0,
        "max": 100.0,
        "percentiles": {
          "p25": 100.0,
          "p50": 100.0,
          "p75": 100.0
        }
      },
      "bitrate_bps": {
        "min": 0.0,
        "average": 3170254.6129032257,
        "max": 5138650.0,
        "percentiles": {
          "p25": 2852958.0,
          "p50": 3553667.0,
          "p75": 3604252.0
        }
      }
    }
  },
  "meta": {
    "duration_seconds": 31.47430920600891,
    "test_attempts": 1,
    "vpn_restart_attempts": 0,
    "vpn_restart_duration_seconds": 2.3321945667266846,
    "connectivity_wait_duration_seconds": 1.827953577041626,
    "source": "yuki",
    "target": "luna"
  }
}
