{
  "status": "success",
  "data": {
    "encoding": {
      "bitrate_kbps": {
        "min": 3321.0,
        "average": 3369.558620689655,
        "max": 3575.3,
        "percentiles": {
          "p25": 3334.35,
          "p50": 3347.1,
          "p75": 3384.8
        }
      },
      "fps": {
        "min": 31.0,
        "average": 32.13793103448276,
        "max": 45.0,
        "percentiles": {
          "p25": 31.0,
          "p50": 31.0,
          "p75": 32.0
        }
      },
      "dropped_frames": {
        "min": 15.0,
        "average": 15.0,
        "max": 15.0,
        "percentiles": {
          "p25": 15.0,
          "p50": 15.0,
          "p75": 15.0
        }
      }
    },
    "network": {
      "packets_dropped": {
        "min": 0.0,
        "average": 0.0,
        "max": 0.0,
        "percentiles": {
          "p25": 0.0,
          "p50": 0.0,
          "p75": 0.0
        }
      },
      "packets_recovered": {
        "min": 0.0,
        "average": 1.0,
        "max": 6.0,
        "percentiles": {
          "p25": 0.0,
          "p50": 1.0,
          "p75": 2.0
        }
      },
      "rtt_ms": {
        "min": 5.732559848539,
        "average": 7.269700606697365,
        "max": 8.353457721561075,
        "percentiles": {
          "p25": 6.822105035964188,
          "p50": 7.403788725268436,
          "p75": 7.718805377317218
        }
      },
      "quality": {
        "min": 98.0,
        "average": 99.38709677419355,
        "max": 100.0,
        "percentiles": {
          "p25": 99.0,
          "p50": 99.0,
          "p75": 100.0
        }
      },
      "bitrate_bps": {
        "min": 0.0,
        "average": 3158519.129032258,
        "max": 5369860.0,
        "percentiles": {
          "p25": 2848419.0,
          "p50": 3552916.0,
          "p75": 3594554.0
        }
      }
    }
  },
  "meta": {
    "duration_seconds": 31.828261375427246,
    "test_attempts": 1,
    "vpn_restart_attempts": 0,
    "vpn_restart_duration_seconds": 0.0,
    "connectivity_wait_duration_seconds": 0.0,
    "source": "yuki",
    "target": "luna"
  }
}
