{
  "start": {
    "connected": [
      {
        "socket": 7,
        "local_host": "188.245.151.45",
        "local_port": 57783,
        "remote_host": "79.243.9.75",
        "remote_port": 5201
      },
      {
        "socket": 9,
        "local_host": "188.245.151.45",
        "local_port": 58945,
        "remote_host": "79.243.9.75",
        "remote_port": 5201
      }
    ],
    "version": "iperf 3.17.1",
    "system_info": "Linux milo 6.12.13 #1-NixOS SMP PREEMPT_DYNAMIC Sat Feb  8 08:58:20 UTC 2025 x86_64",
    "timestamp": {
      "time": "Thu, 27 Feb 2025 19:04:44 GMT",
      "timesecs": 1740683084
    },
    "connecting_to": {
      "host": "gchq.icu",
      "port": 5201
    },
    "cookie": "x3ymbgyyoifgv6ovr2x772mwtnai7lmcyu7j",
    "target_bitrate": 0,
    "fq_rate": 0,
    "sock_bufsize": 0,
    "sndbuf_actual": 212992,
    "rcvbuf_actual": 212992,
    "test_start": {
      "protocol": "UDP",
      "num_streams": 1,
      "blksize": 1440,
      "omit": 0,
      "duration": 10,
      "bytes": 0,
      "blocks": 0,
      "reverse": 0,
      "tos": 0,
      "target_bitrate": 0,
      "bidir": 1,
      "fqrate": 0,
      "interval": 1
    }
  },
  "intervals": [
    {
      "streams": [
        {
          "socket": 7,
          "start": 0,
          "end": 1.001033,
          "seconds": 1.0010329484939575,
          "bytes": 232080480,
          "bits_per_second": 1854728001.5041454,
          "packets": 161168,
          "omitted": false,
          "sender": true
        },
        {
          "socket": 9,
          "start": 0,
          "end": 1.001035,
          "seconds": 1.00103497505188,
          "bytes": 25310880,
          "bits_per_second": 202277687.6397409,
          "jitter_ms": 0.025619697551956082,
          "lost_packets": 62371,
          "packets": 79948,
          "lost_percent": 78.0144593986091,
          "omitted": false,
          "sender": false
        }
      ],
      "sum": {
        "start": 0,
        "end": 1.001033,
        "seconds": 1.0010329484939575,
        "bytes": 232080480,
        "bits_per_second": 1854728001.5041454,
        "packets": 161168,
        "omitted": false,
        "sender": true
      },
      "sum_bidir_reverse": {
        "start": 0,
        "end": 1.001033,
        "seconds": 1.0010329484939575,
        "bytes": 25310880,
        "bits_per_second": 202278097.1441943,
        "jitter_ms": 0.025619697551956082,
        "lost_packets": 62371,
        "packets": 79948,
        "lost_percent": 78.0144593986091,
        "omitted": false,
        "sender": false
      }
    },
    {
      "streams": [
        {
          "socket": 7,
          "start": 1.001033,
          "end": 2.001051,
          "seconds": 1.0000180006027222,
          "bytes": 243069120,
          "bits_per_second": 1944517957.5047607,
          "packets": 168798,
          "omitted": false,
          "sender": true
        },
        {
          "socket": 9,
          "start": 1.001035,
          "end": 2.001053,
          "seconds": 1.0000180006027222,
          "bytes": 20135520,
          "bits_per_second": 161081260.44022483,
          "jitter_ms": 0.04326218924427056,
          "lost_packets": 68773,
          "packets": 82756,
          "lost_percent": 83.10333993909808,
          "omitted": false,
          "sender": false
        }
      ],
      "sum": {
        "start": 1.001033,
        "end": 2.001051,
        "seconds": 1.0000180006027222,
        "bytes": 243069120,
        "bits_per_second": 1944517957.5047607,
        "packets": 168798,
        "omitted": false,
        "sender": true
      },
      "sum_bidir_reverse": {
        "start": 1.001033,
        "end": 2.001051,
        "seconds": 1.0000180006027222,
        "bytes": 20135520,
        "bits_per_second": 161081260.44022483,
        "jitter_ms": 0.04326218924427056,
        "lost_packets": 68773,
        "packets": 82756,
        "lost_percent": 83.10333993909808,
        "omitted": false,
        "sender": false
      }
    },
    {
      "streams": [
        {
          "socket": 7,
          "start": 2.001051,
          "end": 3.001029,
          "seconds": 0.999978005886078,
          "bytes": 254141280,
          "bits_per_second": 2033174957.8816473,
          "packets": 176487,
          "omitted": false,
          "sender": true
        },
        {
          "socket": 9,
          "start": 2.001053,
          "end": 3.001031,
          "seconds": 0.999978005886078,
          "bytes": 20299680,
          "bits_per_second": 162401011.86635605,
          "jitter_ms": 0.031063172170968066,
          "lost_packets": 69272,
          "packets": 83369,
          "lost_percent": 83.0908371217119,
          "omitted": false,
          "sender": false
        }
      ],
      "sum": {
        "start": 2.001051,
        "end": 3.001029,
        "seconds": 0.999978005886078,
        "bytes": 254141280,
        "bits_per_second": 2033174957.8816473,
        "packets": 176487,
        "omitted": false,
        "sender": true
      },
      "sum_bidir_reverse": {
        "start": 2.001051,
        "end": 3.001029,
        "seconds": 0.999978005886078,
        "bytes": 20299680,
        "bits_per_second": 162401011.86635605,
        "jitter_ms": 0.031063172170968066,
        "lost_packets": 69272,
        "packets": 83369,
        "lost_percent": 83.0908371217119,
        "omitted": false,
        "sender": false
      }
    },
    {
      "streams": [
        {
          "socket": 7,
          "start": 3.001029,
          "end": 4.000349,
          "seconds": 0.9993199706077576,
          "bytes": 254151360,
          "bits_per_second": 2034594464.0368388,
          "packets": 176494,
          "omitted": false,
          "sender": true
        },
        {
          "socket": 9,
          "start": 3.001031,
          "end": 4.000351,
          "seconds": 0.9993199706077576,
          "bytes": 20183040,
          "bits_per_second": 161574195.20176512,
          "jitter_ms": 0.017642383647095847,
          "lost_packets": 69103,
          "packets": 83119,
          "lost_percent": 83.13742946859323,
          "omitted": false,
          "sender": false
        }
      ],
      "sum": {
        "start": 3.001029,
        "end": 4.000349,
        "seconds": 0.9993199706077576,
        "bytes": 254151360,
        "bits_per_second": 2034594464.0368388,
        "packets": 176494,
        "omitted": false,
        "sender": true
      },
      "sum_bidir_reverse": {
        "start": 3.001029,
        "end": 4.000349,
        "seconds": 0.9993199706077576,
        "bytes": 20183040,
        "bits_per_second": 161574195.20176512,
        "jitter_ms": 0.017642383647095847,
        "lost_packets": 69103,
        "packets": 83119,
        "lost_percent": 83.13742946859323,
        "omitted": false,
        "sender": false
      }
    },
    {
      "streams": [
        {
          "socket": 7,
          "start": 4.000349,
          "end": 5.000353,
          "seconds": 1.0000040531158447,
          "bytes": 248450400,
          "bits_per_second": 1987595144.0466287,
          "packets": 172536,
          "omitted": false,
          "sender": true
        },
        {
          "socket": 9,
          "start": 4.000351,
          "end": 5.000374,
          "seconds": 1.0000230073928833,
          "bytes": 20214720,
          "bits_per_second": 161714039.3815612,
          "jitter_ms": 0.02338170154015317,
          "lost_packets": 68268,
          "packets": 82306,
          "lost_percent": 82.94413529997813,
          "omitted": false,
          "sender": false
        }
      ],
      "sum": {
        "start": 4.000349,
        "end": 5.000353,
        "seconds": 1.0000040531158447,
        "bytes": 248450400,
        "bits_per_second": 1987595144.0466287,
        "packets": 172536,
        "omitted": false,
        "sender": true
      },
      "sum_bidir_reverse": {
        "start": 4.000349,
        "end": 5.000353,