{
    "status": "success",
    "data": {
        "rtt_min_ms": {
            "min": 1.405,
            "average": 1.8043333333333333,
            "max": 2.425,
            "percentiles": {
                "p25": 1.405,
                "p50": 1.583,
                "p75": 2.425
            }
        },
        "rtt_avg_ms": {
            "min": 5.301,
            "average": 6.628,
            "max": 7.349,
            "percentiles": {
                "p25": 5.301,
                "p50": 7.234,
                "p75": 7.349
            }
        },
        "rtt_max_ms": {
            "min": 9.134,
            "average": 142.582,
            "max": 211.553,
            "percentiles": {
                "p25": 9.134,
                "p50": 207.059,
                "p75": 211.553
            }
        },
        "rtt_mdev_ms": {
            "min": 1.576,
            "average": 14.104333333333333,
            "max": 20.592,
            "percentiles": {
                "p25": 1.576,
                "p50": 20.145,
                "p75": 20.592
            }
        },
        "packet_loss_percent": {
            "min": 0.0,
            "average": 0.0,
            "max": 0.0,
            "percentiles": {
                "p25": 0.0,
                "p50": 0.0,
                "p75": 0.0
            }
        }
    },
    "meta": {
        "duration_seconds": 60.85004377365112,
        "test_attempts": 1,
        "vpn_restart_attempts": 0,
        "vpn_restart_duration_seconds": 2.01343035697937,
        "connectivity_wait_duration_seconds": 1.9584760665893555,
        "source": "lom",
        "target": "yuki"
    }
}