{
  "status": "success",
  "data": {
    "total_bandwidth_mbps": {
      "min": 21.542,
      "average": 23.46953333333333,
      "max": 24.793,
      "percentiles": {
        "p25": 22.979749999999996,
        "p50": 23.698499999999996,
        "p75": 24.018499999999996
      }
    },
    "cpu_usage_percent": {
      "min": 0.0,
      "average": 2.3147083333333334,
      "max": 7.07,
      "percentiles": {
        "p25": 1.06,
        "p50": 2.02,
        "p75": 3.0
      }
    },
    "ttfb_ms": {
      "min": 27.0,
      "average": 85.625,
      "max": 191.0,
      "percentiles": {
        "p25": 33.25,
        "p50": 72.0,
        "p75": 135.5
      }
    },
    "conn_time_ms": {
      "min": 16.0,
      "average": 69.875,
      "max": 127.0,
      "percentiles": {
        "p25": 32.0,
        "p50": 68.5,
        "p75": 105.25
      }
    }
  },
  "meta": {
    "duration_seconds": 32.45932722091675,
    "test_attempts": 1,
    "vpn_restart_attempts": 0,
    "vpn_restart_duration_seconds": 2.245295763015747,
    "connectivity_wait_duration_seconds": 5.662127733230591,
    "source": "luna",
    "target": "lom"
  }
}
