{
  "status": "success",
  "data": {
    "encoding": {
      "bitrate_kbps": {
        "min": 3309.8,
        "average": 3350.9103448275864,
        "max": 3509.3,
        "percentiles": {
          "p25": 3323.0,
          "p50": 3336.5,
          "p75": 3360.8
        }
      },
      "fps": {
        "min": 31.0,
        "average": 32.10344827586207,
        "max": 45.0,
        "percentiles": {
          "p25": 31.0,
          "p50": 31.0,
          "p75": 32.0
        }
      },
      "dropped_frames": {
        "min": 15.0,
        "average": 15.0,
        "max": 15.0,
        "percentiles": {
          "p25": 15.0,
          "p50": 15.0,
          "p75": 15.0
        }
      }
    },
    "network": {
      "packets_dropped": {
        "min": 0.0,
        "average": 1790.1290322580646,
        "max": 55494.0,
        "percentiles": {
          "p25": 0.0,
          "p50": 0.0,
          "p75": 0.0
        }
      },
      "packets_recovered": {
        "min": 0.0,
        "average": 1.3548387096774193,
        "max": 8.0,
        "percentiles": {
          "p25": 0.0,
          "p50": 0.0,
          "p75": 3.0
        }
      },
      "rtt_ms": {
        "min": 5.824382090712222,
        "average": 7.82716358247283,
        "max": 8.8141091945526,
        "percentiles": {
          "p25": 7.505220179805805,
          "p50": 7.917293310984695,
          "p75": 8.323973560215945
        }
      },
      "quality": {
        "min": 97.0,
        "average": 99.38709677419355,
        "max": 100.0,
        "percentiles": {
          "p25": 99.0,
          "p50": 100.0,
          "p75": 100.0
        }
      },
      "bitrate_bps": {
        "min": 0.0,
        "average": 3156322.129032258,
        "max": 5155541.0,
        "percentiles": {
          "p25": 2844925.0,
          "p50": 3513537.0,
          "p75": 3627007.0
        }
      }
    }
  },
  "meta": {
    "duration_seconds": 31.586705684661865,
    "test_attempts": 1,
    "vpn_restart_attempts": 0,
    "vpn_restart_duration_seconds": 36.5024847984314,
    "connectivity_wait_duration_seconds": 3.1975204944610596,
    "source": "lom",
    "target": "yuki"
  }
}
