{
  "status": "success",
  "data": {
    "rtt_min_ms": {
      "min": 1.265,
      "average": 1.53,
      "max": 1.718,
      "percentiles": {
        "p25": 1.265,
        "p50": 1.607,
        "p75": 1.718
      }
    },
    "rtt_avg_ms": {
      "min": 19.05,
      "average": 20.435000000000002,
      "max": 22.21,
      "percentiles": {
        "p25": 19.05,
        "p50": 20.045,
        "p75": 22.21
      }
    },
    "rtt_max_ms": {
      "min": 100.854,
      "average": 102.40266666666666,
      "max": 104.788,
      "percentiles": {
        "p25": 100.854,
        "p50": 101.566,
        "p75": 104.788
      }
    },
    "rtt_mdev_ms": {
      "min": 14.258,
      "average": 17.712333333333333,
      "max": 19.444,
      "percentiles": {
        "p25": 14.258,
        "p50": 19.435,
        "p75": 19.444
      }
    },
    "packet_loss_percent": {
      "min": 0.0,
      "average": 0.0,
      "max": 0.0,
      "percentiles": {
        "p25": 0.0,
        "p50": 0.0,
        "p75": 0.0
      }
    }
  },
  "meta": {
    "duration_seconds": 61.23651075363159,
    "test_attempts": 1,
    "vpn_restart_attempts": 0,
    "vpn_restart_duration_seconds": 2.618598461151123,
    "connectivity_wait_duration_seconds": 3.6905581951141357,
    "source": "luna",
    "target": "lom"
  }
}
