{
  "status": "success",
  "data": {
    "total_bandwidth_mbps": {
      "min": 562.23,
      "average": 734.2643333333333,
      "max": 780.6300000000001,
      "percentiles": {
        "p25": 733.2924999999999,
        "p50": 744.245,
        "p75": 750.6175
      }
    },
    "cpu_usage_percent": {
      "min": 1.16,
      "average": 20.294,
      "max": 51.38,
      "percentiles": {
        "p25": 17.17,
        "p50": 20.41,
        "p75": 23.71
      }
    },
    "ttfb_ms": {
      "min": 117.0,
      "average": 128.875,
      "max": 144.0,
      "percentiles": {
        "p25": 119.25,
        "p50": 129.5,
        "p75": 137.5
      }
    },
    "conn_time_ms": {
      "min": 63.0,
      "average": 66.625,
      "max": 72.0,
      "percentiles": {
        "p25": 63.5,
        "p50": 66.0,
        "p75": 70.0
      }
    }
  },
  "meta": {
    "duration_seconds": 32.80367588996887,
    "test_attempts": 1,
    "vpn_restart_attempts": 0,
    "vpn_restart_duration_seconds": 1.9464497566223145,
    "connectivity_wait_duration_seconds": 9.831475496292114,
    "source": "lom",
    "target": "yuki"
  }
}
