{
    "status": "success",
    "data": {
        "rtt_min_ms": {
            "min": 0.684,
            "average": 0.776,
            "max": 0.856,
            "percentiles": {
                "p25": 0.684,
                "p50": 0.788,
                "p75": 0.856
            }
        },
        "rtt_avg_ms": {
            "min": 1.046,
            "average": 1.052,
            "max": 1.062,
            "percentiles": {
                "p25": 1.046,
                "p50": 1.048,
                "p75": 1.062
            }
        },
        "rtt_max_ms": {
            "min": 1.173,
            "average": 3.3653333333333335,
            "max": 5.013,
            "percentiles": {
                "p25": 1.173,
                "p50": 3.91,
                "p75": 5.013
            }
        },
        "rtt_mdev_ms": {
            "min": 0.071,
            "average": 0.257,
            "max": 0.403,
            "percentiles": {
                "p25": 0.071,
                "p50": 0.297,
                "p75": 0.403
            }
        },
        "packet_loss_percent": {
            "min": 0.0,
            "average": 0.0,
            "max": 0.0,
            "percentiles": {
                "p25": 0.0,
                "p50": 0.0,
                "p75": 0.0
            }
        }
    },
    "meta": {
        "duration_seconds": 60.707000970840454,
        "test_attempts": 1,
        "vpn_restart_attempts": 0,
        "vpn_restart_duration_seconds": 38.499451637268066,
        "connectivity_wait_duration_seconds": 2.1360251903533936,
        "source": "luna",
        "target": "lom"
    }
}