{
    "status": "success",
    "data": {
        "encoding": {
            "bitrate_kbps": {
                "min": 3292.8,
                "average": 3344.993103448276,
                "max": 3486.3,
                "percentiles": {
                    "p25": 3320.1499999999996,
                    "p50": 3332.7,
                    "p75": 3352.75
                }
            },
            "fps": {
                "min": 30.0,
                "average": 32.10344827586207,
                "max": 45.0,
                "percentiles": {
                    "p25": 31.0,
                    "p50": 31.0,
                    "p75": 32.0
                }
            },
            "dropped_frames": {
                "min": 15.0,
                "average": 15.0,
                "max": 15.0,
                "percentiles": {
                    "p25": 15.0,
                    "p50": 15.0,
                    "p75": 15.0
                }
            }
        },
        "network": {
            "packets_dropped": {
                "min": 0.0,
                "average": 0.0,
                "max": 0.0,
                "percentiles": {
                    "p25": 0.0,
                    "p50": 0.0,
                    "p75": 0.0
                }
            },
            "packets_recovered": {
                "min": 0.0,
                "average": 0.0,
                "max": 0.0,
                "percentiles": {
                    "p25": 0.0,
                    "p50": 0.0,
                    "p75": 0.0
                }
            },
            "rtt_ms": {
                "min": 3.3954067924154017,
                "average": 4.455161691241956,
                "max": 5.356315077624577,
                "percentiles": {
                    "p25": 4.20614465722321,
                    "p50": 4.454705065254285,
                    "p75": 4.81016312232434
                }
            },
            "quality": {
                "min": 100.0,
                "average": 100.0,
                "max": 100.0,
                "percentiles": {
                    "p25": 100.0,
                    "p50": 100.0,
                    "p75": 100.0
                }
            },
            "bitrate_bps": {
                "min": 0.0,
                "average": 3146908.2258064514,
                "max": 5096925.0,
                "percentiles": {
                    "p25": 2845053.0,
                    "p50": 3587781.0,
                    "p75": 3594467.0
                }
            }
        }
    },
    "meta": {
        "duration_seconds": 31.4255588054657,
        "test_attempts": 1,
        "vpn_restart_attempts": 0,
        "vpn_restart_duration_seconds": 36.57523965835571,
        "connectivity_wait_duration_seconds": 2.160587787628174,
        "source": "luna",
        "target": "lom"
    }
}