{
  "status": "success",
  "data": {
    "rtt_min_ms": {
      "min": 0.656,
      "average": 0.667,
      "max": 0.681,
      "percentiles": {
        "p25": 0.656,
        "p50": 0.664,
        "p75": 0.681
      }
    },
    "rtt_avg_ms": {
      "min": 15.149,
      "average": 15.353,
      "max": 15.486,
      "percentiles": {
        "p25": 15.149,
        "p50": 15.424,
        "p75": 15.486
      }
    },
    "rtt_max_ms": {
      "min": 39.988,
      "average": 40.28066666666667,
      "max": 40.728,
      "percentiles": {
        "p25": 39.988,
        "p50": 40.126,
        "p75": 40.728
      }
    },
    "rtt_mdev_ms": {
      "min": 9.322,
      "average": 10.149333333333333,
      "max": 11.165,
      "percentiles": {
        "p25": 9.322,
        "p50": 9.961,
        "p75": 11.165
      }
    },
    "packet_loss_percent": {
      "min": 4.0,
      "average": 6.333333333333333,
      "max": 8.0,
      "percentiles": {
        "p25": 4.0,
        "p50": 7.0,
        "p75": 8.0
      }
    }
  },
  "meta": {
    "duration_seconds": 62.06589078903198,
    "test_attempts": 1,
    "vpn_restart_attempts": 0,
    "vpn_restart_duration_seconds": 0.0,
    "connectivity_wait_duration_seconds": 0.0,
    "source": "yuki",
    "target": "luna"
  }
}
