{
    "status": "success",
    "data": {
        "rtt_min_ms": {
            "min": 0.551,
            "average": 0.6,
            "max": 0.668,
            "percentiles": {
                "p25": 0.551,
                "p50": 0.581,
                "p75": 0.668
            }
        },
        "rtt_avg_ms": {
            "min": 15.785,
            "average": 16.21366666666667,
            "max": 16.585,
            "percentiles": {
                "p25": 15.785,
                "p50": 16.271,
                "p75": 16.585
            }
        },
        "rtt_max_ms": {
            "min": 37.799,
            "average": 40.299,
            "max": 42.033,
            "percentiles": {
                "p25": 37.799,
                "p50": 41.065,
                "p75": 42.033
            }
        },
        "rtt_mdev_ms": {
            "min": 9.783,
            "average": 10.239333333333333,
            "max": 11.015,
            "percentiles": {
                "p25": 9.783,
                "p50": 9.92,
                "p75": 11.015
            }
        },
        "packet_loss_percent": {
            "min": 1.0,
            "average": 4.666666666666667,
            "max": 7.0,
            "percentiles": {
                "p25": 1.0,
                "p50": 6.0,
                "p75": 7.0
            }
        }
    },
    "meta": {
        "duration_seconds": 61.75370454788208,
        "test_attempts": 1,
        "vpn_restart_attempts": 0,
        "vpn_restart_duration_seconds": 0.0,
        "connectivity_wait_duration_seconds": 0.0,
        "source": "yuki",
        "target": "luna"
    }
}