{
    "status": "success",
    "data": {
        "total_bandwidth_mbps": {
            "min": 63.556999999999995,
            "average": 72.17673333333333,
            "max": 80.105,
            "percentiles": {
                "p25": 68.6275,
                "p50": 71.83449999999999,
                "p75": 76.034
            }
        },
        "cpu_usage_percent": {
            "min": 0.0,
            "average": 3.3793333333333333,
            "max": 8.14,
            "percentiles": {
                "p25": 2.04,
                "p50": 3.06,
                "p75": 4.08
            }
        },
        "ttfb_ms": {
            "min": 39.0,
            "average": 52.875,
            "max": 72.0,
            "percentiles": {
                "p25": 41.5,
                "p50": 49.0,
                "p75": 67.5
            }
        },
        "conn_time_ms": {
            "min": 12.0,
            "average": 35.0,
            "max": 50.0,
            "percentiles": {
                "p25": 28.0,
                "p50": 37.5,
                "p75": 41.75
            }
        }
    },
    "meta": {
        "duration_seconds": 32.56545829772949,
        "test_attempts": 1,
        "vpn_restart_attempts": 0,
        "vpn_restart_duration_seconds": 0.0,
        "connectivity_wait_duration_seconds": 0.0,
        "source": "yuki",
        "target": "luna"
    }
}