{
  "status": "success",
  "data": {
    "rtt_min_ms": {
      "min": 1.131,
      "average": 1.1696666666666666,
      "max": 1.24,
      "percentiles": {
        "p25": 1.131,
        "p50": 1.138,
        "p75": 1.24
      }
    },
    "rtt_avg_ms": {
      "min": 10.134,
      "average": 10.260333333333334,
      "max": 10.454,
      "percentiles": {
        "p25": 10.134,
        "p50": 10.193,
        "p75": 10.454
      }
    },
    "rtt_max_ms": {
      "min": 18.909,
      "average": 20.552,
      "max": 22.725,
      "percentiles": {
        "p25": 18.909,
        "p50": 20.022,
        "p75": 22.725
      }
    },
    "rtt_mdev_ms": {
      "min": 4.668,
      "average": 4.8453333333333335,
      "max": 5.074,
      "percentiles": {
        "p25": 4.668,
        "p50": 4.794,
        "p75": 5.074
      }
    },
    "packet_loss_percent": {
      "min": 1.0,
      "average": 1.6666666666666667,
      "max": 2.0,
      "percentiles": {
        "p25": 1.0,
        "p50": 2.0,
        "p75": 2.0
      }
    }
  },
  "meta": {
    "duration_seconds": 61.98636174201965,
    "test_attempts": 1,
    "vpn_restart_attempts": 0,
    "vpn_restart_duration_seconds": 37.57669758796692,
    "connectivity_wait_duration_seconds": 2.839801549911499,
    "source": "yuki",
    "target": "luna"
  }
}
