{
  "status": "success",
  "data": {
    "total_bandwidth_mbps": {
      "min": 37.806,
      "average": 39.2825,
      "max": 40.83,
      "percentiles": {
        "p25": 38.783,
        "p50": 39.158500000000004,
        "p75": 39.87799999999999
      }
    },
    "cpu_usage_percent": {
      "min": 0.0,
      "average": 2.033333333333333,
      "max": 6.0,
      "percentiles": {
        "p25": 1.08,
        "p50": 2.0,
        "p75": 2.13
      }
    },
    "ttfb_ms": {
      "min": 20.0,
      "average": 59.0,
      "max": 269.0,
      "percentiles": {
        "p25": 23.25,
        "p50": 26.0,
        "p75": 43.0
      }
    },
    "conn_time_ms": {
      "min": 18.0,
      "average": 55.25,
      "max": 261.0,
      "percentiles": {
        "p25": 19.25,
        "p50": 24.5,
        "p75": 39.75
      }
    }
  },
  "meta": {
    "duration_seconds": 31.77658438682556,
    "test_attempts": 1,
    "vpn_restart_attempts": 0,
    "vpn_restart_duration_seconds": 37.02963137626648,
    "connectivity_wait_duration_seconds": 3.8219947814941406,
    "source": "yuki",
    "target": "luna"
  }
}
