{
  "status": "success",
  "data": {
    "encoding": {
      "bitrate_kbps": {
        "min": 3309.8,
        "average": 3352.041379310345,
        "max": 3499.5,
        "percentiles": {
          "p25": 3324.7,
          "p50": 3338.7,
          "p75": 3360.3999999999996
        }
      },
      "fps": {
        "min": 31.0,
        "average": 32.13793103448276,
        "max": 45.0,
        "percentiles": {
          "p25": 31.0,
          "p50": 31.0,
          "p75": 32.0
        }
      },
      "dropped_frames": {
        "min": 15.0,
        "average": 15.0,
        "max": 15.0,
        "percentiles": {
          "p25": 15.0,
          "p50": 15.0,
          "p75": 15.0
        }
      }
    },
    "network": {
      "packets_dropped": {
        "min": 0.0,
        "average": 1790.0967741935483,
        "max": 55493.0,
        "percentiles": {
          "p25": 0.0,
          "p50": 0.0,
          "p75": 0.0
        }
      },
      "packets_recovered": {
        "min": 0.0,
        "average": 89.25806451612904,
        "max": 201.0,
        "percentiles": {
          "p25": 78.0,
          "p50": 92.0,
          "p75": 102.0
        }
      },
      "rtt_ms": {
        "min": 5.0,
        "average": 16.73574329426858,
        "max": 21.20828797986108,
        "percentiles": {
          "p25": 15.31149817332706,
          "p50": 17.310905764817285,
          "p75": 19.59047697572531
        }
      },
      "quality": {
        "min": 71.0,
        "average": 78.90322580645162,
        "max": 100.0,
        "percentiles": {
          "p25": 77.0,
          "p50": 78.0,
          "p75": 81.0
        }
      },
      "bitrate_bps": {
        "min": 0.0,
        "average": 3158251.0322580645,
        "max": 5147315.0,
        "percentiles": {
          "p25": 2833637.0,
          "p50": 3537336.0,
          "p75": 3623043.0
        }
      }
    }
  },
  "meta": {
    "duration_seconds": 31.860177993774414,
    "test_attempts": 1,
    "vpn_restart_attempts": 0,
    "vpn_restart_duration_seconds": 2.2321908473968506,
    "connectivity_wait_duration_seconds": 6.343220233917236,
    "source": "luna",
    "target": "lom"
  }
}
