{
  "status": "success",
  "data": {
    "encoding": {
      "bitrate_kbps": {
        "min": 3306.8,
        "average": 3349.2206896551725,
        "max": 3497.7,
        "percentiles": {
          "p25": 3322.75,
          "p50": 3336.5,
          "p75": 3358.05
        }
      },
      "fps": {
        "min": 31.0,
        "average": 32.13793103448276,
        "max": 45.0,
        "percentiles": {
          "p25": 31.0,
          "p50": 31.0,
          "p75": 32.0
        }
      },
      "dropped_frames": {
        "min": 15.0,
        "average": 15.0,
        "max": 15.0,
        "percentiles": {
          "p25": 15.0,
          "p50": 15.0,
          "p75": 15.0
        }
      }
    },
    "network": {
      "packets_dropped": {
        "min": 0.0,
        "average": 0.0,
        "max": 0.0,
        "percentiles": {
          "p25": 0.0,
          "p50": 0.0,
          "p75": 0.0
        }
      },
      "packets_recovered": {
        "min": 0.0,
        "average": 0.0,
        "max": 0.0,
        "percentiles": {
          "p25": 0.0,
          "p50": 0.0,
          "p75": 0.0
        }
      },
      "rtt_ms": {
        "min": 4.00513147132446,
        "average": 4.685020481624941,
        "max": 5.94031196863678,
        "percentiles": {
          "p25": 4.361393463558626,
          "p50": 4.5639165853893635,
          "p75": 4.9189648896021785
        }
      },
      "quality": {
        "min": 100.0,
        "average": 100.0,
        "max": 100.0,
        "percentiles": {
          "p25": 100.0,
          "p50": 100.0,
          "p75": 100.0
        }
      },
      "bitrate_bps": {
        "min": 0.0,
        "average": 3177305.806451613,
        "max": 5187506.0,
        "percentiles": {
          "p25": 2845922.0,
          "p50": 3568407.0,
          "p75": 3613185.0
        }
      }
    }
  },
  "meta": {
    "duration_seconds": 32.74627995491028,
    "test_attempts": 1,
    "vpn_restart_attempts": 0,
    "vpn_restart_duration_seconds": 1.4357094764709473,
    "connectivity_wait_duration_seconds": 3.7364730834960938,
    "source": "lom",
    "target": "yuki"
  }
}
