{
    "status": "success",
    "data": {
        "rtt_min_ms": {
            "min": 1.145,
            "average": 1.1983333333333335,
            "max": 1.233,
            "percentiles": {
                "p25": 1.145,
                "p50": 1.217,
                "p75": 1.233
            }
        },
        "rtt_avg_ms": {
            "min": 9.57,
            "average": 10.0,
            "max": 10.332,
            "percentiles": {
                "p25": 9.57,
                "p50": 10.098,
                "p75": 10.332
            }
        },
        "rtt_max_ms": {
            "min": 21.652,
            "average": 22.145333333333333,
            "max": 22.896,
            "percentiles": {
                "p25": 21.652,
                "p50": 21.888,
                "p75": 22.896
            }
        },
        "rtt_mdev_ms": {
            "min": 4.817,
            "average": 4.983666666666667,
            "max": 5.267,
            "percentiles": {
                "p25": 4.817,
                "p50": 4.867,
                "p75": 5.267
            }
        },
        "packet_loss_percent": {
            "min": 1.0,
            "average": 1.3333333333333333,
            "max": 2.0,
            "percentiles": {
                "p25": 1.0,
                "p50": 1.0,
                "p75": 2.0
            }
        }
    },
    "meta": {
        "duration_seconds": 61.477163314819336,
        "test_attempts": 1,
        "vpn_restart_attempts": 0,
        "vpn_restart_duration_seconds": 37.08687663078308,
        "connectivity_wait_duration_seconds": 3.6612870693206787,
        "source": "yuki",
        "target": "luna"
    }
}