{
    "status": "success",
    "data": {
        "rtt_min_ms": {
            "min": 1.205,
            "average": 1.2306666666666668,
            "max": 1.256,
            "percentiles": {
                "p25": 1.205,
                "p50": 1.231,
                "p75": 1.256
            }
        },
        "rtt_avg_ms": {
            "min": 9.441,
            "average": 9.860333333333333,
            "max": 10.247,
            "percentiles": {
                "p25": 9.441,
                "p50": 9.893,
                "p75": 10.247
            }
        },
        "rtt_max_ms": {
            "min": 19.333,
            "average": 21.048,
            "max": 22.25,
            "percentiles": {
                "p25": 19.333,
                "p50": 21.561,
                "p75": 22.25
            }
        },
        "rtt_mdev_ms": {
            "min": 4.739,
            "average": 5.178,
            "max": 5.548,
            "percentiles": {
                "p25": 4.739,
                "p50": 5.247,
                "p75": 5.548
            }
        },
        "packet_loss_percent": {
            "min": 0.0,
            "average": 0.3333333333333333,
            "max": 1.0,
            "percentiles": {
                "p25": 0.0,
                "p50": 0.0,
                "p75": 1.0
            }
        }
    },
    "meta": {
        "duration_seconds": 61.07150602340698,
        "test_attempts": 1,
        "vpn_restart_attempts": 0,
        "vpn_restart_duration_seconds": 37.01551818847656,
        "connectivity_wait_duration_seconds": 2.3673160076141357,
        "source": "yuki",
        "target": "luna"
    }
}