{
    "status": "success",
    "data": {
        "total_bandwidth_mbps": {
            "min": 37.954,
            "average": 39.14893333333333,
            "max": 40.622,
            "percentiles": {
                "p25": 38.67275000000001,
                "p50": 39.17699999999999,
                "p75": 39.64875
            }
        },
        "cpu_usage_percent": {
            "min": 0.0,
            "average": 1.9895,
            "max": 10.1,
            "percentiles": {
                "p25": 1.05,
                "p50": 2.0,
                "p75": 2.02
            }
        },
        "ttfb_ms": {
            "min": 26.0,
            "average": 67.125,
            "max": 241.0,
            "percentiles": {
                "p25": 35.0,
                "p50": 39.0,
                "p75": 69.5
            }
        },
        "conn_time_ms": {
            "min": 25.0,
            "average": 60.625,
            "max": 233.0,
            "percentiles": {
                "p25": 26.5,
                "p50": 32.5,
                "p75": 60.5
            }
        }
    },
    "meta": {
        "duration_seconds": 32.228270053863525,
        "test_attempts": 1,
        "vpn_restart_attempts": 0,
        "vpn_restart_duration_seconds": 36.79833626747131,
        "connectivity_wait_duration_seconds": 2.5462183952331543,
        "source": "yuki",
        "target": "luna"
    }
}