{
    "status": "success",
    "data": {
        "bitrate_kbps": {
            "min": 1908.1,
            "average": 1987.703448275862,
            "max": 2024.4,
            "percentiles": {
                "p25": 1980.2,
                "p50": 1988.0,
                "p75": 1995.2
            }
        },
        "fps": {
            "min": 31.0,
            "average": 32.13793103448276,
            "max": 45.0,
            "percentiles": {
                "p25": 31.0,
                "p50": 31.0,
                "p75": 32.0
            }
        },
        "dropped_frames": {
            "min": 15.0,
            "average": 15.0,
            "max": 15.0,
            "percentiles": {
                "p25": 15.0,
                "p50": 15.0,
                "p75": 15.0
            }
        }
    },
    "meta": {
        "duration_seconds": 31.537963151931763,
        "test_attempts": 1,
        "vpn_restart_attempts": 0,
        "vpn_restart_duration_seconds": 37.74832606315613,
        "connectivity_wait_duration_seconds": 3.4223315715789795,
        "source": "yuki",
        "target": "luna"
    }
}