{
    "status": "success",
    "data": {
        "encoding": {
            "bitrate_kbps": {
                "min": 3312.8,
                "average": 3351.3344827586207,
                "max": 3501.3,
                "percentiles": {
                    "p25": 3323.45,
                    "p50": 3336.5,
                    "p75": 3360.9
                }
            },
            "fps": {
                "min": 30.0,
                "average": 32.10344827586207,
                "max": 45.0,
                "percentiles": {
                    "p25": 31.0,
                    "p50": 31.0,
                    "p75": 32.0
                }
            },
            "dropped_frames": {
                "min": 15.0,
                "average": 15.0,
                "max": 15.0,
                "percentiles": {
                    "p25": 15.0,
                    "p50": 15.0,
                    "p75": 15.0
                }
            }
        },
        "network": {
            "packets_dropped": {
                "min": 0.0,
                "average": 1790.0645161290322,
                "max": 55492.0,
                "percentiles": {
                    "p25": 0.0,
                    "p50": 0.0,
                    "p75": 0.0
                }
            },
            "packets_recovered": {
                "min": 0.0,
                "average": 37.193548387096776,
                "max": 81.0,
                "percentiles": {
                    "p25": 25.0,
                    "p50": 37.0,
                    "p75": 45.0
                }
            },
            "rtt_ms": {
                "min": 5.95058984155175,
                "average": 12.248672981655039,
                "max": 15.157734302731546,
                "percentiles": {
                    "p25": 11.281944715756838,
                    "p50": 12.62558350273704,
                    "p75": 13.28379897913069
                }
            },
            "quality": {
                "min": 82.0,
                "average": 89.7741935483871,
                "max": 100.0,
                "percentiles": {
                    "p25": 88.0,
                    "p50": 89.0,
                    "p75": 92.0
                }
            },
            "bitrate_bps": {
                "min": 0.0,
                "average": 3154738.064516129,
                "max": 5094347.0,
                "percentiles": {
                    "p25": 2860613.0,
                    "p50": 3547017.0,
                    "p75": 3615308.0
                }
            }
        }
    },
    "meta": {
        "duration_seconds": 32.26114082336426,
        "test_attempts": 1,
        "vpn_restart_attempts": 0,
        "vpn_restart_duration_seconds": 38.097891092300415,
        "connectivity_wait_duration_seconds": 3.2936477661132812,
        "source": "yuki",
        "target": "luna"
    }
}