{
  "status": "success",
  "data": {
    "rtt_min_ms": {
      "min": 1.178,
      "average": 1.228,
      "max": 1.28,
      "percentiles": {
        "p25": 1.178,
        "p50": 1.226,
        "p75": 1.28
      }
    },
    "rtt_avg_ms": {
      "min": 1.724,
      "average": 1.7486666666666666,
      "max": 1.763,
      "percentiles": {
        "p25": 1.724,
        "p50": 1.759,
        "p75": 1.763
      }
    },
    "rtt_max_ms": {
      "min": 2.705,
      "average": 3.6956666666666664,
      "max": 5.348,
      "percentiles": {
        "p25": 2.705,
        "p50": 3.034,
        "p75": 5.348
      }
    },
    "rtt_mdev_ms": {
      "min": 0.243,
      "average": 0.3173333333333333,
      "max": 0.423,
      "percentiles": {
        "p25": 0.243,
        "p50": 0.286,
        "p75": 0.423
      }
    },
    "packet_loss_percent": {
      "min": 0.0,
      "average": 0.0,
      "max": 0.0,
      "percentiles": {
        "p25": 0.0,
        "p50": 0.0,
        "p75": 0.0
      }
    }
  },
  "meta": {
    "duration_seconds": 60.45622539520264,
    "test_attempts": 1,
    "vpn_restart_attempts": 0
  }
}
