{
  "status": "success",
  "data": {
    "total_bandwidth_mbps": {
      "min": 528.9000000000001,
      "average": 576.226,
      "max": 626.4000000000001,
      "percentiles": {
        "p25": 555.0249999999999,
        "p50": 575.1300000000001,
        "p75": 594.9499999999999
      }
    },
    "cpu_usage_percent": {
      "min": 55.91,
      "average": 62.89791666666667,
      "max": 72.04,
      "percentiles": {
        "p25": 60.58,
        "p50": 62.22,
        "p75": 65.0875
      }
    },
    "ttfb_ms": {
      "min": 25.0,
      "average": 33.0,
      "max": 38.0,
      "percentiles": {
        "p25": 27.25,
        "p50": 34.5,
        "p75": 37.25
      }
    },
    "conn_time_ms": {
      "min": 21.0,
      "average": 25.75,
      "max": 29.0,
      "percentiles": {
        "p25": 22.25,
        "p50": 26.5,
        "p75": 28.5
      }
    }
  },
  "meta": {
    "duration_seconds": 31.127193689346313,
    "test_attempts": 1,
    "vpn_restart_attempts": 0
  }
}
