{
  "status": "success",
  "data": {
    "bitrate_kbps": {
      "min": 1758.7,
      "average": 1945.3862068965518,
      "max": 1972.2,
      "percentiles": {
        "p25": 1941.4,
        "p50": 1960.6,
        "p75": 1966.25
      }
    },
    "fps": {
      "min": 31.0,
      "average": 32.13793103448276,
      "max": 45.0,
      "percentiles": {
        "p25": 31.0,
        "p50": 31.0,
        "p75": 32.0
      }
    },
    "dropped_frames": {
      "min": 14.0,
      "average": 14.0,
      "max": 14.0,
      "percentiles": {
        "p25": 14.0,
        "p50": 14.0,
        "p75": 14.0
      }
    }
  },
  "meta": {
    "duration_seconds": 31.197898864746094,
    "test_attempts": 1,
    "vpn_restart_attempts": 0
  }
}
