{
  "status": "success",
  "data": {
    "rtt_min_ms": {
      "min": 1.242,
      "average": 1.325,
      "max": 1.389,
      "percentiles": {
        "p25": 1.242,
        "p50": 1.344,
        "p75": 1.389
      }
    },
    "rtt_avg_ms": {
      "min": 1.889,
      "average": 1.8916666666666666,
      "max": 1.895,
      "percentiles": {
        "p25": 1.889,
        "p50": 1.891,
        "p75": 1.895
      }
    },
    "rtt_max_ms": {
      "min": 2.432,
      "average": 2.722,
      "max": 3.163,
      "percentiles": {
        "p25": 2.432,
        "p50": 2.571,
        "p75": 3.163
      }
    },
    "rtt_mdev_ms": {
      "min": 0.233,
      "average": 0.24966666666666668,
      "max": 0.276,
      "percentiles": {
        "p25": 0.233,
        "p50": 0.24,
        "p75": 0.276
      }
    },
    "packet_loss_percent": {
      "min": 0.0,
      "average": 0.0,
      "max": 0.0,
      "percentiles": {
        "p25": 0.0,
        "p50": 0.0,
        "p75": 0.0
      }
    }
  },
  "meta": {
    "duration_seconds": 60.453514099121094,
    "test_attempts": 1,
    "vpn_restart_attempts": 0
  }
}
