{
  "status": "success",
  "data": {
    "total_bandwidth_mbps": {
      "min": 508.1,
      "average": 568.0236666666667,
      "max": 639.5,
      "percentiles": {
        "p25": 537.9725000000001,
        "p50": 555.1,
        "p75": 596.75
      }
    },
    "cpu_usage_percent": {
      "min": 57.33,
      "average": 64.51541666666667,
      "max": 72.16,
      "percentiles": {
        "p25": 62.37,
        "p50": 64.44999999999999,
        "p75": 66.315
      }
    },
    "ttfb_ms": {
      "min": 16.0,
      "average": 49.0,
      "max": 80.0,
      "percentiles": {
        "p25": 17.0,
        "p50": 50.0,
        "p75": 80.0
      }
    },
    "conn_time_ms": {
      "min": 13.0,
      "average": 39.0,
      "max": 65.0,
      "percentiles": {
        "p25": 14.0,
        "p50": 39.0,
        "p75": 64.0
      }
    }
  },
  "meta": {
    "duration_seconds": 31.19076442718506,
    "test_attempts": 1,
    "vpn_restart_attempts": 0
  }
}
