{
  "status": "success",
  "data": {
    "bitrate_kbps": {
      "min": 1758.7,
      "average": 1946.5137931034483,
      "max": 1977.6,
      "percentiles": {
        "p25": 1942.9,
        "p50": 1961.3,
        "p75": 1968.25
      }
    },
    "fps": {
      "min": 31.0,
      "average": 32.13793103448276,
      "max": 45.0,
      "percentiles": {
        "p25": 31.0,
        "p50": 31.0,
        "p75": 32.0
      }
    },
    "dropped_frames": {
      "min": 15.0,
      "average": 15.0,
      "max": 15.0,
      "percentiles": {
        "p25": 15.0,
        "p50": 15.0,
        "p75": 15.0
      }
    }
  },
  "meta": {
    "duration_seconds": 31.650969743728638,
    "test_attempts": 1,
    "vpn_restart_attempts": 0
  }
}
