{
    "status": "success",
    "data": {
        "encoding": {
            "bitrate_kbps": {
                "min": 3308.8,
                "average": 3350.1793103448276,
                "max": 3499.5,
                "percentiles": {
                    "p25": 3324.0,
                    "p50": 3337.9,
                    "p75": 3357.65
                }
            },
            "fps": {
                "min": 31.0,
                "average": 32.13793103448276,
                "max": 45.0,
                "percentiles": {
                    "p25": 31.0,
                    "p50": 31.0,
                    "p75": 32.0
                }
            },
            "dropped_frames": {
                "min": 15.0,
                "average": 15.0,
                "max": 15.0,
                "percentiles": {
                    "p25": 15.0,
                    "p50": 15.0,
                    "p75": 15.0
                }
            }
        },
        "network": {
            "packets_dropped": {
                "min": 0.0,
                "average": 4.806451612903226,
                "max": 149.0,
                "percentiles": {
                    "p25": 0.0,
                    "p50": 0.0,
                    "p75": 0.0
                }
            },
            "packets_recovered": {
                "min": 0.0,
                "average": 39.38709677419355,
                "max": 93.0,
                "percentiles": {
                    "p25": 21.0,
                    "p50": 41.0,
                    "p75": 62.0
                }
            },
            "rtt_ms": {
                "min": 8.58339930202025,
                "average": 33.55171171956205,
                "max": 287.10320748680954,
                "percentiles": {
                    "p25": 11.9397954047144,
                    "p50": 12.914704990748474,
                    "p75": 15.362418762472448
                }
            },
            "quality": {
                "min": 77.0,
                "average": 88.61290322580645,
                "max": 100.0,
                "percentiles": {
                    "p25": 84.0,
                    "p50": 87.0,
                    "p75": 93.0
                }
            },
            "bitrate_bps": {
                "min": 0.0,
                "average": 3109212.709677419,
                "max": 4881776.0,
                "percentiles": {
                    "p25": 2850717.0,
                    "p50": 3519342.0,
                    "p75": 3614116.0
                }
            }
        }
    },
    "meta": {
        "duration_seconds": 31.51734948158264,
        "test_attempts": 1,
        "vpn_restart_attempts": 0,
        "vpn_restart_duration_seconds": 1.5322563648223877,
        "connectivity_wait_duration_seconds": 2.182121753692627,
        "source": "yuki",
        "target": "luna"
    }
}