{
    "status": "success",
    "data": {
        "rtt_min_ms": {
            "min": 1.18,
            "average": 1.2526666666666666,
            "max": 1.321,
            "percentiles": {
                "p25": 1.18,
                "p50": 1.257,
                "p75": 1.321
            }
        },
        "rtt_avg_ms": {
            "min": 15.779,
            "average": 16.322333333333333,
            "max": 16.937,
            "percentiles": {
                "p25": 15.779,
                "p50": 16.251,
                "p75": 16.937
            }
        },
        "rtt_max_ms": {
            "min": 35.782,
            "average": 38.510999999999996,
            "max": 40.323,
            "percentiles": {
                "p25": 35.782,
                "p50": 39.428,
                "p75": 40.323
            }
        },
        "rtt_mdev_ms": {
            "min": 9.15,
            "average": 9.389333333333333,
            "max": 9.561,
            "percentiles": {
                "p25": 9.15,
                "p50": 9.457,
                "p75": 9.561
            }
        },
        "packet_loss_percent": {
            "min": 2.0,
            "average": 6.0,
            "max": 9.0,
            "percentiles": {
                "p25": 2.0,
                "p50": 7.0,
                "p75": 9.0
            }
        }
    },
    "meta": {
        "duration_seconds": 62.24213767051697,
        "test_attempts": 1,
        "vpn_restart_attempts": 0,
        "vpn_restart_duration_seconds": 7.740729331970215,
        "connectivity_wait_duration_seconds": 3.4477617740631104,
        "source": "yuki",
        "target": "luna"
    }
}