{
    "status": "success",
    "data": {
        "rtt_min_ms": {
            "min": 1.133,
            "average": 1.214,
            "max": 1.26,
            "percentiles": {
                "p25": 1.133,
                "p50": 1.249,
                "p75": 1.26
            }
        },
        "rtt_avg_ms": {
            "min": 14.26,
            "average": 15.829,
            "max": 16.81,
            "percentiles": {
                "p25": 14.26,
                "p50": 16.417,
                "p75": 16.81
            }
        },
        "rtt_max_ms": {
            "min": 39.957,
            "average": 40.84766666666667,
            "max": 41.653,
            "percentiles": {
                "p25": 39.957,
                "p50": 40.933,
                "p75": 41.653
            }
        },
        "rtt_mdev_ms": {
            "min": 9.774,
            "average": 9.974,
            "max": 10.14,
            "percentiles": {
                "p25": 9.774,
                "p50": 10.008,
                "p75": 10.14
            }
        },
        "packet_loss_percent": {
            "min": 2.0,
            "average": 3.6666666666666665,
            "max": 5.0,
            "percentiles": {
                "p25": 2.0,
                "p50": 4.0,
                "p75": 5.0
            }
        }
    },
    "meta": {
        "duration_seconds": 61.96912407875061,
        "test_attempts": 1,
        "vpn_restart_attempts": 0,
        "vpn_restart_duration_seconds": 7.0928051471710205,
        "connectivity_wait_duration_seconds": 4.4766175746917725,
        "source": "yuki",
        "target": "luna"
    }
}