{
    "status": "success",
    "data": {
        "rtt_min_ms": {
            "min": 1.489,
            "average": 1.808,
            "max": 2.071,
            "percentiles": {
                "p25": 1.489,
                "p50": 1.864,
                "p75": 2.071
            }
        },
        "rtt_avg_ms": {
            "min": 18.997,
            "average": 19.587666666666667,
            "max": 20.033,
            "percentiles": {
                "p25": 18.997,
                "p50": 19.733,
                "p75": 20.033
            }
        },
        "rtt_max_ms": {
            "min": 89.295,
            "average": 98.43533333333333,
            "max": 107.483,
            "percentiles": {
                "p25": 89.295,
                "p50": 98.528,
                "p75": 107.483
            }
        },
        "rtt_mdev_ms": {
            "min": 14.559,
            "average": 16.77733333333333,
            "max": 20.04,
            "percentiles": {
                "p25": 14.559,
                "p50": 15.733,
                "p75": 20.04
            }
        },
        "packet_loss_percent": {
            "min": 0.0,
            "average": 0.0,
            "max": 0.0,
            "percentiles": {
                "p25": 0.0,
                "p50": 0.0,
                "p75": 0.0
            }
        }
    },
    "meta": {
        "duration_seconds": 61.05614614486694,
        "test_attempts": 1,
        "vpn_restart_attempts": 0,
        "vpn_restart_duration_seconds": 2.026945114135742,
        "connectivity_wait_duration_seconds": 4.760024547576904,
        "source": "yuki",
        "target": "luna"
    }
}