{
    "status": "success",
    "data": {
        "rtt_min_ms": {
            "min": 1.017,
            "average": 1.704,
            "max": 2.24,
            "percentiles": {
                "p25": 1.017,
                "p50": 1.855,
                "p75": 2.24
            }
        },
        "rtt_avg_ms": {
            "min": 18.234,
            "average": 20.954333333333334,
            "max": 24.858,
            "percentiles": {
                "p25": 18.234,
                "p50": 19.771,
                "p75": 24.858
            }
        },
        "rtt_max_ms": {
            "min": 86.294,
            "average": 98.501,
            "max": 112.477,
            "percentiles": {
                "p25": 86.294,
                "p50": 96.732,
                "p75": 112.477
            }
        },
        "rtt_mdev_ms": {
            "min": 16.39,
            "average": 19.212333333333333,
            "max": 24.698,
            "percentiles": {
                "p25": 16.39,
                "p50": 16.549,
                "p75": 24.698
            }
        },
        "packet_loss_percent": {
            "min": 0.0,
            "average": 0.0,
            "max": 0.0,
            "percentiles": {
                "p25": 0.0,
                "p50": 0.0,
                "p75": 0.0
            }
        }
    },
    "meta": {
        "duration_seconds": 62.14328384399414,
        "test_attempts": 1,
        "vpn_restart_attempts": 0,
        "vpn_restart_duration_seconds": 2.290987730026245,
        "connectivity_wait_duration_seconds": 4.691175222396851,
        "source": "yuki",
        "target": "luna"
    }
}