{
    "status": "success",
    "data": {
        "total_bandwidth_mbps": {
            "min": 1.7933499999999998,
            "average": 2.1997110666666666,
            "max": 2.6856,
            "percentiles": {
                "p25": 2.0481075,
                "p50": 2.2151,
                "p75": 2.34505
            }
        },
        "cpu_usage_percent": {
            "min": 0.0,
            "average": 2.658728813559322,
            "max": 7.14,
            "percentiles": {
                "p25": 2.02,
                "p50": 3.0,
                "p75": 3.06
            }
        },
        "ttfb_ms": {
            "min": 66.0,
            "average": 161.75,
            "max": 361.0,
            "percentiles": {
                "p25": 103.75,
                "p50": 137.0,
                "p75": 190.0
            }
        },
        "conn_time_ms": {
            "min": 40.0,
            "average": 76.75,
            "max": 298.0,
            "percentiles": {
                "p25": 40.5,
                "p50": 43.5,
                "p75": 53.75
            }
        }
    },
    "meta": {
        "duration_seconds": 33.185222148895264,
        "test_attempts": 1,
        "vpn_restart_attempts": 0,
        "vpn_restart_duration_seconds": 2.414304733276367,
        "connectivity_wait_duration_seconds": 4.820232152938843,
        "source": "yuki",
        "target": "luna"
    }
}