{
  "status": "success",
  "data": {
    "total_bandwidth_mbps": {
      "min": 1.5485900000000001,
      "average": 2.1638660333333335,
      "max": 3.1405,
      "percentiles": {
        "p25": 1.95564,
        "p50": 2.1169700000000002,
        "p75": 2.38649925
      }
    },
    "cpu_usage_percent": {
      "min": 0.0,
      "average": 2.5037391304347825,
      "max": 5.21,
      "percentiles": {
        "p25": 2.02,
        "p50": 2.11,
        "p75": 3.0675
      }
    },
    "ttfb_ms": {
      "min": 40.0,
      "average": 378.0,
      "max": 1305.0,
      "percentiles": {
        "p25": 80.5,
        "p50": 174.5,
        "p75": 676.0
      }
    },
    "conn_time_ms": {
      "min": 10.0,
      "average": 136.0,
      "max": 699.0,
      "percentiles": {
        "p25": 21.0,
        "p50": 71.5,
        "p75": 96.5
      }
    }
  },
  "meta": {
    "duration_seconds": 33.485169649124146,
    "test_attempts": 1,
    "vpn_restart_attempts": 0,
    "vpn_restart_duration_seconds": 2.571385622024536,
    "connectivity_wait_duration_seconds": 4.701995849609375,
    "source": "yuki",
    "target": "luna"
  }
}
