{
  "status": "success",
  "data": {
    "rtt_min_ms": {
      "min": 1.471,
      "average": 1.661,
      "max": 1.992,
      "percentiles": {
        "p25": 1.471,
        "p50": 1.52,
        "p75": 1.992
      }
    },
    "rtt_avg_ms": {
      "min": 5.171,
      "average": 5.234333333333334,
      "max": 5.317,
      "percentiles": {
        "p25": 5.171,
        "p50": 5.215,
        "p75": 5.317
      }
    },
    "rtt_max_ms": {
      "min": 8.252,
      "average": 8.554666666666668,
      "max": 8.851,
      "percentiles": {
        "p25": 8.252,
        "p50": 8.561,
        "p75": 8.851
      }
    },
    "rtt_mdev_ms": {
      "min": 1.522,
      "average": 1.5946666666666667,
      "max": 1.644,
      "percentiles": {
        "p25": 1.522,
        "p50": 1.618,
        "p75": 1.644
      }
    },
    "packet_loss_percent": {
      "min": 0.0,
      "average": 0.3333333333333333,
      "max": 1.0,
      "percentiles": {
        "p25": 0.0,
        "p50": 0.0,
        "p75": 1.0
      }
    }
  },
  "meta": {
    "duration_seconds": 61.0374915599823,
    "test_attempts": 1,
    "vpn_restart_attempts": 0,
    "vpn_restart_duration_seconds": 1.8526031970977783,
    "connectivity_wait_duration_seconds": 2.1308326721191406,
    "source": "lom",
    "target": "yuki"
  }
}
