{
    "status": "success",
    "data": {
        "encoding": {
            "bitrate_kbps": {
                "min": 3311.8,
                "average": 3355.193103448276,
                "max": 3501.7,
                "percentiles": {
                    "p25": 3327.3500000000004,
                    "p50": 3340.4,
                    "p75": 3369.8999999999996
                }
            },
            "fps": {
                "min": 30.0,
                "average": 32.10344827586207,
                "max": 45.0,
                "percentiles": {
                    "p25": 31.0,
                    "p50": 31.0,
                    "p75": 32.0
                }
            },
            "dropped_frames": {
                "min": 16.0,
                "average": 16.0,
                "max": 16.0,
                "percentiles": {
                    "p25": 16.0,
                    "p50": 16.0,
                    "p75": 16.0
                }
            }
        },
        "network": {
            "packets_dropped": {
                "min": 0.0,
                "average": 288.3225806451613,
                "max": 357.0,
                "percentiles": {
                    "p25": 266.0,
                    "p50": 314.0,
                    "p75": 327.0
                }
            },
            "packets_recovered": {
                "min": 0.0,
                "average": 0.0967741935483871,
                "max": 1.0,
                "percentiles": {
                    "p25": 0.0,
                    "p50": 0.0,
                    "p75": 0.0
                }
            },
            "rtt_ms": {
                "min": 5.226929188280143,
                "average": 8.186031507456022,
                "max": 9.841004628207854,
                "percentiles": {
                    "p25": 7.768522697613276,
                    "p50": 8.125677857361884,
                    "p75": 8.80107853564416
                }
            },
            "quality": {
                "min": 8.0,
                "average": 13.096774193548388,
                "max": 100.0,
                "percentiles": {
                    "p25": 9.0,
                    "p50": 10.0,
                    "p75": 12.0
                }
            },
            "bitrate_bps": {
                "min": 0.0,
                "average": 150602.4516129032,
                "max": 240814.0,
                "percentiles": {
                    "p25": 147827.0,
                    "p50": 153294.0,
                    "p75": 164123.0
                }
            }
        }
    },
    "meta": {
        "duration_seconds": 31.40679931640625,
        "test_attempts": 1,
        "vpn_restart_attempts": 0,
        "vpn_restart_duration_seconds": 5.1867170333862305,
        "connectivity_wait_duration_seconds": 8.42330002784729,
        "source": "yuki",
        "target": "luna"
    }
}