{
  "status": "success",
  "data": {
    "rtt_min_ms": {
      "min": 1.214,
      "average": 1.321,
      "max": 1.454,
      "percentiles": {
        "p25": 1.214,
        "p50": 1.295,
        "p75": 1.454
      }
    },
    "rtt_avg_ms": {
      "min": 10.26,
      "average": 10.504,
      "max": 10.769,
      "percentiles": {
        "p25": 10.26,
        "p50": 10.483,
        "p75": 10.769
      }
    },
    "rtt_max_ms": {
      "min": 21.044,
      "average": 22.105999999999998,
      "max": 23.243,
      "percentiles": {
        "p25": 21.044,
        "p50": 22.031,
        "p75": 23.243
      }
    },
    "rtt_mdev_ms": {
      "min": 4.961,
      "average": 5.346,
      "max": 5.77,
      "percentiles": {
        "p25": 4.961,
        "p50": 5.307,
        "p75": 5.77
      }
    },
    "packet_loss_percent": {
      "min": 3.0,
      "average": 3.6666666666666665,
      "max": 4.0,
      "percentiles": {
        "p25": 3.0,
        "p50": 4.0,
        "p75": 4.0
      }
    }
  },
  "meta": {
    "duration_seconds": 61.526137590408325,
    "test_attempts": 1,
    "vpn_restart_attempts": 0,
    "vpn_restart_duration_seconds": 2.2352330684661865,
    "connectivity_wait_duration_seconds": 4.256950378417969,
    "source": "yuki",
    "target": "luna"
  }
}
