{
  "status": "success",
  "data": {
    "total_bandwidth_mbps": {
      "min": 37.922,
      "average": 39.06936666666667,
      "max": 40.374,
      "percentiles": {
        "p25": 38.3705,
        "p50": 39.0045,
        "p75": 39.757749999999994
      }
    },
    "cpu_usage_percent": {
      "min": 0.0,
      "average": 2.3684583333333333,
      "max": 11.22,
      "percentiles": {
        "p25": 2.0,
        "p50": 2.02,
        "p75": 3.0
      }
    },
    "ttfb_ms": {
      "min": 25.0,
      "average": 48.5,
      "max": 78.0,
      "percentiles": {
        "p25": 29.75,
        "p50": 41.0,
        "p75": 73.5
      }
    },
    "conn_time_ms": {
      "min": 19.0,
      "average": 42.125,
      "max": 77.0,
      "percentiles": {
        "p25": 24.25,
        "p50": 33.5,
        "p75": 66.25
      }
    }
  },
  "meta": {
    "duration_seconds": 31.739381074905396,
    "test_attempts": 1,
    "vpn_restart_attempts": 0,
    "vpn_restart_duration_seconds": 1.9024720191955566,
    "connectivity_wait_duration_seconds": 4.211029291152954,
    "source": "yuki",
    "target": "luna"
  }
}
