{
    "status": "success",
    "data": {
        "bitrate_kbps": {
            "min": 1907.1,
            "average": 1987.9827586206895,
            "max": 2010.6,
            "percentiles": {
                "p25": 1981.6,
                "p50": 1989.5,
                "p75": 1997.3
            }
        },
        "fps": {
            "min": 31.0,
            "average": 32.13793103448276,
            "max": 45.0,
            "percentiles": {
                "p25": 31.0,
                "p50": 31.0,
                "p75": 32.0
            }
        },
        "dropped_frames": {
            "min": 15.0,
            "average": 15.0,
            "max": 15.0,
            "percentiles": {
                "p25": 15.0,
                "p50": 15.0,
                "p75": 15.0
            }
        }
    },
    "meta": {
        "duration_seconds": 32.33752202987671,
        "test_attempts": 1,
        "vpn_restart_attempts": 0,
        "vpn_restart_duration_seconds": 2.053678274154663,
        "connectivity_wait_duration_seconds": 2.547236204147339,
        "source": "yuki",
        "target": "luna"
    }
}