{
    "status": "success",
    "data": {
        "rtt_min_ms": {
            "min": 0.456,
            "average": 0.48833333333333334,
            "max": 0.535,
            "percentiles": {
                "p25": 0.456,
                "p50": 0.474,
                "p75": 0.535
            }
        },
        "rtt_avg_ms": {
            "min": 15.134,
            "average": 15.715,
            "max": 16.631,
            "percentiles": {
                "p25": 15.134,
                "p50": 15.38,
                "p75": 16.631
            }
        },
        "rtt_max_ms": {
            "min": 32.527,
            "average": 35.946333333333335,
            "max": 38.047,
            "percentiles": {
                "p25": 32.527,
                "p50": 37.265,
                "p75": 38.047
            }
        },
        "rtt_mdev_ms": {
            "min": 9.058,
            "average": 9.504333333333333,
            "max": 9.96,
            "percentiles": {
                "p25": 9.058,
                "p50": 9.495,
                "p75": 9.96
            }
        },
        "packet_loss_percent": {
            "min": 2.0,
            "average": 6.0,
            "max": 9.0,
            "percentiles": {
                "p25": 2.0,
                "p50": 7.0,
                "p75": 9.0
            }
        }
    },
    "meta": {
        "duration_seconds": 62.05108833312988,
        "test_attempts": 1,
        "vpn_restart_attempts": 0,
        "vpn_restart_duration_seconds": 0.0,
        "connectivity_wait_duration_seconds": 0.0,
        "source": "lom",
        "target": "yuki"
    }
}