{
    "status": "success",
    "data": {
        "rtt_min_ms": {
            "min": 0.455,
            "average": 0.4956666666666667,
            "max": 0.555,
            "percentiles": {
                "p25": 0.455,
                "p50": 0.477,
                "p75": 0.555
            }
        },
        "rtt_avg_ms": {
            "min": 14.318,
            "average": 15.727666666666668,
            "max": 16.722,
            "percentiles": {
                "p25": 14.318,
                "p50": 16.143,
                "p75": 16.722
            }
        },
        "rtt_max_ms": {
            "min": 39.197,
            "average": 40.510000000000005,
            "max": 41.182,
            "percentiles": {
                "p25": 39.197,
                "p50": 41.151,
                "p75": 41.182
            }
        },
        "rtt_mdev_ms": {
            "min": 8.928,
            "average": 9.447333333333333,
            "max": 10.17,
            "percentiles": {
                "p25": 8.928,
                "p50": 9.244,
                "p75": 10.17
            }
        },
        "packet_loss_percent": {
            "min": 4.0,
            "average": 4.666666666666667,
            "max": 6.0,
            "percentiles": {
                "p25": 4.0,
                "p50": 4.0,
                "p75": 6.0
            }
        }
    },
    "meta": {
        "duration_seconds": 61.688759565353394,
        "test_attempts": 1,
        "vpn_restart_attempts": 0,
        "vpn_restart_duration_seconds": 0.0,
        "connectivity_wait_duration_seconds": 0.0,
        "source": "lom",
        "target": "yuki"
    }
}