{
    "status": "success",
    "data": {
        "rtt_min_ms": {
            "min": 1.142,
            "average": 1.2133333333333334,
            "max": 1.299,
            "percentiles": {
                "p25": 1.142,
                "p50": 1.199,
                "p75": 1.299
            }
        },
        "rtt_avg_ms": {
            "min": 15.228,
            "average": 15.483,
            "max": 15.756,
            "percentiles": {
                "p25": 15.228,
                "p50": 15.465,
                "p75": 15.756
            }
        },
        "rtt_max_ms": {
            "min": 36.675,
            "average": 38.28333333333333,
            "max": 39.378,
            "percentiles": {
                "p25": 36.675,
                "p50": 38.797,
                "p75": 39.378
            }
        },
        "rtt_mdev_ms": {
            "min": 9.453,
            "average": 9.746333333333332,
            "max": 10.03,
            "percentiles": {
                "p25": 9.453,
                "p50": 9.756,
                "p75": 10.03
            }
        },
        "packet_loss_percent": {
            "min": 3.0,
            "average": 4.333333333333333,
            "max": 5.0,
            "percentiles": {
                "p25": 3.0,
                "p50": 5.0,
                "p75": 5.0
            }
        }
    },
    "meta": {
        "duration_seconds": 62.1304886341095,
        "test_attempts": 1,
        "vpn_restart_attempts": 0,
        "vpn_restart_duration_seconds": 0.0,
        "connectivity_wait_duration_seconds": 0.0,
        "source": "yuki",
        "target": "luna"
    }
}