{
  "status": "success",
  "data": {
    "rtt_min_ms": {
      "min": 1.136,
      "average": 1.2036666666666667,
      "max": 1.296,
      "percentiles": {
        "p25": 1.136,
        "p50": 1.179,
        "p75": 1.296
      }
    },
    "rtt_avg_ms": {
      "min": 16.03,
      "average": 16.210333333333335,
      "max": 16.411,
      "percentiles": {
        "p25": 16.03,
        "p50": 16.19,
        "p75": 16.411
      }
    },
    "rtt_max_ms": {
      "min": 39.267,
      "average": 40.003,
      "max": 40.954,
      "percentiles": {
        "p25": 39.267,
        "p50": 39.788,
        "p75": 40.954
      }
    },
    "rtt_mdev_ms": {
      "min": 9.653,
      "average": 9.932666666666668,
      "max": 10.329,
      "percentiles": {
        "p25": 9.653,
        "p50": 9.816,
        "p75": 10.329
      }
    },
    "packet_loss_percent": {
      "min": 4.0,
      "average": 4.666666666666667,
      "max": 6.0,
      "percentiles": {
        "p25": 4.0,
        "p50": 4.0,
        "p75": 6.0
      }
    }
  },
  "meta": {
    "duration_seconds": 61.93679475784302,
    "test_attempts": 1,
    "vpn_restart_attempts": 0,
    "vpn_restart_duration_seconds": 0.0,
    "connectivity_wait_duration_seconds": 0.0,
    "source": "yuki",
    "target": "luna"
  }
}
