{
  "status": "success",
  "data": {
    "total_bandwidth_mbps": {
      "min": 21.084000000000003,
      "average": 23.322333333333333,
      "max": 24.872999999999998,
      "percentiles": {
        "p25": 22.8515,
        "p50": 23.3645,
        "p75": 23.784750000000003
      }
    },
    "cpu_usage_percent": {
      "min": 0.0,
      "average": 4.78075,
      "max": 11.63,
      "percentiles": {
        "p25": 3.0375,
        "p50": 5.0,
        "p75": 6.235
      }
    },
    "ttfb_ms": {
      "min": 15.0,
      "average": 46.0,
      "max": 71.0,
      "percentiles": {
        "p25": 24.0,
        "p50": 48.5,
        "p75": 67.25
      }
    },
    "conn_time_ms": {
      "min": 11.0,
      "average": 36.75,
      "max": 53.0,
      "percentiles": {
        "p25": 18.5,
        "p50": 42.0,
        "p75": 50.0
      }
    }
  },
  "meta": {
    "duration_seconds": 32.85355615615845,
    "test_attempts": 1,
    "vpn_restart_attempts": 0,
    "vpn_restart_duration_seconds": 0.0,
    "connectivity_wait_duration_seconds": 0.0,
    "source": "yuki",
    "target": "luna"
  }
}
