{
    "status": "success",
    "data": {
        "total_bandwidth_mbps": {
            "min": 21.733999999999998,
            "average": 23.364066666666666,
            "max": 24.794999999999998,
            "percentiles": {
                "p25": 22.656749999999995,
                "p50": 23.340500000000006,
                "p75": 24.061249999999998
            }
        },
        "cpu_usage_percent": {
            "min": 0.0,
            "average": 3.657625,
            "max": 8.74,
            "percentiles": {
                "p25": 2.02,
                "p50": 3.09,
                "p75": 5.1375
            }
        },
        "ttfb_ms": {
            "min": 27.0,
            "average": 92.25,
            "max": 236.0,
            "percentiles": {
                "p25": 34.25,
                "p50": 72.0,
                "p75": 129.5
            }
        },
        "conn_time_ms": {
            "min": 14.0,
            "average": 79.5,
            "max": 222.0,
            "percentiles": {
                "p25": 19.75,
                "p50": 66.5,
                "p75": 110.0
            }
        }
    },
    "meta": {
        "duration_seconds": 32.73016881942749,
        "test_attempts": 1,
        "vpn_restart_attempts": 0,
        "vpn_restart_duration_seconds": 0.0,
        "connectivity_wait_duration_seconds": 0.0,
        "source": "yuki",
        "target": "luna"
    }
}