{
    "status": "success",
    "data": {
        "rtt_min_ms": {
            "min": 0.598,
            "average": 0.6896666666666667,
            "max": 0.74,
            "percentiles": {
                "p25": 0.598,
                "p50": 0.731,
                "p75": 0.74
            }
        },
        "rtt_avg_ms": {
            "min": 9.29,
            "average": 9.581999999999999,
            "max": 9.969,
            "percentiles": {
                "p25": 9.29,
                "p50": 9.487,
                "p75": 9.969
            }
        },
        "rtt_max_ms": {
            "min": 20.151,
            "average": 21.493,
            "max": 22.99,
            "percentiles": {
                "p25": 20.151,
                "p50": 21.338,
                "p75": 22.99
            }
        },
        "rtt_mdev_ms": {
            "min": 4.994,
            "average": 5.120666666666667,
            "max": 5.194,
            "percentiles": {
                "p25": 4.994,
                "p50": 5.174,
                "p75": 5.194
            }
        },
        "packet_loss_percent": {
            "min": 2.0,
            "average": 3.3333333333333335,
            "max": 5.0,
            "percentiles": {
                "p25": 2.0,
                "p50": 3.0,
                "p75": 5.0
            }
        }
    },
    "meta": {
        "duration_seconds": 61.762831926345825,
        "test_attempts": 1,
        "vpn_restart_attempts": 0,
        "vpn_restart_duration_seconds": 0.0,
        "connectivity_wait_duration_seconds": 0.0,
        "source": "yuki",
        "target": "luna"
    }
}