{
  "status": "success",
  "data": {
    "encoding": {
      "bitrate_kbps": {
        "min": 3311.9,
        "average": 3349.596551724138,
        "max": 3502.5,
        "percentiles": {
          "p25": 3321.25,
          "p50": 3335.1,
          "p75": 3359.4
        }
      },
      "fps": {
        "min": 31.0,
        "average": 32.13793103448276,
        "max": 45.0,
        "percentiles": {
          "p25": 31.0,
          "p50": 31.0,
          "p75": 32.0
        }
      },
      "dropped_frames": {
        "min": 15.0,
        "average": 15.0,
        "max": 15.0,
        "percentiles": {
          "p25": 15.0,
          "p50": 15.0,
          "p75": 15.0
        }
      }
    },
    "network": {
      "packets_dropped": {
        "min": 0.0,
        "average": 1790.1290322580646,
        "max": 55494.0,
        "percentiles": {
          "p25": 0.0,
          "p50": 0.0,
          "p75": 0.0
        }
      },
      "packets_recovered": {
        "min": 0.0,
        "average": 39.354838709677416,
        "max": 81.0,
        "percentiles": {
          "p25": 27.0,
          "p50": 39.0,
          "p75": 50.0
        }
      },
      "rtt_ms": {
        "min": 6.55697252737914,
        "average": 12.189393114643106,
        "max": 15.296224365635405,
        "percentiles": {
          "p25": 11.398758040515794,
          "p50": 12.120520716457193,
          "p75": 13.573865032024694
        }
      },
      "quality": {
        "min": 84.0,
        "average": 89.19354838709677,
        "max": 100.0,
        "percentiles": {
          "p25": 87.0,
          "p50": 89.0,
          "p75": 91.0
        }
      },
      "bitrate_bps": {
        "min": 0.0,
        "average": 3157339.193548387,
        "max": 5206090.0,
        "percentiles": {
          "p25": 2847261.0,
          "p50": 3582449.0,
          "p75": 3604720.0
        }
      }
    }
  },
  "meta": {
    "duration_seconds": 31.850359201431274,
    "test_attempts": 1,
    "vpn_restart_attempts": 0,
    "vpn_restart_duration_seconds": 0.0,
    "connectivity_wait_duration_seconds": 0.0,
    "source": "yuki",
    "target": "luna"
  }
}
