{
  "status": "success",
  "data": {
    "rtt_min_ms": {
      "min": 1.7,
      "average": 1.8086666666666666,
      "max": 1.874,
      "percentiles": {
        "p25": 1.7,
        "p50": 1.852,
        "p75": 1.874
      }
    },
    "rtt_avg_ms": {
      "min": 13.496,
      "average": 16.111333333333334,
      "max": 18.999,
      "percentiles": {
        "p25": 13.496,
        "p50": 15.839,
        "p75": 18.999
      }
    },
    "rtt_max_ms": {
      "min": 216.037,
      "average": 223.04333333333332,
      "max": 226.667,
      "percentiles": {
        "p25": 216.037,
        "p50": 226.426,
        "p75": 226.667
      }
    },
    "rtt_mdev_ms": {
      "min": 22.124,
      "average": 30.903,
      "max": 41.522,
      "percentiles": {
        "p25": 22.124,
        "p50": 29.063,
        "p75": 41.522
      }
    },
    "packet_loss_percent": {
      "min": 0.0,
      "average": 0.0,
      "max": 0.0,
      "percentiles": {
        "p25": 0.0,
        "p50": 0.0,
        "p75": 0.0
      }
    }
  },
  "meta": {
    "duration_seconds": 60.959108114242554,
    "test_attempts": 1,
    "vpn_restart_attempts": 0,
    "vpn_restart_duration_seconds": 1.7769675254821777,
    "connectivity_wait_duration_seconds": 10.805810928344727,
    "source": "yuki",
    "target": "luna"
  }
}
