{
    "status": "success",
    "data": {
        "total_bandwidth_mbps": {
            "min": 1.972,
            "average": 2.7905320000000002,
            "max": 3.979,
            "percentiles": {
                "p25": 2.3582,
                "p50": 2.765575,
                "p75": 3.0796
            }
        },
        "cpu_usage_percent": {
            "min": 0.0,
            "average": 0.7618279569892473,
            "max": 3.03,
            "percentiles": {
                "p25": 0.0,
                "p50": 1.0,
                "p75": 1.01
            }
        },
        "ttfb_ms": {
            "min": 164.0,
            "average": 301.75,
            "max": 411.0,
            "percentiles": {
                "p25": 216.75,
                "p50": 312.5,
                "p75": 381.75
            }
        },
        "conn_time_ms": {
            "min": 66.0,
            "average": 118.125,
            "max": 138.0,
            "percentiles": {
                "p25": 108.75,
                "p50": 126.0,
                "p75": 136.0
            }
        }
    },
    "meta": {
        "duration_seconds": 33.72599649429321,
        "test_attempts": 1,
        "vpn_restart_attempts": 0,
        "vpn_restart_duration_seconds": 1.6763606071472168,
        "connectivity_wait_duration_seconds": 10.518046379089355,
        "source": "yuki",
        "target": "luna"
    }
}