{
  "status": "success",
  "data": {
    "encoding": {
      "bitrate_kbps": {
        "min": 3309.6,
        "average": 3346.1206896551726,
        "max": 3485.7,
        "percentiles": {
          "p25": 3319.3999999999996,
          "p50": 3332.4,
          "p75": 3353.25
        }
      },
      "fps": {
        "min": 31.0,
        "average": 32.10344827586207,
        "max": 44.0,
        "percentiles": {
          "p25": 31.0,
          "p50": 31.0,
          "p75": 32.0
        }
      },
      "dropped_frames": {
        "min": 15.0,
        "average": 15.0,
        "max": 15.0,
        "percentiles": {
          "p25": 15.0,
          "p50": 15.0,
          "p75": 15.0
        }
      }
    },
    "network": {
      "packets_dropped": {
        "min": 0.0,
        "average": 0.0,
        "max": 0.0,
        "percentiles": {
          "p25": 0.0,
          "p50": 0.0,
          "p75": 0.0
        }
      },
      "packets_recovered": {
        "min": 0.0,
        "average": 0.0,
        "max": 0.0,
        "percentiles": {
          "p25": 0.0,
          "p50": 0.0,
          "p75": 0.0
        }
      },
      "rtt_ms": {
        "min": 10.656371806814814,
        "average": 73.280708598069,
        "max": 246.8130284237341,
        "percentiles": {
          "p25": 46.09038320317711,
          "p50": 59.4940234989,
          "p75": 84.0165041431052
        }
      },
      "quality": {
        "min": 100.0,
        "average": 100.0,
        "max": 100.0,
        "percentiles": {
          "p25": 100.0,
          "p50": 100.0,
          "p75": 100.0
        }
      },
      "bitrate_bps": {
        "min": 0.0,
        "average": 3151163.6129032257,
        "max": 5113911.0,
        "percentiles": {
          "p25": 2950141.0,
          "p50": 3257744.0,
          "p75": 3620077.0
        }
      }
    }
  },
  "meta": {
    "duration_seconds": 31.71770691871643,
    "test_attempts": 1,
    "vpn_restart_attempts": 0,
    "vpn_restart_duration_seconds": 1.694490671157837,
    "connectivity_wait_duration_seconds": 10.53031301498413,
    "source": "yuki",
    "target": "luna"
  }
}
