{
    "status": "success",
    "data": {
        "Headscale": {
            "status": "success",
            "data": {
                "tcp_test_duration_seconds": {
                    "min": 30.930660247802734,
                    "average": 30.96655551592509,
                    "max": 30.995262622833252,
                    "percentiles": {
                        "p25": 30.930660247802734,
                        "p50": 30.973743677139282,
                        "p75": 30.973743677139282
                    }
                },
                "udp_test_duration_seconds": {
                    "min": 1.5951416492462158,
                    "average": 12.3214959303538,
                    "max": 33.42368412017822,
                    "percentiles": {
                        "p25": 1.5951416492462158,
                        "p50": 1.945662021636963,
                        "p75": 1.945662021636963
                    }
                },
                "parallel_tcp_test_duration_seconds": {
                    "min": 0.0,
                    "average": 0.0,
                    "max": 0.0,
                    "percentiles": {
                        "p25": 0.0,
                        "p50": 0.0,
                        "p75": 0.0
                    }
                },
                "ping_test_duration_seconds": {
                    "min": 0.0,
                    "average": 0.0,
                    "max": 0.0,
                    "percentiles": {
                        "p25": 0.0,
                        "p50": 0.0,
                        "p75": 0.0
                    }
                },
                "qperf_test_duration_seconds": {
                    "min": 0.0,
                    "average": 0.0,
                    "max": 0.0,
                    "percentiles": {
                        "p25": 0.0,
                        "p50": 0.0,
                        "p75": 0.0
                    }
                },
                "video_test_duration_seconds": {
                    "min": 31.42707324028015,
                    "average": 31.540360768636067,
                    "max": 31.728599071502686,
                    "percentiles": {
                        "p25": 31.42707324028015,
                        "p50": 31.465409994125366,
                        "p75": 31.465409994125366
                    }
                },
                "nix_cache_test_duration_seconds": {
                    "min": 0.0,
                    "average": 0.0,
                    "max": 0.0,
                    "percentiles": {
                        "p25": 0.0,
                        "p50": 0.0,
                        "p75": 0.0
                    }
                },
                "tcp_retries": 0,
                "udp_retries": 0,
                "parallel_tcp_retries": 0,
                "ping_retries": 0,
                "qperf_retries": 0,
                "video_retries": 0,
                "nix_cache_retries": 0,
                "total_tests": 3,
                "successful_tests": 3,
                "failed_tests": 0,
                "success_rate_percent": 100.0
            }
        },
        "Internal": {
            "status": "success",
            "data": {
                "tcp_test_duration_seconds": {
                    "min": 30.969280242919922,
                    "average": 31.257166465123493,
                    "max": 31.56807780265808,
                    "percentiles": {
                        "p25": 30.969280242919922,
                        "p50": 31.23414134979248,
                        "p75": 31.23414134979248
                    }
                },
                "udp_test_duration_seconds": {
                    "min": 1.7817792892456055,
                    "average": 11.665221214294434,
                    "max": 31.37742328643799,
                    "percentiles": {
                        "p25": 1.7817792892456055,
                        "p50": 1.836461067199707,
                        "p75": 1.836461067199707
                    }
                },
                "parallel_tcp_test_duration_seconds": {
                    "min": 0.0,
                    "average": 0.0,
                    "max": 0.0,
                    "percentiles": {
                        "p25": 0.0,
                        "p50": 0.0,
                        "p75": 0.0
                    }
                },
                "ping_test_duration_seconds": {
                    "min": 0.0,
                    "average": 0.0,
                    "max": 0.0,
                    "percentiles": {
                        "p25": 0.0,
                        "p50": 0.0,
                        "p75": 0.0
                    }
                },
                "qperf_test_duration_seconds": {
                    "min": 0.0,
                    "average": 0.0,
                    "max": 0.0,
                    "percentiles": {
                        "p25": 0.0,
                        "p50": 0.0,
                        "p75": 0.0
                    }
                },
                "video_test_duration_seconds": {
                    "min": 31.353407621383667,
                    "average": 31.44754385948181,
                    "max": 31.62883472442627,
                    "percentiles": {
                        "p25": 31.353407621383667,
                        "p50": 31.360389232635498,
                        "p75": 31.360389232635498
                    }
                },
                "nix_cache_test_duration_seconds": {
                    "min": 0.0,
                    "average": 0.0,
                    "max": 0.0,
                    "percentiles": {
                        "p25": 0.0,
                        "p50": 0.0,
                        "p75": 0.0
                    }
                },
                "tcp_retries": 0,
                "udp_retries": 0,
                "parallel_tcp_retries": 0,
                "ping_retries": 0,
                "qperf_retries": 0,
                "video_retries": 0,
                "nix_cache_retries": 0,
                "total_tests": 3,
                "successful_tests": 3,
                "failed_tests": 0,
                "success_rate_percent": 100.0
            }
        }
    }
}