{
    "status": "success",
    "data": {
        "Headscale": {
            "status": "success",
            "data": {
                "sender_throughput_mbps": {
                    "min": 44.87727416403396,
                    "average": 52.100008408174396,
                    "max": 61.093877859031736,
                    "percentiles": {
                        "p25": 52.100008408174396,
                        "p50": 52.100008408174396,
                        "p75": 52.100008408174396
                    }
                },
                "receiver_throughput_mbps": {
                    "min": 44.55049559943134,
                    "average": 51.366488503748464,
                    "max": 59.623133088555285,
                    "percentiles": {
                        "p25": 51.366488503748464,
                        "p50": 51.366488503748464,
                        "p75": 51.366488503748464
                    }
                },
                "retransmits": {
                    "min": 1665.0,
                    "average": 2592.3333333333335,
                    "max": 4403.0,
                    "percentiles": {
                        "p25": 2592.3333333333335,
                        "p50": 2592.3333333333335,
                        "p75": 2592.3333333333335
                    }
                },
                "retransmit_percent": {
                    "min": 1.0937966240776908,
                    "average": 1.5367928063031004,
                    "max": 2.3214763580252433,
                    "percentiles": {
                        "p25": 1.5367928063031004,
                        "p50": 1.5367928063031004,
                        "p75": 1.5367928063031004
                    }
                },
                "max_snd_cwnd_bytes": {
                    "min": 130464.0,
                    "average": 150194.66666666666,
                    "max": 160664.0,
                    "percentiles": {
                        "p25": 150194.66666666666,
                        "p50": 150194.66666666666,
                        "p75": 150194.66666666666
                    }
                },
                "max_snd_wnd_bytes": {
                    "min": 1733376.0,
                    "average": 3536469.3333333335,
                    "max": 5505024.0,
                    "percentiles": {
                        "p25": 3536469.3333333335,
                        "p50": 3536469.3333333335,
                        "p75": 3536469.3333333335
                    }
                },
                "total_bytes_sent": {
                    "min": 168296448.0,
                    "average": 195384661.33333334,
                    "max": 229113856.0,
                    "percentiles": {
                        "p25": 195384661.33333334,
                        "p50": 195384661.33333334,
                        "p75": 195384661.33333334
                    }
                },
                "total_bytes_received": {
                    "min": 167116800.0,
                    "average": 192675840.0,
                    "max": 223608832.0,
                    "percentiles": {
                        "p25": 192675840.0,
                        "p50": 192675840.0,
                        "p75": 192675840.0
                    }
                },
                "duration_seconds": {
                    "min": 30.001189,
                    "average": 30.001463333333334,
                    "max": 30.001654,
                    "percentiles": {
                        "p25": 30.001463333333334,
                        "p50": 30.001463333333334,
                        "p75": 30.001463333333334
                    }
                }
            }
        },
        "Internal": {
            "status": "success",
            "data": {
                "sender_throughput_mbps": {
                    "min": 57.28356080831795,
                    "average": 64.15708377026853,
                    "max": 69.4812797904238,
                    "percentiles": {
                        "p25": 64.15708377026853,
                        "p50": 64.15708377026853,
                        "p75": 64.15708377026853
                    }
                },
                "receiver_throughput_mbps": {
                    "min": 56.63179448250531,
                    "average": 63.6302122990004,
                    "max": 69.0118104059483,
                    "percentiles": {
                        "p25": 63.6302122990004,
                        "p50": 63.6302122990004,
                        "p75": 63.6302122990004
                    }
                },
                "retransmits": {
                    "min": 1736.0,
                    "average": 1992.6666666666667,
                    "max": 2197.0,
                    "percentiles": {
                        "p25": 1992.6666666666667,
                        "p50": 1992.6666666666667,
                        "p75": 1992.6666666666667
                    }
                },
                "retransmit_percent": {
                    "min": 1.0201182263962767,
                    "average": 1.2124583508322055,
                    "max": 1.4808454624103875,
                    "percentiles": {
                        "p25": 1.2124583508322055,
                        "p50": 1.2124583508322055,
                        "p75": 1.2124583508322055
                    }
                },
                "max_snd_cwnd_bytes": {
                    "min": 127424.0,
                    "average": 150109.33333333334,
                    "max": 189688.0,
                    "percentiles": {
                        "p25": 150109.33333333334,
                        "p50": 150109.33333333334,
                        "p75": 150109.33333333334
                    }
                },
                "max_snd_wnd_bytes": {
                    "min": 2012928.0,
                    "average": 3930709.3333333335,
                    "max": 6160384.0,
                    "percentiles": {
                        "p25": 3930709.3333333335,
                        "p50": 3930709.3333333335,
                        "p75": 3930709.3333333335
                    }
                },
                "total_bytes_sent": {
                    "min": 214827008.0,
                    "average": 240604501.33333334,
                    "max": 260571136.0,
                    "percentiles": {
                        "p25": 240604501.33333334,
                        "p50": 240604501.33333334,
                        "p75": 240604501.33333334
                    }
                },
                "total_bytes_received": {
                    "min": 212467712.0,
                    "average": 238682112.0,
                    "max": 258867200.0,
                    "percentiles": {
                        "p25": 238682112.0,
                        "p50": 238682112.0,
                        "p75": 238682112.0
                    }
                },
                "duration_seconds": {
                    "min": 30.001881,
                    "average": 30.001925,
                    "max": 30.001987,
                    "percentiles": {
                        "p25": 30.001925,
                        "p50": 30.001925,
                        "p75": 30.001925
                    }
                }
            }
        }
    }
}