{
  "status": "success",
  "data": {
    "vpn_installation_seconds": 665.262951066994,
    "tc_stabilization_seconds": 60.00099681199936,
    "test_execution_seconds": 447.5950312614441,
    "vpn_restart_seconds": 31.705990314483643,
    "connectivity_wait_seconds": 39.08024978637695,
    "other_overhead_seconds": 0.0,
    "total_seconds": 1243.645219241298
  }
}
