{
    "status": "success",
    "data": {
        "Headscale": {
            "status": "success",
            "data": {
                "total_duration_seconds": {
                    "min": 692.2176981726079,
                    "average": 692.2176981726079,
                    "max": 692.2176981726079,
                    "percentiles": {
                        "p25": 692.2176981726079,
                        "p50": 692.2176981726079,
                        "p75": 692.2176981726079
                    }
                },
                "vpn_installation_seconds": {
                    "min": 366.94584003899945,
                    "average": 366.94584003899945,
                    "max": 366.94584003899945,
                    "percentiles": {
                        "p25": 366.94584003899945,
                        "p50": 366.94584003899945,
                        "p75": 366.94584003899945
                    }
                },
                "benchmarking_seconds": {
                    "min": 325.2718581336085,
                    "average": 325.2718581336085,
                    "max": 325.2718581336085,
                    "percentiles": {
                        "p25": 325.2718581336085,
                        "p50": 325.2718581336085,
                        "p75": 325.2718581336085
                    }
                }
            }
        },
        "Internal": {
            "status": "success",
            "data": {
                "total_duration_seconds": {
                    "min": 551.4275210686901,
                    "average": 551.4275210686901,
                    "max": 551.4275210686901,
                    "percentiles": {
                        "p25": 551.4275210686901,
                        "p50": 551.4275210686901,
                        "p75": 551.4275210686901
                    }
                },
                "vpn_installation_seconds": {
                    "min": 298.31711102799454,
                    "average": 298.31711102799454,
                    "max": 298.31711102799454,
                    "percentiles": {
                        "p25": 298.31711102799454,
                        "p50": 298.31711102799454,
                        "p75": 298.31711102799454
                    }
                },
                "benchmarking_seconds": {
                    "min": 253.11041004069557,
                    "average": 253.11041004069557,
                    "max": 253.11041004069557,
                    "percentiles": {
                        "p25": 253.11041004069557,
                        "p50": 253.11041004069557,
                        "p75": 253.11041004069557
                    }
                }
            }
        }
    }
}