{
    "status": "success",
    "data": {
        "Headscale": {
            "status": "success",
            "data": {
                "sender_throughput_mbps": {
                    "min": 2824.3941794863376,
                    "average": 2824.3941794863376,
                    "max": 2824.3941794863376,
                    "percentiles": {
                        "p25": 2824.3941794863376,
                        "p50": 2824.3941794863376,
                        "p75": 2824.3941794863376
                    }
                },
                "receiver_throughput_mbps": {
                    "min": 731.2523396547123,
                    "average": 731.2523396547123,
                    "max": 731.2523396547123,
                    "percentiles": {
                        "p25": 731.2523396547123,
                        "p50": 731.2523396547123,
                        "p75": 731.2523396547123
                    }
                },
                "jitter_ms": {
                    "min": 2.121901104579096,
                    "average": 2.121901104579096,
                    "max": 2.121901104579096,
                    "percentiles": {
                        "p25": 2.121901104579096,
                        "p50": 2.121901104579096,
                        "p75": 2.121901104579096
                    }
                },
                "lost_percent": {
                    "min": 74.08849999600817,
                    "average": 74.08849999600817,
                    "max": 74.08849999600817,
                    "percentiles": {
                        "p25": 74.08849999600817,
                        "p50": 74.08849999600817,
                        "p75": 74.08849999600817
                    }
                },
                "total_bytes_sent": {
                    "min": 10591635280.0,
                    "average": 10591635280.0,
                    "max": 10591635280.0,
                    "percentiles": {
                        "p25": 10591635280.0,
                        "p50": 10591635280.0,
                        "p75": 10591635280.0
                    }
                },
                "total_bytes_received": {
                    "min": 2744427416.0,
                    "average": 2744427416.0,
                    "max": 2744427416.0,
                    "percentiles": {
                        "p25": 2744427416.0,
                        "p50": 2744427416.0,
                        "p75": 2744427416.0
                    }
                },
                "duration_seconds": {
                    "min": 30.000445,
                    "average": 30.000445,
                    "max": 30.000445,
                    "percentiles": {
                        "p25": 30.000445,
                        "p50": 30.000445,
                        "p75": 30.000445
                    }
                },
                "blksize_bytes": {
                    "min": 1208.0,
                    "average": 1208.0,
                    "max": 1208.0,
                    "percentiles": {
                        "p25": 1208.0,
                        "p50": 1208.0,
                        "p75": 1208.0
                    }
                },
                "host_cpu_percent": {
                    "min": 125.05097944424773,
                    "average": 125.05097944424773,
                    "max": 125.05097944424773,
                    "percentiles": {
                        "p25": 125.05097944424773,
                        "p50": 125.05097944424773,
                        "p75": 125.05097944424773
                    }
                },
                "remote_cpu_percent": {
                    "min": 119.219039675672,
                    "average": 119.219039675672,
                    "max": 119.219039675672,
                    "percentiles": {
                        "p25": 119.219039675672,
                        "p50": 119.219039675672,
                        "p75": 119.219039675672
                    }
                }
            }
        },
        "Internal": {
            "status": "success",
            "data": {
                "sender_throughput_mbps": {
                    "min": 4962.655245581757,
                    "average": 4962.655245581757,
                    "max": 4962.655245581757,
                    "percentiles": {
                        "p25": 4962.655245581757,
                        "p50": 4962.655245581757,
                        "p75": 4962.655245581757
                    }
                },
                "receiver_throughput_mbps": {
                    "min": 948.3364555116406,
                    "average": 948.3364555116406,
                    "max": 948.3364555116406,
                    "percentiles": {
                        "p25": 948.3364555116406,
                        "p50": 948.3364555116406,
                        "p75": 948.3364555116406
                    }
                },
                "jitter_ms": {
                    "min": 3.81979109163458,
                    "average": 3.81979109163458,
                    "max": 3.81979109163458,
                    "percentiles": {
                        "p25": 3.81979109163458,
                        "p50": 3.81979109163458,
                        "p75": 3.81979109163458
                    }
                },
                "lost_percent": {
                    "min": 80.87721236528185,
                    "average": 80.87721236528185,
                    "max": 80.87721236528185,
                    "percentiles": {
                        "p25": 80.87721236528185,
                        "p50": 80.87721236528185,
                        "p75": 80.87721236528185
                    }
                },
                "total_bytes_sent": {
                    "min": 18610796480.0,
                    "average": 18610796480.0,
                    "max": 18610796480.0,
                    "percentiles": {
                        "p25": 18610796480.0,
                        "p50": 18610796480.0,
                        "p75": 18610796480.0
                    }
                },
                "total_bytes_received": {
                    "min": 3558766976.0,
                    "average": 3558766976.0,
                    "max": 3558766976.0,
                    "percentiles": {
                        "p25": 3558766976.0,
                        "p50": 3558766976.0,
                        "p75": 3558766976.0
                    }
                },
                "duration_seconds": {
                    "min": 30.001353,
                    "average": 30.001353,
                    "max": 30.001353,
                    "percentiles": {
                        "p25": 30.001353,
                        "p50": 30.001353,
                        "p75": 30.001353
                    }
                },
                "blksize_bytes": {
                    "min": 1448.0,
                    "average": 1448.0,
                    "max": 1448.0,
                    "percentiles": {
                        "p25": 1448.0,
                        "p50": 1448.0,
                        "p75": 1448.0
                    }
                },
                "host_cpu_percent": {
                    "min": 113.7118453278619,
                    "average": 113.7118453278619,
                    "max": 113.7118453278619,
                    "percentiles": {
                        "p25": 113.7118453278619,
                        "p50": 113.7118453278619,
                        "p75": 113.7118453278619
                    }
                },
                "remote_cpu_percent": {
                    "min": 116.72859080444043,
                    "average": 116.72859080444043,
                    "max": 116.72859080444043,
                    "percentiles": {
                        "p25": 116.72859080444043,
                        "p50": 116.72859080444043,