{
  "status": "success",
  "data": {
    "Headscale": {
      "status": "success",
      "data": {
        "bitrate_kbps": {
          "min": 3295.8,
          "average": 3348.6057471264367,
          "max": 3495.7,
          "percentiles": {
            "p25": 3325.35,
            "p50": 3337.9333333333334,
            "p75": 3357.7666666666664
          }
        },
        "fps": {
          "min": 30.0,
          "average": 32.10344827586207,
          "max": 45.0,
          "percentiles": {
            "p25": 31.0,
            "p50": 31.0,
            "p75": 32.0
          }
        },
        "dropped_frames": {
          "min": 15.0,
          "average": 15.0,
          "max": 15.0,
          "percentiles": {
            "p25": 15.0,
            "p50": 15.0,
            "p75": 15.0
          }
        },
        "quality": {
          "min": 8.0,
          "average": 13.129032258064516,
          "max": 100.0,
          "percentiles": {
            "p25": 9.0,
            "p50": 10.0,
            "p75": 12.0
          }
        },
        "rtt_ms": {
          "min": 5.76085686455798,
          "average": 12.247883486373052,
          "max": 15.70462901694006,
          "percentiles": {
            "p25": 11.304819794502107,
            "p50": 12.354228526862567,
            "p75": 13.569808365233074
          }
        },
        "packets_recovered": {
          "min": 0.0,
          "average": 0.46236559139784944,
          "max": 3.0,
          "percentiles": {
            "p25": 0.0,
            "p50": 0.0,
            "p75": 1.0
          }
        },
        "packets_dropped": {
          "min": 0.0,
          "average": 288.40860215053766,
          "max": 377.0,
          "percentiles": {
            "p25": 256.6666666666667,
            "p50": 317.0,
            "p75": 328.6666666666667
          }
        }
      }
    },
    "Internal": {
      "status": "success",
      "data": {
        "bitrate_kbps": {
          "min": 3304.8,
          "average": 3350.886206896552,
          "max": 3500.5,
          "percentiles": {
            "p25": 3322.866666666667,
            "p50": 3336.1666666666665,
            "p75": 3362.0833333333335
          }
        },
        "fps": {
          "min": 30.0,
          "average": 32.1264367816092,
          "max": 45.0,
          "percentiles": {
            "p25": 31.0,
            "p50": 31.0,
            "p75": 32.0
          }
        },
        "dropped_frames": {
          "min": 15.0,
          "average": 15.0,
          "max": 15.0,
          "percentiles": {
            "p25": 15.0,
            "p50": 15.0,
            "p75": 15.0
          }
        },
        "quality": {
          "min": 80.0,
          "average": 88.58673835125448,
          "max": 100.0,
          "percentiles": {
            "p25": 86.91666666666667,
            "p50": 88.5,
            "p75": 90.33333333333333
          }
        },
        "rtt_ms": {
          "min": 4.99656865815267,
          "average": 11.706957700906324,
          "max": 15.259079930066983,
          "percentiles": {
            "p25": 10.90808025271207,
            "p50": 11.913599903677955,
            "p75": 12.657091886561643
          }
        },
        "packets_recovered": {
          "min": 0.0,
          "average": 42.82688172043011,
          "max": 113.0,
          "percentiles": {
            "p25": 32.333333333333336,
            "p50": 40.833333333333336,
            "p75": 51.75
          }
        },
        "packets_dropped": {
          "min": 0.0,
          "average": 1193.505376344086,
          "max": 55500.0,
          "percentiles": {
            "p25": 0.0,
            "p50": 0.0,
            "p75": 0.0
          }
        }
      }
    }
  }
}
