{
  "status": "success",
  "data": {
    "rtt_min_ms": {
      "min": 0.833,
      "average": 0.9099999999999999,
      "max": 0.958,
      "percentiles": {
        "p25": 0.833,
        "p50": 0.939,
        "p75": 0.958
      }
    },
    "rtt_avg_ms": {
      "min": 1.151,
      "average": 1.1796666666666666,
      "max": 1.197,
      "percentiles": {
        "p25": 1.151,
        "p50": 1.191,
        "p75": 1.197
      }
    },
    "rtt_max_ms": {
      "min": 1.433,
      "average": 1.4916666666666667,
      "max": 1.595,
      "percentiles": {
        "p25": 1.433,
        "p50": 1.447,
        "p75": 1.595
      }
    },
    "rtt_mdev_ms": {
      "min": 0.108,
      "average": 0.118,
      "max": 0.128,
      "percentiles": {
        "p25": 0.108,
        "p50": 0.118,
        "p75": 0.128
      }
    },
    "packet_loss_percent": {
      "min": 0.0,
      "average": 0.0,
      "max": 0.0,
      "percentiles": {
        "p25": 0.0,
        "p50": 0.0,
        "p75": 0.0
      }
    }
  },
  "meta": {
    "duration_seconds": 60.70380425453186,
    "test_attempts": 1,
    "vpn_restart_attempts": 0,
    "vpn_restart_duration_seconds": 1.822080373764038,
    "connectivity_wait_duration_seconds": 1.8713037967681885,
    "source": "luna",
    "target": "lom"
  }
}
