{
  "status": "success",
  "data": {
    "heatmap": {
      "tc_profiles": [
        "baseline",
        "low_impairment",
        "medium_impairment",
        "high_impairment"
      ],
      "throughput": {
        "Easytier": {
          "baseline": 865.4158213113366,
          "low_impairment": 434.72918492071256,
          "medium_impairment": 38.50559674658644,
          "high_impairment": 6.071014966444502
        },
        "Headscale": {
          "baseline": 875.7435963556178,
          "medium_impairment": 700.6409197970361,
          "high_impairment": 713.7230662269578
        },
        "Hyprspace": {},
        "Internal": {
          "baseline": 951.5119862504363,
          "medium_impairment": 942.3688235025545,
          "high_impairment": 948.5675848638156
        },
        "Mycelium": {},
        "Nebula": {
          "baseline": 889.6150907936652,
          "medium_impairment": 414.0011928255263
        },
        "Tinc": {
          "baseline": 471.27005887000627,
          "high_impairment": 7.591036575733547
        },
        "VpnCloud": {
          "baseline": 773.4464951228522
        },
        "Wireguard": {
          "baseline": 897.7250370216992,
          "medium_impairment": 850.0712823939
        },
        "Yggdrasil": {
          "baseline": 851.9851324471406,
          "low_impairment": 12.284856518001664
        },
        "Zerotier": {
          "baseline": 851.4234369167762,
          "low_impairment": 170.94090641309617,
          "high_impairment": 31.56116410613331
        }
      },
      "cpu": {
        "Easytier": {
          "baseline": 126.29803370135603,
          "low_impairment": 111.10793854401604,
          "medium_impairment": 101.0308012372554,
          "high_impairment": 99.75751458051366
        },
        "Headscale": {
          "baseline": 117.33611723756604,
          "medium_impairment": 125.203311352208,
          "high_impairment": 124.15012535968884
        },
        "Hyprspace": {},
        "Internal": {
          "baseline": 52.342737401042086,
          "medium_impairment": 113.52488453452474,
          "high_impairment": 112.33317484099388
        },
        "Mycelium": {},
        "Nebula": {
          "baseline": 131.31531963397256,
          "medium_impairment": 115.42015705325879
        },
        "Tinc": {
          "baseline": 119.7210535531857,
          "high_impairment": 99.4451465419537
        },
        "VpnCloud": {
          "baseline": 124.65260326009401
        },
        "Wireguard": {
          "baseline": 68.91797797083775,
          "medium_impairment": 101.43315388775638
        },
        "Yggdrasil": {
          "baseline": 102.85973935062867,
          "low_impairment": 99.51317100399484
        },
        "Zerotier": {
          "baseline": 116.58755806191765,
          "low_impairment": 103.55513431658578,
          "high_impairment": 97.54502977452623
        }
      },
      "failed": {
        "Headscale": ["low_impairment"],
        "Hyprspace": [
          "baseline",
          "low_impairment",
          "medium_impairment",
          "high_impairment"
        ],
        "Internal": ["low_impairment"],
        "Mycelium": [
          "baseline",
          "low_impairment",
          "medium_impairment",
          "high_impairment"
        ],
        "Nebula": ["low_impairment", "high_impairment"],
        "Tinc": ["low_impairment", "medium_impairment"],
        "VpnCloud": ["low_impairment", "medium_impairment", "high_impairment"],
        "Wireguard": ["low_impairment", "high_impairment"],
        "Yggdrasil": ["medium_impairment", "high_impairment"],
        "Zerotier": ["medium_impairment"]
      }
    },
    "scatter": {
      "dimensions": [
        "throughput",
        "payload_size",
        "received_bytes_gb",
        "vpn_index",
        "profile_index"
      ],
      "vpn_names": [
        "Easytier",
        "Headscale",
        "Hyprspace",
        "Internal",
        "Mycelium",
        "Nebula",
        "Tinc",
        "VpnCloud",
        "Wireguard",
        "Yggdrasil",
        "Zerotier"
      ],
      "tc_profiles": [
        "baseline",
        "low_impairment",
        "medium_impairment",
        "high_impairment"
      ],
      "data": [
        [865.4158213113366, 1288.0, 3.0375051821271577, 0.0, 0.0],
        [434.72918492071256, 1288.0, 1.5253682732582092, 0.0, 1.0],
        [38.50559674658644, 1288.0, 0.13727755472064018, 0.0, 2.0],
        [6.071014966444502, 1288.0, 0.024253569543361664, 0.0, 3.0],
        [875.7435963556178, 1208.0, 3.0652847612897554, 1.0, 0.0],
        [700.6409197970361, 1208.0, 2.4509620666503906, 1.0, 2.0],
        [713.7230662269578, 1208.0, 2.503540139645338, 1.0, 3.0],
        [951.5119862504363, 1448.0, 3.323354884982109, 3.0, 0.0],
        [942.3688235025545, 1448.0, 3.3156654238700867, 3.0, 2.0],
        [948.5675848638156, 1448.0, 3.3147605434060097, 3.0, 3.0],
        [889.6150907936652, 1228.0, 3.107692241668701, 5.0, 0.0],
        [414.0011928255263, 1228.0, 1.4568416737020016, 5.0, 2.0],
        [471.27005887000627, 1353.0, 1.6464538229629397, 6.0, 0.0],
        [7.591036575733547, 1428.0, 0.029274389147758484, 6.0, 3.0],
        [773.4464951228522, 1375.0, 2.7020580988998213, 7.0, 0.0],
        [897.7250370216992, 1368.0, 3.135439954698086, 8.0, 0.0],
        [850.0712823939, 1368.0, 2.9708918184041977, 8.0, 2.0],
        [851.9851324471406, 32731.0, 2.9900790002817907, 9.0, 0.0],
        [12.284856518001664, 32731.0, 0.05548943796505531, 9.0, 1.0],
        [851.4234369167762, 2728.0, 2.987713952859243, 10.0, 0.0],
        [170.94090641309617, 2728.0, 0.6013764590024948, 10.0, 1.0],
        [31.56116410613331, 2728.0, 0.11108729243278503, 10.0, 3.0]
      ]
    }
  }
}
