{
    "status": "success",
    "data": {
        "heatmap": {
            "tc_profiles": [
                "baseline",
                "low_impairment",
                "medium_impairment",
                "high_impairment"
            ],
            "mean_seconds": {
                "Easytier": {
                    "baseline": 9.391192815713334,
                    "low_impairment": 22.065045798333333,
                    "medium_impairment": 140.74949804284
                },
                "Headscale": {
                    "baseline": 9.790652908453332,
                    "low_impairment": 13.45462488986,
                    "medium_impairment": 48.84139250420667,
                    "high_impairment": 219.48173359670665
                },
                "Hyprspace": {
                    "baseline": 11.920689928606667,
                    "medium_impairment": 169.63395658936003
                },
                "Internal": {
                    "low_impairment": 11.943614194513334,
                    "medium_impairment": 58.60895314920666
                },
                "Mycelium": {
                    "baseline": 10.071250672773333,
                    "low_impairment": 79.54286256258999
                },
                "Nebula": {
                    "baseline": 9.147224513533333,
                    "low_impairment": 30.774591505026667,
                    "medium_impairment": 179.68004777812,
                    "high_impairment": 546.5046703085933
                },
                "Tinc": {
                    "baseline": 9.99811078248,
                    "low_impairment": 30.901598639793335,
                    "medium_impairment": 165.75577724842,
                    "high_impairment": 496.43955710716
                },
                "VpnCloud": {
                    "baseline": 9.386247513426666,
                    "low_impairment": 27.857220990993333,
                    "medium_impairment": 162.53676567978002
                },
                "Wireguard": {
                    "baseline": 9.451555117753335,
                    "low_impairment": 28.82294572035333,
                    "medium_impairment": 160.68355839179333
                },
                "Yggdrasil": {
                    "baseline": 10.593610171653333,
                    "low_impairment": 229.52510321056
                },
                "Zerotier": {
                    "baseline": 9.2193141211,
                    "low_impairment": 36.16561239499333,
                    "medium_impairment": 141.12153849048
                }
            },
            "failed": {
                "Easytier": [
                    "high_impairment"
                ],
                "Hyprspace": [
                    "low_impairment",
                    "high_impairment"
                ],
                "Internal": [
                    "high_impairment"
                ],
                "Mycelium": [
                    "medium_impairment",
                    "high_impairment"
                ],
                "VpnCloud": [
                    "high_impairment"
                ],
                "Wireguard": [
                    "high_impairment"
                ],
                "Yggdrasil": [
                    "medium_impairment",
                    "high_impairment"
                ],
                "Zerotier": [
                    "high_impairment"
                ]
            }
        }
    }
}