{
    "status": "success",
    "data": {
        "heatmap": {
            "tc_profiles": [
                "baseline",
                "low_impairment",
                "medium_impairment",
                "high_impairment"
            ],
            "rtt": {
                "Easytier": {
                    "baseline": 1.3285555555555555,
                    "low_impairment": 6.2651111111111115,
                    "medium_impairment": 14.127555555555556,
                    "high_impairment": 26.60088888888889
                },
                "Headscale": {
                    "baseline": 1.6396666666666666,
                    "low_impairment": 5.818666666666666,
                    "medium_impairment": 10.393444444444444,
                    "high_impairment": 16.068555555555555
                },
                "Hyprspace": {
                    "baseline": 1.7866666666666666,
                    "low_impairment": 6.151277777777778,
                    "medium_impairment": 10.756388888888889,
                    "high_impairment": 24.493944444444445
                },
                "Internal": {
                    "baseline": 0.5988888888888889,
                    "low_impairment": 4.817222222222222,
                    "medium_impairment": 9.376777777777777,
                    "high_impairment": 15.489444444444445
                },
                "Mycelium": {
                    "baseline": 34.897333333333336,
                    "low_impairment": 23.422777777777778,
                    "medium_impairment": 43.87811111111111,
                    "high_impairment": 33.04888888888889
                },
                "Nebula": {
                    "baseline": 1.2486666666666666,
                    "low_impairment": 5.38,
                    "medium_impairment": 9.992444444444445,
                    "high_impairment": 15.963111111111111
                },
                "Tinc": {
                    "baseline": 1.1888888888888889,
                    "low_impairment": 5.315777777777778,
                    "medium_impairment": 9.846777777777778,
                    "high_impairment": 15.918222222222223
                },
                "VpnCloud": {
                    "baseline": 1.132111111111111,
                    "low_impairment": 5.406666666666666,
                    "medium_impairment": 10.350111111111111,
                    "high_impairment": 16.213444444444445
                },
                "Wireguard": {
                    "baseline": 1.2043333333333333,
                    "low_impairment": 5.362111111111111,
                    "medium_impairment": 9.877222222222223,
                    "high_impairment": 15.989444444444445
                },
                "Yggdrasil": {
                    "baseline": 2.197,
                    "low_impairment": 6.726555555555556,
                    "medium_impairment": 11.986888888888888,
                    "high_impairment": 20.19611111111111
                },
                "Zerotier": {
                    "baseline": 1.2824444444444445,
                    "low_impairment": 5.336111111111111,
                    "medium_impairment": 10.018333333333333,
                    "high_impairment": 16.535777777777778
                }
            },
            "packet_loss": {
                "Easytier": {
                    "baseline": 0.0,
                    "low_impairment": 0.1111111111111111,
                    "medium_impairment": 1.4444444444444444,
                    "high_impairment": 1.5555555555555556
                },
                "Headscale": {
                    "baseline": 0.0,
                    "low_impairment": 1.1111111111111112,
                    "medium_impairment": 1.8888888888888888,
                    "high_impairment": 4.777777777777778
                },
                "Hyprspace": {
                    "baseline": 0.0,
                    "low_impairment": 11.111111111111112,
                    "medium_impairment": 11.111111111111112,
                    "high_impairment": 11.111111111111112
                },
                "Internal": {
                    "baseline": 0.0,
                    "low_impairment": 0.6666666666666666,
                    "medium_impairment": 3.2222222222222223,
                    "high_impairment": 4.666666666666667
                },
                "Mycelium": {
                    "baseline": 0.0,
                    "low_impairment": 0.0,
                    "medium_impairment": 0.0,
                    "high_impairment": 11.111111111111112
                },
                "Nebula": {
                    "baseline": 0.0,
                    "low_impairment": 0.2222222222222222,
                    "medium_impairment": 2.7777777777777777,
                    "high_impairment": 5.777777777777778
                },
                "Tinc": {
                    "baseline": 0.0,
                    "low_impairment": 0.7777777777777778,
                    "medium_impairment": 1.4444444444444444,
                    "high_impairment": 6.0
                },
                "VpnCloud": {
                    "baseline": 0.0,
                    "low_impairment": 0.6666666666666666,
                    "medium_impairment": 1.8888888888888888,
                    "high_impairment": 5.222222222222222
                },
                "Wireguard": {
                    "baseline": 0.0,
                    "low_impairment": 0.4444444444444444,
                    "medium_impairment": 2.666666666666667,
                    "high_impairment": 5.333333333333333
                },
                "Yggdrasil": {
                    "baseline": 0.0,
                    "low_impairment": 0.0,
                    "medium_impairment": 0.0,
                    "high_impairment": 0.0
                },
                "Zerotier": {
                    "baseline": 0.0,
                    "low_impairment": 0.1111111111111111,
                    "medium_impairment": 1.5555555555555556,
                    "high_impairment": 4.777777777777778
                }
            },
            "failed": {}
        }
    }
}