{
  "status": "success",
  "data": {
    "heatmap": {
      "tc_profiles": [
        "baseline",
        "low_impairment",
        "medium_impairment",
        "high_impairment"
      ],
      "quality": {
        "Easytier": {
          "baseline": 100.0,
          "low_impairment": 100.0,
          "medium_impairment": 96.20430107526882,
          "high_impairment": 85.47311827956989
        },
        "Headscale": {
          "baseline": 13.10752688172043,
          "low_impairment": 13.043010752688172,
          "medium_impairment": 13.043010752688172,
          "high_impairment": 13.03225806451613
        },
        "Hyprspace": {
          "baseline": 100.0,
          "low_impairment": 92.93682795698925,
          "medium_impairment": 87.9357825567503,
          "high_impairment": 78.07083333333333
        },
        "Internal": {
          "baseline": 100.0,
          "low_impairment": 99.22580645161291,
          "medium_impairment": 89.26881720430107,
          "high_impairment": 80.23655913978494
        },
        "Mycelium": {
          "baseline": 100.0,
          "low_impairment": 100.0,
          "medium_impairment": 100.0,
          "high_impairment": 99.86021505376344
        },
        "Nebula": {
          "baseline": 99.82795698924731,
          "low_impairment": 98.80645161290323,
          "medium_impairment": 85.58996415770609,
          "high_impairment": 72.11827956989247
        },
        "Tinc": {
          "baseline": 100.0,
          "low_impairment": 99.3010752688172,
          "medium_impairment": 89.98924731182795,
          "high_impairment": 77.79569892473118
        },
        "VpnCloud": {
          "baseline": 100.0,
          "low_impairment": 99.23655913978494,
          "medium_impairment": 89.72043010752688,
          "high_impairment": 80.13457661290323
        },
        "Wireguard": {
          "baseline": 100.0,
          "low_impairment": 99.26881720430107,
          "medium_impairment": 90.0,
          "high_impairment": 79.98353494623656
        },
        "Yggdrasil": {
          "baseline": 100.0,
          "low_impairment": 94.67741935483872,
          "medium_impairment": 71.36451612903225,
          "high_impairment": 43.27956989247312
        },
        "Zerotier": {
          "baseline": 100.0,
          "low_impairment": 99.26881720430107,
          "medium_impairment": 89.94623655913979,
          "high_impairment": 80.15053763440861
        }
      },
      "rtt_ms": {
        "Easytier": {
          "baseline": 4.628825267539765,
          "low_impairment": 8.633589956094422,
          "medium_impairment": 30.429650220552848,
          "high_impairment": 860.699998396598
        },
        "Headscale": {
          "baseline": 5.132376307504069,
          "low_impairment": 8.053732971025294,
          "medium_impairment": 12.220978116106096,
          "high_impairment": 18.442879222392463
        },
        "Hyprspace": {
          "baseline": 4.8771968793226,
          "low_impairment": 21.491075574278618,
          "medium_impairment": 2770.992187148838,
          "high_impairment": 1430.2370909078402
        },
        "Internal": {
          "baseline": 4.196331918316265,
          "low_impairment": 7.287875357353441,
          "medium_impairment": 12.322053169805296,
          "high_impairment": 18.193787061680855
        },
        "Mycelium": {
          "baseline": 4.879764375297277,
          "low_impairment": 30.0764296695649,
          "medium_impairment": 79.84555747497313,
          "high_impairment": 1713.5724966317853
        },
        "Nebula": {
          "baseline": 4.644460817718151,
          "low_impairment": 7.83499272902396,
          "medium_impairment": 12.225218272661916,
          "high_impairment": 17.54816031564337
        },
        "Tinc": {
          "baseline": 4.575372926933075,
          "low_impairment": 7.682441453960775,
          "medium_impairment": 12.560100331901108,
          "high_impairment": 50.910281158143064
        },
        "VpnCloud": {
          "baseline": 4.6456679661396425,
          "low_impairment": 7.70679147300069,
          "medium_impairment": 12.286625387806064,
          "high_impairment": 18.457013360986117
        },
        "Wireguard": {
          "baseline": 4.805687038951325,
          "low_impairment": 7.83360138088209,
          "medium_impairment": 12.608118541667116,
          "high_impairment": 17.932404654247662
        },
        "Yggdrasil": {
          "baseline": 4.973784106721803,
          "low_impairment": 11.776568861428858,
          "medium_impairment": 36.29138143262679,
          "high_impairment": 72.24767534953284
        },
        "Zerotier": {
          "baseline": 4.446632798430429,
          "low_impairment": 7.6904293296847115,
          "medium_impairment": 12.342029521858631,
          "high_impairment": 18.2230058621052
        }
      },
      "failed": {}
    }
  }
}
