{
  "status": "success",
  "data": {
    "rtt_min_ms": {
      "min": 1.171,
      "average": 1.202,
      "max": 1.22,
      "percentiles": {
        "p25": 1.171,
        "p50": 1.215,
        "p75": 1.22
      }
    },
    "rtt_avg_ms": {
      "min": 11.733,
      "average": 13.052333333333333,
      "max": 15.172,
      "percentiles": {
        "p25": 11.733,
        "p50": 12.252,
        "p75": 15.172
      }
    },
    "rtt_max_ms": {
      "min": 218.565,
      "average": 226.135,
      "max": 233.476,
      "percentiles": {
        "p25": 218.565,
        "p50": 226.364,
        "p75": 233.476
      }
    },
    "rtt_mdev_ms": {
      "min": 21.303,
      "average": 24.970333333333333,
      "max": 31.386,
      "percentiles": {
        "p25": 21.303,
        "p50": 22.222,
        "p75": 31.386
      }
    },
    "packet_loss_percent": {
      "min": 0.0,
      "average": 0.0,
      "max": 0.0,
      "percentiles": {
        "p25": 0.0,
        "p50": 0.0,
        "p75": 0.0
      }
    }
  },
  "meta": {
    "duration_seconds": 60.92087197303772,
    "test_attempts": 1,
    "vpn_restart_attempts": 0,
    "vpn_restart_duration_seconds": 2.121711492538452,
    "connectivity_wait_duration_seconds": 2.1391098499298096,
    "source": "lom",
    "target": "yuki"
  }
}
