{
    "status": "success",
    "data": {
        "rtt_min_ms": {
            "min": 0.9,
            "average": 0.9236666666666666,
            "max": 0.962,
            "percentiles": {
                "p25": 0.9,
                "p50": 0.909,
                "p75": 0.962
            }
        },
        "rtt_avg_ms": {
            "min": 9.131,
            "average": 9.662333333333333,
            "max": 10.558,
            "percentiles": {
                "p25": 9.131,
                "p50": 9.298,
                "p75": 10.558
            }
        },
        "rtt_max_ms": {
            "min": 20.575,
            "average": 21.461666666666666,
            "max": 22.064,
            "percentiles": {
                "p25": 20.575,
                "p50": 21.746,
                "p75": 22.064
            }
        },
        "rtt_mdev_ms": {
            "min": 5.294,
            "average": 5.504,
            "max": 5.671,
            "percentiles": {
                "p25": 5.294,
                "p50": 5.547,
                "p75": 5.671
            }
        },
        "packet_loss_percent": {
            "min": 1.0,
            "average": 2.3333333333333335,
            "max": 5.0,
            "percentiles": {
                "p25": 1.0,
                "p50": 1.0,
                "p75": 5.0
            }
        }
    },
    "meta": {
        "duration_seconds": 61.490153312683105,
        "test_attempts": 1,
        "vpn_restart_attempts": 0,
        "vpn_restart_duration_seconds": 37.52221059799194,
        "connectivity_wait_duration_seconds": 4.634674072265625,
        "source": "lom",
        "target": "yuki"
    }
}