{
  "status": "success",
  "data": {
    "rtt_min_ms": {
      "min": 0.963,
      "average": 1.0013333333333332,
      "max": 1.055,
      "percentiles": {
        "p25": 0.963,
        "p50": 0.986,
        "p75": 1.055
      }
    },
    "rtt_avg_ms": {
      "min": 9.666,
      "average": 10.012333333333334,
      "max": 10.262,
      "percentiles": {
        "p25": 9.666,
        "p50": 10.109,
        "p75": 10.262
      }
    },
    "rtt_max_ms": {
      "min": 20.532,
      "average": 21.540666666666667,
      "max": 23.094,
      "percentiles": {
        "p25": 20.532,
        "p50": 20.996,
        "p75": 23.094
      }
    },
    "rtt_mdev_ms": {
      "min": 4.572,
      "average": 4.795,
      "max": 4.977,
      "percentiles": {
        "p25": 4.572,
        "p50": 4.836,
        "p75": 4.977
      }
    },
    "packet_loss_percent": {
      "min": 1.0,
      "average": 1.3333333333333333,
      "max": 2.0,
      "percentiles": {
        "p25": 1.0,
        "p50": 1.0,
        "p75": 2.0
      }
    }
  },
  "meta": {
    "duration_seconds": 61.901917695999146,
    "test_attempts": 1,
    "vpn_restart_attempts": 0,
    "vpn_restart_duration_seconds": 35.79870676994324,
    "connectivity_wait_duration_seconds": 2.3568780422210693,
    "source": "lom",
    "target": "yuki"
  }
}
