{
    "status": "success",
    "data": {
        "total_bandwidth_mbps": {
            "min": 37.886,
            "average": 39.53633333333333,
            "max": 41.856,
            "percentiles": {
                "p25": 38.888999999999996,
                "p50": 39.486999999999995,
                "p75": 40.01225
            }
        },
        "cpu_usage_percent": {
            "min": 0.0,
            "average": 2.504958333333333,
            "max": 25.26,
            "percentiles": {
                "p25": 2.0,
                "p50": 2.02,
                "p75": 3.0
            }
        },
        "ttfb_ms": {
            "min": 15.0,
            "average": 43.125,
            "max": 80.0,
            "percentiles": {
                "p25": 24.75,
                "p50": 40.5,
                "p75": 62.0
            }
        },
        "conn_time_ms": {
            "min": 10.0,
            "average": 38.625,
            "max": 69.0,
            "percentiles": {
                "p25": 23.5,
                "p50": 34.0,
                "p75": 60.5
            }
        }
    },
    "meta": {
        "duration_seconds": 31.847440481185913,
        "test_attempts": 1,
        "vpn_restart_attempts": 0,
        "vpn_restart_duration_seconds": 34.66738438606262,
        "connectivity_wait_duration_seconds": 3.8261430263519287,
        "source": "lom",
        "target": "yuki"
    }
}