{
  "status": "success",
  "data": {
    "total_bandwidth_mbps": {
      "min": 38.093999999999994,
      "average": 39.3962,
      "max": 40.858999999999995,
      "percentiles": {
        "p25": 38.897749999999995,
        "p50": 39.2525,
        "p75": 40.10725
      }
    },
    "cpu_usage_percent": {
      "min": 0.0,
      "average": 2.2998333333333334,
      "max": 6.32,
      "percentiles": {
        "p25": 2.0,
        "p50": 2.02,
        "p75": 3.0
      }
    },
    "ttfb_ms": {
      "min": 18.0,
      "average": 33.25,
      "max": 67.0,
      "percentiles": {
        "p25": 21.0,
        "p50": 30.0,
        "p75": 38.75
      }
    },
    "conn_time_ms": {
      "min": 17.0,
      "average": 29.0,
      "max": 56.0,
      "percentiles": {
        "p25": 19.25,
        "p50": 27.0,
        "p75": 33.0
      }
    }
  },
  "meta": {
    "duration_seconds": 32.13925361633301,
    "test_attempts": 1,
    "vpn_restart_attempts": 0,
    "vpn_restart_duration_seconds": 36.61129903793335,
    "connectivity_wait_duration_seconds": 2.877565383911133,
    "source": "lom",
    "target": "yuki"
  }
}
