{
    "status": "success",
    "data": {
        "bitrate_kbps": {
            "min": 1905.1,
            "average": 1987.8896551724138,
            "max": 2011.1,
            "percentiles": {
                "p25": 1981.5,
                "p50": 1989.3,
                "p75": 1997.3
            }
        },
        "fps": {
            "min": 31.0,
            "average": 32.13793103448276,
            "max": 45.0,
            "percentiles": {
                "p25": 31.0,
                "p50": 31.0,
                "p75": 32.0
            }
        },
        "dropped_frames": {
            "min": 15.0,
            "average": 15.0,
            "max": 15.0,
            "percentiles": {
                "p25": 15.0,
                "p50": 15.0,
                "p75": 15.0
            }
        }
    },
    "meta": {
        "duration_seconds": 31.748627424240112,
        "test_attempts": 1,
        "vpn_restart_attempts": 0,
        "vpn_restart_duration_seconds": 37.56495404243469,
        "connectivity_wait_duration_seconds": 2.40411639213562,
        "source": "lom",
        "target": "yuki"
    }
}