{
    "status": "success",
    "data": {
        "Internal": {
            "status": "success",
            "data": {
                "mean_seconds": {
                    "min": 47.9547020401,
                    "average": 59.47289208595333,
                    "max": 67.06108001406,
                    "percentiles": {
                        "p25": 59.47289208595333,
                        "p50": 59.47289208595333,
                        "p75": 59.47289208595333
                    }
                },
                "stddev_seconds": {
                    "min": 0.2277805796597342,
                    "average": 1.2238273598713585,
                    "max": 2.11098886436248,
                    "percentiles": {
                        "p25": 1.2238273598713585,
                        "p50": 1.2238273598713585,
                        "p75": 1.2238273598713585
                    }
                },
                "min_seconds": {
                    "min": 47.7936368476,
                    "average": 58.607515460786665,
                    "max": 65.56838547306,
                    "percentiles": {
                        "p25": 58.607515460786665,
                        "p50": 58.607515460786665,
                        "p75": 58.607515460786665
                    }
                },
                "max_seconds": {
                    "min": 48.1157672326,
                    "average": 60.33826871112,
                    "max": 68.55377455506,
                    "percentiles": {
                        "p25": 60.33826871112,
                        "p50": 60.33826871112,
                        "p75": 60.33826871112
                    }
                }
            }
        }
    }
}