{
    "status": "success",
    "data": {
        "Internal": {
            "status": "success",
            "data": {
                "total_duration_seconds": {
                    "min": 976.731589155519,
                    "average": 976.731589155519,
                    "max": 976.731589155519,
                    "percentiles": {
                        "p25": 976.731589155519,
                        "p50": 976.731589155519,
                        "p75": 976.731589155519
                    }
                },
                "vpn_installation_seconds": {
                    "min": 390.4620205579995,
                    "average": 390.4620205579995,
                    "max": 390.4620205579995,
                    "percentiles": {
                        "p25": 390.4620205579995,
                        "p50": 390.4620205579995,
                        "p75": 390.4620205579995
                    }
                },
                "benchmarking_seconds": {
                    "min": 586.2695685975195,
                    "average": 586.2695685975195,
                    "max": 586.2695685975195,
                    "percentiles": {
                        "p25": 586.2695685975195,
                        "p50": 586.2695685975195,
                        "p75": 586.2695685975195
                    }
                }
            }
        }
    }
}