{
    "status": "success",
    "data": {
        "rtt_min_ms": {
            "min": 2.44,
            "average": 2.590666666666667,
            "max": 2.721,
            "percentiles": {
                "p25": 2.44,
                "p50": 2.611,
                "p75": 2.721
            }
        },
        "rtt_avg_ms": {
            "min": 6.418,
            "average": 6.786,
            "max": 7.273,
            "percentiles": {
                "p25": 6.418,
                "p50": 6.667,
                "p75": 7.273
            }
        },
        "rtt_max_ms": {
            "min": 9.882,
            "average": 43.07633333333333,
            "max": 60.717,
            "percentiles": {
                "p25": 9.882,
                "p50": 58.63,
                "p75": 60.717
            }
        },
        "rtt_mdev_ms": {
            "min": 1.842,
            "average": 4.738333333333333,
            "max": 6.725,
            "percentiles": {
                "p25": 1.842,
                "p50": 5.648,
                "p75": 6.725
            }
        },
        "packet_loss_percent": {
            "min": 0.0,
            "average": 0.0,
            "max": 0.0,
            "percentiles": {
                "p25": 0.0,
                "p50": 0.0,
                "p75": 0.0
            }
        }
    },
    "meta": {
        "duration_seconds": 60.820162534713745,
        "test_attempts": 1,
        "vpn_restart_attempts": 0,
        "vpn_restart_duration_seconds": 1.9991602897644043,
        "connectivity_wait_duration_seconds": 5.963771820068359,
        "source": "luna",
        "target": "lom"
    }
}