{
    "status": "success",
    "data": {
        "encoding": {
            "bitrate_kbps": {
                "min": 3305.8,
                "average": 3346.4275862068966,
                "max": 3500.3,
                "percentiles": {
                    "p25": 3320.8999999999996,
                    "p50": 3334.0,
                    "p75": 3355.3500000000004
                }
            },
            "fps": {
                "min": 31.0,
                "average": 32.13793103448276,
                "max": 45.0,
                "percentiles": {
                    "p25": 31.0,
                    "p50": 31.0,
                    "p75": 32.0
                }
            },
            "dropped_frames": {
                "min": 15.0,
                "average": 15.0,
                "max": 15.0,
                "percentiles": {
                    "p25": 15.0,
                    "p50": 15.0,
                    "p75": 15.0
                }
            }
        },
        "network": {
            "packets_dropped": {
                "min": 0.0,
                "average": 0.0,
                "max": 0.0,
                "percentiles": {
                    "p25": 0.0,
                    "p50": 0.0,
                    "p75": 0.0
                }
            },
            "packets_recovered": {
                "min": 0.0,
                "average": 22.032258064516128,
                "max": 115.0,
                "percentiles": {
                    "p25": 0.0,
                    "p50": 11.0,
                    "p75": 41.0
                }
            },
            "rtt_ms": {
                "min": 5.21485767527434,
                "average": 11.482387929384144,
                "max": 15.4812865849726,
                "percentiles": {
                    "p25": 10.571047955665318,
                    "p50": 11.3736665788119,
                    "p75": 12.913060391383683
                }
            },
            "quality": {
                "min": 81.0,
                "average": 94.45161290322581,
                "max": 100.0,
                "percentiles": {
                    "p25": 90.0,
                    "p50": 95.0,
                    "p75": 100.0
                }
            },
            "bitrate_bps": {
                "min": 0.0,
                "average": 3144998.0967741935,
                "max": 4957850.0,
                "percentiles": {
                    "p25": 2845556.0,
                    "p50": 3458800.0,
                    "p75": 3617009.0
                }
            }
        }
    },
    "meta": {
        "duration_seconds": 31.44514012336731,
        "test_attempts": 1,
        "vpn_restart_attempts": 0,
        "vpn_restart_duration_seconds": 1.62467360496521,
        "connectivity_wait_duration_seconds": 6.04310154914856,
        "source": "luna",
        "target": "lom"
    }
}