{
    "status": "success",
    "data": {
        "encoding": {
            "bitrate_kbps": {
                "min": 3308.8,
                "average": 3349.268965517241,
                "max": 3498.9,
                "percentiles": {
                    "p25": 3321.65,
                    "p50": 3334.9,
                    "p75": 3358.6499999999996
                }
            },
            "fps": {
                "min": 31.0,
                "average": 32.13793103448276,
                "max": 45.0,
                "percentiles": {
                    "p25": 31.0,
                    "p50": 31.0,
                    "p75": 32.0
                }
            },
            "dropped_frames": {
                "min": 15.0,
                "average": 15.0,
                "max": 15.0,
                "percentiles": {
                    "p25": 15.0,
                    "p50": 15.0,
                    "p75": 15.0
                }
            }
        },
        "network": {
            "packets_dropped": {
                "min": 0.0,
                "average": 0.0,
                "max": 0.0,
                "percentiles": {
                    "p25": 0.0,
                    "p50": 0.0,
                    "p75": 0.0
                }
            },
            "packets_recovered": {
                "min": 0.0,
                "average": 0.0,
                "max": 0.0,
                "percentiles": {
                    "p25": 0.0,
                    "p50": 0.0,
                    "p75": 0.0
                }
            },
            "rtt_ms": {
                "min": 3.2468471818293367,
                "average": 4.571697720318208,
                "max": 5.4876672800978445,
                "percentiles": {
                    "p25": 4.25816772864611,
                    "p50": 4.62054335923885,
                    "p75": 4.919461924852973
                }
            },
            "quality": {
                "min": 100.0,
                "average": 100.0,
                "max": 100.0,
                "percentiles": {
                    "p25": 100.0,
                    "p50": 100.0,
                    "p75": 100.0
                }
            },
            "bitrate_bps": {
                "min": 0.0,
                "average": 3169843.6129032257,
                "max": 5161903.0,
                "percentiles": {
                    "p25": 2872126.0,
                    "p50": 3517668.0,
                    "p75": 3600646.0
                }
            }
        }
    },
    "meta": {
        "duration_seconds": 31.40252137184143,
        "test_attempts": 1,
        "vpn_restart_attempts": 0,
        "vpn_restart_duration_seconds": 5.347368478775024,
        "connectivity_wait_duration_seconds": 1.8131933212280273,
        "source": "yuki",
        "target": "luna"
    }
}