{
    "status": "success",
    "data": {
        "encoding": {
            "bitrate_kbps": {
                "min": 3303.8,
                "average": 3347.793103448276,
                "max": 3495.9,
                "percentiles": {
                    "p25": 3320.6499999999996,
                    "p50": 3334.6,
                    "p75": 3356.4
                }
            },
            "fps": {
                "min": 31.0,
                "average": 32.13793103448276,
                "max": 45.0,
                "percentiles": {
                    "p25": 31.0,
                    "p50": 31.0,
                    "p75": 32.0
                }
            },
            "dropped_frames": {
                "min": 15.0,
                "average": 15.0,
                "max": 15.0,
                "percentiles": {
                    "p25": 15.0,
                    "p50": 15.0,
                    "p75": 15.0
                }
            }
        },
        "network": {
            "packets_dropped": {
                "min": 0.0,
                "average": 0.0,
                "max": 0.0,
                "percentiles": {
                    "p25": 0.0,
                    "p50": 0.0,
                    "p75": 0.0
                }
            },
            "packets_recovered": {
                "min": 0.0,
                "average": 0.0,
                "max": 0.0,
                "percentiles": {
                    "p25": 0.0,
                    "p50": 0.0,
                    "p75": 0.0
                }
            },
            "rtt_ms": {
                "min": 2.755863258087897,
                "average": 4.059255161613507,
                "max": 5.20813870630438,
                "percentiles": {
                    "p25": 3.7824301094746478,
                    "p50": 3.993845703587478,
                    "p75": 4.41970619331883
                }
            },
            "quality": {
                "min": 100.0,
                "average": 100.0,
                "max": 100.0,
                "percentiles": {
                    "p25": 100.0,
                    "p50": 100.0,
                    "p75": 100.0
                }
            },
            "bitrate_bps": {
                "min": 0.0,
                "average": 3151180.290322581,
                "max": 5162053.0,
                "percentiles": {
                    "p25": 2852876.0,
                    "p50": 3563166.0,
                    "p75": 3603585.0
                }
            }
        }
    },
    "meta": {
        "duration_seconds": 33.14019989967346,
        "test_attempts": 1,
        "vpn_restart_attempts": 0,
        "vpn_restart_duration_seconds": 0.0,
        "connectivity_wait_duration_seconds": 0.0,
        "source": "lom",
        "target": "yuki"
    }
}