{
    "status": "success",
    "data": {
        "rtt_min_ms": {
            "min": 1.776,
            "average": 1.8956666666666666,
            "max": 2.069,
            "percentiles": {
                "p25": 1.776,
                "p50": 1.842,
                "p75": 2.069
            }
        },
        "rtt_avg_ms": {
            "min": 11.693,
            "average": 12.589,
            "max": 13.121,
            "percentiles": {
                "p25": 11.693,
                "p50": 12.953,
                "p75": 13.121
            }
        },
        "rtt_max_ms": {
            "min": 66.181,
            "average": 69.91633333333333,
            "max": 73.472,
            "percentiles": {
                "p25": 66.181,
                "p50": 70.096,
                "p75": 73.472
            }
        },
        "rtt_mdev_ms": {
            "min": 9.121,
            "average": 10.333333333333334,
            "max": 11.391,
            "percentiles": {
                "p25": 9.121,
                "p50": 10.488,
                "p75": 11.391
            }
        },
        "packet_loss_percent": {
            "min": 0.0,
            "average": 0.0,
            "max": 0.0,
            "percentiles": {
                "p25": 0.0,
                "p50": 0.0,
                "p75": 0.0
            }
        }
    },
    "meta": {
        "duration_seconds": 62.190694093704224,
        "test_attempts": 1,
        "vpn_restart_attempts": 0,
        "vpn_restart_duration_seconds": 2.9962072372436523,
        "connectivity_wait_duration_seconds": 2.192234754562378,
        "source": "yuki",
        "target": "luna"
    }
}