{
  "status": "success",
  "data": {
    "rtt_min_ms": {
      "min": 1.847,
      "average": 1.9116666666666666,
      "max": 1.978,
      "percentiles": {
        "p25": 1.847,
        "p50": 1.91,
        "p75": 1.978
      }
    },
    "rtt_avg_ms": {
      "min": 11.377,
      "average": 11.615,
      "max": 12.036,
      "percentiles": {
        "p25": 11.377,
        "p50": 11.432,
        "p75": 12.036
      }
    },
    "rtt_max_ms": {
      "min": 53.877,
      "average": 61.026666666666664,
      "max": 69.109,
      "percentiles": {
        "p25": 53.877,
        "p50": 60.094,
        "p75": 69.109
      }
    },
    "rtt_mdev_ms": {
      "min": 6.636,
      "average": 8.181333333333333,
      "max": 9.42,
      "percentiles": {
        "p25": 6.636,
        "p50": 8.488,
        "p75": 9.42
      }
    },
    "packet_loss_percent": {
      "min": 0.0,
      "average": 0.0,
      "max": 0.0,
      "percentiles": {
        "p25": 0.0,
        "p50": 0.0,
        "p75": 0.0
      }
    }
  },
  "meta": {
    "duration_seconds": 60.91928005218506,
    "test_attempts": 1,
    "vpn_restart_attempts": 0,
    "vpn_restart_duration_seconds": 2.1476192474365234,
    "connectivity_wait_duration_seconds": 2.1008496284484863,
    "source": "yuki",
    "target": "luna"
  }
}
