{
  "status": "success",
  "data": {
    "total_bandwidth_mbps": {
      "min": 2.6177999999999995,
      "average": 3.193118,
      "max": 3.5591,
      "percentiles": {
        "p25": 3.1007249999999997,
        "p50": 3.216,
        "p75": 3.343325
      }
    },
    "cpu_usage_percent": {
      "min": 0.0,
      "average": 1.9781666666666666,
      "max": 78.79,
      "percentiles": {
        "p25": 0.2075,
        "p50": 1.01,
        "p75": 2.0
      }
    },
    "ttfb_ms": {
      "min": 85.0,
      "average": 222.0,
      "max": 696.0,
      "percentiles": {
        "p25": 104.25,
        "p50": 170.5,
        "p75": 210.25
      }
    },
    "conn_time_ms": {
      "min": 71.0,
      "average": 161.25,
      "max": 561.0,
      "percentiles": {
        "p25": 87.0,
        "p50": 111.0,
        "p75": 128.5
      }
    }
  },
  "meta": {
    "duration_seconds": 33.40568971633911,
    "test_attempts": 1,
    "vpn_restart_attempts": 0,
    "vpn_restart_duration_seconds": 4.418581008911133,
    "connectivity_wait_duration_seconds": 2.7150444984436035,
    "source": "yuki",
    "target": "luna"
  }
}
