{
  "status": "success",
  "data": {
    "bitrate_kbps": {
      "min": 1910.1,
      "average": 1987.7310344827586,
      "max": 2012.4,
      "percentiles": {
        "p25": 1980.9,
        "p50": 1989.9,
        "p75": 1995.6
      }
    },
    "fps": {
      "min": 31.0,
      "average": 32.13793103448276,
      "max": 45.0,
      "percentiles": {
        "p25": 31.0,
        "p50": 31.0,
        "p75": 32.0
      }
    },
    "dropped_frames": {
      "min": 15.0,
      "average": 15.0,
      "max": 15.0,
      "percentiles": {
        "p25": 15.0,
        "p50": 15.0,
        "p75": 15.0
      }
    }
  },
  "meta": {
    "duration_seconds": 31.712266206741333,
    "test_attempts": 1,
    "vpn_restart_attempts": 0,
    "vpn_restart_duration_seconds": 2.952090263366699,
    "connectivity_wait_duration_seconds": 3.1672255992889404,
    "source": "yuki",
    "target": "luna"
  }
}
