{
    "status": "success",
    "data": {
        "rtt_min_ms": {
            "min": 0.802,
            "average": 0.9303333333333333,
            "max": 1.026,
            "percentiles": {
                "p25": 0.802,
                "p50": 0.963,
                "p75": 1.026
            }
        },
        "rtt_avg_ms": {
            "min": 15.824,
            "average": 16.669333333333334,
            "max": 17.481,
            "percentiles": {
                "p25": 15.824,
                "p50": 16.703,
                "p75": 17.481
            }
        },
        "rtt_max_ms": {
            "min": 38.317,
            "average": 39.881,
            "max": 40.91,
            "percentiles": {
                "p25": 38.317,
                "p50": 40.416,
                "p75": 40.91
            }
        },
        "rtt_mdev_ms": {
            "min": 9.02,
            "average": 10.010333333333334,
            "max": 10.53,
            "percentiles": {
                "p25": 9.02,
                "p50": 10.481,
                "p75": 10.53
            }
        },
        "packet_loss_percent": {
            "min": 5.0,
            "average": 6.0,
            "max": 7.0,
            "percentiles": {
                "p25": 5.0,
                "p50": 6.0,
                "p75": 7.0
            }
        }
    },
    "meta": {
        "duration_seconds": 62.13781452178955,
        "test_attempts": 1,
        "vpn_restart_attempts": 0,
        "vpn_restart_duration_seconds": 1.962289571762085,
        "connectivity_wait_duration_seconds": 2.6045541763305664,
        "source": "luna",
        "target": "lom"
    }
}