{
  "status": "success",
  "data": {
    "encoding": {
      "bitrate_kbps": {
        "min": 3306.8,
        "average": 3348.793103448276,
        "max": 3494.7,
        "percentiles": {
          "p25": 3320.6000000000004,
          "p50": 3334.3,
          "p75": 3362.1499999999996
        }
      },
      "fps": {
        "min": 31.0,
        "average": 32.10344827586207,
        "max": 45.0,
        "percentiles": {
          "p25": 31.0,
          "p50": 31.0,
          "p75": 32.0
        }
      },
      "dropped_frames": {
        "min": 15.0,
        "average": 15.0,
        "max": 15.0,
        "percentiles": {
          "p25": 15.0,
          "p50": 15.0,
          "p75": 15.0
        }
      }
    },
    "network": {
      "packets_dropped": {
        "min": 0.0,
        "average": 0.0,
        "max": 0.0,
        "percentiles": {
          "p25": 0.0,
          "p50": 0.0,
          "p75": 0.0
        }
      },
      "packets_recovered": {
        "min": 0.0,
        "average": 130.70967741935485,
        "max": 258.0,
        "percentiles": {
          "p25": 111.0,
          "p50": 135.0,
          "p75": 149.0
        }
      },
      "rtt_ms": {
        "min": 7.35249505409471,
        "average": 17.674164673254428,
        "max": 22.8761953526069,
        "percentiles": {
          "p25": 16.480557679488573,
          "p50": 17.471463983308837,
          "p75": 19.526683004782107
        }
      },
      "quality": {
        "min": 65.0,
        "average": 72.0,
        "max": 100.0,
        "percentiles": {
          "p25": 70.0,
          "p50": 71.0,
          "p75": 73.0
        }
      },
      "bitrate_bps": {
        "min": 0.0,
        "average": 3154031.9032258065,
        "max": 5141808.0,
        "percentiles": {
          "p25": 2841123.0,
          "p50": 3531366.0,
          "p75": 3614723.0
        }
      }
    }
  },
  "meta": {
    "duration_seconds": 31.711525440216064,
    "test_attempts": 1,
    "vpn_restart_attempts": 0,
    "vpn_restart_duration_seconds": 1.8603637218475342,
    "connectivity_wait_duration_seconds": 2.9459173679351807,
    "source": "luna",
    "target": "lom"
  }
}
