{
  "status": "success",
  "data": {
    "rtt_min_ms": {
      "min": 0.434,
      "average": 0.453,
      "max": 0.48,
      "percentiles": {
        "p25": 0.434,
        "p50": 0.445,
        "p75": 0.48
      }
    },
    "rtt_avg_ms": {
      "min": 0.561,
      "average": 0.5836666666666667,
      "max": 0.612,
      "percentiles": {
        "p25": 0.561,
        "p50": 0.578,
        "p75": 0.612
      }
    },
    "rtt_max_ms": {
      "min": 0.838,
      "average": 1.0766666666666667,
      "max": 1.382,
      "percentiles": {
        "p25": 0.838,
        "p50": 1.01,
        "p75": 1.382
      }
    },
    "rtt_mdev_ms": {
      "min": 0.06,
      "average": 0.08,
      "max": 0.109,
      "percentiles": {
        "p25": 0.06,
        "p50": 0.071,
        "p75": 0.109
      }
    },
    "packet_loss_percent": {
      "min": 0.0,
      "average": 0.0,
      "max": 0.0,
      "percentiles": {
        "p25": 0.0,
        "p50": 0.0,
        "p75": 0.0
      }
    }
  },
  "meta": {
    "duration_seconds": 62.55547571182251,
    "test_attempts": 1,
    "vpn_restart_attempts": 0
  }
}
