{
  "status": "success",
  "data": {
    "total_bandwidth_mbps": {
      "min": 1095.3000000000002,
      "average": 1152.2266666666667,
      "max": 1210.0,
      "percentiles": {
        "p25": 1140.5,
        "p50": 1151.4,
        "p75": 1163.8999999999999
      }
    },
    "cpu_usage_percent": {
      "min": 21.35,
      "average": 28.808083333333332,
      "max": 35.16,
      "percentiles": {
        "p25": 27.45,
        "p50": 28.72,
        "p75": 30.3125
      }
    },
    "ttfb_ms": {
      "min": 18.0,
      "average": 24.0,
      "max": 33.0,
      "percentiles": {
        "p25": 18.25,
        "p50": 22.5,
        "p75": 31.25
      }
    },
    "conn_time_ms": {
      "min": 14.0,
      "average": 20.75,
      "max": 27.0,
      "percentiles": {
        "p25": 14.75,
        "p50": 21.0,
        "p75": 26.5
      }
    }
  },
  "meta": {
    "duration_seconds": 31.59172224998474,
    "test_attempts": 1,
    "vpn_restart_attempts": 0
  }
}
