{
  "status": "success",
  "data": {
    "rtt_min_ms": {
      "min": 1.35,
      "average": 1.4183333333333334,
      "max": 1.457,
      "percentiles": {
        "p25": 1.35,
        "p50": 1.448,
        "p75": 1.457
      }
    },
    "rtt_avg_ms": {
      "min": 13.634,
      "average": 15.051333333333334,
      "max": 17.07,
      "percentiles": {
        "p25": 13.634,
        "p50": 14.45,
        "p75": 17.07
      }
    },
    "rtt_max_ms": {
      "min": 38.309,
      "average": 39.031,
      "max": 39.403,
      "percentiles": {
        "p25": 38.309,
        "p50": 39.381,
        "p75": 39.403
      }
    },
    "rtt_mdev_ms": {
      "min": 9.48,
      "average": 9.801666666666668,
      "max": 10.199,
      "percentiles": {
        "p25": 9.48,
        "p50": 9.726,
        "p75": 10.199
      }
    },
    "packet_loss_percent": {
      "min": 2.0,
      "average": 3.3333333333333335,
      "max": 4.0,
      "percentiles": {
        "p25": 2.0,
        "p50": 4.0,
        "p75": 4.0
      }
    }
  },
  "meta": {
    "duration_seconds": 62.95607280731201,
    "test_attempts": 1,
    "vpn_restart_attempts": 0,
    "vpn_restart_duration_seconds": 6.193937063217163,
    "connectivity_wait_duration_seconds": 6.080731391906738,
    "source": "luna",
    "target": "lom"
  }
}
