{
    "status": "success",
    "data": {
        "rtt_min_ms": {
            "min": 0.99,
            "average": 1.028,
            "max": 1.047,
            "percentiles": {
                "p25": 0.99,
                "p50": 1.047,
                "p75": 1.047
            }
        },
        "rtt_avg_ms": {
            "min": 1.335,
            "average": 1.3453333333333333,
            "max": 1.358,
            "percentiles": {
                "p25": 1.335,
                "p50": 1.343,
                "p75": 1.358
            }
        },
        "rtt_max_ms": {
            "min": 1.454,
            "average": 1.5043333333333333,
            "max": 1.598,
            "percentiles": {
                "p25": 1.454,
                "p50": 1.461,
                "p75": 1.598
            }
        },
        "rtt_mdev_ms": {
            "min": 0.081,
            "average": 0.084,
            "max": 0.088,
            "percentiles": {
                "p25": 0.081,
                "p50": 0.083,
                "p75": 0.088
            }
        },
        "packet_loss_percent": {
            "min": 0.0,
            "average": 0.0,
            "max": 0.0,
            "percentiles": {
                "p25": 0.0,
                "p50": 0.0,
                "p75": 0.0
            }
        }
    },
    "meta": {
        "duration_seconds": 60.77671527862549,
        "test_attempts": 1,
        "vpn_restart_attempts": 0,
        "vpn_restart_duration_seconds": 1.6777796745300293,
        "connectivity_wait_duration_seconds": 3.7735955715179443,
        "source": "yuki",
        "target": "luna"
    }
}