{
    "status": "success",
    "data": {
        "total_bandwidth_mbps": {
            "min": 639.77,
            "average": 675.1363333333334,
            "max": 704.93,
            "percentiles": {
                "p25": 662.925,
                "p50": 674.79,
                "p75": 691.375
            }
        },
        "cpu_usage_percent": {
            "min": 0.0,
            "average": 15.377,
            "max": 66.0,
            "percentiles": {
                "p25": 11.11,
                "p50": 14.07,
                "p75": 16.33
            }
        },
        "ttfb_ms": {
            "min": 19.0,
            "average": 21.375,
            "max": 24.0,
            "percentiles": {
                "p25": 19.25,
                "p50": 21.5,
                "p75": 23.0
            }
        },
        "conn_time_ms": {
            "min": 18.0,
            "average": 20.0,
            "max": 23.0,
            "percentiles": {
                "p25": 18.0,
                "p50": 20.0,
                "p75": 21.75
            }
        }
    },
    "meta": {
        "duration_seconds": 31.318163871765137,
        "test_attempts": 1,
        "vpn_restart_attempts": 0,
        "vpn_restart_duration_seconds": 1.6846587657928467,
        "connectivity_wait_duration_seconds": 3.7970848083496094,
        "source": "yuki",
        "target": "luna"
    }
}