{
  "status": "success",
  "data": {
    "total_bandwidth_mbps": {
      "min": 841.9,
      "average": 842.0266666666666,
      "max": 842.6999999999999,
      "percentiles": {
        "p25": 841.9,
        "p50": 841.95,
        "p75": 842.05
      }
    },
    "cpu_usage_percent": {
      "min": 22.73,
      "average": 29.2645,
      "max": 36.84,
      "percentiles": {
        "p25": 27.825000000000003,
        "p50": 29.03,
        "p75": 30.619999999999997
      }
    },
    "ttfb_ms": {
      "min": 18.0,
      "average": 21.375,
      "max": 23.0,
      "percentiles": {
        "p25": 19.75,
        "p50": 22.0,
        "p75": 22.75
      }
    },
    "conn_time_ms": {
      "min": 17.0,
      "average": 20.625,
      "max": 23.0,
      "percentiles": {
        "p25": 18.75,
        "p50": 21.0,
        "p75": 22.0
      }
    }
  },
  "meta": {
    "duration_seconds": 31.4826762676239,
    "test_attempts": 1,
    "vpn_restart_attempts": 0,
    "vpn_restart_duration_seconds": 0.0,
    "connectivity_wait_duration_seconds": 0.0,
    "source": "lom",
    "target": "yuki"
  }
}
