{
    "status": "success",
    "data": {
        "total_bandwidth_mbps": {
            "min": 61.61899999999999,
            "average": 71.37026666666667,
            "max": 77.65299999999999,
            "percentiles": {
                "p25": 69.325,
                "p50": 72.14500000000001,
                "p75": 73.87825000000001
            }
        },
        "cpu_usage_percent": {
            "min": 0.0,
            "average": 3.199375,
            "max": 7.06,
            "percentiles": {
                "p25": 2.02,
                "p50": 3.03,
                "p75": 4.08
            }
        },
        "ttfb_ms": {
            "min": 11.0,
            "average": 45.125,
            "max": 77.0,
            "percentiles": {
                "p25": 32.75,
                "p50": 45.5,
                "p75": 57.75
            }
        },
        "conn_time_ms": {
            "min": 10.0,
            "average": 28.25,
            "max": 44.0,
            "percentiles": {
                "p25": 15.0,
                "p50": 31.0,
                "p75": 38.5
            }
        }
    },
    "meta": {
        "duration_seconds": 32.248353242874146,
        "test_attempts": 1,
        "vpn_restart_attempts": 0,
        "vpn_restart_duration_seconds": 0.0,
        "connectivity_wait_duration_seconds": 0.0,
        "source": "luna",
        "target": "lom"
    }
}