{
    "status": "success",
    "data": {
        "total_bandwidth_mbps": {
            "min": 65.176,
            "average": 72.16006666666667,
            "max": 78.47399999999999,
            "percentiles": {
                "p25": 70.0545,
                "p50": 72.06450000000001,
                "p75": 74.38324999999999
            }
        },
        "cpu_usage_percent": {
            "min": 1.01,
            "average": 3.2596666666666665,
            "max": 8.33,
            "percentiles": {
                "p25": 2.06,
                "p50": 3.03,
                "p75": 4.04
            }
        },
        "ttfb_ms": {
            "min": 15.0,
            "average": 41.25,
            "max": 56.0,
            "percentiles": {
                "p25": 33.25,
                "p50": 45.0,
                "p75": 51.0
            }
        },
        "conn_time_ms": {
            "min": 9.0,
            "average": 26.75,
            "max": 42.0,
            "percentiles": {
                "p25": 20.25,
                "p50": 27.5,
                "p75": 35.25
            }
        }
    },
    "meta": {
        "duration_seconds": 31.973527431488037,
        "test_attempts": 1,
        "vpn_restart_attempts": 0,
        "vpn_restart_duration_seconds": 0.0,
        "connectivity_wait_duration_seconds": 0.0,
        "source": "luna",
        "target": "lom"
    }
}