{
  "status": "success",
  "data": {
    "rtt_min_ms": {
      "min": 1.328,
      "average": 1.7253333333333334,
      "max": 2.132,
      "percentiles": {
        "p25": 1.328,
        "p50": 1.716,
        "p75": 2.132
      }
    },
    "rtt_avg_ms": {
      "min": 5.038,
      "average": 5.201333333333333,
      "max": 5.289,
      "percentiles": {
        "p25": 5.038,
        "p50": 5.277,
        "p75": 5.289
      }
    },
    "rtt_max_ms": {
      "min": 8.353,
      "average": 8.605333333333332,
      "max": 8.963,
      "percentiles": {
        "p25": 8.353,
        "p50": 8.5,
        "p75": 8.963
      }
    },
    "rtt_mdev_ms": {
      "min": 1.553,
      "average": 1.6783333333333332,
      "max": 1.772,
      "percentiles": {
        "p25": 1.553,
        "p50": 1.71,
        "p75": 1.772
      }
    },
    "packet_loss_percent": {
      "min": 0.0,
      "average": 0.0,
      "max": 0.0,
      "percentiles": {
        "p25": 0.0,
        "p50": 0.0,
        "p75": 0.0
      }
    }
  },
  "meta": {
    "duration_seconds": 60.63350963592529,
    "test_attempts": 1,
    "vpn_restart_attempts": 0
  }
}
