{
  "status": "success",
  "data": {
    "total_bandwidth_mbps": {
      "min": 44.08,
      "average": 46.442,
      "max": 48.38,
      "percentiles": {
        "p25": 45.7875,
        "p50": 46.400000000000006,
        "p75": 46.845
      }
    },
    "cpu_usage_percent": {
      "min": 5.38,
      "average": 11.9995,
      "max": 32.18,
      "percentiles": {
        "p25": 8.24,
        "p50": 10.405000000000001,
        "p75": 13.04
      }
    },
    "ttfb_ms": {
      "min": 30.0,
      "average": 41.75,
      "max": 51.0,
      "percentiles": {
        "p25": 33.25,
        "p50": 43.0,
        "p75": 49.0
      }
    },
    "conn_time_ms": {
      "min": 27.0,
      "average": 37.75,
      "max": 46.0,
      "percentiles": {
        "p25": 29.75,
        "p50": 39.0,
        "p75": 44.5
      }
    }
  },
  "meta": {
    "duration_seconds": 31.381182193756104,
    "test_attempts": 1,
    "vpn_restart_attempts": 0
  }
}
