{
  "status": "success",
  "data": {
    "bitrate_kbps": {
      "min": 1747.6,
      "average": 1943.9758620689656,
      "max": 1971.3,
      "percentiles": {
        "p25": 1939.9,
        "p50": 1959.4,
        "p75": 1965.45
      }
    },
    "fps": {
      "min": 31.0,
      "average": 32.13793103448276,
      "max": 45.0,
      "percentiles": {
        "p25": 31.0,
        "p50": 31.0,
        "p75": 32.0
      }
    },
    "dropped_frames": {
      "min": 15.0,
      "average": 15.0,
      "max": 15.0,
      "percentiles": {
        "p25": 15.0,
        "p50": 15.0,
        "p75": 15.0
      }
    }
  },
  "meta": {
    "duration_seconds": 31.6768741607666,
    "test_attempts": 1,
    "vpn_restart_attempts": 0
  }
}
