{
  "status": "success",
  "data": {
    "encoding": {
      "bitrate_kbps": {
        "min": 3306.8,
        "average": 3349.0689655172414,
        "max": 3497.7,
        "percentiles": {
          "p25": 3321.7,
          "p50": 3335.8,
          "p75": 3357.65
        }
      },
      "fps": {
        "min": 31.0,
        "average": 32.13793103448276,
        "max": 45.0,
        "percentiles": {
          "p25": 31.0,
          "p50": 31.0,
          "p75": 32.0
        }
      },
      "dropped_frames": {
        "min": 15.0,
        "average": 15.0,
        "max": 15.0,
        "percentiles": {
          "p25": 15.0,
          "p50": 15.0,
          "p75": 15.0
        }
      }
    },
    "network": {
      "packets_dropped": {
        "min": 0.0,
        "average": 0.0,
        "max": 0.0,
        "percentiles": {
          "p25": 0.0,
          "p50": 0.0,
          "p75": 0.0
        }
      },
      "packets_recovered": {
        "min": 0.0,
        "average": 0.0,
        "max": 0.0,
        "percentiles": {
          "p25": 0.0,
          "p50": 0.0,
          "p75": 0.0
        }
      },
      "rtt_ms": {
        "min": 3.4921339616811955,
        "average": 4.7163952983393305,
        "max": 6.04342300534556,
        "percentiles": {
          "p25": 4.434228307225643,
          "p50": 4.779364282659214,
          "p75": 5.04564872093313
        }
      },
      "quality": {
        "min": 100.0,
        "average": 100.0,
        "max": 100.0,
        "percentiles": {
          "p25": 100.0,
          "p50": 100.0,
          "p75": 100.0
        }
      },
      "bitrate_bps": {
        "min": 0.0,
        "average": 3148067.709677419,
        "max": 5074146.0,
        "percentiles": {
          "p25": 2846354.0,
          "p50": 3576845.0,
          "p75": 3603551.0
        }
      }
    }
  },
  "meta": {
    "duration_seconds": 31.38897442817688,
    "test_attempts": 1,
    "vpn_restart_attempts": 0,
    "vpn_restart_duration_seconds": 37.11250019073486,
    "connectivity_wait_duration_seconds": 2.0978589057922363,
    "source": "yuki",
    "target": "luna"
  }
}
