{
  "status": "success",
  "data": {
    "vpn_installation_seconds": 2752.8808831340284,
    "tc_stabilization_seconds": 330.54654472792754,
    "test_execution_seconds": 9214.47485613823,
    "vpn_restart_seconds": 1169.3313105106354,
    "connectivity_wait_seconds": 1289.0712580680847,
    "other_overhead_seconds": 0.0,
    "total_seconds": 14756.304852578905
  }
}
