{
  "status": "success",
  "data": {
    "rtt_min_ms": {
      "min": 2.587,
      "average": 2.8383333333333334,
      "max": 2.969,
      "percentiles": {
        "p25": 2.587,
        "p50": 2.959,
        "p75": 2.969
      }
    },
    "rtt_avg_ms": {
      "min": 6.784,
      "average": 6.896333333333334,
      "max": 7.09,
      "percentiles": {
        "p25": 6.784,
        "p50": 6.815,
        "p75": 7.09
      }
    },
    "rtt_max_ms": {
      "min": 13.425,
      "average": 32.764,
      "max": 43.752,
      "percentiles": {
        "p25": 13.425,
        "p50": 41.115,
        "p75": 43.752
      }
    },
    "rtt_mdev_ms": {
      "min": 1.802,
      "average": 3.2323333333333335,
      "max": 4.025,
      "percentiles": {
        "p25": 1.802,
        "p50": 3.87,
        "p75": 4.025
      }
    },
    "packet_loss_percent": {
      "min": 0.0,
      "average": 0.0,
      "max": 0.0,
      "percentiles": {
        "p25": 0.0,
        "p50": 0.0,
        "p75": 0.0
      }
    }
  },
  "meta": {
    "duration_seconds": 60.84779453277588,
    "test_attempts": 1,
    "vpn_restart_attempts": 0,
    "vpn_restart_duration_seconds": 1.8795909881591797,
    "connectivity_wait_duration_seconds": 4.0498175621032715,
    "source": "yuki",
    "target": "luna"
  }
}
