{
  "status": "success",
  "data": {
    "total_bandwidth_mbps": {
      "min": 6.396799999999999,
      "average": 7.57414,
      "max": 8.6196,
      "percentiles": {
        "p25": 7.332825,
        "p50": 7.6442,
        "p75": 7.865975
      }
    },
    "cpu_usage_percent": {
      "min": 3.12,
      "average": 7.006333333333333,
      "max": 10.42,
      "percentiles": {
        "p25": 6.19,
        "p50": 7.22,
        "p75": 8.16
      }
    },
    "ttfb_ms": {
      "min": 49.0,
      "average": 296.75,
      "max": 363.0,
      "percentiles": {
        "p25": 306.0,
        "p50": 326.0,
        "p75": 353.0
      }
    },
    "conn_time_ms": {
      "min": 44.0,
      "average": 237.625,
      "max": 269.0,
      "percentiles": {
        "p25": 261.5,
        "p50": 265.0,
        "p75": 267.0
      }
    }
  },
  "meta": {
    "duration_seconds": 32.71496891975403,
    "test_attempts": 1,
    "vpn_restart_attempts": 0,
    "vpn_restart_duration_seconds": 1.8847601413726807,
    "connectivity_wait_duration_seconds": 6.255720853805542,
    "source": "yuki",
    "target": "luna"
  }
}
