{
  "status": "success",
  "data": {
    "rtt_min_ms": {
      "min": 0.925,
      "average": 0.9756666666666667,
      "max": 1.05,
      "percentiles": {
        "p25": 0.925,
        "p50": 0.952,
        "p75": 1.05
      }
    },
    "rtt_avg_ms": {
      "min": 1.311,
      "average": 1.337,
      "max": 1.366,
      "percentiles": {
        "p25": 1.311,
        "p50": 1.334,
        "p75": 1.366
      }
    },
    "rtt_max_ms": {
      "min": 1.643,
      "average": 1.6633333333333333,
      "max": 1.703,
      "percentiles": {
        "p25": 1.643,
        "p50": 1.644,
        "p75": 1.703
      }
    },
    "rtt_mdev_ms": {
      "min": 0.117,
      "average": 0.11800000000000001,
      "max": 0.12,
      "percentiles": {
        "p25": 0.117,
        "p50": 0.117,
        "p75": 0.12
      }
    },
    "packet_loss_percent": {
      "min": 0.0,
      "average": 0.0,
      "max": 0.0,
      "percentiles": {
        "p25": 0.0,
        "p50": 0.0,
        "p75": 0.0
      }
    }
  },
  "meta": {
    "duration_seconds": 61.14988088607788,
    "test_attempts": 1,
    "vpn_restart_attempts": 0,
    "source": "yuki",
    "target": "luna"
  }
}
