{
    "status": "success",
    "data": {
        "rtt_min_ms": {
            "min": 0.982,
            "average": 1.0383333333333333,
            "max": 1.105,
            "percentiles": {
                "p25": 0.982,
                "p50": 1.028,
                "p75": 1.105
            }
        },
        "rtt_avg_ms": {
            "min": 1.345,
            "average": 1.3743333333333334,
            "max": 1.393,
            "percentiles": {
                "p25": 1.345,
                "p50": 1.385,
                "p75": 1.393
            }
        },
        "rtt_max_ms": {
            "min": 1.637,
            "average": 1.6756666666666666,
            "max": 1.749,
            "percentiles": {
                "p25": 1.637,
                "p50": 1.641,
                "p75": 1.749
            }
        },
        "rtt_mdev_ms": {
            "min": 0.108,
            "average": 0.11233333333333334,
            "max": 0.116,
            "percentiles": {
                "p25": 0.108,
                "p50": 0.113,
                "p75": 0.116
            }
        },
        "packet_loss_percent": {
            "min": 0.0,
            "average": 0.0,
            "max": 0.0,
            "percentiles": {
                "p25": 0.0,
                "p50": 0.0,
                "p75": 0.0
            }
        }
    },
    "meta": {
        "duration_seconds": 60.77825164794922,
        "test_attempts": 1,
        "vpn_restart_attempts": 0,
        "vpn_restart_duration_seconds": 1.833850383758545,
        "connectivity_wait_duration_seconds": 1.8705992698669434,
        "source": "yuki",
        "target": "luna"
    }
}