{
    "status": "success",
    "data": {
        "encoding": {
            "bitrate_kbps": {
                "min": 3312.9,
                "average": 3349.5620689655175,
                "max": 3492.3,
                "percentiles": {
                    "p25": 3323.55,
                    "p50": 3336.8,
                    "p75": 3358.3
                }
            },
            "fps": {
                "min": 31.0,
                "average": 32.03448275862069,
                "max": 43.0,
                "percentiles": {
                    "p25": 31.0,
                    "p50": 31.0,
                    "p75": 32.0
                }
            },
            "dropped_frames": {
                "min": 15.0,
                "average": 15.0,
                "max": 15.0,
                "percentiles": {
                    "p25": 15.0,
                    "p50": 15.0,
                    "p75": 15.0
                }
            }
        },
        "network": {
            "packets_dropped": {
                "min": 0.0,
                "average": 0.0,
                "max": 0.0,
                "percentiles": {
                    "p25": 0.0,
                    "p50": 0.0,
                    "p75": 0.0
                }
            },
            "packets_recovered": {
                "min": 0.0,
                "average": 0.0,
                "max": 0.0,
                "percentiles": {
                    "p25": 0.0,
                    "p50": 0.0,
                    "p75": 0.0
                }
            },
            "rtt_ms": {
                "min": 3.419333140394327,
                "average": 4.6776465600092445,
                "max": 5.94960944985142,
                "percentiles": {
                    "p25": 4.400907649581475,
                    "p50": 4.582488352064172,
                    "p75": 5.036431770022912
                }
            },
            "quality": {
                "min": 100.0,
                "average": 100.0,
                "max": 100.0,
                "percentiles": {
                    "p25": 100.0,
                    "p50": 100.0,
                    "p75": 100.0
                }
            },
            "bitrate_bps": {
                "min": 0.0,
                "average": 3151866.6774193547,
                "max": 5026322.0,
                "percentiles": {
                    "p25": 2882392.0,
                    "p50": 3550940.0,
                    "p75": 3601329.0
                }
            }
        }
    },
    "meta": {
        "duration_seconds": 32.52476978302002,
        "test_attempts": 1,
        "vpn_restart_attempts": 0,
        "vpn_restart_duration_seconds": 1.6095998287200928,
        "connectivity_wait_duration_seconds": 1.8203256130218506,
        "source": "yuki",
        "target": "luna"
    }
}