{
  "status": "success",
  "data": {
    "total_bandwidth_mbps": {
      "min": 1.551,
      "average": 3.2012723333333333,
      "max": 5.0607,
      "percentiles": {
        "p25": 2.770195,
        "p50": 3.140105,
        "p75": 3.637025
      }
    },
    "cpu_usage_percent": {
      "min": 0.0,
      "average": 0.2742156862745098,
      "max": 2.65,
      "percentiles": {
        "p25": 0.0,
        "p50": 0.0,
        "p75": 0.0
      }
    },
    "ttfb_ms": {
      "min": 142.0,
      "average": 341.875,
      "max": 1562.0,
      "percentiles": {
        "p25": 151.25,
        "p50": 175.5,
        "p75": 187.25
      }
    },
    "conn_time_ms": {
      "min": 54.0,
      "average": 124.125,
      "max": 429.0,
      "percentiles": {
        "p25": 72.5,
        "p50": 86.0,
        "p75": 97.0
      }
    }
  },
  "meta": {
    "duration_seconds": 40.497918367385864,
    "test_attempts": 1,
    "vpn_restart_attempts": 0,
    "vpn_restart_duration_seconds": 1.8092296123504639,
    "connectivity_wait_duration_seconds": 8.05628514289856,
    "source": "lom",
    "target": "yuki"
  }
}
