{
  "status": "success",
  "data": {
    "encoding": {
      "bitrate_kbps": {
        "min": 3299.8,
        "average": 3347.9793103448274,
        "max": 3493.5,
        "percentiles": {
          "p25": 3321.8,
          "p50": 3337.0,
          "p75": 3355.75
        }
      },
      "fps": {
        "min": 30.0,
        "average": 32.10344827586207,
        "max": 45.0,
        "percentiles": {
          "p25": 31.0,
          "p50": 31.0,
          "p75": 32.0
        }
      },
      "dropped_frames": {
        "min": 15.0,
        "average": 15.0,
        "max": 15.0,
        "percentiles": {
          "p25": 15.0,
          "p50": 15.0,
          "p75": 15.0
        }
      }
    },
    "network": {
      "packets_dropped": {
        "min": 0.0,
        "average": 0.0,
        "max": 0.0,
        "percentiles": {
          "p25": 0.0,
          "p50": 0.0,
          "p75": 0.0
        }
      },
      "packets_recovered": {
        "min": 0.0,
        "average": 0.0,
        "max": 0.0,
        "percentiles": {
          "p25": 0.0,
          "p50": 0.0,
          "p75": 0.0
        }
      },
      "rtt_ms": {
        "min": 6.671546777891425,
        "average": 73.7386346717734,
        "max": 278.89500833184513,
        "percentiles": {
          "p25": 43.537461550926935,
          "p50": 60.19936605450054,
          "p75": 78.01890587867148
        }
      },
      "quality": {
        "min": 100.0,
        "average": 100.0,
        "max": 100.0,
        "percentiles": {
          "p25": 100.0,
          "p50": 100.0,
          "p75": 100.0
        }
      },
      "bitrate_bps": {
        "min": 0.0,
        "average": 3156010.870967742,
        "max": 4412193.0,
        "percentiles": {
          "p25": 3056544.0,
          "p50": 3377096.0,
          "p75": 3587485.0
        }
      }
    }
  },
  "meta": {
    "duration_seconds": 31.581961154937744,
    "test_attempts": 1,
    "vpn_restart_attempts": 0,
    "vpn_restart_duration_seconds": 1.587561845779419,
    "connectivity_wait_duration_seconds": 10.285356998443604,
    "source": "lom",
    "target": "yuki"
  }
}
