{
  "status": "success",
  "data": {
    "total_bandwidth_mbps": {
      "min": 841.9000000000001,
      "average": 842.08,
      "max": 842.6999999999999,
      "percentiles": {
        "p25": 842.0,
        "p50": 842.0,
        "p75": 842.125
      }
    },
    "cpu_usage_percent": {
      "min": 18.75,
      "average": 33.016333333333336,
      "max": 43.43,
      "percentiles": {
        "p25": 30.85,
        "p50": 32.63,
        "p75": 34.370000000000005
      }
    },
    "ttfb_ms": {
      "min": 17.0,
      "average": 21.5,
      "max": 25.0,
      "percentiles": {
        "p25": 19.25,
        "p50": 21.5,
        "p75": 24.0
      }
    },
    "conn_time_ms": {
      "min": 16.0,
      "average": 20.5,
      "max": 24.0,
      "percentiles": {
        "p25": 18.25,
        "p50": 20.5,
        "p75": 23.0
      }
    }
  },
  "meta": {
    "duration_seconds": 33.6508002281189,
    "test_attempts": 1,
    "vpn_restart_attempts": 0,
    "source": "yuki",
    "target": "luna"
  }
}
