{
  "status": "success",
  "data": {
    "encoding": {
      "bitrate_kbps": {
        "min": 3303.8,
        "average": 3349.2758620689656,
        "max": 3495.9,
        "percentiles": {
          "p25": 3321.95,
          "p50": 3335.3,
          "p75": 3358.65
        }
      },
      "fps": {
        "min": 31.0,
        "average": 32.13793103448276,
        "max": 45.0,
        "percentiles": {
          "p25": 31.0,
          "p50": 31.0,
          "p75": 32.0
        }
      },
      "dropped_frames": {
        "min": 15.0,
        "average": 15.0,
        "max": 15.0,
        "percentiles": {
          "p25": 15.0,
          "p50": 15.0,
          "p75": 15.0
        }
      }
    },
    "network": {
      "packets_dropped": {
        "min": 0.0,
        "average": 0.0,
        "max": 0.0,
        "percentiles": {
          "p25": 0.0,
          "p50": 0.0,
          "p75": 0.0
        }
      },
      "packets_recovered": {
        "min": 0.0,
        "average": 0.0,
        "max": 0.0,
        "percentiles": {
          "p25": 0.0,
          "p50": 0.0,
          "p75": 0.0
        }
      },
      "rtt_ms": {
        "min": 3.6884042706265263,
        "average": 4.9163495816637655,
        "max": 6.268516905950616,
        "percentiles": {
          "p25": 4.647213994892161,
          "p50": 4.926464481566447,
          "p75": 5.1961622173115645
        }
      },
      "quality": {
        "min": 100.0,
        "average": 100.0,
        "max": 100.0,
        "percentiles": {
          "p25": 100.0,
          "p50": 100.0,
          "p75": 100.0
        }
      },
      "bitrate_bps": {
        "min": 0.0,
        "average": 3146340.2258064514,
        "max": 5163833.0,
        "percentiles": {
          "p25": 2848829.0,
          "p50": 3549300.0,
          "p75": 3587414.0
        }
      }
    }
  },
  "meta": {
    "duration_seconds": 32.035895347595215,
    "test_attempts": 1,
    "vpn_restart_attempts": 0,
    "vpn_restart_duration_seconds": 0.0,
    "connectivity_wait_duration_seconds": 0.0,
    "source": "yuki",
    "target": "luna"
  }
}
