{
  "status": "success",
  "data": {
    "rtt_min_ms": {
      "min": 51.372,
      "average": 51.499,
      "max": 51.563,
      "percentiles": {
        "p25": 51.372,
        "p50": 51.562,
        "p75": 51.563
      }
    },
    "rtt_avg_ms": {
      "min": 52.073,
      "average": 52.10666666666667,
      "max": 52.147,
      "percentiles": {
        "p25": 52.073,
        "p50": 52.1,
        "p75": 52.147
      }
    },
    "rtt_max_ms": {
      "min": 57.917,
      "average": 58.86666666666667,
      "max": 60.213,
      "percentiles": {
        "p25": 57.917,
        "p50": 58.47,
        "p75": 60.213
      }
    },
    "rtt_mdev_ms": {
      "min": 0.656,
      "average": 0.756,
      "max": 0.95,
      "percentiles": {
        "p25": 0.656,
        "p50": 0.662,
        "p75": 0.95
      }
    },
    "packet_loss_percent": {
      "min": 0.0,
      "average": 0.0,
      "max": 0.0,
      "percentiles": {
        "p25": 0.0,
        "p50": 0.0,
        "p75": 0.0
      }
    }
  },
  "meta": {
    "duration_seconds": 60.82238841056824,
    "test_attempts": 1,
    "vpn_restart_attempts": 0,
    "source": "yuki",
    "target": "luna"
  }
}
