{
    "status": "success",
    "data": {
        "rtt_min_ms": {
            "min": 50.89,
            "average": 50.93866666666667,
            "max": 50.965,
            "percentiles": {
                "p25": 50.89,
                "p50": 50.961,
                "p75": 50.965
            }
        },
        "rtt_avg_ms": {
            "min": 51.345,
            "average": 51.474333333333334,
            "max": 51.715,
            "percentiles": {
                "p25": 51.345,
                "p50": 51.363,
                "p75": 51.715
            }
        },
        "rtt_max_ms": {
            "min": 51.585,
            "average": 53.183,
            "max": 56.285,
            "percentiles": {
                "p25": 51.585,
                "p50": 51.679,
                "p75": 56.285
            }
        },
        "rtt_mdev_ms": {
            "min": 0.092,
            "average": 0.33,
            "max": 0.793,
            "percentiles": {
                "p25": 0.092,
                "p50": 0.105,
                "p75": 0.793
            }
        },
        "packet_loss_percent": {
            "min": 0.0,
            "average": 0.0,
            "max": 0.0,
            "percentiles": {
                "p25": 0.0,
                "p50": 0.0,
                "p75": 0.0
            }
        }
    },
    "meta": {
        "duration_seconds": 60.842079162597656,
        "test_attempts": 1,
        "vpn_restart_attempts": 0,
        "vpn_restart_duration_seconds": 1.7867743968963623,
        "connectivity_wait_duration_seconds": 69.98673844337463,
        "source": "yuki",
        "target": "luna"
    }
}