{
    "status": "success",
    "data": {
        "total_bandwidth_mbps": {
            "min": 13.773,
            "average": 227.56613333333334,
            "max": 353.32,
            "percentiles": {
                "p25": 208.67750000000004,
                "p50": 239.34000000000003,
                "p75": 252.55499999999998
            }
        },
        "cpu_usage_percent": {
            "min": 1.56,
            "average": 13.170875,
            "max": 32.05,
            "percentiles": {
                "p25": 10.1,
                "p50": 12.58,
                "p75": 16.49
            }
        },
        "ttfb_ms": {
            "min": 124.0,
            "average": 209.25,
            "max": 293.0,
            "percentiles": {
                "p25": 154.75,
                "p50": 208.5,
                "p75": 264.75
            }
        },
        "conn_time_ms": {
            "min": 69.0,
            "average": 82.375,
            "max": 95.0,
            "percentiles": {
                "p25": 71.25,
                "p50": 82.0,
                "p75": 94.0
            }
        }
    },
    "meta": {
        "duration_seconds": 32.32452630996704,
        "test_attempts": 1,
        "vpn_restart_attempts": 0,
        "source": "yuki",
        "target": "luna"
    }
}