{
  "status": "success",
  "data": {
    "bitrate_kbps": {
      "min": 1911.1,
      "average": 1989.0642857142857,
      "max": 2013.6,
      "percentiles": {
        "p25": 1981.7749999999999,
        "p50": 1991.15,
        "p75": 1999.15
      }
    },
    "fps": {
      "min": 31.0,
      "average": 32.17857142857143,
      "max": 45.0,
      "percentiles": {
        "p25": 31.0,
        "p50": 31.0,
        "p75": 32.0
      }
    },
    "dropped_frames": {
      "min": 45.0,
      "average": 45.0,
      "max": 45.0,
      "percentiles": {
        "p25": 45.0,
        "p50": 45.0,
        "p75": 45.0
      }
    }
  },
  "meta": {
    "duration_seconds": 31.800818920135498,
    "test_attempts": 1,
    "vpn_restart_attempts": 0,
    "source": "yuki",
    "target": "luna"
  }
}
