{
  "status": "success",
  "data": {
    "rtt_min_ms": {
      "min": 0.861,
      "average": 0.9583333333333333,
      "max": 1.023,
      "percentiles": {
        "p25": 0.861,
        "p50": 0.991,
        "p75": 1.023
      }
    },
    "rtt_avg_ms": {
      "min": 1.286,
      "average": 1.347,
      "max": 1.42,
      "percentiles": {
        "p25": 1.286,
        "p50": 1.335,
        "p75": 1.42
      }
    },
    "rtt_max_ms": {
      "min": 1.58,
      "average": 4.685333333333333,
      "max": 10.315,
      "percentiles": {
        "p25": 1.58,
        "p50": 2.161,
        "p75": 10.315
      }
    },
    "rtt_mdev_ms": {
      "min": 0.115,
      "average": 0.38766666666666666,
      "max": 0.902,
      "percentiles": {
        "p25": 0.115,
        "p50": 0.146,
        "p75": 0.902
      }
    },
    "packet_loss_percent": {
      "min": 0.0,
      "average": 0.0,
      "max": 0.0,
      "percentiles": {
        "p25": 0.0,
        "p50": 0.0,
        "p75": 0.0
      }
    }
  },
  "meta": {
    "duration_seconds": 60.48205900192261,
    "test_attempts": 1,
    "vpn_restart_attempts": 0
  }
}
