{
  "status": "success",
  "data": {
    "total_bandwidth_mbps": {
      "min": 646.1,
      "average": 710.6233333333333,
      "max": 797.9000000000001,
      "percentiles": {
        "p25": 682.1999999999999,
        "p50": 708.75,
        "p75": 736.1499999999999
      }
    },
    "cpu_usage_percent": {
      "min": 27.69,
      "average": 39.663666666666664,
      "max": 62.11,
      "percentiles": {
        "p25": 31.82,
        "p50": 36.755,
        "p75": 46.720000000000006
      }
    },
    "ttfb_ms": {
      "min": 21.0,
      "average": 37.25,
      "max": 81.0,
      "percentiles": {
        "p25": 21.5,
        "p50": 23.5,
        "p75": 66.75
      }
    },
    "conn_time_ms": {
      "min": 19.0,
      "average": 21.5,
      "max": 23.0,
      "percentiles": {
        "p25": 19.5,
        "p50": 22.0,
        "p75": 23.0
      }
    }
  },
  "meta": {
    "duration_seconds": 31.13113784790039,
    "test_attempts": 1,
    "vpn_restart_attempts": 0
  }
}
