{
  "status": "success",
  "data": {
    "bitrate_kbps": {
      "min": 1750.7,
      "average": 1944.8275862068965,
      "max": 1971.3,
      "percentiles": {
        "p25": 1940.5,
        "p50": 1959.5,
        "p75": 1965.6
      }
    },
    "fps": {
      "min": 31.0,
      "average": 32.13793103448276,
      "max": 45.0,
      "percentiles": {
        "p25": 31.0,
        "p50": 31.0,
        "p75": 32.0
      }
    },
    "dropped_frames": {
      "min": 15.0,
      "average": 15.0,
      "max": 15.0,
      "percentiles": {
        "p25": 15.0,
        "p50": 15.0,
        "p75": 15.0
      }
    }
  },
  "meta": {
    "duration_seconds": 31.591548919677734,
    "test_attempts": 1,
    "vpn_restart_attempts": 0
  }
}
