{
  "status": "success",
  "data": {
    "encoding": {
      "bitrate_kbps": {
        "min": 3307.8,
        "average": 3349.7758620689656,
        "max": 3506.7,
        "percentiles": {
          "p25": 3321.25,
          "p50": 3334.8,
          "p75": 3360.25
        }
      },
      "fps": {
        "min": 31.0,
        "average": 32.13793103448276,
        "max": 45.0,
        "percentiles": {
          "p25": 31.0,
          "p50": 31.0,
          "p75": 32.0
        }
      },
      "dropped_frames": {
        "min": 15.0,
        "average": 15.0,
        "max": 15.0,
        "percentiles": {
          "p25": 15.0,
          "p50": 15.0,
          "p75": 15.0
        }
      }
    },
    "network": {
      "packets_dropped": {
        "min": 0.0,
        "average": 0.0,
        "max": 0.0,
        "percentiles": {
          "p25": 0.0,
          "p50": 0.0,
          "p75": 0.0
        }
      },
      "packets_recovered": {
        "min": 0.0,
        "average": 82.61290322580645,
        "max": 168.0,
        "percentiles": {
          "p25": 70.0,
          "p50": 84.0,
          "p75": 98.0
        }
      },
      "rtt_ms": {
        "min": 6.72855140679777,
        "average": 18.527948818706236,
        "max": 24.869370329271447,
        "percentiles": {
          "p25": 16.84760881166258,
          "p50": 18.747911712709318,
          "p75": 20.378558700218186
        }
      },
      "quality": {
        "min": 74.0,
        "average": 80.19354838709677,
        "max": 100.0,
        "percentiles": {
          "p25": 77.0,
          "p50": 79.0,
          "p75": 83.0
        }
      },
      "bitrate_bps": {
        "min": 0.0,
        "average": 3155125.7741935486,
        "max": 5178858.0,
        "percentiles": {
          "p25": 2862327.0,
          "p50": 3563169.0,
          "p75": 3591603.0
        }
      }
    }
  },
  "meta": {
    "duration_seconds": 31.800513982772827,
    "test_attempts": 1,
    "vpn_restart_attempts": 0,
    "vpn_restart_duration_seconds": 6.894097805023193,
    "connectivity_wait_duration_seconds": 18.852869510650635,
    "source": "luna",
    "target": "lom"
  }
}
