{
    "status": "success",
    "data": {
        "Headscale": {
            "status": "success",
            "data": {
                "tcp_test_duration_seconds": {
                    "min": 30.897865056991577,
                    "average": 30.971880435943604,
                    "max": 31.08262586593628,
                    "percentiles": {
                        "p25": 30.897865056991577,
                        "p50": 30.935150384902954,
                        "p75": 30.935150384902954
                    }
                },
                "udp_test_duration_seconds": {
                    "min": 1.5042672157287598,
                    "average": 1.8769986629486084,
                    "max": 2.1066291332244873,
                    "percentiles": {
                        "p25": 1.5042672157287598,
                        "p50": 2.020099639892578,
                        "p75": 2.020099639892578
                    }
                },
                "parallel_tcp_test_duration_seconds": {
                    "min": 0.0,
                    "average": 0.0,
                    "max": 0.0,
                    "percentiles": {
                        "p25": 0.0,
                        "p50": 0.0,
                        "p75": 0.0
                    }
                },
                "ping_test_duration_seconds": {
                    "min": 0.0,
                    "average": 0.0,
                    "max": 0.0,
                    "percentiles": {
                        "p25": 0.0,
                        "p50": 0.0,
                        "p75": 0.0
                    }
                },
                "qperf_test_duration_seconds": {
                    "min": 0.0,
                    "average": 0.0,
                    "max": 0.0,
                    "percentiles": {
                        "p25": 0.0,
                        "p50": 0.0,
                        "p75": 0.0
                    }
                },
                "video_test_duration_seconds": {
                    "min": 31.40679931640625,
                    "average": 31.487586816151936,
                    "max": 31.645731687545776,
                    "percentiles": {
                        "p25": 31.40679931640625,
                        "p50": 31.410229444503784,
                        "p75": 31.410229444503784
                    }
                },
                "nix_cache_test_duration_seconds": {
                    "min": 0.0,
                    "average": 0.0,
                    "max": 0.0,
                    "percentiles": {
                        "p25": 0.0,
                        "p50": 0.0,
                        "p75": 0.0
                    }
                },
                "tcp_retries": 0,
                "udp_retries": 0,
                "parallel_tcp_retries": 0,
                "ping_retries": 0,
                "qperf_retries": 0,
                "video_retries": 0,
                "nix_cache_retries": 0,
                "total_tests": 3,
                "successful_tests": 2,
                "failed_tests": 1,
                "success_rate_percent": 66.66666666666666
            }
        },
        "Internal": {
            "status": "success",
            "data": {
                "tcp_test_duration_seconds": {
                    "min": 30.885554313659668,
                    "average": 31.27092782656352,
                    "max": 31.546594619750977,
                    "percentiles": {
                        "p25": 30.885554313659668,
                        "p50": 31.380634546279907,
                        "p75": 31.380634546279907
                    }
                },
                "udp_test_duration_seconds": {
                    "min": 1.9455008506774902,
                    "average": 2.036816676457723,
                    "max": 2.0850026607513428,
                    "percentiles": {
                        "p25": 1.9455008506774902,
                        "p50": 2.079946517944336,
                        "p75": 2.079946517944336
                    }
                },
                "parallel_tcp_test_duration_seconds": {
                    "min": 0.0,
                    "average": 0.0,
                    "max": 0.0,
                    "percentiles": {
                        "p25": 0.0,
                        "p50": 0.0,
                        "p75": 0.0
                    }
                },
                "ping_test_duration_seconds": {
                    "min": 0.0,
                    "average": 0.0,
                    "max": 0.0,
                    "percentiles": {
                        "p25": 0.0,
                        "p50": 0.0,
                        "p75": 0.0
                    }
                },
                "qperf_test_duration_seconds": {
                    "min": 0.0,
                    "average": 0.0,
                    "max": 0.0,
                    "percentiles": {
                        "p25": 0.0,
                        "p50": 0.0,
                        "p75": 0.0
                    }
                },
                "video_test_duration_seconds": {
                    "min": 31.06014585494995,
                    "average": 31.231368859608967,
                    "max": 31.384099006652832,
                    "percentiles": {
                        "p25": 31.06014585494995,
                        "p50": 31.24986171722412,
                        "p75": 31.24986171722412
                    }
                },
                "nix_cache_test_duration_seconds": {
                    "min": 0.0,
                    "average": 0.0,
                    "max": 0.0,
                    "percentiles": {
                        "p25": 0.0,
                        "p50": 0.0,
                        "p75": 0.0
                    }
                },
                "tcp_retries": 0,
                "udp_retries": 0,
                "parallel_tcp_retries": 0,
                "ping_retries": 0,
                "qperf_retries": 0,
                "video_retries": 0,
                "nix_cache_retries": 0,
                "total_tests": 3,
                "successful_tests": 2,
                "failed_tests": 1,
                "success_rate_percent": 66.66666666666666
            }
        }
    }
}