{
  "status": "success",
  "data": {
    "Internal": {
      "status": "success",
      "data": {
        "tcp_test_duration_seconds": {
          "min": 30.84468364715576,
          "average": 31.013290246327717,
          "max": 31.113664150238037,
          "percentiles": {
            "p25": 30.84468364715576,
            "p50": 31.081522941589355,
            "p75": 31.081522941589355
          }
        },
        "udp_test_duration_seconds": {
          "min": 2.0981268882751465,
          "average": 2.270087162653605,
          "max": 2.482497453689575,
          "percentiles": {
            "p25": 2.0981268882751465,
            "p50": 2.2296371459960938,
            "p75": 2.2296371459960938
          }
        },
        "parallel_tcp_test_duration_seconds": {
          "min": 0.0,
          "average": 0.0,
          "max": 0.0,
          "percentiles": {
            "p25": 0.0,
            "p50": 0.0,
            "p75": 0.0
          }
        },
        "ping_test_duration_seconds": {
          "min": 0.0,
          "average": 0.0,
          "max": 0.0,
          "percentiles": {
            "p25": 0.0,
            "p50": 0.0,
            "p75": 0.0
          }
        },
        "qperf_test_duration_seconds": {
          "min": 0.0,
          "average": 0.0,
          "max": 0.0,
          "percentiles": {
            "p25": 0.0,
            "p50": 0.0,
            "p75": 0.0
          }
        },
        "video_test_duration_seconds": {
          "min": 0.0,
          "average": 0.0,
          "max": 0.0,
          "percentiles": {
            "p25": 0.0,
            "p50": 0.0,
            "p75": 0.0
          }
        },
        "nix_cache_test_duration_seconds": {
          "min": 0.0,
          "average": 0.0,
          "max": 0.0,
          "percentiles": {
            "p25": 0.0,
            "p50": 0.0,
            "p75": 0.0
          }
        },
        "tcp_retries": 0,
        "udp_retries": 0,
        "parallel_tcp_retries": 0,
        "ping_retries": 0,
        "qperf_retries": 0,
        "video_retries": 0,
        "nix_cache_retries": 0,
        "total_tests": 2,
        "successful_tests": 1,
        "failed_tests": 1,
        "success_rate_percent": 50.0
      }
    }
  }
}
