{
  "status": "success",
  "data": {
    "Internal": {
      "status": "success",
      "data": {
        "sender_throughput_mbps": {
          "min": 304.6623947752564,
          "average": 319.4606432891394,
          "max": 336.0194866449798,
          "percentiles": {
            "p25": 319.4606432891394,
            "p50": 319.4606432891394,
            "p75": 319.4606432891394
          }
        },
        "receiver_throughput_mbps": {
          "min": 304.1452721297825,
          "average": 318.86163959517427,
          "max": 335.39858131409824,
          "percentiles": {
            "p25": 318.86163959517427,
            "p50": 318.86163959517427,
            "p75": 318.86163959517427
          }
        },
        "retransmits": {
          "min": 2933.0,
          "average": 3294.6666666666665,
          "max": 3631.0,
          "percentiles": {
            "p25": 3294.6666666666665,
            "p50": 3294.6666666666665,
            "p75": 3294.6666666666665
          }
        },
        "retransmit_percent": {
          "min": 0.37170949298963235,
          "average": 0.3974781940143718,
          "max": 0.41723503301662934,
          "percentiles": {
            "p25": 0.3974781940143718,
            "p50": 0.3974781940143718,
            "p75": 0.3974781940143718
          }
        },
        "max_snd_cwnd_bytes": {
          "min": 301184.0,
          "average": 323869.3333333333,
          "max": 369240.0,
          "percentiles": {
            "p25": 323869.3333333333,
            "p50": 323869.3333333333,
            "p75": 323869.3333333333
          }
        },
        "max_snd_wnd_bytes": {
          "min": 2672256.0,
          "average": 2871424.0,
          "max": 3221760.0,
          "percentiles": {
            "p25": 2871424.0,
            "p50": 2871424.0,
            "p75": 2871424.0
          }
        },
        "total_bytes_sent": {
          "min": 1142554624.0,
          "average": 1198041770.6666667,
          "max": 1260126208.0,
          "percentiles": {
            "p25": 1198041770.6666667,
            "p50": 1198041770.6666667,
            "p75": 1198041770.6666667
          }
        },
        "total_bytes_received": {
          "min": 1140719616.0,
          "average": 1195944618.6666667,
          "max": 1258029056.0,
          "percentiles": {
            "p25": 1195944618.6666667,
            "p50": 1195944618.6666667,
            "p75": 1195944618.6666667
          }
        },
        "duration_seconds": {
          "min": 30.001265,
          "average": 30.001621666666665,
          "max": 30.001855,
          "percentiles": {
            "p25": 30.001621666666665,
            "p50": 30.001621666666665,
            "p75": 30.001621666666665
          }
        }
      }
    }
  }
}
