{
    "status": "success",
    "data": {
        "Headscale": {
            "status": "success",
            "data": {
                "sender_throughput_mbps": {
                    "min": 201.35332931749716,
                    "average": 229.61690219218372,
                    "max": 275.9723520874711,
                    "percentiles": {
                        "p25": 229.61690219218372,
                        "p50": 229.61690219218372,
                        "p75": 229.61690219218372
                    }
                },
                "receiver_throughput_mbps": {
                    "min": 201.03551856779728,
                    "average": 229.23845961745675,
                    "max": 275.53525815599545,
                    "percentiles": {
                        "p25": 229.23845961745675,
                        "p50": 229.23845961745675,
                        "p75": 229.23845961745675
                    }
                },
                "retransmits": {
                    "min": 1757.0,
                    "average": 2027.0,
                    "max": 2224.0,
                    "percentiles": {
                        "p25": 2027.0,
                        "p50": 2027.0,
                        "p75": 2027.0
                    }
                },
                "retransmit_percent": {
                    "min": 0.2595880232079534,
                    "average": 0.28770209530893154,
                    "max": 0.3359529256530984,
                    "percentiles": {
                        "p25": 0.28770209530893154,
                        "p50": 0.28770209530893154,
                        "p75": 0.28770209530893154
                    }
                },
                "max_snd_cwnd_bytes": {
                    "min": 192072.0,
                    "average": 244418.66666666666,
                    "max": 302000.0,
                    "percentiles": {
                        "p25": 244418.66666666666,
                        "p50": 244418.66666666666,
                        "p75": 244418.66666666666
                    }
                },
                "max_snd_wnd_bytes": {
                    "min": 2242048.0,
                    "average": 3440640.0,
                    "max": 4390912.0,
                    "percentiles": {
                        "p25": 3440640.0,
                        "p50": 3440640.0,
                        "p75": 3440640.0
                    }
                },
                "total_bytes_sent": {
                    "min": 755105792.0,
                    "average": 861099349.3333334,
                    "max": 1034944512.0,
                    "percentiles": {
                        "p25": 861099349.3333334,
                        "p50": 861099349.3333334,
                        "p75": 861099349.3333334
                    }
                },
                "total_bytes_received": {
                    "min": 754057216.0,
                    "average": 859832320.0,
                    "max": 1033502720.0,
                    "percentiles": {
                        "p25": 859832320.0,
                        "p50": 859832320.0,
                        "p75": 859832320.0
                    }
                },
                "duration_seconds": {
                    "min": 30.001093,
                    "average": 30.001238,
                    "max": 30.001397,
                    "percentiles": {
                        "p25": 30.001238,
                        "p50": 30.001238,
                        "p75": 30.001238
                    }
                }
            }
        },
        "Internal": {
            "status": "success",
            "data": {
                "sender_throughput_mbps": {
                    "min": 318.81697673329523,
                    "average": 363.1701151987238,
                    "max": 393.6480368464417,
                    "percentiles": {
                        "p25": 363.1701151987238,
                        "p50": 363.1701151987238,
                        "p75": 363.1701151987238
                    }
                },
                "receiver_throughput_mbps": {
                    "min": 318.39405282563104,
                    "average": 362.1938838182926,
                    "max": 392.45925531846115,
                    "percentiles": {
                        "p25": 362.1938838182926,
                        "p50": 362.1938838182926,
                        "p75": 362.1938838182926
                    }
                },
                "retransmits": {
                    "min": 2094.0,
                    "average": 2443.6666666666665,
                    "max": 2636.0,
                    "percentiles": {
                        "p25": 2443.6666666666665,
                        "p50": 2443.6666666666665,
                        "p75": 2443.6666666666665
                    }
                },
                "retransmit_percent": {
                    "min": 0.2535976618168987,
                    "average": 0.25950138872551065,
                    "max": 0.2663532804461554,
                    "percentiles": {
                        "p25": 0.25950138872551065,
                        "p50": 0.25950138872551065,
                        "p75": 0.25950138872551065
                    }
                },
                "max_snd_cwnd_bytes": {
                    "min": 354760.0,
                    "average": 490872.0,
                    "max": 579200.0,
                    "percentiles": {
                        "p25": 490872.0,
                        "p50": 490872.0,
                        "p75": 490872.0
                    }
                },
                "max_snd_wnd_bytes": {
                    "min": 2777600.0,
                    "average": 5032789.333333333,
                    "max": 6160384.0,
                    "percentiles": {
                        "p25": 5032789.333333333,
                        "p50": 5032789.333333333,
                        "p75": 5032789.333333333
                    }
                },
                "total_bytes_sent": {
                    "min": 1195638784.0,
                    "average": 1361969152.0,
                    "max": 1476263936.0,
                    "percentiles": {
                        "p25": 1361969152.0,
                        "p50": 1361969152.0,
                        "p75": 1361969152.0
                    }
                },
                "total_bytes_received": {
                    "min": 1194196992.0,
                    "average": 1358517589.3333333,
                    "max": 1472069632.0,
                    "percentiles": {
                        "p25": 1358517589.3333333,
                        "p50": 1358517589.3333333,
                        "p75": 1358517589.3333333
                    }
                },
                "duration_seconds": {
                    "min": 30.001703,
                    "average": 30.001795333333334,
                    "max": 30.001885,
                    "percentiles": {
                        "p25": 30.001795333333334,
                        "p50": 30.001795333333334,
                        "p75": 30.001795333333334
                    }
                }
            }
        }
    }
}