{
  "status": "success",
  "data": {
    "vpn_installation_seconds": 379.56030415600253,
    "tc_stabilization_seconds": 30.000347599001543,
    "test_execution_seconds": 99.85013222694397,
    "vpn_restart_seconds": 0.0,
    "connectivity_wait_seconds": 0.0,
    "other_overhead_seconds": 0.0,
    "total_seconds": 509.41078398194804
  }
}
