{
    "status": "success",
    "data": {
        "vpn_installation_seconds": 665.262951066994,
        "tc_stabilization_seconds": 60.00099681199936,
        "test_execution_seconds": 386.62673783302307,
        "vpn_restart_seconds": 34.12023878097534,
        "connectivity_wait_seconds": 38.51032733917236,
        "other_overhead_seconds": 0.0,
        "total_seconds": 1184.5212518321641
    }
}