{
  "status": "success",
  "data": {
    "Internal": {
      "status": "success",
      "data": {
        "total_duration_seconds": {
          "min": 509.41078398194804,
          "average": 509.41078398194804,
          "max": 509.41078398194804,
          "percentiles": {
            "p25": 509.41078398194804,
            "p50": 509.41078398194804,
            "p75": 509.41078398194804
          }
        },
        "vpn_installation_seconds": {
          "min": 379.56030415600253,
          "average": 379.56030415600253,
          "max": 379.56030415600253,
          "percentiles": {
            "p25": 379.56030415600253,
            "p50": 379.56030415600253,
            "p75": 379.56030415600253
          }
        },
        "benchmarking_seconds": {
          "min": 129.8504798259455,
          "average": 129.8504798259455,
          "max": 129.8504798259455,
          "percentiles": {
            "p25": 129.8504798259455,
            "p50": 129.8504798259455,
            "p75": 129.8504798259455
          }
        }
      }
    }
  }
}
