{
  "status": "success",
  "data": {
    "Headscale": {
      "status": "success",
      "data": {
        "total_duration_seconds": {
          "min": 662.5861852922826,
          "average": 662.5861852922826,
          "max": 662.5861852922826,
          "percentiles": {
            "p25": 662.5861852922826,
            "p50": 662.5861852922826,
            "p75": 662.5861852922826
          }
        },
        "vpn_installation_seconds": {
          "min": 366.94584003899945,
          "average": 366.94584003899945,
          "max": 366.94584003899945,
          "percentiles": {
            "p25": 366.94584003899945,
            "p50": 366.94584003899945,
            "p75": 366.94584003899945
          }
        },
        "benchmarking_seconds": {
          "min": 295.64034525328316,
          "average": 295.64034525328316,
          "max": 295.64034525328316,
          "percentiles": {
            "p25": 295.64034525328316,
            "p50": 295.64034525328316,
            "p75": 295.64034525328316
          }
        }
      }
    },
    "Internal": {
      "status": "success",
      "data": {
        "total_duration_seconds": {
          "min": 521.9350665398815,
          "average": 521.9350665398815,
          "max": 521.9350665398815,
          "percentiles": {
            "p25": 521.9350665398815,
            "p50": 521.9350665398815,
            "p75": 521.9350665398815
          }
        },
        "vpn_installation_seconds": {
          "min": 298.31711102799454,
          "average": 298.31711102799454,
          "max": 298.31711102799454,
          "percentiles": {
            "p25": 298.31711102799454,
            "p50": 298.31711102799454,
            "p75": 298.31711102799454
          }
        },
        "benchmarking_seconds": {
          "min": 223.61795551188698,
          "average": 223.61795551188698,
          "max": 223.61795551188698,
          "percentiles": {
            "p25": 223.61795551188698,
            "p50": 223.61795551188698,
            "p75": 223.61795551188698
          }
        }
      }
    }
  }
}
