{
    "status": "success",
    "data": {
        "Headscale": {
            "status": "success",
            "data": {
                "bitrate_kbps": {
                    "min": 3301.8,
                    "average": 3350.0988505747127,
                    "max": 3501.7,
                    "percentiles": {
                        "p25": 3323.85,
                        "p50": 3337.4666666666667,
                        "p75": 3361.4
                    }
                },
                "fps": {
                    "min": 30.0,
                    "average": 32.1264367816092,
                    "max": 45.0,
                    "percentiles": {
                        "p25": 31.0,
                        "p50": 31.0,
                        "p75": 32.0
                    }
                },
                "dropped_frames": {
                    "min": 15.0,
                    "average": 15.333333333333334,
                    "max": 16.0,
                    "percentiles": {
                        "p25": 15.333333333333334,
                        "p50": 15.333333333333334,
                        "p75": 15.333333333333334
                    }
                },
                "quality": {
                    "min": 8.0,
                    "average": 13.053763440860216,
                    "max": 100.0,
                    "percentiles": {
                        "p25": 9.0,
                        "p50": 9.333333333333334,
                        "p75": 12.0
                    }
                },
                "rtt_ms": {
                    "min": 4.9071674182828415,
                    "average": 8.01097942987187,
                    "max": 9.841004628207854,
                    "percentiles": {
                        "p25": 7.5700896149687145,
                        "p50": 8.017786681092854,
                        "p75": 8.63599316750668
                    }
                },
                "packets_recovered": {
                    "min": 0.0,
                    "average": 0.08602150537634408,
                    "max": 1.0,
                    "percentiles": {
                        "p25": 0.0,
                        "p50": 0.0,
                        "p75": 0.0
                    }
                },
                "packets_dropped": {
                    "min": 0.0,
                    "average": 288.34408602150535,
                    "max": 389.0,
                    "percentiles": {
                        "p25": 260.0,
                        "p50": 317.3333333333333,
                        "p75": 327.3333333333333
                    }
                }
            }
        },
        "Internal": {
            "status": "success",
            "data": {
                "bitrate_kbps": {
                    "min": 3292.8,
                    "average": 3344.0298850574713,
                    "max": 3494.7,
                    "percentiles": {
                        "p25": 3318.8333333333335,
                        "p50": 3331.733333333333,
                        "p75": 3351.4500000000003
                    }
                },
                "fps": {
                    "min": 30.0,
                    "average": 32.1264367816092,
                    "max": 45.0,
                    "percentiles": {
                        "p25": 31.0,
                        "p50": 31.0,
                        "p75": 32.0
                    }
                },
                "dropped_frames": {
                    "min": 15.0,
                    "average": 15.0,
                    "max": 15.0,
                    "percentiles": {
                        "p25": 15.0,
                        "p50": 15.0,
                        "p75": 15.0
                    }
                },
                "quality": {
                    "min": 98.0,
                    "average": 99.19498207885304,
                    "max": 100.0,
                    "percentiles": {
                        "p25": 98.91666666666667,
                        "p50": 99.33333333333333,
                        "p75": 100.0
                    }
                },
                "rtt_ms": {
                    "min": 4.941680401735334,
                    "average": 7.341037769555534,
                    "max": 9.06540096815645,
                    "percentiles": {
                        "p25": 6.8015546379634575,
                        "p50": 7.427397361260284,
                        "p75": 7.886550343401941
                    }
                },
                "packets_recovered": {
                    "min": 0.0,
                    "average": 1.4899641577060931,
                    "max": 7.0,
                    "percentiles": {
                        "p25": 0.0,
                        "p50": 0.6666666666666666,
                        "p75": 2.3333333333333335
                    }
                },
                "packets_dropped": {
                    "min": 0.0,
                    "average": 1193.3118279569892,
                    "max": 55490.0,
                    "percentiles": {
                        "p25": 0.0,
                        "p50": 0.0,
                        "p75": 0.0
                    }
                }
            }
        }
    }
}