{
  "status": "success",
  "data": {
    "rtt_min_ms": {
      "min": 1.239,
      "average": 1.6556666666666666,
      "max": 2.001,
      "percentiles": {
        "p25": 1.239,
        "p50": 1.727,
        "p75": 2.001
      }
    },
    "rtt_avg_ms": {
      "min": 5.153,
      "average": 5.346,
      "max": 5.521,
      "percentiles": {
        "p25": 5.153,
        "p50": 5.364,
        "p75": 5.521
      }
    },
    "rtt_max_ms": {
      "min": 8.726,
      "average": 9.012333333333334,
      "max": 9.349,
      "percentiles": {
        "p25": 8.726,
        "p50": 8.962,
        "p75": 9.349
      }
    },
    "rtt_mdev_ms": {
      "min": 1.692,
      "average": 1.721,
      "max": 1.736,
      "percentiles": {
        "p25": 1.692,
        "p50": 1.735,
        "p75": 1.736
      }
    },
    "packet_loss_percent": {
      "min": 0.0,
      "average": 0.6666666666666666,
      "max": 2.0,
      "percentiles": {
        "p25": 0.0,
        "p50": 0.0,
        "p75": 2.0
      }
    }
  },
  "meta": {
    "duration_seconds": 61.04035210609436,
    "test_attempts": 1,
    "vpn_restart_attempts": 0,
    "vpn_restart_duration_seconds": 36.61721706390381,
    "connectivity_wait_duration_seconds": 2.242764472961426,
    "source": "lom",
    "target": "yuki"
  }
}
