{
  "status": "success",
  "data": {
    "rtt_min_ms": {
      "min": 1.144,
      "average": 1.393,
      "max": 1.82,
      "percentiles": {
        "p25": 1.144,
        "p50": 1.215,
        "p75": 1.82
      }
    },
    "rtt_avg_ms": {
      "min": 4.908,
      "average": 5.079666666666666,
      "max": 5.201,
      "percentiles": {
        "p25": 4.908,
        "p50": 5.13,
        "p75": 5.201
      }
    },
    "rtt_max_ms": {
      "min": 8.849,
      "average": 9.006666666666666,
      "max": 9.141,
      "percentiles": {
        "p25": 8.849,
        "p50": 9.03,
        "p75": 9.141
      }
    },
    "rtt_mdev_ms": {
      "min": 1.586,
      "average": 1.7523333333333333,
      "max": 1.838,
      "percentiles": {
        "p25": 1.586,
        "p50": 1.833,
        "p75": 1.838
      }
    },
    "packet_loss_percent": {
      "min": 0.0,
      "average": 0.6666666666666666,
      "max": 2.0,
      "percentiles": {
        "p25": 0.0,
        "p50": 0.0,
        "p75": 2.0
      }
    }
  },
  "meta": {
    "duration_seconds": 60.757534980773926,
    "test_attempts": 1,
    "vpn_restart_attempts": 0
  }
}
