{
    "status": "success",
    "data": {
        "rtt_min_ms": {
            "min": 1.196,
            "average": 1.381,
            "max": 1.564,
            "percentiles": {
                "p25": 1.196,
                "p50": 1.383,
                "p75": 1.564
            }
        },
        "rtt_avg_ms": {
            "min": 5.111,
            "average": 5.182,
            "max": 5.23,
            "percentiles": {
                "p25": 5.111,
                "p50": 5.205,
                "p75": 5.23
            }
        },
        "rtt_max_ms": {
            "min": 8.635,
            "average": 9.711333333333334,
            "max": 11.538,
            "percentiles": {
                "p25": 8.635,
                "p50": 8.961,
                "p75": 11.538
            }
        },
        "rtt_mdev_ms": {
            "min": 1.645,
            "average": 1.7389999999999999,
            "max": 1.878,
            "percentiles": {
                "p25": 1.645,
                "p50": 1.694,
                "p75": 1.878
            }
        },
        "packet_loss_percent": {
            "min": 0.0,
            "average": 0.6666666666666666,
            "max": 1.0,
            "percentiles": {
                "p25": 0.0,
                "p50": 1.0,
                "p75": 1.0
            }
        }
    },
    "meta": {
        "duration_seconds": 61.20736289024353,
        "test_attempts": 1,
        "vpn_restart_attempts": 0,
        "vpn_restart_duration_seconds": 34.68165850639343,
        "connectivity_wait_duration_seconds": 2.2010936737060547,
        "source": "lom",
        "target": "yuki"
    }
}