{
  "status": "success",
  "data": {
    "total_bandwidth_mbps": {
      "min": 44.85,
      "average": 46.50433333333333,
      "max": 48.10000000000001,
      "percentiles": {
        "p25": 45.74249999999999,
        "p50": 46.519999999999996,
        "p75": 47.2725
      }
    },
    "cpu_usage_percent": {
      "min": 6.02,
      "average": 11.078916666666666,
      "max": 23.33,
      "percentiles": {
        "p25": 8.27,
        "p50": 9.625,
        "p75": 12.9825
      }
    },
    "ttfb_ms": {
      "min": 17.0,
      "average": 22.25,
      "max": 29.0,
      "percentiles": {
        "p25": 17.75,
        "p50": 21.5,
        "p75": 27.5
      }
    },
    "conn_time_ms": {
      "min": 15.0,
      "average": 19.0,
      "max": 26.0,
      "percentiles": {
        "p25": 15.25,
        "p50": 17.5,
        "p75": 24.25
      }
    }
  },
  "meta": {
    "duration_seconds": 31.359318017959595,
    "test_attempts": 1,
    "vpn_restart_attempts": 0
  }
}
