{
    "status": "success",
    "data": {
        "total_bandwidth_mbps": {
            "min": 91.74000000000001,
            "average": 93.50933333333333,
            "max": 95.49000000000001,
            "percentiles": {
                "p25": 92.7475,
                "p50": 93.57,
                "p75": 94.2225
            }
        },
        "cpu_usage_percent": {
            "min": 0.0,
            "average": 4.433208333333333,
            "max": 18.75,
            "percentiles": {
                "p25": 3.06,
                "p50": 4.04,
                "p75": 5.0
            }
        },
        "ttfb_ms": {
            "min": 20.0,
            "average": 34.25,
            "max": 46.0,
            "percentiles": {
                "p25": 25.5,
                "p50": 37.0,
                "p75": 42.5
            }
        },
        "conn_time_ms": {
            "min": 18.0,
            "average": 31.25,
            "max": 42.0,
            "percentiles": {
                "p25": 23.5,
                "p50": 33.5,
                "p75": 38.25
            }
        }
    },
    "meta": {
        "duration_seconds": 31.550360679626465,
        "test_attempts": 1,
        "vpn_restart_attempts": 0,
        "vpn_restart_duration_seconds": 35.34138345718384,
        "connectivity_wait_duration_seconds": 2.401852607727051,
        "source": "lom",
        "target": "yuki"
    }
}