{
  "status": "success",
  "data": {
    "total_bandwidth_mbps": {
      "min": 91.88,
      "average": 93.74666666666667,
      "max": 95.82999999999998,
      "percentiles": {
        "p25": 93.16,
        "p50": 93.68,
        "p75": 94.53
      }
    },
    "cpu_usage_percent": {
      "min": 1.02,
      "average": 4.18175,
      "max": 22.58,
      "percentiles": {
        "p25": 3.03,
        "p50": 4.0,
        "p75": 5.0
      }
    },
    "ttfb_ms": {
      "min": 21.0,
      "average": 27.75,
      "max": 41.0,
      "percentiles": {
        "p25": 22.25,
        "p50": 24.0,
        "p75": 34.75
      }
    },
    "conn_time_ms": {
      "min": 19.0,
      "average": 25.0,
      "max": 37.0,
      "percentiles": {
        "p25": 19.25,
        "p50": 21.0,
        "p75": 32.75
      }
    }
  },
  "meta": {
    "duration_seconds": 31.747703552246094,
    "test_attempts": 1,
    "vpn_restart_attempts": 0,
    "vpn_restart_duration_seconds": 37.71509790420532,
    "connectivity_wait_duration_seconds": 2.413459539413452,
    "source": "lom",
    "target": "yuki"
  }
}
