{
    "status": "success",
    "data": {
        "bitrate_kbps": {
            "min": 1902.1,
            "average": 1987.1758620689654,
            "max": 2009.5,
            "percentiles": {
                "p25": 1981.4,
                "p50": 1989.1,
                "p75": 1996.65
            }
        },
        "fps": {
            "min": 31.0,
            "average": 32.13793103448276,
            "max": 45.0,
            "percentiles": {
                "p25": 31.0,
                "p50": 31.0,
                "p75": 32.0
            }
        },
        "dropped_frames": {
            "min": 15.0,
            "average": 15.0,
            "max": 15.0,
            "percentiles": {
                "p25": 15.0,
                "p50": 15.0,
                "p75": 15.0
            }
        }
    },
    "meta": {
        "duration_seconds": 31.46622061729431,
        "test_attempts": 1,
        "vpn_restart_attempts": 0,
        "vpn_restart_duration_seconds": 37.49305725097656,
        "connectivity_wait_duration_seconds": 2.1997430324554443,
        "source": "lom",
        "target": "yuki"
    }
}