{
  "total_bandwidth_mbps_percentiles": {
    "p25": 881.7499999999999,
    "p50": 891.5,
    "p75": 925.4999999999999
  },
  "cpu_usage_percent_percentiles": {
    "p25": 54.2125,
    "p50": 59.825,
    "p75": 64.625
  },
  "ttfb_ms_percentiles": {
    "p25": 127.75,
    "p50": 413.0,
    "p75": 414.75
  },
  "conn_time_ms_percentiles": {
    "p25": 125.5,
    "p50": 409.5,
    "p75": 411.5
  }
}
