{
  "status": "success",
  "data": {
    "total_bandwidth_mbps": {
      "min": 770.8,
      "average": 804.54,
      "max": 829.4,
      "percentiles": {
        "p25": 801.7249999999999,
        "p50": 807.35,
        "p75": 809.5000000000001
      }
    },
    "cpu_usage_percent": {
      "min": 39.29,
      "average": 50.457,
      "max": 67.39,
      "percentiles": {
        "p25": 47.195,
        "p50": 47.905,
        "p75": 55.2825
      }
    },
    "ttfb_ms": {
      "min": 35.0,
      "average": 38.0,
      "max": 41.0,
      "percentiles": {
        "p25": 35.25,
        "p50": 38.0,
        "p75": 40.75
      }
    },
    "conn_time_ms": {
      "min": 34.0,
      "average": 37.0,
      "max": 40.0,
      "percentiles": {
        "p25": 34.25,
        "p50": 37.0,
        "p75": 39.75
      }
    }
  }
}
