{
  "start": {
    "connected": [
      {
        "socket": 7,
        "local_host": "fd5a:c496:bf88:964d:d399:935a:c496:bf88",
        "local_port": 51302,
        "remote_host": "fd5a:c496:bf88:964d:d399:935f:f3be:5717",
        "remote_port": 5201
      },
      {
        "socket": 9,
        "local_host": "fd5a:c496:bf88:964d:d399:935a:c496:bf88",
        "local_port": 51314,
        "remote_host": "fd5a:c496:bf88:964d:d399:935f:f3be:5717",
        "remote_port": 5201
      }
    ],
    "version": "iperf 3.18",
    "system_info": "Linux luna 6.12.19 #1-NixOS SMP PREEMPT_DYNAMIC Thu Mar 13 12:02:20 UTC 2025 x86_64",
    "timestamp": {
      "time": "Sun, 23 Mar 2025 01:37:30 GMT",
      "timesecs": 1742693850
    },
    "connecting_to": {
      "host": "fd5a:c496:bf88:964d:d399:935f:f3be:5717",
      "port": 5201
    },
    "cookie": "5zbupxpia6oyjtf3fir45yqfk4o7y6cxaccp",
    "tcp_mss_default": 2728,
    "target_bitrate": 0,
    "fq_rate": 0,
    "sock_bufsize": 0,
    "sndbuf_actual": 16384,
    "rcvbuf_actual": 131072,
    "test_start": {
      "protocol": "TCP",
      "num_streams": 1,
      "blksize": 131072,
      "omit": 0,
      "duration": 10,
      "bytes": 0,
      "blocks": 0,
      "reverse": 0,
      "tos": 0,
      "target_bitrate": 0,
      "bidir": 1,
      "fqrate": 0,
      "interval": 1
    }
  },
  "intervals": [
    {
      "streams": [
        {
          "socket": 7,
          "start": 0,
          "end": 1.000786,
          "seconds": 1.0007859468460083,
          "bytes": 94371840,
          "bits_per_second": 754381815.9910358,
          "retransmits": 48,
          "snd_cwnd": 308264,
          "snd_wnd": 2506752,
          "rtt": 3697,
          "rttvar": 211,
          "pmtu": 2800,
          "omitted": false,
          "sender": true
        },
        {
          "socket": 9,
          "start": 0,
          "end": 1.000792,
          "seconds": 1.0007920265197754,
          "bytes": 91619328,
          "bits_per_second": 732374563.922964,
          "omitted": false,
          "sender": false
        }
      ],
      "sum": {
        "start": 0,
        "end": 1.000786,
        "seconds": 1.0007859468460083,
        "bytes": 94371840,
        "bits_per_second": 754381815.9910358,
        "retransmits": 48,
        "omitted": false,
        "sender": true
      },
      "sum_bidir_reverse": {
        "start": 0,
        "end": 1.000786,
        "seconds": 1.0007859468460083,
        "bytes": 91619328,
        "bits_per_second": 732379013.0246307,
        "omitted": false,
        "sender": false
      }
    },
    {
      "streams": [
        {
          "socket": 7,
          "start": 1.000786,
          "end": 2.000686,
          "seconds": 0.999899983406067,
          "bytes": 110624768,
          "bits_per_second": 885086667.3538043,
          "retransmits": 41,
          "snd_cwnd": 360096,
          "snd_wnd": 3284992,
          "rtt": 4424,
          "rttvar": 43,
          "pmtu": 2800,
          "omitted": false,
          "sender": true
        },
        {
          "socket": 9,
          "start": 1.000792,
          "end": 2.000693,
          "seconds": 0.999900996685028,
          "bytes": 98172928,
          "bits_per_second": 785461187.2613207,
          "omitted": false,
          "sender": false
        }
      ],
      "sum": {
        "start": 1.000786,
        "end": 2.000686,
        "seconds": 0.999899983406067,
        "bytes": 110624768,
        "bits_per_second": 885086667.3538043,
        "retransmits": 41,
        "omitted": false,
        "sender": true
      },
      "sum_bidir_reverse": {
        "start": 1.000786,
        "end": 2.000686,
        "seconds": 0.999899983406067,
        "bytes": 98172928,
        "bits_per_second": 785461983.232227,
        "omitted": false,
        "sender": false
      }
    },
    {
      "streams": [
        {
          "socket": 7,
          "start": 2.000686,
          "end": 3.000664,
          "seconds": 0.999978005886078,
          "bytes": 80740352,
          "bits_per_second": 645937022.8124663,
          "retransmits": 54,
          "snd_cwnd": 338272,
          "snd_wnd": 3284992,
          "rtt": 2736,
          "rttvar": 78,
          "pmtu": 2800,
          "omitted": false,
          "sender": true
        },
        {
          "socket": 9,
          "start": 2.000693,
          "end": 3.00067,
          "seconds": 0.9999769926071167,
          "bytes": 90046464,
          "bits_per_second": 720388286.2563304,
          "omitted": false,
          "sender": false
        }
      ],
      "sum": {
        "start": 2.000686,
        "end": 3.000664,
        "seconds": 0.999978005886078,
        "bytes": 80740352,
        "bits_per_second": 645937022.8124663,
        "retransmits": 54,
        "omitted": false,
        "sender": true
      },
      "sum_bidir_reverse": {
        "start": 2.000686,
        "end": 3.000664,
        "seconds": 0.999978005886078,
        "bytes": 90046464,
        "bits_per_second": 720387556.285981,
        "omitted": false,
        "sender": false
      }
    },
    {
      "streams": [
        {
          "socket": 7,
          "start": 3.000664,
          "end": 4.00072,
          "seconds": 1.0000560283660889,
          "bytes": 100007936,
          "bits_per_second": 800018664.2614008,
          "retransmits": 33,
          "snd_cwnd": 447392,
          "snd_wnd": 3284992,
          "rtt": 3366,
          "rttvar": 45,
          "pmtu": 2800,
          "omitted": false,
          "sender": true
        },
        {
          "socket": 9,
          "start": 3.00067,
          "end": 4.000726,
          "seconds": 1.0000560283660889,
          "bytes": 111673344,
          "bits_per_second": 893336699.8043427,
          "omitted": false,
          "sender": false
        }
      ],
      "sum": {
        "start": 3.000664,
        "end": 4.00072,
        "seconds": 1.0000560283660889,
        "bytes": 100007936,
        "bits_per_second": 800018664.2614008,
        "retransmits": 33,
        "omitted": false,
        "sender": true
      },
      "sum_bidir_reverse": {
        "start": 3.000664,
        "end": 4.00072,
        "seconds": 1.0000560283660889,
        "bytes": 111673344,
        "bits_per_second": 893336699.8043427,
        "omitted": false,
        "sender": false
      }
    },
    {
      "streams": [
        {
          "socket": 7,
          "start": 4.00072,
          "end": 5.000681,
          "seconds": 0.999961018562317,
          "bytes": 112852992,
          "bits_per_second": 902859130.7469418,
          "retransmits": 30,
          "snd_cwnd": 458304,
          "snd_wnd": 3284992,
          "rtt": 3331,
          "rttvar": 30,
          "pmtu": 2800,
          "omitted": false,
          "sender": true
        },
        {
          "socket": 9,
          "start": 4.000726,
          "end": 5.000687,
          "seconds": 0.999961018562317,
          "bytes": 150863872,
          "bits_per_second": 1206958024.959036,
          "omitted": false,
          "sender": false
        }
      ],
      "sum": {
        "start": 4.00072,
        "end": 5.000681,
        "seconds": 0.999961018562317,
        "bytes": 112852992,
        "bits_per_second": 902859130.7469418,
        "retransmits": 30,
        "omitted": false,
        "sender": true
      },
      "sum_bidir_reverse": {
        "start": 4.00072,
        "end": 5.000681,
        "seconds": 0.999961018562317,
        "bytes": 150863872,
        "bits_per_second": 1206958024.959036,
        "omitted": false,
        "sender": false
      }
    },
    {
      "streams": [
        {
          "socket": 7,
          "start": 5.000681,
          "end": 6.000833,
          "seconds": 1.0001519918441772,
          "bytes": 113639424,
          "bits_per_second": 908977234.8737564,
          "retransmits": 72,
          "snd_cwnd": 360096,
          "snd_wnd": 3279744,
          "rtt": 2627,
          "rttvar": 32,