{
  "start": {
    "connected": [
      {
        "socket": 7,
        "local_host": "fd1e:4856:9a1:22c8:f999:931e:4856:9a1",
        "local_port": 45610,
        "remote_host": "fd1e:4856:9a1:22c8:f999:9312:15b7:6187",
        "remote_port": 5201
      },
      {
        "socket": 9,
        "local_host": "fd1e:4856:9a1:22c8:f999:931e:4856:9a1",
        "local_port": 45624,
        "remote_host": "fd1e:4856:9a1:22c8:f999:9312:15b7:6187",
        "remote_port": 5201
      }
    ],
    "version": "iperf 3.18",
    "system_info": "Linux luna 6.12.18 #1-NixOS SMP PREEMPT_DYNAMIC Fri Mar  7 17:25:47 UTC 2025 x86_64",
    "timestamp": {
      "time": "Mon, 10 Mar 2025 17:44:11 GMT",
      "timesecs": 1741628651
    },
    "connecting_to": {
      "host": "fd1e:4856:9a1:22c8:f999:9312:15b7:6187",
      "port": 5201
    },
    "cookie": "iluelrzrqa7jqz5vrbkyy7nhr7fu2eeekdf2",
    "tcp_mss_default": 2728,
    "target_bitrate": 0,
    "fq_rate": 0,
    "sock_bufsize": 0,
    "sndbuf_actual": 16384,
    "rcvbuf_actual": 131072,
    "test_start": {
      "protocol": "TCP",
      "num_streams": 1,
      "blksize": 131072,
      "omit": 0,
      "duration": 10,
      "bytes": 0,
      "blocks": 0,
      "reverse": 0,
      "tos": 0,
      "target_bitrate": 0,
      "bidir": 1,
      "fqrate": 0,
      "interval": 1
    }
  },
  "intervals": [
    {
      "streams": [
        {
          "socket": 7,
          "start": 0,
          "end": 1.001038,
          "seconds": 1.0010379552841187,
          "bytes": 139984896,
          "bits_per_second": 1118717988.7521362,
          "retransmits": 81,
          "snd_cwnd": 395560,
          "snd_wnd": 3194752,
          "rtt": 2276,
          "rttvar": 66,
          "pmtu": 2800,
          "omitted": false,
          "sender": true
        },
        {
          "socket": 9,
          "start": 0,
          "end": 1.001044,
          "seconds": 1.0010440349578857,
          "bytes": 101580800,
          "bits_per_second": 811798853.618051,
          "omitted": false,
          "sender": false
        }
      ],
      "sum": {
        "start": 0,
        "end": 1.001038,
        "seconds": 1.0010379552841187,
        "bytes": 139984896,
        "bits_per_second": 1118717988.7521362,
        "retransmits": 81,
        "omitted": false,
        "sender": true
      },
      "sum_bidir_reverse": {
        "start": 0,
        "end": 1.001038,
        "seconds": 1.0010379552841187,
        "bytes": 101580800,
        "bits_per_second": 811803783.972758,
        "omitted": false,
        "sender": false
      }
    },
    {
      "streams": [
        {
          "socket": 7,
          "start": 1.001038,
          "end": 2.00033,
          "seconds": 0.999292016029358,
          "bytes": 134479872,
          "bits_per_second": 1076601192.386984,
          "retransmits": 41,
          "snd_cwnd": 376464,
          "snd_wnd": 3194752,
          "rtt": 2341,
          "rttvar": 24,
          "pmtu": 2800,
          "omitted": false,
          "sender": true
        },
        {
          "socket": 9,
          "start": 1.001044,
          "end": 2.000336,
          "seconds": 0.999292016029358,
          "bytes": 157286400,
          "bits_per_second": 1259182681.1543674,
          "omitted": false,
          "sender": false
        }
      ],
      "sum": {
        "start": 1.001038,
        "end": 2.00033,
        "seconds": 0.999292016029358,
        "bytes": 134479872,
        "bits_per_second": 1076601192.386984,
        "retransmits": 41,
        "omitted": false,
        "sender": true
      },
      "sum_bidir_reverse": {
        "start": 1.001038,
        "end": 2.00033,
        "seconds": 0.999292016029358,
        "bytes": 157286400,
        "bits_per_second": 1259182681.1543674,
        "omitted": false,
        "sender": false
      }
    },
    {
      "streams": [
        {
          "socket": 7,
          "start": 2.00033,
          "end": 3.00033,
          "seconds": 1,
          "bytes": 135528448,
          "bits_per_second": 1084227584,
          "retransmits": 78,
          "snd_cwnd": 332816,
          "snd_wnd": 3194752,
          "rtt": 2106,
          "rttvar": 21,
          "pmtu": 2800,
          "omitted": false,
          "sender": true
        },
        {
          "socket": 9,
          "start": 2.000336,
          "end": 3.000345,
          "seconds": 1.0000089406967163,
          "bytes": 150732800,
          "bits_per_second": 1205851618.846391,
          "omitted": false,
          "sender": false
        }
      ],
      "sum": {
        "start": 2.00033,
        "end": 3.00033,
        "seconds": 1,
        "bytes": 135528448,
        "bits_per_second": 1084227584,
        "retransmits": 78,
        "omitted": false,
        "sender": true
      },
      "sum_bidir_reverse": {
        "start": 2.00033,
        "end": 3.00033,
        "seconds": 1,
        "bytes": 150732800,
        "bits_per_second": 1205862400,
        "omitted": false,
        "sender": false
      }
    },
    {
      "streams": [
        {
          "socket": 7,
          "start": 3.00033,
          "end": 4.001093,
          "seconds": 1.0007630586624146,
          "bytes": 140115968,
          "bits_per_second": 1120073062.5470862,
          "retransmits": 67,
          "snd_cwnd": 332816,
          "snd_wnd": 3194752,
          "rtt": 2755,
          "rttvar": 121,
          "pmtu": 2800,
          "omitted": false,
          "sender": true
        },
        {
          "socket": 9,
          "start": 3.000345,
          "end": 4.001121,
          "seconds": 1.0007760524749756,
          "bytes": 145096704,
          "bits_per_second": 1159873509.292455,
          "omitted": false,
          "sender": false
        }
      ],
      "sum": {
        "start": 3.00033,
        "end": 4.001093,
        "seconds": 1.0007630586624146,
        "bytes": 140115968,
        "bits_per_second": 1120073062.5470862,
        "retransmits": 67,
        "omitted": false,
        "sender": true
      },
      "sum_bidir_reverse": {
        "start": 3.00033,
        "end": 4.001093,
        "seconds": 1.0007630586624146,
        "bytes": 145096704,
        "bits_per_second": 1159888568.980004,
        "omitted": false,
        "sender": false
      }
    },
    {
      "streams": [
        {
          "socket": 7,
          "start": 4.001093,
          "end": 5.001047,
          "seconds": 0.9999539852142334,
          "bytes": 128188416,
          "bits_per_second": 1025554518.6714686,
          "retransmits": 100,
          "snd_cwnd": 166408,
          "snd_wnd": 3194752,
          "rtt": 2273,
          "rttvar": 53,
          "pmtu": 2800,
          "omitted": false,
          "sender": true
        },
        {
          "socket": 9,
          "start": 4.001121,
          "end": 5.001085,
          "seconds": 0.9999639987945557,
          "bytes": 158466048,
          "bits_per_second": 1267774025.393145,
          "omitted": false,
          "sender": false
        }
      ],
      "sum": {
        "start": 4.001093,
        "end": 5.001047,
        "seconds": 0.9999539852142334,
        "bytes": 128188416,
        "bits_per_second": 1025554518.6714686,
        "retransmits": 100,
        "omitted": false,
        "sender": true
      },
      "sum_bidir_reverse": {
        "start": 4.001093,
        "end": 5.001047,
        "seconds": 0.9999539852142334,
        "bytes": 158466048,
        "bits_per_second": 1267786720.9343615,
        "omitted": false,
        "sender": false
      }
    },
    {
      "streams": [
        {
          "socket": 7,
          "start": 5.001047,
          "end": 6.000322,
          "seconds": 0.999275028705597,
          "bytes": 141033472,
          "bits_per_second": 1129086331.1790078,
          "retransmits": 20,
          "snd_cwnd": 447392,
          "snd_wnd": 3194752,
          "rtt": 2556,
          "rttvar": 46,
          "pmtu": 2800,
          "omitted": false,