{
  "start": {
    "connected": [
      {
        "socket": 7,
        "local_host": "fd1e:4856:9a1:22c8:f999:931e:4856:9a1",
        "local_port": 39957,
        "remote_host": "fd1e:4856:9a1:22c8:f999:9312:15b7:6187",
        "remote_port": 5201
      },
      {
        "socket": 9,
        "local_host": "fd1e:4856:9a1:22c8:f999:931e:4856:9a1",
        "local_port": 47104,
        "remote_host": "fd1e:4856:9a1:22c8:f999:9312:15b7:6187",
        "remote_port": 5201
      }
    ],
    "version": "iperf 3.18",
    "system_info": "Linux luna 6.12.18 #1-NixOS SMP PREEMPT_DYNAMIC Fri Mar  7 17:25:47 UTC 2025 x86_64",
    "timestamp": {
      "time": "Mon, 10 Mar 2025 17:44:22 GMT",
      "timesecs": 1741628662
    },
    "connecting_to": {
      "host": "fd1e:4856:9a1:22c8:f999:9312:15b7:6187",
      "port": 5201
    },
    "cookie": "rzaeftxsbsxcomqu7e34pox5agmxd7yvhcvh",
    "target_bitrate": 0,
    "fq_rate": 0,
    "sock_bufsize": 0,
    "sndbuf_actual": 212992,
    "rcvbuf_actual": 212992,
    "test_start": {
      "protocol": "UDP",
      "num_streams": 1,
      "blksize": 2728,
      "omit": 0,
      "duration": 10,
      "bytes": 0,
      "blocks": 0,
      "reverse": 0,
      "tos": 0,
      "target_bitrate": 0,
      "bidir": 1,
      "fqrate": 0,
      "interval": 1
    }
  },
  "intervals": [
    {
      "streams": [
        {
          "socket": 7,
          "start": 0,
          "end": 1.000228,
          "seconds": 1.0002280473709106,
          "bytes": 791297320,
          "bits_per_second": 6328935262.95262,
          "packets": 290066,
          "omitted": false,
          "sender": true
        },
        {
          "socket": 9,
          "start": 0,
          "end": 1.000229,
          "seconds": 1.000229001045227,
          "bytes": 196549672,
          "bits_per_second": 1572037377.7973485,
          "jitter_ms": 0.014827726625848196,
          "lost_packets": 217615,
          "packets": 289664,
          "lost_percent": 75.12669851966416,
          "omitted": false,
          "sender": false
        }
      ],
      "sum": {
        "start": 0,
        "end": 1.000228,
        "seconds": 1.0002280473709106,
        "bytes": 791297320,
        "bits_per_second": 6328935262.95262,
        "packets": 290066,
        "omitted": false,
        "sender": true
      },
      "sum_bidir_reverse": {
        "start": 0,
        "end": 1.000228,
        "seconds": 1.0002280473709106,
        "bytes": 196549672,
        "bits_per_second": 1572038876.6672068,
        "jitter_ms": 0.014827726625848196,
        "lost_packets": 217615,
        "packets": 289664,
        "lost_percent": 75.12669851966416,
        "omitted": false,
        "sender": false
      }
    },
    {
      "streams": [
        {
          "socket": 7,
          "start": 1.000228,
          "end": 2.00024,
          "seconds": 1.0000120401382446,
          "bytes": 816926880,
          "bits_per_second": 6535336353.646827,
          "packets": 299460,
          "omitted": false,
          "sender": true
        },
        {
          "socket": 9,
          "start": 1.000229,
          "end": 2.000242,
          "seconds": 1.000012993812561,
          "bytes": 202065688,
          "bits_per_second": 1616504499.44353,
          "jitter_ms": 0.015823875446414823,
          "lost_packets": 229483,
          "packets": 303554,
          "lost_percent": 75.5987402570877,
          "omitted": false,
          "sender": false
        }
      ],
      "sum": {
        "start": 1.000228,
        "end": 2.00024,
        "seconds": 1.0000120401382446,
        "bytes": 816926880,
        "bits_per_second": 6535336353.646827,
        "packets": 299460,
        "omitted": false,
        "sender": true
      },
      "sum_bidir_reverse": {
        "start": 1.000228,
        "end": 2.00024,
        "seconds": 1.0000120401382446,
        "bytes": 202065688,
        "bits_per_second": 1616506041.0437925,
        "jitter_ms": 0.015823875446414823,
        "lost_packets": 229483,
        "packets": 303554,
        "lost_percent": 75.5987402570877,
        "omitted": false,
        "sender": false
      }
    },
    {
      "streams": [
        {
          "socket": 7,
          "start": 2.00024,
          "end": 3.000485,
          "seconds": 1.0002449750900269,
          "bytes": 816097568,
          "bits_per_second": 6527181547.112874,
          "packets": 299157,
          "omitted": false,
          "sender": true
        },
        {
          "socket": 9,
          "start": 2.000242,
          "end": 3.000487,
          "seconds": 1.0002449750900269,
          "bytes": 203773416,
          "bits_per_second": 1629788070.5206995,
          "jitter_ms": 0.016487501356064894,
          "lost_packets": 230185,
          "packets": 304882,
          "lost_percent": 75.49970152386825,
          "omitted": false,
          "sender": false
        }
      ],
      "sum": {
        "start": 2.00024,
        "end": 3.000485,
        "seconds": 1.0002449750900269,
        "bytes": 816097568,
        "bits_per_second": 6527181547.112874,
        "packets": 299157,
        "omitted": false,
        "sender": true
      },
      "sum_bidir_reverse": {
        "start": 2.00024,
        "end": 3.000485,
        "seconds": 1.0002449750900269,
        "bytes": 203773416,
        "bits_per_second": 1629788070.5206995,
        "jitter_ms": 0.016487501356064894,
        "lost_packets": 230185,
        "packets": 304882,
        "lost_percent": 75.49970152386825,
        "omitted": false,
        "sender": false
      }
    },
    {
      "streams": [
        {
          "socket": 7,
          "start": 3.000485,
          "end": 4.000704,
          "seconds": 1.0002189874649048,
          "bytes": 818113560,
          "bits_per_second": 6543475540.879637,
          "packets": 299896,
          "omitted": false,
          "sender": true
        },
        {
          "socket": 9,
          "start": 3.000487,
          "end": 4.000706,
          "seconds": 1.0002189874649048,
          "bytes": 203006848,
          "bits_per_second": 1623699214.225309,
          "jitter_ms": 0.018935956089125277,
          "lost_packets": 229754,
          "packets": 304170,
          "lost_percent": 75.53473386593024,
          "omitted": false,
          "sender": false
        }
      ],
      "sum": {
        "start": 3.000485,
        "end": 4.000704,
        "seconds": 1.0002189874649048,
        "bytes": 818113560,
        "bits_per_second": 6543475540.879637,
        "packets": 299896,
        "omitted": false,
        "sender": true
      },
      "sum_bidir_reverse": {
        "start": 3.000485,
        "end": 4.000704,
        "seconds": 1.0002189874649048,
        "bytes": 203006848,
        "bits_per_second": 1623699214.225309,
        "jitter_ms": 0.018935956089125277,
        "lost_packets": 229754,
        "packets": 304170,
        "lost_percent": 75.53473386593024,
        "omitted": false,
        "sender": false
      }
    },
    {
      "streams": [
        {
          "socket": 7,
          "start": 4.000704,
          "end": 5.000221,
          "seconds": 0.999517023563385,
          "bytes": 826052040,
          "bits_per_second": 6611609571.631196,
          "packets": 302807,
          "omitted": false,
          "sender": true
        },
        {
          "socket": 9,
          "start": 4.000706,
          "end": 5.000223,
          "seconds": 0.999517023563385,
          "bytes": 201732872,
          "bits_per_second": 1614642810.430988,
          "jitter_ms": 0.01568499338818601,
          "lost_packets": 229217,
          "packets": 303166,
          "lost_percent": 75.60775284827454,
          "omitted": false,
          "sender": false
        }
      ],
      "sum": {
        "start": 4.000704,
        "end": 5.000221,
        "seconds": 0.999517023563385,
        "bytes": 826052040,
        "bits_per_second": 6611609571.631196,
        "packets": 302807,
        "omitted": false,