{
  "status": "success",
  "data": {
    "VpnCloud": {
      "status": "success",
      "data": {
        "rtt_min_ms": {
          "min": 0.684,
          "average": 0.8257777777777777,
          "max": 0.962,
          "percentiles": {
            "p25": 0.749,
            "p50": 0.8203333333333334,
            "p75": 0.908
          }
        },
        "rtt_avg_ms": {
          "min": 1.043,
          "average": 1.132111111111111,
          "max": 1.311,
          "percentiles": {
            "p25": 1.1146666666666667,
            "p50": 1.1283333333333334,
            "p75": 1.1533333333333333
          }
        },
        "rtt_max_ms": {
          "min": 1.148,
          "average": 3.139,
          "max": 5.082,
          "percentiles": {
            "p25": 1.2343333333333333,
            "p50": 3.1743333333333332,
            "p75": 5.008333333333333
          }
        },
        "rtt_mdev_ms": {
          "min": 0.071,
          "average": 0.24811111111111112,
          "max": 0.489,
          "percentiles": {
            "p25": 0.077,
            "p50": 0.23566666666666666,
            "p75": 0.4316666666666667
          }
        },
        "packet_loss_percent": {
          "min": 0.0,
          "average": 0.0,
          "max": 0.0,
          "percentiles": {
            "p25": 0.0,
            "p50": 0.0,
            "p75": 0.0
          }
        }
      }
    },
    "Zerotier": {
      "status": "success",
      "data": {
        "rtt_min_ms": {
          "min": 0.771,
          "average": 0.9327777777777777,
          "max": 1.104,
          "percentiles": {
            "p25": 0.8626666666666667,
            "p50": 0.9126666666666666,
            "p75": 1.0230000000000001
          }
        },
        "rtt_avg_ms": {
          "min": 1.117,
          "average": 1.2824444444444445,
          "max": 1.446,
          "percentiles": {
            "p25": 1.2416666666666667,
            "p50": 1.2743333333333333,
            "p75": 1.3313333333333333
          }
        },
        "rtt_max_ms": {
          "min": 1.265,
          "average": 3.0005555555555556,
          "max": 8.647,
          "percentiles": {
            "p25": 1.353,
            "p50": 1.3726666666666667,
            "p75": 6.276000000000001
          }
        },
        "rtt_mdev_ms": {
          "min": 0.049,
          "average": 0.252,
          "max": 1.036,
          "percentiles": {
            "p25": 0.060333333333333336,
            "p50": 0.07,
            "p75": 0.6256666666666667
          }
        },
        "packet_loss_percent": {
          "min": 0.0,
          "average": 0.0,
          "max": 0.0,
          "percentiles": {
            "p25": 0.0,
            "p50": 0.0,
            "p75": 0.0
          }
        }
      }
    },
    "Yggdrasil": {
      "status": "success",
      "data": {
        "rtt_min_ms": {
          "min": 1.32,
          "average": 1.598,
          "max": 1.965,
          "percentiles": {
            "p25": 1.488,
            "p50": 1.61,
            "p75": 1.696
          }
        },
        "rtt_avg_ms": {
          "min": 2.034,
          "average": 2.197,
          "max": 2.438,
          "percentiles": {
            "p25": 2.178,
            "p50": 2.194,
            "p75": 2.2190000000000003
          }
        },
        "rtt_max_ms": {
          "min": 2.43,
          "average": 3.129777777777778,
          "max": 4.391,
          "percentiles": {
            "p25": 2.523,
            "p50": 2.596,
            "p75": 4.270333333333333
          }
        },
        "rtt_mdev_ms": {
          "min": 0.144,
          "average": 0.19555555555555554,
          "max": 0.275,
          "percentiles": {
            "p25": 0.15166666666666667,
            "p50": 0.17366666666666666,
            "p75": 0.26133333333333336
          }
        },
        "packet_loss_percent": {
          "min": 0.0,
          "average": 0.0,
          "max": 0.0,
          "percentiles": {
            "p25": 0.0,
            "p50": 0.0,
            "p75": 0.0
          }
        }
      }
    },
    "Tinc": {
      "status": "success",
      "data": {
        "rtt_min_ms": {
          "min": 0.84,
          "average": 0.9168888888888889,
          "max": 1.047,
          "percentiles": {
            "p25": 0.8903333333333333,
            "p50": 0.9126666666666666,
            "p75": 0.9476666666666667
          }
        },
        "rtt_avg_ms": {
          "min": 1.077,
          "average": 1.1888888888888889,
          "max": 1.358,
          "percentiles": {
            "p25": 1.172,
            "p50": 1.1876666666666666,
            "p75": 1.207
          }
        },
        "rtt_max_ms": {
          "min": 1.169,
          "average": 1.3111111111111111,
          "max": 1.598,
          "percentiles": {
            "p25": 1.2853333333333334,
            "p50": 1.294,
            "p75": 1.354
          }
        },
        "rtt_mdev_ms": {
          "min": 0.048,
          "average": 0.07277777777777777,
          "max": 0.091,
          "percentiles": {
            "p25": 0.066,
            "p50": 0.07300000000000001,
            "p75": 0.07933333333333333
          }
        },
        "packet_loss_percent": {
          "min": 0.0,
          "average": 0.0,
          "max": 0.0,
          "percentiles": {
            "p25": 0.0,
            "p50": 0.0,
            "p75": 0.0
          }
        }
      }
    },
    "Mycelium": {
      "status": "success",
      "data": {
        "rtt_min_ms": {
          "min": 1.146,
          "average": 34.367777777777775,
          "max": 51.22,
          "percentiles": {
            "p25": 34.22966666666667,
            "p50": 34.373333333333335,
            "p75": 34.50033333333333
          }
        },
        "rtt_avg_ms": {
          "min": 1.618,
          "average": 34.897333333333336,
          "max": 51.868,
          "percentiles": {
            "p25": 34.72366666666667,
            "p50": 34.845,
            "p75": 35.123333333333335
          }
        },
        "rtt_max_ms": {
          "min": 1.793,
          "average": 48.620666666666665,
          "max": 131.018,
          "percentiles": {
            "p25": 34.900333333333336,
            "p50": 37.752,
            "p75": 73.20966666666666
          }
        },
        "rtt_mdev_ms": {
          "min": 0.078,
          "average": 1.4934444444444444,
          "max": 7.955,
          "percentiles": {
            "p25": 0.08066666666666666,
            "p50": 0.5509999999999999,
            "p75": 3.848666666666667
          }
        },
        "packet_loss_percent": {
          "min": 0.0,
          "average": 0.0,
          "max": 0.0,
          "percentiles": {
            "p25": 0.0,
            "p50": 0.0,
            "p75": 0.0
          }
        }
      }
    },
    "Easytier": {
      "status": "success",
      "data": {
        "rtt_min_ms": {
          "min": 0.772,
          "average": 0.9355555555555556,
          "max": 1.118,
          "percentiles": {
            "p25": 0.865,
            "p50": 0.9086666666666666,
            "p75": 1.0330000000000001
          }
        },
        "rtt_avg_ms": {
          "min": 1.214,
          "average": 1.3285555555555555,
          "max": 1.532,
          "percentiles": {
            "p25": 1.3173333333333332,
            "p50": 1.3283333333333334,
            "p75": 1.34
          }
        },
        "rtt_max_ms": {
          "min": 1.34,
          "average": 1.5486666666666666,
          "max": 2.294,
          "percentiles": {
            "p25": 1.4413333333333334,
            "p50": 1.4746666666666668,
            "p75": 1.73
          }
        },
        "rtt_mdev_ms": {
          "min": 0.06,
          "average": 0.1,
          "max": 0.25,
          "percentiles": {
            "p25": 0.07466666666666666,
            "p50": 0.08233333333333333,
            "p75": 0.14300000000000002
          }
        },
        "packet_loss_percent": {
          "min": 0.0,