{
  "status": "success",
  "data": {
    "encoding": {
      "bitrate_kbps": {
        "min": 3310.8,
        "average": 3348.9241379310347,
        "max": 3497.7,
        "percentiles": {
          "p25": 3321.65,
          "p50": 3335.2,
          "p75": 3357.55
        }
      },
      "fps": {
        "min": 31.0,
        "average": 32.13793103448276,
        "max": 45.0,
        "percentiles": {
          "p25": 31.0,
          "p50": 31.0,
          "p75": 32.0
        }
      },
      "dropped_frames": {
        "min": 15.0,
        "average": 15.0,
        "max": 15.0,
        "percentiles": {
          "p25": 15.0,
          "p50": 15.0,
          "p75": 15.0
        }
      }
    },
    "network": {
      "packets_dropped": {
        "min": 0.0,
        "average": 0.0,
        "max": 0.0,
        "percentiles": {
          "p25": 0.0,
          "p50": 0.0,
          "p75": 0.0
        }
      },
      "packets_recovered": {
        "min": 0.0,
        "average": 38.96774193548387,
        "max": 132.0,
        "percentiles": {
          "p25": 30.0,
          "p50": 36.0,
          "p75": 44.0
        }
      },
      "rtt_ms": {
        "min": 5.92220146860267,
        "average": 12.447433309356532,
        "max": 15.878713881852876,
        "percentiles": {
          "p25": 11.346789713401757,
          "p50": 12.809679329317316,
          "p75": 14.065830977281083
        }
      },
      "quality": {
        "min": 78.0,
        "average": 89.48387096774194,
        "max": 100.0,
        "percentiles": {
          "p25": 88.0,
          "p50": 90.0,
          "p75": 91.0
        }
      },
      "bitrate_bps": {
        "min": 0.0,
        "average": 3157459.580645161,
        "max": 5221106.0,
        "percentiles": {
          "p25": 2858535.0,
          "p50": 3555950.0,
          "p75": 3625261.0
        }
      }
    }
  },
  "meta": {
    "duration_seconds": 31.900408506393433,
    "test_attempts": 1,
    "vpn_restart_attempts": 0,
    "vpn_restart_duration_seconds": 0.0,
    "connectivity_wait_duration_seconds": 0.0,
    "source": "lom",
    "target": "yuki"
  }
}
