{
  "status": "success",
  "data": {
    "Internal": {
      "status": "success",
      "data": {
        "tcp_test_duration_seconds": {
          "min": 30.790521383285522,
          "average": 31.13174335161845,
          "max": 31.316905975341797,
          "percentiles": {
            "p25": 30.790521383285522,
            "p50": 31.287802696228027,
            "p75": 31.287802696228027
          }
        },
        "udp_test_duration_seconds": {
          "min": 31.007800102233887,
          "average": 31.059898773829143,
          "max": 31.09574055671692,
          "percentiles": {
            "p25": 31.007800102233887,
            "p50": 31.07615566253662,
            "p75": 31.07615566253662
          }
        },
        "parallel_tcp_test_duration_seconds": {
          "min": 0.0,
          "average": 0.0,
          "max": 0.0,
          "percentiles": {
            "p25": 0.0,
            "p50": 0.0,
            "p75": 0.0
          }
        },
        "ping_test_duration_seconds": {
          "min": 0.0,
          "average": 0.0,
          "max": 0.0,
          "percentiles": {
            "p25": 0.0,
            "p50": 0.0,
            "p75": 0.0
          }
        },
        "qperf_test_duration_seconds": {
          "min": 0.0,
          "average": 0.0,
          "max": 0.0,
          "percentiles": {
            "p25": 0.0,
            "p50": 0.0,
            "p75": 0.0
          }
        },
        "video_test_duration_seconds": {
          "min": 0.0,
          "average": 0.0,
          "max": 0.0,
          "percentiles": {
            "p25": 0.0,
            "p50": 0.0,
            "p75": 0.0
          }
        },
        "nix_cache_test_duration_seconds": {
          "min": 0.0,
          "average": 0.0,
          "max": 0.0,
          "percentiles": {
            "p25": 0.0,
            "p50": 0.0,
            "p75": 0.0
          }
        },
        "tcp_retries": 0,
        "udp_retries": 0,
        "parallel_tcp_retries": 0,
        "ping_retries": 0,
        "qperf_retries": 0,
        "video_retries": 0,
        "nix_cache_retries": 0,
        "total_tests": 2,
        "successful_tests": 2,
        "failed_tests": 0,
        "success_rate_percent": 100.0
      }
    }
  }
}
