{
  "status": "success",
  "data": {
    "Headscale": {
      "status": "success",
      "data": {
        "tcp_test_duration_seconds": {
          "min": 30.795902729034424,
          "average": 30.80949370066325,
          "max": 30.8256778717041,
          "percentiles": {
            "p25": 30.795902729034424,
            "p50": 30.80690050125122,
            "p75": 30.80690050125122
          }
        },
        "udp_test_duration_seconds": {
          "min": 31.196200132369995,
          "average": 31.24737532933553,
          "max": 31.30040431022644,
          "percentiles": {
            "p25": 31.196200132369995,
            "p50": 31.245521545410156,
            "p75": 31.245521545410156
          }
        },
        "parallel_tcp_test_duration_seconds": {
          "min": 0.0,
          "average": 0.0,
          "max": 0.0,
          "percentiles": {
            "p25": 0.0,
            "p50": 0.0,
            "p75": 0.0
          }
        },
        "ping_test_duration_seconds": {
          "min": 0.0,
          "average": 0.0,
          "max": 0.0,
          "percentiles": {
            "p25": 0.0,
            "p50": 0.0,
            "p75": 0.0
          }
        },
        "qperf_test_duration_seconds": {
          "min": 0.0,
          "average": 0.0,
          "max": 0.0,
          "percentiles": {
            "p25": 0.0,
            "p50": 0.0,
            "p75": 0.0
          }
        },
        "video_test_duration_seconds": {
          "min": 33.428520917892456,
          "average": 33.74802859624227,
          "max": 34.21642088890076,
          "percentiles": {
            "p25": 33.428520917892456,
            "p50": 33.599143981933594,
            "p75": 33.599143981933594
          }
        },
        "nix_cache_test_duration_seconds": {
          "min": 0.0,
          "average": 0.0,
          "max": 0.0,
          "percentiles": {
            "p25": 0.0,
            "p50": 0.0,
            "p75": 0.0
          }
        },
        "tcp_retries": 0,
        "udp_retries": 0,
        "parallel_tcp_retries": 0,
        "ping_retries": 0,
        "qperf_retries": 0,
        "video_retries": 0,
        "nix_cache_retries": 0,
        "total_tests": 3,
        "successful_tests": 3,
        "failed_tests": 0,
        "success_rate_percent": 100.0
      }
    },
    "Internal": {
      "status": "success",
      "data": {
        "tcp_test_duration_seconds": {
          "min": 30.777337551116943,
          "average": 30.965824524561565,
          "max": 31.086853742599487,
          "percentiles": {
            "p25": 30.777337551116943,
            "p50": 31.03328227996826,
            "p75": 31.03328227996826
          }
        },
        "udp_test_duration_seconds": {
          "min": 31.02422022819519,
          "average": 31.05118187268575,
          "max": 31.094708681106567,
          "percentiles": {
            "p25": 31.02422022819519,
            "p50": 31.034616708755493,
            "p75": 31.034616708755493
          }
        },
        "parallel_tcp_test_duration_seconds": {
          "min": 0.0,
          "average": 0.0,
          "max": 0.0,
          "percentiles": {
            "p25": 0.0,
            "p50": 0.0,
            "p75": 0.0
          }
        },
        "ping_test_duration_seconds": {
          "min": 0.0,
          "average": 0.0,
          "max": 0.0,
          "percentiles": {
            "p25": 0.0,
            "p50": 0.0,
            "p75": 0.0
          }
        },
        "qperf_test_duration_seconds": {
          "min": 0.0,
          "average": 0.0,
          "max": 0.0,
          "percentiles": {
            "p25": 0.0,
            "p50": 0.0,
            "p75": 0.0
          }
        },
        "video_test_duration_seconds": {
          "min": 33.53571820259094,
          "average": 33.74738073348999,
          "max": 33.966251611709595,
          "percentiles": {
            "p25": 33.53571820259094,
            "p50": 33.740172386169434,
            "p75": 33.740172386169434
          }
        },
        "nix_cache_test_duration_seconds": {
          "min": 0.0,
          "average": 0.0,
          "max": 0.0,
          "percentiles": {
            "p25": 0.0,
            "p50": 0.0,
            "p75": 0.0
          }
        },
        "tcp_retries": 0,
        "udp_retries": 0,
        "parallel_tcp_retries": 0,
        "ping_retries": 0,
        "qperf_retries": 0,
        "video_retries": 0,
        "nix_cache_retries": 0,
        "total_tests": 3,
        "successful_tests": 3,
        "failed_tests": 0,
        "success_rate_percent": 100.0
      }
    }
  }
}
