{
    "status": "success",
    "data": {
        "Headscale": {
            "status": "success",
            "data": {
                "sender_throughput_mbps": {
                    "min": 789.7045606550532,
                    "average": 829.8507392487629,
                    "max": 854.6756334819263,
                    "percentiles": {
                        "p25": 829.8507392487629,
                        "p50": 829.8507392487629,
                        "p75": 829.8507392487629
                    }
                },
                "receiver_throughput_mbps": {
                    "min": 788.3490070698248,
                    "average": 828.6701197288837,
                    "max": 853.52383985985,
                    "percentiles": {
                        "p25": 828.6701197288837,
                        "p50": 828.6701197288837,
                        "p75": 828.6701197288837
                    }
                },
                "retransmits": {
                    "min": 68.0,
                    "average": 108.66666666666667,
                    "max": 189.0,
                    "percentiles": {
                        "p25": 108.66666666666667,
                        "p50": 108.66666666666667,
                        "p75": 108.66666666666667
                    }
                },
                "retransmit_percent": {
                    "min": 0.002591741385281833,
                    "average": 0.00417647169985407,
                    "max": 0.007123097751773739,
                    "percentiles": {
                        "p25": 0.00417647169985407,
                        "p50": 0.00417647169985407,
                        "p75": 0.00417647169985407
                    }
                },
                "max_snd_cwnd_bytes": {
                    "min": 1355376.0,
                    "average": 2475997.3333333335,
                    "max": 3797952.0,
                    "percentiles": {
                        "p25": 2475997.3333333335,
                        "p50": 2475997.3333333335,
                        "p75": 2475997.3333333335
                    }
                },
                "max_snd_wnd_bytes": {
                    "min": 5505024.0,
                    "average": 5505024.0,
                    "max": 5505024.0,
                    "percentiles": {
                        "p25": 5505024.0,
                        "p50": 5505024.0,
                        "p75": 5505024.0
                    }
                },
                "total_bytes_sent": {
                    "min": 2961440768.0,
                    "average": 3112042496.0,
                    "max": 3205234688.0,
                    "percentiles": {
                        "p25": 3112042496.0,
                        "p50": 3112042496.0,
                        "p75": 3112042496.0
                    }
                },
                "total_bytes_received": {
                    "min": 2956591104.0,
                    "average": 3107891882.6666665,
                    "max": 3201433600.0,
                    "percentiles": {
                        "p25": 3107891882.6666665,
                        "p50": 3107891882.6666665,
                        "p75": 3107891882.6666665
                    }
                },
                "duration_seconds": {
                    "min": 30.000493,
                    "average": 30.000971333333332,
                    "max": 30.001882,
                    "percentiles": {
                        "p25": 30.000971333333332,
                        "p50": 30.000971333333332,
                        "p75": 30.000971333333332
                    }
                }
            }
        },
        "Internal": {
            "status": "success",
            "data": {
                "sender_throughput_mbps": {
                    "min": 931.5743631886606,
                    "average": 934.3772879643064,
                    "max": 939.813974473087,
                    "percentiles": {
                        "p25": 934.3772879643064,
                        "p50": 934.3772879643064,
                        "p75": 934.3772879643064
                    }
                },
                "receiver_throughput_mbps": {
                    "min": 930.771570854733,
                    "average": 933.417438245477,
                    "max": 938.5007800723696,
                    "percentiles": {
                        "p25": 933.417438245477,
                        "p50": 933.417438245477,
                        "p75": 933.417438245477
                    }
                },
                "retransmits": {
                    "min": 0.0,
                    "average": 0.6666666666666666,
                    "max": 2.0,
                    "percentiles": {
                        "p25": 0.6666666666666666,
                        "p50": 0.6666666666666666,
                        "p75": 0.6666666666666666
                    }
                },
                "retransmit_percent": {
                    "min": 0.0,
                    "average": 2.7389025117763733e-05,
                    "max": 8.21670753532912e-05,
                    "percentiles": {
                        "p25": 2.7389025117763733e-05,
                        "p50": 2.7389025117763733e-05,
                        "p75": 2.7389025117763733e-05
                    }
                },
                "max_snd_cwnd_bytes": {
                    "min": 566168.0,
                    "average": 681042.6666666666,
                    "max": 799296.0,
                    "percentiles": {
                        "p25": 681042.6666666666,
                        "p50": 681042.6666666666,
                        "p75": 681042.6666666666
                    }
                },
                "max_snd_wnd_bytes": {
                    "min": 1310720.0,
                    "average": 1500074.6666666667,
                    "max": 1649408.0,
                    "percentiles": {
                        "p25": 1500074.6666666667,
                        "p50": 1500074.6666666667,
                        "p75": 1500074.6666666667
                    }
                },
                "total_bytes_sent": {
                    "min": 3493593088.0,
                    "average": 3504122538.6666665,
                    "max": 3524526080.0,
                    "percentiles": {
                        "p25": 3504122538.6666665,
                        "p50": 3504122538.6666665,
                        "p75": 3504122538.6666665
                    }
                },
                "total_bytes_received": {
                    "min": 3490709504.0,
                    "average": 3501020501.3333335,
                    "max": 3520856064.0,
                    "percentiles": {
                        "p25": 3501020501.3333335,
                        "p50": 3501020501.3333335,
                        "p75": 3501020501.3333335
                    }
                },
                "duration_seconds": {
                    "min": 30.001625,
                    "average": 30.001778,
                    "max": 30.001904,
                    "percentiles": {
                        "p25": 30.001778,
                        "p50": 30.001778,
                        "p75": 30.001778
                    }
                }
            }
        }
    }
}