{
  "status": "success",
  "data": {
    "vpn_installation_seconds": 379.56030415600253,
    "tc_stabilization_seconds": 30.000347599001543,
    "test_execution_seconds": 186.57492637634277,
    "vpn_restart_seconds": 0.0,
    "connectivity_wait_seconds": 0.0,
    "other_overhead_seconds": 0.0,
    "total_seconds": 596.1355781313468
  }
}
