{
  "status": "success",
  "data": {
    "vpn_installation_seconds": 609.1800127379975,
    "tc_stabilization_seconds": 60.00119013299991,
    "test_execution_seconds": 574.7078542709351,
    "vpn_restart_seconds": 34.37055945396423,
    "connectivity_wait_seconds": 23.244705200195312,
    "other_overhead_seconds": 0.0,
    "total_seconds": 1301.504321796092
  }
}
