{
    "status": "success",
    "data": {
        "Headscale": {
            "status": "success",
            "data": {
                "total_duration_seconds": {
                    "min": 685.8934339518892,
                    "average": 685.8934339518892,
                    "max": 685.8934339518892,
                    "percentiles": {
                        "p25": 685.8934339518892,
                        "p50": 685.8934339518892,
                        "p75": 685.8934339518892
                    }
                },
                "vpn_installation_seconds": {
                    "min": 310.8629017100029,
                    "average": 310.8629017100029,
                    "max": 310.8629017100029,
                    "percentiles": {
                        "p25": 310.8629017100029,
                        "p50": 310.8629017100029,
                        "p75": 310.8629017100029
                    }
                },
                "benchmarking_seconds": {
                    "min": 375.03053224188625,
                    "average": 375.03053224188625,
                    "max": 375.03053224188625,
                    "percentiles": {
                        "p25": 375.03053224188625,
                        "p50": 375.03053224188625,
                        "p75": 375.03053224188625
                    }
                }
            }
        },
        "Internal": {
            "status": "success",
            "data": {
                "total_duration_seconds": {
                    "min": 615.6108878442028,
                    "average": 615.6108878442028,
                    "max": 615.6108878442028,
                    "percentiles": {
                        "p25": 615.6108878442028,
                        "p50": 615.6108878442028,
                        "p75": 615.6108878442028
                    }
                },
                "vpn_installation_seconds": {
                    "min": 298.31711102799454,
                    "average": 298.31711102799454,
                    "max": 298.31711102799454,
                    "percentiles": {
                        "p25": 298.31711102799454,
                        "p50": 298.31711102799454,
                        "p75": 298.31711102799454
                    }
                },
                "benchmarking_seconds": {
                    "min": 317.29377681620826,
                    "average": 317.29377681620826,
                    "max": 317.29377681620826,
                    "percentiles": {
                        "p25": 317.29377681620826,
                        "p50": 317.29377681620826,
                        "p75": 317.29377681620826
                    }
                }
            }
        }
    }
}