{
  "status": "success",
  "data": {
    "Internal": {
      "status": "success",
      "data": {
        "total_duration_seconds": {
          "min": 596.1355781313468,
          "average": 596.1355781313468,
          "max": 596.1355781313468,
          "percentiles": {
            "p25": 596.1355781313468,
            "p50": 596.1355781313468,
            "p75": 596.1355781313468
          }
        },
        "vpn_installation_seconds": {
          "min": 379.56030415600253,
          "average": 379.56030415600253,
          "max": 379.56030415600253,
          "percentiles": {
            "p25": 379.56030415600253,
            "p50": 379.56030415600253,
            "p75": 379.56030415600253
          }
        },
        "benchmarking_seconds": {
          "min": 216.57527397534432,
          "average": 216.57527397534432,
          "max": 216.57527397534432,
          "percentiles": {
            "p25": 216.57527397534432,
            "p50": 216.57527397534432,
            "p75": 216.57527397534432
          }
        }
      }
    }
  }
}
