{
    "status": "success",
    "data": {
        "Headscale": {
            "status": "success",
            "data": {
                "sender_throughput_mbps": {
                    "min": 2727.6985136242088,
                    "average": 2890.9398222788436,
                    "max": 3119.5399814771017,
                    "percentiles": {
                        "p25": 2890.9398222788436,
                        "p50": 2890.9398222788436,
                        "p75": 2890.9398222788436
                    }
                },
                "receiver_throughput_mbps": {
                    "min": 867.9315792052663,
                    "average": 875.5605877890945,
                    "max": 879.3769112248973,
                    "percentiles": {
                        "p25": 875.5605877890945,
                        "p50": 875.5605877890945,
                        "p75": 875.5605877890945
                    }
                },
                "jitter_ms": {
                    "min": 0.013370315009973181,
                    "average": 0.014202165057316815,
                    "max": 0.014773985381162605,
                    "percentiles": {
                        "p25": 0.014202165057316815,
                        "p50": 0.014202165057316815,
                        "p75": 0.014202165057316815
                    }
                },
                "lost_percent": {
                    "min": 68.11702866374424,
                    "average": 69.55442718099265,
                    "max": 71.7555654915259,
                    "percentiles": {
                        "p25": 69.55442718099265,
                        "p50": 69.55442718099265,
                        "p75": 69.55442718099265
                    }
                },
                "total_bytes_sent": {
                    "min": 10229150720.0,
                    "average": 10841328880.0,
                    "max": 11698549840.0,
                    "percentiles": {
                        "p25": 10841328880.0,
                        "p50": 10841328880.0,
                        "p75": 10841328880.0
                    }
                },
                "total_bytes_received": {
                    "min": 3261346320.0,
                    "average": 3290838029.3333335,
                    "max": 3307005096.0,
                    "percentiles": {
                        "p25": 3290838029.3333335,
                        "p50": 3290838029.3333335,
                        "p75": 3290838029.3333335
                    }
                },
                "duration_seconds": {
                    "min": 30.000705,
                    "average": 30.000847333333333,
                    "max": 30.001012,
                    "percentiles": {
                        "p25": 30.000847333333333,
                        "p50": 30.000847333333333,
                        "p75": 30.000847333333333
                    }
                },
                "blksize_bytes": {
                    "min": 1208.0,
                    "average": 1208.0,
                    "max": 1208.0,
                    "percentiles": {
                        "p25": 1208.0,
                        "p50": 1208.0,
                        "p75": 1208.0
                    }
                },
                "host_cpu_percent": {
                    "min": 116.8173972235999,
                    "average": 117.33358643526327,
                    "max": 118.10589915301229,
                    "percentiles": {
                        "p25": 117.33358643526327,
                        "p50": 117.33358643526327,
                        "p75": 117.33358643526327
                    }
                },
                "remote_cpu_percent": {
                    "min": 116.93057064115008,
                    "average": 117.56749379523455,
                    "max": 118.433900989962,
                    "percentiles": {
                        "p25": 117.56749379523455,
                        "p50": 117.56749379523455,
                        "p75": 117.56749379523455
                    }
                }
            }
        },
        "Internal": {
            "status": "success",
            "data": {
                "sender_throughput_mbps": {
                    "min": 949.0486419997445,
                    "average": 951.4925646493616,
                    "max": 956.3719515497836,
                    "percentiles": {
                        "p25": 951.4925646493616,
                        "p50": 951.4925646493616,
                        "p75": 951.4925646493616
                    }
                },
                "receiver_throughput_mbps": {
                    "min": 949.0478000398183,
                    "average": 951.4453657539029,
                    "max": 956.2278637533993,
                    "percentiles": {
                        "p25": 951.4453657539029,
                        "p50": 951.4453657539029,
                        "p75": 951.4453657539029
                    }
                },
                "jitter_ms": {
                    "min": 0.014450508058885878,
                    "average": 0.025014716758608134,
                    "max": 0.04302144145862705,
                    "percentiles": {
                        "p25": 0.025014716758608134,
                        "p50": 0.025014716758608134,
                        "p75": 0.025014716758608134
                    }
                },
                "lost_percent": {
                    "min": 0,
                    "average": 0,
                    "max": 0,
                    "percentiles": {
                        "p25": 0,
                        "p50": 0,
                        "p75": 0
                    }
                },
                "total_bytes_sent": {
                    "min": 3558988520.0,
                    "average": 3568202626.6666665,
                    "max": 3586536720.0,
                    "percentiles": {
                        "p25": 3568202626.6666665,
                        "p50": 3568202626.6666665,
                        "p75": 3568202626.6666665
                    }
                },
                "total_bytes_received": {
                    "min": 3558972592.0,
                    "average": 3568177528.0,
                    "max": 3586477352.0,
                    "percentiles": {
                        "p25": 3568177528.0,
                        "p50": 3568177528.0,
                        "p75": 3568177528.0
                    }
                },
                "duration_seconds": {
                    "min": 30.000473,
                    "average": 30.000886333333334,
                    "max": 30.001187,
                    "percentiles": {
                        "p25": 30.000886333333334,
                        "p50": 30.000886333333334,
                        "p75": 30.000886333333334
                    }
                },
                "blksize_bytes": {
                    "min": 1448.0,
                    "average": 1448.0,
                    "max": 1448.0,
                    "percentiles": {
                        "p25": 1448.0,
                        "p50": 1448.0,
                        "p75": 1448.0
                    }
                },
                "host_cpu_percent": {
                    "min": 46.1218688427997,
                    "average": 54.05681447419464,
                    "max": 63.90933642942025,
                    "percentiles": {
                        "p25": 54.05681447419464,
                        "p50": 54.05681447419464,
                        "p75": 54.05681447419464
                    }
                },
                "remote_cpu_percent": {
                    "min": 38.61493151800913,
                    "average": 48.980420644063884,
                    "max": 59.45850142891661,
                    "percentiles": {
                        "p25": 48.980420644063884,