{
  "status": "success",
  "data": {
    "Internal": {
      "status": "success",
      "data": {
        "sender_throughput_mbps": {
          "min": 949.1145787658164,
          "average": 951.5018230763916,
          "max": 956.261944187965,
          "percentiles": {
            "p25": 951.5018230763916,
            "p50": 951.5018230763916,
            "p75": 951.5018230763916
          }
        },
        "receiver_throughput_mbps": {
          "min": 949.0595358661926,
          "average": 951.3838773801157,
          "max": 955.989534021894,
          "percentiles": {
            "p25": 951.3838773801157,
            "p50": 951.3838773801157,
            "p75": 951.3838773801157
          }
        },
        "jitter_ms": {
          "min": 0.0099246687872728,
          "average": 0.023237007690116097,
          "max": 0.04565241735173055,
          "percentiles": {
            "p25": 0.023237007690116097,
            "p50": 0.023237007690116097,
            "p75": 0.023237007690116097
          }
        },
        "lost_percent": {
          "min": 0,
          "average": 0.004125315717901042,
          "max": 0.009650264716048027,
          "percentiles": {
            "p25": 0.004125315717901042,
            "p50": 0.004125315717901042,
            "p75": 0.004125315717901042
          }
        },
        "total_bytes_sent": {
          "min": 3559328800.0,
          "average": 3568279853.3333335,
          "max": 3586138520.0,
          "percentiles": {
            "p25": 3568279853.3333335,
            "p50": 3568279853.3333335,
            "p75": 3568279853.3333335
          }
        },
        "total_bytes_received": {
          "min": 3559230336.0,
          "average": 3568115746.6666665,
          "max": 3585744664.0,
          "percentiles": {
            "p25": 3568115746.6666665,
            "p50": 3568115746.6666665,
            "p75": 3568115746.6666665
          }
        },
        "duration_seconds": {
          "min": 30.001169,
          "average": 30.001244333333332,
          "max": 30.001307,
          "percentiles": {
            "p25": 30.001244333333332,
            "p50": 30.001244333333332,
            "p75": 30.001244333333332
          }
        },
        "blksize_bytes": {
          "min": 1448.0,
          "average": 1448.0,
          "max": 1448.0,
          "percentiles": {
            "p25": 1448.0,
            "p50": 1448.0,
            "p75": 1448.0
          }
        },
        "host_cpu_percent": {
          "min": 49.56841792354027,
          "average": 59.40232833710226,
          "max": 64.69740597998117,
          "percentiles": {
            "p25": 59.40232833710226,
            "p50": 59.40232833710226,
            "p75": 59.40232833710226
          }
        },
        "remote_cpu_percent": {
          "min": 42.4287067718934,
          "average": 55.869077409034766,
          "max": 63.62173924549887,
          "percentiles": {
            "p25": 55.869077409034766,
            "p50": 55.869077409034766,
            "p75": 55.869077409034766
          }
        }
      }
    }
  }
}
