{
    "status": "success",
    "data": {
        "Headscale": {
            "status": "success",
            "data": {
                "bitrate_kbps": {
                    "min": 3313.8,
                    "average": 3354.7597701149425,
                    "max": 3513.9,
                    "percentiles": {
                        "p25": 3328.383333333333,
                        "p50": 3340.3,
                        "p75": 3364.5
                    }
                },
                "fps": {
                    "min": 30.0,
                    "average": 32.09195402298851,
                    "max": 45.0,
                    "percentiles": {
                        "p25": 31.0,
                        "p50": 31.0,
                        "p75": 32.0
                    }
                },
                "dropped_frames": {
                    "min": 14.0,
                    "average": 15.0,
                    "max": 16.0,
                    "percentiles": {
                        "p25": 15.0,
                        "p50": 15.0,
                        "p75": 15.0
                    }
                },
                "quality": {
                    "min": 8.0,
                    "average": 13.10752688172043,
                    "max": 100.0,
                    "percentiles": {
                        "p25": 9.0,
                        "p50": 9.666666666666666,
                        "p75": 12.0
                    }
                },
                "rtt_ms": {
                    "min": 3.5004182220724864,
                    "average": 5.025311299849485,
                    "max": 6.427914812849552,
                    "percentiles": {
                        "p25": 4.646741639691295,
                        "p50": 4.972922958430181,
                        "p75": 5.370132374319367
                    }
                },
                "packets_recovered": {
                    "min": 0.0,
                    "average": 0.0,
                    "max": 0.0,
                    "percentiles": {
                        "p25": 0.0,
                        "p50": 0.0,
                        "p75": 0.0
                    }
                },
                "packets_dropped": {
                    "min": 0.0,
                    "average": 288.61290322580646,
                    "max": 387.0,
                    "percentiles": {
                        "p25": 256.6666666666667,
                        "p50": 314.3333333333333,
                        "p75": 329.6666666666667
                    }
                }
            }
        },
        "Internal": {
            "status": "success",
            "data": {
                "bitrate_kbps": {
                    "min": 3305.8,
                    "average": 3347.613793103448,
                    "max": 3498.3,
                    "percentiles": {
                        "p25": 3320.4500000000003,
                        "p50": 3334.233333333333,
                        "p75": 3356.2166666666667
                    }
                },
                "fps": {
                    "min": 31.0,
                    "average": 32.13793103448276,
                    "max": 45.0,
                    "percentiles": {
                        "p25": 31.0,
                        "p50": 31.0,
                        "p75": 32.0
                    }
                },
                "dropped_frames": {
                    "min": 15.0,
                    "average": 15.0,
                    "max": 15.0,
                    "percentiles": {
                        "p25": 15.0,
                        "p50": 15.0,
                        "p75": 15.0
                    }
                },
                "quality": {
                    "min": 100.0,
                    "average": 100.0,
                    "max": 100.0,
                    "percentiles": {
                        "p25": 100.0,
                        "p50": 100.0,
                        "p75": 100.0
                    }
                },
                "rtt_ms": {
                    "min": 2.735698464039421,
                    "average": 4.2061710033893105,
                    "max": 5.361824025656076,
                    "percentiles": {
                        "p25": 3.8953120691420136,
                        "p50": 4.300670150667048,
                        "p75": 4.560784877198513
                    }
                },
                "packets_recovered": {
                    "min": 0.0,
                    "average": 0.0,
                    "max": 0.0,
                    "percentiles": {
                        "p25": 0.0,
                        "p50": 0.0,
                        "p75": 0.0
                    }
                },
                "packets_dropped": {
                    "min": 0.0,
                    "average": 0.0,
                    "max": 0.0,
                    "percentiles": {
                        "p25": 0.0,
                        "p50": 0.0,
                        "p75": 0.0
                    }
                }
            }
        }
    }
}