{
  "status": "success",
  "data": {
    "total_bandwidth_mbps": {
      "min": 801.45,
      "average": 811.1313333333334,
      "max": 812.21,
      "percentiles": {
        "p25": 810.9975000000001,
        "p50": 811.47,
        "p75": 811.9100000000001
      }
    },
    "cpu_usage_percent": {
      "min": 4.55,
      "average": 15.720125,
      "max": 38.54,
      "percentiles": {
        "p25": 11.11,
        "p50": 15.15,
        "p75": 19.39
      }
    },
    "ttfb_ms": {
      "min": 19.0,
      "average": 21.375,
      "max": 25.0,
      "percentiles": {
        "p25": 19.25,
        "p50": 21.0,
        "p75": 23.0
      }
    },
    "conn_time_ms": {
      "min": 17.0,
      "average": 20.0,
      "max": 24.0,
      "percentiles": {
        "p25": 18.0,
        "p50": 20.0,
        "p75": 21.75
      }
    }
  },
  "meta": {
    "duration_seconds": 31.35925841331482,
    "test_attempts": 1,
    "vpn_restart_attempts": 0,
    "vpn_restart_duration_seconds": 1.9013540744781494,
    "connectivity_wait_duration_seconds": 7.808502674102783,
    "source": "lom",
    "target": "yuki"
  }
}
