{
    "status": "success",
    "data": {
        "rtt_min_ms": {
            "min": 25.818,
            "average": 25.923000000000002,
            "max": 26.014,
            "percentiles": {
                "p25": 25.818,
                "p50": 25.937,
                "p75": 26.014
            }
        },
        "rtt_avg_ms": {
            "min": 34.296,
            "average": 36.79333333333334,
            "max": 39.136,
            "percentiles": {
                "p25": 34.296,
                "p50": 36.948,
                "p75": 39.136
            }
        },
        "rtt_max_ms": {
            "min": 45.884,
            "average": 181.747,
            "max": 249.895,
            "percentiles": {
                "p25": 45.884,
                "p50": 249.462,
                "p75": 249.895
            }
        },
        "rtt_mdev_ms": {
            "min": 4.828,
            "average": 19.036,
            "max": 30.317,
            "percentiles": {
                "p25": 4.828,
                "p50": 21.963,
                "p75": 30.317
            }
        },
        "packet_loss_percent": {
            "min": 0.0,
            "average": 0.0,
            "max": 0.0,
            "percentiles": {
                "p25": 0.0,
                "p50": 0.0,
                "p75": 0.0
            }
        }
    },
    "meta": {
        "duration_seconds": 60.73864030838013,
        "test_attempts": 1,
        "vpn_restart_attempts": 0,
        "vpn_restart_duration_seconds": 1.9649665355682373,
        "connectivity_wait_duration_seconds": 68.17267775535583,
        "source": "lom",
        "target": "yuki"
    }
}