{
    "status": "success",
    "data": {
        "rtt_min_ms": {
            "min": 50.952,
            "average": 51.022999999999996,
            "max": 51.101,
            "percentiles": {
                "p25": 50.952,
                "p50": 51.016,
                "p75": 51.101
            }
        },
        "rtt_avg_ms": {
            "min": 65.2,
            "average": 77.03866666666667,
            "max": 94.304,
            "percentiles": {
                "p25": 65.2,
                "p50": 71.612,
                "p75": 94.304
            }
        },
        "rtt_max_ms": {
            "min": 298.788,
            "average": 435.75733333333335,
            "max": 520.495,
            "percentiles": {
                "p25": 298.788,
                "p50": 487.989,
                "p75": 520.495
            }
        },
        "rtt_mdev_ms": {
            "min": 31.536,
            "average": 58.93766666666667,
            "max": 86.936,
            "percentiles": {
                "p25": 31.536,
                "p50": 58.341,
                "p75": 86.936
            }
        },
        "packet_loss_percent": {
            "min": 0.0,
            "average": 0.0,
            "max": 0.0,
            "percentiles": {
                "p25": 0.0,
                "p50": 0.0,
                "p75": 0.0
            }
        }
    },
    "meta": {
        "duration_seconds": 61.0002863407135,
        "test_attempts": 1,
        "vpn_restart_attempts": 0,
        "vpn_restart_duration_seconds": 2.0550458431243896,
        "connectivity_wait_duration_seconds": 70.17730689048767,
        "source": "lom",
        "target": "yuki"
    }
}