{
  "status": "success",
  "data": {
    "total_bandwidth_mbps": {
      "min": 2.2015000000000002,
      "average": 5.360763333333333,
      "max": 41.901799999999994,
      "percentiles": {
        "p25": 3.1573337499999994,
        "p50": 3.7702099999999996,
        "p75": 5.039540000000001
      }
    },
    "cpu_usage_percent": {
      "min": 0.0,
      "average": 1.3457046979865772,
      "max": 8.55,
      "percentiles": {
        "p25": 0.0,
        "p50": 1.0,
        "p75": 2.0
      }
    },
    "ttfb_ms": {
      "min": 148.0,
      "average": 180.25,
      "max": 203.0,
      "percentiles": {
        "p25": 162.25,
        "p50": 183.5,
        "p75": 197.75
      }
    },
    "conn_time_ms": {
      "min": 77.0,
      "average": 91.0,
      "max": 112.0,
      "percentiles": {
        "p25": 78.75,
        "p50": 85.5,
        "p75": 104.75
      }
    }
  },
  "meta": {
    "duration_seconds": 32.967151165008545,
    "test_attempts": 1,
    "vpn_restart_attempts": 0,
    "vpn_restart_duration_seconds": 2.3063650131225586,
    "connectivity_wait_duration_seconds": 70.38359522819519,
    "source": "lom",
    "target": "yuki"
  }
}
