{
  "status": "success",
  "data": {
    "rtt_min_ms": {
      "min": 0.921,
      "average": 0.9803333333333333,
      "max": 1.037,
      "percentiles": {
        "p25": 0.921,
        "p50": 0.983,
        "p75": 1.037
      }
    },
    "rtt_avg_ms": {
      "min": 14.703,
      "average": 15.486,
      "max": 16.53,
      "percentiles": {
        "p25": 14.703,
        "p50": 15.225,
        "p75": 16.53
      }
    },
    "rtt_max_ms": {
      "min": 37.02,
      "average": 37.18033333333334,
      "max": 37.27,
      "percentiles": {
        "p25": 37.02,
        "p50": 37.251,
        "p75": 37.27
      }
    },
    "rtt_mdev_ms": {
      "min": 9.123,
      "average": 9.293666666666667,
      "max": 9.45,
      "percentiles": {
        "p25": 9.123,
        "p50": 9.308,
        "p75": 9.45
      }
    },
    "packet_loss_percent": {
      "min": 4.0,
      "average": 6.333333333333333,
      "max": 9.0,
      "percentiles": {
        "p25": 4.0,
        "p50": 6.0,
        "p75": 9.0
      }
    }
  },
  "meta": {
    "duration_seconds": 62.137508392333984,
    "test_attempts": 1,
    "vpn_restart_attempts": 0,
    "vpn_restart_duration_seconds": 35.69307899475098,
    "connectivity_wait_duration_seconds": 4.681915044784546,
    "source": "lom",
    "target": "yuki"
  }
}
