{
  "status": "success",
  "data": {
    "encoding": {
      "bitrate_kbps": {
        "min": 3307.8,
        "average": 3349.613793103448,
        "max": 3498.9,
        "percentiles": {
          "p25": 3322.6499999999996,
          "p50": 3335.4,
          "p75": 3358.8999999999996
        }
      },
      "fps": {
        "min": 31.0,
        "average": 32.13793103448276,
        "max": 45.0,
        "percentiles": {
          "p25": 31.0,
          "p50": 31.0,
          "p75": 32.0
        }
      },
      "dropped_frames": {
        "min": 15.0,
        "average": 15.0,
        "max": 15.0,
        "percentiles": {
          "p25": 15.0,
          "p50": 15.0,
          "p75": 15.0
        }
      }
    },
    "network": {
      "packets_dropped": {
        "min": 0.0,
        "average": 1790.225806451613,
        "max": 55497.0,
        "percentiles": {
          "p25": 0.0,
          "p50": 0.0,
          "p75": 0.0
        }
      },
      "packets_recovered": {
        "min": 0.0,
        "average": 85.38709677419355,
        "max": 201.0,
        "percentiles": {
          "p25": 71.0,
          "p50": 84.0,
          "p75": 98.0
        }
      },
      "rtt_ms": {
        "min": 6.837635539458161,
        "average": 18.574556878002824,
        "max": 24.836449791115975,
        "percentiles": {
          "p25": 17.20254678324653,
          "p50": 18.271276327617883,
          "p75": 20.688253774708862
        }
      },
      "quality": {
        "min": 70.0,
        "average": 79.61290322580645,
        "max": 100.0,
        "percentiles": {
          "p25": 77.0,
          "p50": 79.0,
          "p75": 81.0
        }
      },
      "bitrate_bps": {
        "min": 0.0,
        "average": 3156961.419354839,
        "max": 5170117.0,
        "percentiles": {
          "p25": 2858106.0,
          "p50": 3552630.0,
          "p75": 3602459.0
        }
      }
    }
  },
  "meta": {
    "duration_seconds": 31.90075373649597,
    "test_attempts": 1,
    "vpn_restart_attempts": 0,
    "vpn_restart_duration_seconds": 35.638558864593506,
    "connectivity_wait_duration_seconds": 3.029057025909424,
    "source": "lom",
    "target": "yuki"
  }
}
