{
    "status": "success",
    "data": {
        "rtt_min_ms": {
            "min": 0.455,
            "average": 0.4906666666666667,
            "max": 0.56,
            "percentiles": {
                "p25": 0.455,
                "p50": 0.457,
                "p75": 0.56
            }
        },
        "rtt_avg_ms": {
            "min": 8.464,
            "average": 9.164666666666667,
            "max": 9.557,
            "percentiles": {
                "p25": 8.464,
                "p50": 9.473,
                "p75": 9.557
            }
        },
        "rtt_max_ms": {
            "min": 19.793,
            "average": 21.165,
            "max": 21.959,
            "percentiles": {
                "p25": 19.793,
                "p50": 21.743,
                "p75": 21.959
            }
        },
        "rtt_mdev_ms": {
            "min": 4.815,
            "average": 5.235333333333333,
            "max": 5.516,
            "percentiles": {
                "p25": 4.815,
                "p50": 5.375,
                "p75": 5.516
            }
        },
        "packet_loss_percent": {
            "min": 2.0,
            "average": 2.3333333333333335,
            "max": 3.0,
            "percentiles": {
                "p25": 2.0,
                "p50": 2.0,
                "p75": 3.0
            }
        }
    },
    "meta": {
        "duration_seconds": 61.71130442619324,
        "test_attempts": 1,
        "vpn_restart_attempts": 0,
        "vpn_restart_duration_seconds": 0.0,
        "connectivity_wait_duration_seconds": 0.0,
        "source": "luna",
        "target": "lom"
    }
}