{
  "status": "success",
  "data": {
    "rtt_min_ms": {
      "min": 1.091,
      "average": 1.1893333333333334,
      "max": 1.25,
      "percentiles": {
        "p25": 1.091,
        "p50": 1.227,
        "p75": 1.25
      }
    },
    "rtt_avg_ms": {
      "min": 10.324,
      "average": 10.817333333333334,
      "max": 11.111,
      "percentiles": {
        "p25": 10.324,
        "p50": 11.017,
        "p75": 11.111
      }
    },
    "rtt_max_ms": {
      "min": 23.025,
      "average": 23.566666666666666,
      "max": 24.64,
      "percentiles": {
        "p25": 23.025,
        "p50": 23.035,
        "p75": 24.64
      }
    },
    "rtt_mdev_ms": {
      "min": 5.369,
      "average": 5.549,
      "max": 5.892,
      "percentiles": {
        "p25": 5.369,
        "p50": 5.386,
        "p75": 5.892
      }
    },
    "packet_loss_percent": {
      "min": 1.0,
      "average": 1.6666666666666667,
      "max": 2.0,
      "percentiles": {
        "p25": 1.0,
        "p50": 2.0,
        "p75": 2.0
      }
    }
  },
  "meta": {
    "duration_seconds": 61.66092896461487,
    "test_attempts": 1,
    "vpn_restart_attempts": 0,
    "vpn_restart_duration_seconds": 0.0,
    "connectivity_wait_duration_seconds": 0.0,
    "source": "yuki",
    "target": "luna"
  }
}
