{
    "status": "success",
    "data": {
        "rtt_min_ms": {
            "min": 1.177,
            "average": 1.2476666666666667,
            "max": 1.348,
            "percentiles": {
                "p25": 1.177,
                "p50": 1.218,
                "p75": 1.348
            }
        },
        "rtt_avg_ms": {
            "min": 9.895,
            "average": 10.119666666666667,
            "max": 10.401,
            "percentiles": {
                "p25": 9.895,
                "p50": 10.063,
                "p75": 10.401
            }
        },
        "rtt_max_ms": {
            "min": 20.195,
            "average": 21.22866666666667,
            "max": 22.545,
            "percentiles": {
                "p25": 20.195,
                "p50": 20.946,
                "p75": 22.545
            }
        },
        "rtt_mdev_ms": {
            "min": 5.062,
            "average": 5.232,
            "max": 5.49,
            "percentiles": {
                "p25": 5.062,
                "p50": 5.144,
                "p75": 5.49
            }
        },
        "packet_loss_percent": {
            "min": 1.0,
            "average": 1.6666666666666667,
            "max": 2.0,
            "percentiles": {
                "p25": 1.0,
                "p50": 2.0,
                "p75": 2.0
            }
        }
    },
    "meta": {
        "duration_seconds": 61.56194567680359,
        "test_attempts": 1,
        "vpn_restart_attempts": 0,
        "vpn_restart_duration_seconds": 0.0,
        "connectivity_wait_duration_seconds": 0.0,
        "source": "yuki",
        "target": "luna"
    }
}