{
  "status": "success",
  "data": {
    "total_bandwidth_mbps": {
      "min": 37.711999999999996,
      "average": 39.08023333333333,
      "max": 40.861000000000004,
      "percentiles": {
        "p25": 38.666999999999994,
        "p50": 39.086,
        "p75": 39.608000000000004
      }
    },
    "cpu_usage_percent": {
      "min": 0.0,
      "average": 2.605583333333333,
      "max": 7.29,
      "percentiles": {
        "p25": 2.02,
        "p50": 2.17,
        "p75": 3.06
      }
    },
    "ttfb_ms": {
      "min": 21.0,
      "average": 51.5,
      "max": 87.0,
      "percentiles": {
        "p25": 33.75,
        "p50": 46.5,
        "p75": 72.0
      }
    },
    "conn_time_ms": {
      "min": 19.0,
      "average": 44.875,
      "max": 81.0,
      "percentiles": {
        "p25": 24.75,
        "p50": 38.5,
        "p75": 65.75
      }
    }
  },
  "meta": {
    "duration_seconds": 293.2046604156494,
    "test_attempts": 2,
    "vpn_restart_attempts": 0,
    "vpn_restart_duration_seconds": 0.0,
    "connectivity_wait_duration_seconds": 0.0,
    "source": "yuki",
    "target": "luna"
  }
}
