{
    "status": "success",
    "data": {
        "Mycelium": {
            "status": "success",
            "data": {
                "total_throughput_mbps": {
                    "min": 3.425158867322883,
                    "average": 3.425158867322883,
                    "max": 3.425158867322883,
                    "percentiles": {
                        "p25": 3.425158867322883,
                        "p50": 3.425158867322883,
                        "p75": 3.425158867322883
                    }
                },
                "avg_throughput_mbps": {
                    "min": 1.7125794336614415,
                    "average": 1.7125794336614415,
                    "max": 1.7125794336614415,
                    "percentiles": {
                        "p25": 1.7125794336614415,
                        "p50": 1.7125794336614415,
                        "p75": 1.7125794336614415
                    }
                },
                "total_retransmits": {
                    "min": 707.0,
                    "average": 707.0,
                    "max": 707.0,
                    "percentiles": {
                        "p25": 707.0,
                        "p50": 707.0,
                        "p75": 707.0
                    }
                }
            }
        },
        "Hyprspace": {
            "status": "success",
            "data": {
                "total_throughput_mbps": {
                    "min": 4.980486968749997,
                    "average": 4.980486968749997,
                    "max": 4.980486968749997,
                    "percentiles": {
                        "p25": 4.980486968749997,
                        "p50": 4.980486968749997,
                        "p75": 4.980486968749997
                    }
                },
                "avg_throughput_mbps": {
                    "min": 1.6601623229166655,
                    "average": 1.6601623229166655,
                    "max": 1.6601623229166655,
                    "percentiles": {
                        "p25": 1.6601623229166655,
                        "p50": 1.6601623229166655,
                        "p75": 1.6601623229166655
                    }
                },
                "total_retransmits": {
                    "min": 158.0,
                    "average": 158.0,
                    "max": 158.0,
                    "percentiles": {
                        "p25": 158.0,
                        "p50": 158.0,
                        "p75": 158.0
                    }
                }
            }
        },
        "Zerotier": {
            "status": "success",
            "data": {
                "total_throughput_mbps": {
                    "min": 11.953093518329046,
                    "average": 11.953093518329046,
                    "max": 11.953093518329046,
                    "percentiles": {
                        "p25": 11.953093518329046,
                        "p50": 11.953093518329046,
                        "p75": 11.953093518329046
                    }
                },
                "avg_throughput_mbps": {
                    "min": 3.984364506109682,
                    "average": 3.984364506109682,
                    "max": 3.984364506109682,
                    "percentiles": {
                        "p25": 3.984364506109682,
                        "p50": 3.984364506109682,
                        "p75": 3.984364506109682
                    }
                },
                "total_retransmits": {
                    "min": 3601.0,
                    "average": 3601.0,
                    "max": 3601.0,
                    "percentiles": {
                        "p25": 3601.0,
                        "p50": 3601.0,
                        "p75": 3601.0
                    }
                }
            }
        },
        "VpnCloud": {
            "status": "success",
            "data": {
                "total_throughput_mbps": {
                    "min": 8.248330818072866,
                    "average": 8.248330818072866,
                    "max": 8.248330818072866,
                    "percentiles": {
                        "p25": 8.248330818072866,
                        "p50": 8.248330818072866,
                        "p75": 8.248330818072866
                    }
                },
                "avg_throughput_mbps": {
                    "min": 2.7494436060242884,
                    "average": 2.7494436060242884,
                    "max": 2.7494436060242884,
                    "percentiles": {
                        "p25": 2.7494436060242884,
                        "p50": 2.7494436060242884,
                        "p75": 2.7494436060242884
                    }
                },
                "total_retransmits": {
                    "min": 6030.0,
                    "average": 6030.0,
                    "max": 6030.0,
                    "percentiles": {
                        "p25": 6030.0,
                        "p50": 6030.0,
                        "p75": 6030.0
                    }
                }
            }
        },
        "Wireguard": {
            "status": "success",
            "data": {
                "total_throughput_mbps": {
                    "min": 8.143493848843782,
                    "average": 8.143493848843782,
                    "max": 8.143493848843782,
                    "percentiles": {
                        "p25": 8.143493848843782,
                        "p50": 8.143493848843782,
                        "p75": 8.143493848843782
                    }
                },
                "avg_throughput_mbps": {
                    "min": 2.7144979496145942,
                    "average": 2.7144979496145942,
                    "max": 2.7144979496145942,
                    "percentiles": {
                        "p25": 2.7144979496145942,
                        "p50": 2.7144979496145942,
                        "p75": 2.7144979496145942
                    }
                },
                "total_retransmits": {
                    "min": 4716.0,
                    "average": 4716.0,
                    "max": 4716.0,
                    "percentiles": {
                        "p25": 4716.0,
                        "p50": 4716.0,
                        "p75": 4716.0
                    }
                }
            }
        },
        "Yggdrasil": {
            "status": "success",
            "data": {
                "total_throughput_mbps": {
                    "min": 9.454124007307195,
                    "average": 9.454124007307195,
                    "max": 9.454124007307195,
                    "percentiles": {
                        "p25": 9.454124007307195,
                        "p50": 9.454124007307195,
                        "p75": 9.454124007307195
                    }
                },
                "avg_throughput_mbps": {
                    "min": 3.1513746691023985,
                    "average": 3.1513746691023985,
                    "max": 3.1513746691023985,
                    "percentiles": {
                        "p25": 3.1513746691023985,
                        "p50": 3.1513746691023985,
                        "p75": 3.1513746691023985
                    }
                },
                "total_retransmits": {
                    "min": 294.0,
                    "average": 294.0,
                    "max": 294.0,
                    "percentiles": {
                        "p25": 294.0,
                        "p50": 294.0,
                        "p75": 294.0
                    }
                }
            }
        },
        "Internal": {
            "status": "success",
            "data": {
                "total_throughput_mbps": {
                    "min": 14.609679705266775,
                    "average": 14.609679705266775,
                    "max": 14.609679705266775,