{
    "status": "success",
    "data": {
        "VpnCloud": {
            "status": "success",
            "data": {
                "rtt_min_ms": {
                    "min": 0.82,
                    "average": 0.9923333333333333,
                    "max": 1.189,
                    "percentiles": {
                        "p25": 0.9296666666666666,
                        "p50": 1.004,
                        "p75": 1.0433333333333334
                    }
                },
                "rtt_avg_ms": {
                    "min": 14.365,
                    "average": 16.103,
                    "max": 17.591,
                    "percentiles": {
                        "p25": 15.302333333333333,
                        "p50": 16.242666666666665,
                        "p75": 16.764
                    }
                },
                "rtt_max_ms": {
                    "min": 36.606,
                    "average": 39.74122222222223,
                    "max": 42.235,
                    "percentiles": {
                        "p25": 38.016,
                        "p50": 39.586333333333336,
                        "p75": 41.62133333333333
                    }
                },
                "rtt_mdev_ms": {
                    "min": 8.984,
                    "average": 9.842888888888888,
                    "max": 10.665,
                    "percentiles": {
                        "p25": 9.214666666666666,
                        "p50": 9.789,
                        "p75": 10.524999999999999
                    }
                },
                "packet_loss_percent": {
                    "min": 2.0,
                    "average": 4.666666666666667,
                    "max": 7.0,
                    "percentiles": {
                        "p25": 3.3333333333333335,
                        "p50": 5.0,
                        "p75": 5.666666666666667
                    }
                }
            }
        },
        "Zerotier": {
            "status": "success",
            "data": {
                "rtt_min_ms": {
                    "min": 1.053,
                    "average": 1.161111111111111,
                    "max": 1.321,
                    "percentiles": {
                        "p25": 1.1119999999999999,
                        "p50": 1.1636666666666666,
                        "p75": 1.2076666666666667
                    }
                },
                "rtt_avg_ms": {
                    "min": 14.782,
                    "average": 15.937555555555555,
                    "max": 16.937,
                    "percentiles": {
                        "p25": 15.259333333333334,
                        "p50": 15.949333333333334,
                        "p75": 16.604
                    }
                },
                "rtt_max_ms": {
                    "min": 35.782,
                    "average": 39.64044444444444,
                    "max": 42.748,
                    "percentiles": {
                        "p25": 37.153666666666666,
                        "p50": 40.37266666666667,
                        "p75": 41.394999999999996
                    }
                },
                "rtt_mdev_ms": {
                    "min": 9.096,
                    "average": 9.560888888888888,
                    "max": 10.109,
                    "percentiles": {
                        "p25": 9.237,
                        "p50": 9.575333333333333,
                        "p75": 9.870333333333333
                    }
                },
                "packet_loss_percent": {
                    "min": 1.0,
                    "average": 4.444444444444445,
                    "max": 9.0,
                    "percentiles": {
                        "p25": 1.3333333333333333,
                        "p50": 5.0,
                        "p75": 7.0
                    }
                }
            }
        },
        "Yggdrasil": {
            "status": "success",
            "data": {
                "rtt_min_ms": {
                    "min": 1.017,
                    "average": 1.7615555555555555,
                    "max": 2.24,
                    "percentiles": {
                        "p25": 1.349,
                        "p50": 1.8956666666666666,
                        "p75": 2.04
                    }
                },
                "rtt_avg_ms": {
                    "min": 18.234,
                    "average": 20.893555555555555,
                    "max": 24.858,
                    "percentiles": {
                        "p25": 19.186333333333334,
                        "p50": 20.299,
                        "p75": 23.195333333333334
                    }
                },
                "rtt_max_ms": {
                    "min": 86.294,
                    "average": 102.57666666666667,
                    "max": 119.414,
                    "percentiles": {
                        "p25": 92.13133333333333,
                        "p50": 103.329,
                        "p75": 112.26966666666667
                    }
                },
                "rtt_mdev_ms": {
                    "min": 16.179,
                    "average": 19.341333333333335,
                    "max": 24.698,
                    "percentiles": {
                        "p25": 16.806,
                        "p50": 18.234,
                        "p75": 22.983999999999998
                    }
                },
                "packet_loss_percent": {
                    "min": 0.0,
                    "average": 0.0,
                    "max": 0.0,
                    "percentiles": {
                        "p25": 0.0,
                        "p50": 0.0,
                        "p75": 0.0
                    }
                }
            }
        },
        "Mycelium": {
            "status": "success",
            "data": {
                "rtt_min_ms": {
                    "min": 1.21,
                    "average": 26.011,
                    "max": 50.756,
                    "percentiles": {
                        "p25": 25.866333333333333,
                        "p50": 26.078,
                        "p75": 26.08866666666667
                    }
                },
                "rtt_avg_ms": {
                    "min": 20.011,
                    "average": 52.04833333333333,
                    "max": 90.469,
                    "percentiles": {
                        "p25": 48.95233333333333,
                        "p50": 52.903,
                        "p75": 54.28966666666666
                    }
                },
                "rtt_max_ms": {
                    "min": 151.796,
                    "average": 323.094,
                    "max": 517.478,
                    "percentiles": {
                        "p25": 280.551,
                        "p50": 315.468,
                        "p75": 373.263
                    }
                },
                "rtt_mdev_ms": {
                    "min": 21.61,
                    "average": 43.95144444444445,
                    "max": 79.914,
                    "percentiles": {
                        "p25": 37.498666666666665,
                        "p50": 43.662333333333336,
                        "p75": 50.693333333333335
                    }
                },
                "packet_loss_percent": {
                    "min": 0.0,
                    "average": 0.1111111111111111,
                    "max": 1.0,
                    "percentiles": {
                        "p25": 0.0,
                        "p50": 0.0,
                        "p75": 0.3333333333333333
                    }
                }
            }
        },
        "Easytier": {
            "status": "success",
            "data": {
                "rtt_min_ms": {
                    "min": 1.146,
                    "average": 1.2181111111111111,
                    "max": 1.459,