{
  "status": "success",
  "data": {
    "VpnCloud": {
      "status": "success",
      "data": {
        "rtt_min_ms": {
          "min": 0.82,
          "average": 1.0276666666666667,
          "max": 1.246,
          "percentiles": {
            "p25": 0.961,
            "p50": 1.0313333333333334,
            "p75": 1.0906666666666667
          }
        },
        "rtt_avg_ms": {
          "min": 14.365,
          "average": 16.213444444444445,
          "max": 18.187,
          "percentiles": {
            "p25": 15.046666666666667,
            "p50": 16.157666666666664,
            "p75": 17.436
          }
        },
        "rtt_max_ms": {
          "min": 37.02,
          "average": 38.92311111111111,
          "max": 41.843,
          "percentiles": {
            "p25": 38.097,
            "p50": 38.782333333333334,
            "p75": 39.89
          }
        },
        "rtt_mdev_ms": {
          "min": 8.894,
          "average": 9.591111111111111,
          "max": 10.665,
          "percentiles": {
            "p25": 9.089,
            "p50": 9.589,
            "p75": 10.095333333333333
          }
        },
        "packet_loss_percent": {
          "min": 2.0,
          "average": 5.222222222222222,
          "max": 9.0,
          "percentiles": {
            "p25": 2.6666666666666665,
            "p50": 5.666666666666667,
            "p75": 7.333333333333333
          }
        }
      }
    },
    "Zerotier": {
      "status": "success",
      "data": {
        "rtt_min_ms": {
          "min": 1.009,
          "average": 1.189111111111111,
          "max": 1.434,
          "percentiles": {
            "p25": 1.1039999999999999,
            "p50": 1.1956666666666667,
            "p75": 1.2676666666666667
          }
        },
        "rtt_avg_ms": {
          "min": 13.723,
          "average": 16.535777777777778,
          "max": 19.445,
          "percentiles": {
            "p25": 15.316666666666666,
            "p50": 16.165333333333333,
            "p75": 18.125333333333334
          }
        },
        "rtt_max_ms": {
          "min": 36.436,
          "average": 40.18855555555555,
          "max": 42.267,
          "percentiles": {
            "p25": 38.354,
            "p50": 40.35033333333333,
            "p75": 41.861333333333334
          }
        },
        "rtt_mdev_ms": {
          "min": 9.069,
          "average": 10.009555555555556,
          "max": 10.96,
          "percentiles": {
            "p25": 9.548333333333334,
            "p50": 9.937,
            "p75": 10.543333333333333
          }
        },
        "packet_loss_percent": {
          "min": 2.0,
          "average": 4.777777777777778,
          "max": 8.0,
          "percentiles": {
            "p25": 3.6666666666666665,
            "p50": 4.0,
            "p75": 6.666666666666667
          }
        }
      }
    },
    "Yggdrasil": {
      "status": "success",
      "data": {
        "rtt_min_ms": {
          "min": 1.602,
          "average": 1.8812222222222224,
          "max": 2.096,
          "percentiles": {
            "p25": 1.78,
            "p50": 1.877,
            "p75": 1.9866666666666666
          }
        },
        "rtt_avg_ms": {
          "min": 16.271,
          "average": 20.19611111111111,
          "max": 25.741,
          "percentiles": {
            "p25": 17.997333333333334,
            "p50": 19.568666666666665,
            "p75": 23.022333333333332
          }
        },
        "rtt_max_ms": {
          "min": 89.898,
          "average": 102.46144444444445,
          "max": 120.839,
          "percentiles": {
            "p25": 95.992,
            "p50": 100.47333333333333,
            "p75": 110.919
          }
        },
        "rtt_mdev_ms": {
          "min": 13.055,
          "average": 17.147777777777776,
          "max": 23.833,
          "percentiles": {
            "p25": 14.579666666666666,
            "p50": 16.070333333333334,
            "p75": 20.793333333333333
          }
        },
        "packet_loss_percent": {
          "min": 0.0,
          "average": 0.0,
          "max": 0.0,
          "percentiles": {
            "p25": 0.0,
            "p50": 0.0,
            "p75": 0.0
          }
        }
      }
    },
    "Tinc": {
      "status": "success",
      "data": {
        "rtt_min_ms": {
          "min": 0.804,
          "average": 1.044,
          "max": 1.329,
          "percentiles": {
            "p25": 0.9216666666666667,
            "p50": 1.0583333333333333,
            "p75": 1.152
          }
        },
        "rtt_avg_ms": {
          "min": 14.388,
          "average": 15.918222222222223,
          "max": 17.731,
          "percentiles": {
            "p25": 14.946666666666667,
            "p50": 15.670333333333334,
            "p75": 17.137666666666668
          }
        },
        "rtt_max_ms": {
          "min": 31.685,
          "average": 39.13022222222222,
          "max": 43.149,
          "percentiles": {
            "p25": 35.2,
            "p50": 39.66866666666667,
            "p75": 42.522
          }
        },
        "rtt_mdev_ms": {
          "min": 8.477,
          "average": 9.690444444444443,
          "max": 10.377,
          "percentiles": {
            "p25": 9.292333333333334,
            "p50": 9.739666666666666,
            "p75": 10.039333333333333
          }
        },
        "packet_loss_percent": {
          "min": 3.0,
          "average": 6.0,
          "max": 10.0,
          "percentiles": {
            "p25": 5.0,
            "p50": 6.0,
            "p75": 7.0
          }
        }
      }
    },
    "Mycelium": {
      "status": "success",
      "data": {
        "rtt_min_ms": {
          "min": 1.372,
          "average": 10.269944444444445,
          "max": 27.582,
          "percentiles": {
            "p25": 10.096416666666666,
            "p50": 10.298166666666667,
            "p75": 10.41525
          }
        },
        "rtt_avg_ms": {
          "min": 18.77,
          "average": 33.04888888888889,
          "max": 54.226,
          "percentiles": {
            "p25": 27.811,
            "p50": 32.902,
            "p75": 38.43366666666667
          }
        },
        "rtt_max_ms": {
          "min": 154.994,
          "average": 260.20705555555554,
          "max": 448.085,
          "percentiles": {
            "p25": 188.92441666666664,
            "p50": 249.60916666666665,
            "p75": 342.0875833333333
          }
        },
        "rtt_mdev_ms": {
          "min": 19.796,
          "average": 35.54266666666667,
          "max": 55.845,
          "percentiles": {
            "p25": 21.468833333333333,
            "p50": 32.949,
            "p75": 52.21016666666667
          }
        },
        "packet_loss_percent": {
          "min": 0.0,
          "average": 11.111111111111112,
          "max": 100.0,
          "percentiles": {
            "p25": 0.0,
            "p50": 0.0,
            "p75": 33.333333333333336
          }
        }
      }
    },
    "Easytier": {
      "status": "success",
      "data": {
        "rtt_min_ms": {
          "min": 1.093,
          "average": 1.2323333333333333,
          "max": 1.514,
          "percentiles": {
            "p25": 1.167,
            "p50": 1.2176666666666667,
            "p75": 1.3123333333333334
          }
        },
        "rtt_avg_ms": {
          "min": 15.14,
          "average": 26.60088888888889,
          "max": 39.183,
          "percentiles": {
            "p25": 22.52466666666667,
            "p50": 25.942333333333334,
            "p75": 31.33566666666667
          }
        },
        "rtt_max_ms": {
          "min": 40.053,
          "average": 290.1885555555556,
          "max": 518.457,
          "percentiles": {
            "p25": 179.468,
            "p50": 303.571,
            "p75": 387.52666666666664
          }
        },
        "rtt_mdev_ms": {
          "min": 9.08,
          "average": 44.61077777777778,
          "max": 82.227,