{
    "status": "success",
    "data": {
        "Mycelium": {
            "status": "success",
            "data": {
                "rtt_min_ms": {
                    "min": 0.914,
                    "average": 26.118555555555556,
                    "max": 50.941,
                    "percentiles": {
                        "p25": 26.0,
                        "p50": 26.160666666666668,
                        "p75": 26.195
                    }
                },
                "rtt_avg_ms": {
                    "min": 21.701,
                    "average": 53.16466666666667,
                    "max": 84.483,
                    "percentiles": {
                        "p25": 46.407333333333334,
                        "p50": 55.07266666666667,
                        "p75": 58.014
                    }
                },
                "rtt_max_ms": {
                    "min": 222.725,
                    "average": 351.25033333333334,
                    "max": 537.379,
                    "percentiles": {
                        "p25": 270.6913333333333,
                        "p50": 350.1406666666667,
                        "p75": 432.91900000000004
                    }
                },
                "rtt_mdev_ms": {
                    "min": 31.816,
                    "average": 49.73233333333334,
                    "max": 71.97,
                    "percentiles": {
                        "p25": 34.382666666666665,
                        "p50": 51.917,
                        "p75": 62.897333333333336
                    }
                },
                "packet_loss_percent": {
                    "min": 0.0,
                    "average": 0.0,
                    "max": 0.0,
                    "percentiles": {
                        "p25": 0.0,
                        "p50": 0.0,
                        "p75": 0.0
                    }
                }
            }
        },
        "Hyprspace": {
            "status": "success",
            "data": {
                "rtt_min_ms": {
                    "min": 1.188,
                    "average": 1.6153333333333333,
                    "max": 1.899,
                    "percentiles": {
                        "p25": 1.502,
                        "p50": 1.6496666666666666,
                        "p75": 1.6943333333333332
                    }
                },
                "rtt_avg_ms": {
                    "min": 18.238,
                    "average": 21.197777777777777,
                    "max": 24.881,
                    "percentiles": {
                        "p25": 19.110333333333333,
                        "p50": 20.726,
                        "p75": 23.757
                    }
                },
                "rtt_max_ms": {
                    "min": 91.659,
                    "average": 118.66511111111112,
                    "max": 184.675,
                    "percentiles": {
                        "p25": 96.62666666666667,
                        "p50": 103.79133333333333,
                        "p75": 155.57733333333334
                    }
                },
                "rtt_mdev_ms": {
                    "min": 13.452,
                    "average": 20.75488888888889,
                    "max": 27.559,
                    "percentiles": {
                        "p25": 17.29866666666667,
                        "p50": 20.18,
                        "p75": 24.786
                    }
                },
                "packet_loss_percent": {
                    "min": 0.0,
                    "average": 0.0,
                    "max": 0.0,
                    "percentiles": {
                        "p25": 0.0,
                        "p50": 0.0,
                        "p75": 0.0
                    }
                }
            }
        },
        "Zerotier": {
            "status": "success",
            "data": {
                "rtt_min_ms": {
                    "min": 1.036,
                    "average": 1.136111111111111,
                    "max": 1.26,
                    "percentiles": {
                        "p25": 1.076,
                        "p50": 1.1493333333333333,
                        "p75": 1.183
                    }
                },
                "rtt_avg_ms": {
                    "min": 14.26,
                    "average": 16.002444444444443,
                    "max": 16.81,
                    "percentiles": {
                        "p25": 15.191666666666666,
                        "p50": 16.277333333333335,
                        "p75": 16.538333333333334
                    }
                },
                "rtt_max_ms": {
                    "min": 39.453,
                    "average": 40.562,
                    "max": 42.675,
                    "percentiles": {
                        "p25": 39.809000000000005,
                        "p50": 40.45633333333333,
                        "p75": 41.42066666666666
                    }
                },
                "rtt_mdev_ms": {
                    "min": 9.432,
                    "average": 9.905777777777779,
                    "max": 10.745,
                    "percentiles": {
                        "p25": 9.647666666666666,
                        "p50": 9.831333333333333,
                        "p75": 10.238333333333333
                    }
                },
                "packet_loss_percent": {
                    "min": 2.0,
                    "average": 5.777777777777778,
                    "max": 8.0,
                    "percentiles": {
                        "p25": 4.333333333333333,
                        "p50": 6.0,
                        "p75": 7.0
                    }
                }
            }
        },
        "VpnCloud": {
            "status": "success",
            "data": {
                "rtt_min_ms": {
                    "min": 0.809,
                    "average": 0.9707777777777779,
                    "max": 1.229,
                    "percentiles": {
                        "p25": 0.9216666666666667,
                        "p50": 0.9616666666666667,
                        "p75": 1.0290000000000001
                    }
                },
                "rtt_avg_ms": {
                    "min": 13.954,
                    "average": 16.33488888888889,
                    "max": 17.475,
                    "percentiles": {
                        "p25": 15.476666666666668,
                        "p50": 16.244,
                        "p75": 17.284
                    }
                },
                "rtt_max_ms": {
                    "min": 33.626,
                    "average": 38.06188888888889,
                    "max": 42.148,
                    "percentiles": {
                        "p25": 36.151666666666664,
                        "p50": 36.73566666666667,
                        "p75": 41.29833333333333
                    }
                },
                "rtt_mdev_ms": {
                    "min": 9.328,
                    "average": 10.024333333333333,
                    "max": 11.007,
                    "percentiles": {
                        "p25": 9.496666666666666,
                        "p50": 9.919666666666666,
                        "p75": 10.656666666666666
                    }
                },
                "packet_loss_percent": {
                    "min": 2.0,
                    "average": 4.0,
                    "max": 5.0,
                    "percentiles": {
                        "p25": 3.3333333333333335,
                        "p50": 3.6666666666666665,
                        "p75": 5.0
                    }
                }
            }
        },
        "Wireguard": {
            "status": "success",
            "data": {
                "rtt_min_ms": {
                    "min": 0.877,
                    "average": 1.0976666666666666,
                    "max": 1.299,