{
    "status": "success",
    "data": {
        "Tinc": {
            "status": "success",
            "data": {
                "total_bandwidth_mbps": {
                    "min": 21.409,
                    "average": 23.357566666666667,
                    "max": 25.538999999999998,
                    "percentiles": {
                        "p25": 22.808583333333335,
                        "p50": 23.369333333333334,
                        "p75": 23.891583333333337
                    }
                },
                "cpu_usage_percent": {
                    "min": 0.0,
                    "average": 3.5806944444444446,
                    "max": 34.41,
                    "percentiles": {
                        "p25": 2.006666666666667,
                        "p50": 2.973333333333333,
                        "p75": 4.383333333333333
                    }
                },
                "ttfb_ms": {
                    "min": 32.0,
                    "average": 90.20833333333333,
                    "max": 228.0,
                    "percentiles": {
                        "p25": 62.25,
                        "p50": 86.83333333333333,
                        "p75": 111.83333333333333
                    }
                },
                "conn_time_ms": {
                    "min": 32.0,
                    "average": 84.54166666666667,
                    "max": 226.0,
                    "percentiles": {
                        "p25": 58.333333333333336,
                        "p50": 78.5,
                        "p75": 109.5
                    }
                }
            }
        },
        "Mycelium": {
            "status": "success",
            "data": {
                "total_bandwidth_mbps": {
                    "min": 0.42160000000000003,
                    "average": 2.0926963888888888,
                    "max": 5.0309,
                    "percentiles": {
                        "p25": 1.6053300000000001,
                        "p50": 2.0120766666666667,
                        "p75": 2.5060479166666667
                    }
                },
                "cpu_usage_percent": {
                    "min": 0.0,
                    "average": 0.675038379204893,
                    "max": 57.01,
                    "percentiles": {
                        "p25": 0.0,
                        "p50": 0.3333333333333333,
                        "p75": 0.6666666666666666
                    }
                },
                "ttfb_ms": {
                    "min": 63.0,
                    "average": 739.5,
                    "max": 3267.0,
                    "percentiles": {
                        "p25": 211.25,
                        "p50": 446.1666666666667,
                        "p75": 1265.5833333333333
                    }
                },
                "conn_time_ms": {
                    "min": 31.0,
                    "average": 234.75,
                    "max": 1082.0,
                    "percentiles": {
                        "p25": 59.25,
                        "p50": 105.83333333333333,
                        "p75": 449.25
                    }
                }
            }
        },
        "Headscale": {
            "status": "error",
            "error_type": "ClanError",
            "error": {
                "description": "list index out of range",
                "msg": "Unexpected general Exception occured",
                "location": "NoneType: None\n"
            },
            "machine": "0_lom"
        },
        "Hyprspace": {
            "status": "success",
            "data": {
                "total_bandwidth_mbps": {
                    "min": 1.58845,
                    "average": 2.0544019666666666,
                    "max": 2.6093,
                    "percentiles": {
                        "p25": 1.9161125,
                        "p50": 2.0623033333333334,
                        "p75": 2.1825091666666667
                    }
                },
                "cpu_usage_percent": {
                    "min": 0.0,
                    "average": 1.4785833333333334,
                    "max": 89.0,
                    "percentiles": {
                        "p25": 0.0,
                        "p50": 1.0033333333333334,
                        "p75": 1.34
                    }
                },
                "ttfb_ms": {
                    "min": 68.0,
                    "average": 356.2083333333333,
                    "max": 1018.0,
                    "percentiles": {
                        "p25": 169.91666666666666,
                        "p50": 325.3333333333333,
                        "p75": 515.75
                    }
                },
                "conn_time_ms": {
                    "min": 38.0,
                    "average": 239.45833333333334,
                    "max": 775.0,
                    "percentiles": {
                        "p25": 114.66666666666667,
                        "p50": 209.5,
                        "p75": 349.4166666666667
                    }
                }
            }
        },
        "Zerotier": {
            "status": "success",
            "data": {
                "total_bandwidth_mbps": {
                    "min": 21.762999999999998,
                    "average": 23.037377777777778,
                    "max": 24.93,
                    "percentiles": {
                        "p25": 22.4815,
                        "p50": 22.934166666666666,
                        "p75": 23.51533333333333
                    }
                },
                "cpu_usage_percent": {
                    "min": 0.0,
                    "average": 5.425152777777778,
                    "max": 26.04,
                    "percentiles": {
                        "p25": 3.37,
                        "p50": 4.773333333333333,
                        "p75": 6.713333333333333
                    }
                },
                "ttfb_ms": {
                    "min": 26.0,
                    "average": 86.95833333333333,
                    "max": 349.0,
                    "percentiles": {
                        "p25": 55.75,
                        "p50": 67.66666666666667,
                        "p75": 115.25
                    }
                },
                "conn_time_ms": {
                    "min": 11.0,
                    "average": 76.79166666666667,
                    "max": 336.0,
                    "percentiles": {
                        "p25": 45.25,
                        "p50": 56.333333333333336,
                        "p75": 108.08333333333333
                    }
                }
            }
        },
        "VpnCloud": {
            "status": "success",
            "data": {
                "total_bandwidth_mbps": {
                    "min": 21.909,
                    "average": 23.62338888888889,
                    "max": 25.787999999999997,
                    "percentiles": {
                        "p25": 23.118000000000002,
                        "p50": 23.635666666666665,
                        "p75": 24.093583333333335
                    }
                },
                "cpu_usage_percent": {
                    "min": 0.0,
                    "average": 3.059902777777778,
                    "max": 17.53,
                    "percentiles": {
                        "p25": 1.71,
                        "p50": 2.78,
                        "p75": 4.328333333333333
                    }
                },
                "ttfb_ms": {
                    "min": 24.0,
                    "average": 83.75,
                    "max": 313.0,
                    "percentiles": {
                        "p25": 36.083333333333336,
                        "p50": 71.0,
                        "p75": 123.41666666666667
                    }
                },
                "conn_time_ms": {
                    "min": 23.0,