{
    "status": "success",
    "data": {
        "VpnCloud": {
            "status": "success",
            "data": {
                "total_bandwidth_mbps": {
                    "min": 21.752000000000002,
                    "average": 23.39351111111111,
                    "max": 25.387999999999998,
                    "percentiles": {
                        "p25": 22.896083333333333,
                        "p50": 23.3945,
                        "p75": 23.880833333333335
                    }
                },
                "cpu_usage_percent": {
                    "min": 0.0,
                    "average": 3.022763888888889,
                    "max": 20.21,
                    "percentiles": {
                        "p25": 2.0083333333333333,
                        "p50": 2.4716666666666667,
                        "p75": 3.73
                    }
                },
                "ttfb_ms": {
                    "min": 9.0,
                    "average": 91.20833333333333,
                    "max": 312.0,
                    "percentiles": {
                        "p25": 39.333333333333336,
                        "p50": 54.166666666666664,
                        "p75": 141.25
                    }
                },
                "conn_time_ms": {
                    "min": 8.0,
                    "average": 77.54166666666667,
                    "max": 282.0,
                    "percentiles": {
                        "p25": 32.0,
                        "p50": 48.5,
                        "p75": 130.5
                    }
                }
            }
        },
        "Zerotier": {
            "status": "success",
            "data": {
                "total_bandwidth_mbps": {
                    "min": 20.966,
                    "average": 23.048144444444443,
                    "max": 24.93,
                    "percentiles": {
                        "p25": 22.568666666666665,
                        "p50": 23.054166666666667,
                        "p75": 23.500000000000004
                    }
                },
                "cpu_usage_percent": {
                    "min": 0.0,
                    "average": 5.4297361111111115,
                    "max": 25.26,
                    "percentiles": {
                        "p25": 3.4166666666666665,
                        "p50": 4.7299999999999995,
                        "p75": 6.759166666666666
                    }
                },
                "ttfb_ms": {
                    "min": 13.0,
                    "average": 97.04166666666667,
                    "max": 515.0,
                    "percentiles": {
                        "p25": 40.0,
                        "p50": 73.66666666666667,
                        "p75": 139.41666666666666
                    }
                },
                "conn_time_ms": {
                    "min": 11.0,
                    "average": 88.20833333333333,
                    "max": 503.0,
                    "percentiles": {
                        "p25": 32.0,
                        "p50": 64.83333333333333,
                        "p75": 127.83333333333333
                    }
                }
            }
        },
        "Yggdrasil": {
            "status": "success",
            "data": {
                "total_bandwidth_mbps": {
                    "min": 1.3719999999999999,
                    "average": 2.174491111111111,
                    "max": 4.830299999999999,
                    "percentiles": {
                        "p25": 1.9252589166666667,
                        "p50": 2.1088533333333332,
                        "p75": 2.35548475
                    }
                },
                "cpu_usage_percent": {
                    "min": 0.0,
                    "average": 2.7638892117751093,
                    "max": 8.04,
                    "percentiles": {
                        "p25": 2.033333333333333,
                        "p50": 2.723333333333333,
                        "p75": 3.3858333333333333
                    }
                },
                "ttfb_ms": {
                    "min": 26.0,
                    "average": 308.9166666666667,
                    "max": 1305.0,
                    "percentiles": {
                        "p25": 96.5,
                        "p50": 156.0,
                        "p75": 558.5833333333334
                    }
                },
                "conn_time_ms": {
                    "min": 10.0,
                    "average": 165.33333333333334,
                    "max": 739.0,
                    "percentiles": {
                        "p25": 32.833333333333336,
                        "p50": 62.666666666666664,
                        "p75": 267.25
                    }
                }
            }
        },
        "Mycelium": {
            "status": "success",
            "data": {
                "total_bandwidth_mbps": {
                    "min": 0.79423,
                    "average": 2.2878937777777777,
                    "max": 4.46721,
                    "percentiles": {
                        "p25": 1.7478591666666667,
                        "p50": 2.2749533333333334,
                        "p75": 2.8556025
                    }
                },
                "cpu_usage_percent": {
                    "min": 0.0,
                    "average": 0.7032142779683284,
                    "max": 59.0,
                    "percentiles": {
                        "p25": 0.0,
                        "p50": 0.0,
                        "p75": 0.9391666666666667
                    }
                },
                "ttfb_ms": {
                    "min": 27.0,
                    "average": 764.875,
                    "max": 4603.0,
                    "percentiles": {
                        "p25": 233.25,
                        "p50": 338.1666666666667,
                        "p75": 1163.9166666666667
                    }
                },
                "conn_time_ms": {
                    "min": 22.0,
                    "average": 239.58333333333334,
                    "max": 1461.0,
                    "percentiles": {
                        "p25": 87.5,
                        "p50": 115.83333333333333,
                        "p75": 319.75
                    }
                }
            }
        },
        "Easytier": {
            "status": "success",
            "data": {
                "total_bandwidth_mbps": {
                    "min": 0.48041999999999996,
                    "average": 8.081307055555556,
                    "max": 26.564,
                    "percentiles": {
                        "p25": 5.501855833333334,
                        "p50": 9.525895000000002,
                        "p75": 10.384909166666668
                    }
                },
                "cpu_usage_percent": {
                    "min": 0.0,
                    "average": 1.7432653848160853,
                    "max": 19.39,
                    "percentiles": {
                        "p25": 0.34,
                        "p50": 1.6,
                        "p75": 2.688333333333333
                    }
                },
                "ttfb_ms": {
                    "min": 36.0,
                    "average": 549.1666666666666,
                    "max": 2190.0,
                    "percentiles": {
                        "p25": 145.16666666666666,
                        "p50": 373.6666666666667,
                        "p75": 1109.0
                    }
                },
                "conn_time_ms": {
                    "min": 10.0,
                    "average": 148.73611111111111,
                    "max": 751.0,
                    "percentiles": {
                        "p25": 30.583333333333332,
                        "p50": 86.83333333333333,
                        "p75": 302.75
                    }
                }
            }
        },