{
    "status": "success",
    "data": {
        "Mycelium": {
            "status": "success",
            "data": {
                "total_bandwidth_mbps": {
                    "min": 0.42160000000000003,
                    "average": 2.0926963888888888,
                    "max": 5.0309,
                    "percentiles": {
                        "p25": 1.6053300000000001,
                        "p50": 2.0120766666666667,
                        "p75": 2.5060479166666667
                    }
                },
                "cpu_usage_percent": {
                    "min": 0.0,
                    "average": 0.675038379204893,
                    "max": 57.01,
                    "percentiles": {
                        "p25": 0.0,
                        "p50": 0.3333333333333333,
                        "p75": 0.6666666666666666
                    }
                },
                "ttfb_ms": {
                    "min": 63.0,
                    "average": 739.5,
                    "max": 3267.0,
                    "percentiles": {
                        "p25": 211.25,
                        "p50": 446.1666666666667,
                        "p75": 1265.5833333333333
                    }
                },
                "conn_time_ms": {
                    "min": 31.0,
                    "average": 234.75,
                    "max": 1082.0,
                    "percentiles": {
                        "p25": 59.25,
                        "p50": 105.83333333333333,
                        "p75": 449.25
                    }
                }
            }
        },
        "Hyprspace": {
            "status": "success",
            "data": {
                "total_bandwidth_mbps": {
                    "min": 1.58845,
                    "average": 2.0544019666666666,
                    "max": 2.6093,
                    "percentiles": {
                        "p25": 1.9161125,
                        "p50": 2.0623033333333334,
                        "p75": 2.1825091666666667
                    }
                },
                "cpu_usage_percent": {
                    "min": 0.0,
                    "average": 1.4785833333333334,
                    "max": 89.0,
                    "percentiles": {
                        "p25": 0.0,
                        "p50": 1.0033333333333334,
                        "p75": 1.34
                    }
                },
                "ttfb_ms": {
                    "min": 68.0,
                    "average": 356.2083333333333,
                    "max": 1018.0,
                    "percentiles": {
                        "p25": 169.91666666666666,
                        "p50": 325.3333333333333,
                        "p75": 515.75
                    }
                },
                "conn_time_ms": {
                    "min": 38.0,
                    "average": 239.45833333333334,
                    "max": 775.0,
                    "percentiles": {
                        "p25": 114.66666666666667,
                        "p50": 209.5,
                        "p75": 349.4166666666667
                    }
                }
            }
        },
        "Zerotier": {
            "status": "success",
            "data": {
                "total_bandwidth_mbps": {
                    "min": 21.762999999999998,
                    "average": 23.037377777777778,
                    "max": 24.93,
                    "percentiles": {
                        "p25": 22.4815,
                        "p50": 22.934166666666666,
                        "p75": 23.51533333333333
                    }
                },
                "cpu_usage_percent": {
                    "min": 0.0,
                    "average": 5.425152777777778,
                    "max": 26.04,
                    "percentiles": {
                        "p25": 3.37,
                        "p50": 4.773333333333333,
                        "p75": 6.713333333333333
                    }
                },
                "ttfb_ms": {
                    "min": 26.0,
                    "average": 86.95833333333333,
                    "max": 349.0,
                    "percentiles": {
                        "p25": 55.75,
                        "p50": 67.66666666666667,
                        "p75": 115.25
                    }
                },
                "conn_time_ms": {
                    "min": 11.0,
                    "average": 76.79166666666667,
                    "max": 336.0,
                    "percentiles": {
                        "p25": 45.25,
                        "p50": 56.333333333333336,
                        "p75": 108.08333333333333
                    }
                }
            }
        },
        "VpnCloud": {
            "status": "success",
            "data": {
                "total_bandwidth_mbps": {
                    "min": 21.909,
                    "average": 23.62338888888889,
                    "max": 25.787999999999997,
                    "percentiles": {
                        "p25": 23.118000000000002,
                        "p50": 23.635666666666665,
                        "p75": 24.093583333333335
                    }
                },
                "cpu_usage_percent": {
                    "min": 0.0,
                    "average": 3.059902777777778,
                    "max": 17.53,
                    "percentiles": {
                        "p25": 1.71,
                        "p50": 2.78,
                        "p75": 4.328333333333333
                    }
                },
                "ttfb_ms": {
                    "min": 24.0,
                    "average": 83.75,
                    "max": 313.0,
                    "percentiles": {
                        "p25": 36.083333333333336,
                        "p50": 71.0,
                        "p75": 123.41666666666667
                    }
                },
                "conn_time_ms": {
                    "min": 23.0,
                    "average": 72.04166666666667,
                    "max": 312.0,
                    "percentiles": {
                        "p25": 30.666666666666668,
                        "p50": 51.833333333333336,
                        "p75": 106.91666666666667
                    }
                }
            }
        },
        "Wireguard": {
            "status": "success",
            "data": {
                "total_bandwidth_mbps": {
                    "min": 21.629,
                    "average": 23.237516666666664,
                    "max": 24.794999999999998,
                    "percentiles": {
                        "p25": 22.5965,
                        "p50": 23.14025,
                        "p75": 23.7245
                    }
                },
                "cpu_usage_percent": {
                    "min": 0.0,
                    "average": 5.293854166666667,
                    "max": 11.58,
                    "percentiles": {
                        "p25": 3.615,
                        "p50": 5.1899999999999995,
                        "p75": 6.733750000000001
                    }
                },
                "ttfb_ms": {
                    "min": 27.0,
                    "average": 95.5625,
                    "max": 236.0,
                    "percentiles": {
                        "p25": 36.875,
                        "p50": 91.25,
                        "p75": 138.625
                    }
                },
                "conn_time_ms": {
                    "min": 14.0,
                    "average": 84.5,
                    "max": 222.0,
                    "percentiles": {
                        "p25": 27.875,
                        "p50": 85.5,
                        "p75": 119.875
                    }
                }
            }
        },
        "Yggdrasil": {
            "status": "success",