{
    "status": "success",
    "data": {
        "Mycelium": {
            "status": "success",
            "data": {
                "sender_throughput_mbps": {
                    "min": 2.062060758712964,
                    "average": 2.318374695970551,
                    "max": 2.6562492729558786,
                    "percentiles": {
                        "p25": 2.318374695970551,
                        "p50": 2.318374695970551,
                        "p75": 2.318374695970551
                    }
                },
                "receiver_throughput_mbps": {
                    "min": 1.6010519027072811,
                    "average": 1.7192132759704957,
                    "max": 1.916396813730044,
                    "percentiles": {
                        "p25": 1.7192132759704957,
                        "p50": 1.7192132759704957,
                        "p75": 1.7192132759704957
                    }
                },
                "retransmits": {
                    "min": 0.0,
                    "average": 0.0,
                    "max": 0.0,
                    "percentiles": {
                        "p25": 0.0,
                        "p50": 0.0,
                        "p75": 0.0
                    }
                }
            }
        },
        "Hyprspace": {
            "status": "success",
            "data": {
                "sender_throughput_mbps": {
                    "min": 1.3630640628507595,
                    "average": 1.537820823437606,
                    "max": 1.8523678144767302,
                    "percentiles": {
                        "p25": 1.537820823437606,
                        "p50": 1.537820823437606,
                        "p75": 1.537820823437606
                    }
                },
                "receiver_throughput_mbps": {
                    "min": 1.3224095786716765,
                    "average": 1.374144182618139,
                    "max": 1.4738786014913907,
                    "percentiles": {
                        "p25": 1.374144182618139,
                        "p50": 1.374144182618139,
                        "p75": 1.374144182618139
                    }
                },
                "retransmits": {
                    "min": 18.0,
                    "average": 43.0,
                    "max": 69.0,
                    "percentiles": {
                        "p25": 43.0,
                        "p50": 43.0,
                        "p75": 43.0
                    }
                }
            }
        },
        "Zerotier": {
            "status": "success",
            "data": {
                "sender_throughput_mbps": {
                    "min": 3.110588623976653,
                    "average": 3.460105725575704,
                    "max": 3.6348956556505643,
                    "percentiles": {
                        "p25": 3.460105725575704,
                        "p50": 3.460105725575704,
                        "p75": 3.460105725575704
                    }
                },
                "receiver_throughput_mbps": {
                    "min": 3.0755753495176976,
                    "average": 3.4237034981839947,
                    "max": 3.598779744705767,
                    "percentiles": {
                        "p25": 3.4237034981839947,
                        "p50": 3.4237034981839947,
                        "p75": 3.4237034981839947
                    }
                },
                "retransmits": {
                    "min": 561.0,
                    "average": 601.3333333333334,
                    "max": 636.0,
                    "percentiles": {
                        "p25": 601.3333333333334,
                        "p50": 601.3333333333334,
                        "p75": 601.3333333333334
                    }
                }
            }
        },
        "VpnCloud": {
            "status": "success",
            "data": {
                "sender_throughput_mbps": {
                    "min": 0.034950138083869986,
                    "average": 1.782488324370894,
                    "max": 2.7261874620265343,
                    "percentiles": {
                        "p25": 1.782488324370894,
                        "p50": 1.782488324370894,
                        "p75": 1.782488324370894
                    }
                },
                "receiver_throughput_mbps": {
                    "min": 0.0,
                    "average": 1.7464510363315868,
                    "max": 2.6902030754611332,
                    "percentiles": {
                        "p25": 1.7464510363315868,
                        "p50": 1.7464510363315868,
                        "p75": 1.7464510363315868
                    }
                },
                "retransmits": {
                    "min": 29.0,
                    "average": 673.6666666666666,
                    "max": 1043.0,
                    "percentiles": {
                        "p25": 673.6666666666666,
                        "p50": 673.6666666666666,
                        "p75": 673.6666666666666
                    }
                }
            }
        },
        "Wireguard": {
            "status": "success",
            "data": {
                "sender_throughput_mbps": {
                    "min": 2.551360590359659,
                    "average": 2.6562186426793875,
                    "max": 2.726116585858699,
                    "percentiles": {
                        "p25": 2.6562186426793875,
                        "p50": 2.6562186426793875,
                        "p75": 2.6562186426793875
                    }
                },
                "receiver_throughput_mbps": {
                    "min": 2.515575498980275,
                    "average": 2.619517463168031,
                    "max": 2.6897725359830464,
                    "percentiles": {
                        "p25": 2.619517463168031,
                        "p50": 2.619517463168031,
                        "p75": 2.619517463168031
                    }
                },
                "retransmits": {
                    "min": 743.0,
                    "average": 804.3333333333334,
                    "max": 842.0,
                    "percentiles": {
                        "p25": 804.3333333333334,
                        "p50": 804.3333333333334,
                        "p75": 804.3333333333334
                    }
                }
            }
        },
        "Yggdrasil": {
            "status": "success",
            "data": {
                "sender_throughput_mbps": {
                    "min": 2.9707699556959137,
                    "average": 3.168825366852391,
                    "max": 3.42512083864298,
                    "percentiles": {
                        "p25": 3.168825366852391,
                        "p50": 3.168825366852391,
                        "p75": 3.168825366852391
                    }
                },
                "receiver_throughput_mbps": {
                    "min": 2.36237209091991,
                    "average": 2.6268106237054254,
                    "max": 2.866892167993163,
                    "percentiles": {
                        "p25": 2.6268106237054254,
                        "p50": 2.6268106237054254,
                        "p75": 2.6268106237054254
                    }
                },
                "retransmits": {
                    "min": 51.0,
                    "average": 54.333333333333336,
                    "max": 58.0,
                    "percentiles": {
                        "p25": 54.333333333333336,
                        "p50": 54.333333333333336,
                        "p75": 54.333333333333336
                    }
                }
            }
        },
        "Internal": {
            "status": "success",
            "data": {
                "sender_throughput_mbps": {
                    "min": 3.9493895614653938,