{
    "status": "success",
    "data": {
        "vpn_installation_seconds": 3097.8637166300905,
        "tc_stabilization_seconds": 240.16095051905722,
        "test_execution_seconds": 5404.623774290085,
        "vpn_restart_seconds": 668.5413069725037,
        "connectivity_wait_seconds": 1284.3096613883972,
        "other_overhead_seconds": 0.0,
        "total_seconds": 10695.499409800133
    }
}