{
    "status": "success",
    "data": {
        "vpn_installation_seconds": 4504.124611684994,
        "tc_stabilization_seconds": 330.13658499704616,
        "test_execution_seconds": 54203.34925079346,
        "vpn_restart_seconds": 1242.676570892334,
        "connectivity_wait_seconds": 2158.3860812187195,
        "other_overhead_seconds": 0.0,
        "total_seconds": 62438.67309958655
    }
}