{
  "status": "success",
  "data": {
    "vpn_installation_seconds": 2683.110339378036,
    "tc_stabilization_seconds": 330.2766276518814,
    "test_execution_seconds": 19730.14429998398,
    "vpn_restart_seconds": 942.980749130249,
    "connectivity_wait_seconds": 1581.329002380371,
    "other_overhead_seconds": 0.0,
    "total_seconds": 25267.841018524516
  }
}
