{
    "status": "success",
    "data": {
        "vpn_installation_seconds": 2793.638592780946,
        "tc_stabilization_seconds": 330.32655663596233,
        "test_execution_seconds": 34087.98881793022,
        "vpn_restart_seconds": 985.5991113185883,
        "connectivity_wait_seconds": 1924.2290062904358,
        "other_overhead_seconds": 0.0,
        "total_seconds": 40121.782084956154
    }
}