{
    "status": "success",
    "data": {
        "Tinc": {
            "status": "success",
            "data": {
                "total_duration_seconds": {
                    "min": 5722.5530854460085,
                    "average": 5722.5530854460085,
                    "max": 5722.5530854460085,
                    "percentiles": {
                        "p25": 5722.5530854460085,
                        "p50": 5722.5530854460085,
                        "p75": 5722.5530854460085
                    }
                },
                "vpn_installation_seconds": {
                    "min": 300.3024334599904,
                    "average": 300.3024334599904,
                    "max": 300.3024334599904,
                    "percentiles": {
                        "p25": 300.3024334599904,
                        "p50": 300.3024334599904,
                        "p75": 300.3024334599904
                    }
                },
                "benchmarking_seconds": {
                    "min": 5422.2061202739715,
                    "average": 5422.2061202739715,
                    "max": 5422.2061202739715,
                    "percentiles": {
                        "p25": 5422.2061202739715,
                        "p50": 5422.2061202739715,
                        "p75": 5422.2061202739715
                    }
                }
            }
        },
        "Mycelium": {
            "status": "success",
            "data": {
                "total_duration_seconds": {
                    "min": 7981.088337298992,
                    "average": 7981.088337298992,
                    "max": 7981.088337298992,
                    "percentiles": {
                        "p25": 7981.088337298992,
                        "p50": 7981.088337298992,
                        "p75": 7981.088337298992
                    }
                },
                "vpn_installation_seconds": {
                    "min": 356.52159520200803,
                    "average": 356.52159520200803,
                    "max": 356.52159520200803,
                    "percentiles": {
                        "p25": 356.52159520200803,
                        "p50": 356.52159520200803,
                        "p75": 356.52159520200803
                    }
                },
                "benchmarking_seconds": {
                    "min": 7624.524117307999,
                    "average": 7624.524117307999,
                    "max": 7624.524117307999,
                    "percentiles": {
                        "p25": 7624.524117307999,
                        "p50": 7624.524117307999,
                        "p75": 7624.524117307999
                    }
                }
            }
        },
        "Headscale": {
            "status": "success",
            "data": {
                "total_duration_seconds": {
                    "min": 3466.5607897480077,
                    "average": 3466.5607897480077,
                    "max": 3466.5607897480077,
                    "percentiles": {
                        "p25": 3466.5607897480077,
                        "p50": 3466.5607897480077,
                        "p75": 3466.5607897480077
                    }
                },
                "vpn_installation_seconds": {
                    "min": 355.3903826769965,
                    "average": 355.3903826769965,
                    "max": 355.3903826769965,
                    "percentiles": {
                        "p25": 355.3903826769965,
                        "p50": 355.3903826769965,
                        "p75": 355.3903826769965
                    }
                },
                "benchmarking_seconds": {
                    "min": 3111.1418027790205,
                    "average": 3111.1418027790205,
                    "max": 3111.1418027790205,
                    "percentiles": {
                        "p25": 3111.1418027790205,
                        "p50": 3111.1418027790205,
                        "p75": 3111.1418027790205
                    }
                }
            }
        },
        "Hyprspace": {
            "status": "success",
            "data": {
                "total_duration_seconds": {
                    "min": 4582.575607183011,
                    "average": 4582.575607183011,
                    "max": 4582.575607183011,
                    "percentiles": {
                        "p25": 4582.575607183011,
                        "p50": 4582.575607183011,
                        "p75": 4582.575607183011
                    }
                },
                "vpn_installation_seconds": {
                    "min": 338.2252622849919,
                    "average": 338.2252622849919,
                    "max": 338.2252622849919,
                    "percentiles": {
                        "p25": 338.2252622849919,
                        "p50": 338.2252622849919,
                        "p75": 338.2252622849919
                    }
                },
                "benchmarking_seconds": {
                    "min": 4244.304192861993,
                    "average": 4244.304192861993,
                    "max": 4244.304192861993,
                    "percentiles": {
                        "p25": 4244.304192861993,
                        "p50": 4244.304192861993,
                        "p75": 4244.304192861993
                    }
                }
            }
        },
        "Zerotier": {
            "status": "success",
            "data": {
                "total_duration_seconds": {
                    "min": 4600.026438148008,
                    "average": 4600.026438148008,
                    "max": 4600.026438148008,
                    "percentiles": {
                        "p25": 4600.026438148008,
                        "p50": 4600.026438148008,
                        "p75": 4600.026438148008
                    }
                },
                "vpn_installation_seconds": {
                    "min": 375.16172543399443,
                    "average": 375.16172543399443,
                    "max": 375.16172543399443,
                    "percentiles": {
                        "p25": 375.16172543399443,
                        "p50": 375.16172543399443,
                        "p75": 375.16172543399443
                    }
                },
                "benchmarking_seconds": {
                    "min": 4224.828911628007,
                    "average": 4224.828911628007,
                    "max": 4224.828911628007,
                    "percentiles": {
                        "p25": 4224.828911628007,
                        "p50": 4224.828911628007,
                        "p75": 4224.828911628007
                    }
                }
            }
        },
        "VpnCloud": {
            "status": "success",
            "data": {
                "total_duration_seconds": {
                    "min": 6134.884570727998,
                    "average": 6134.884570727998,
                    "max": 6134.884570727998,
                    "percentiles": {
                        "p25": 6134.884570727998,
                        "p50": 6134.884570727998,
                        "p75": 6134.884570727998
                    }
                },
                "vpn_installation_seconds": {
                    "min": 411.5077180340013,
                    "average": 411.5077180340013,
                    "max": 411.5077180340013,
                    "percentiles": {
                        "p25": 411.5077180340013,
                        "p50": 411.5077180340013,
                        "p75": 411.5077180340013
                    }
                },
                "benchmarking_seconds": {
                    "min": 5723.34256239899,
                    "average": 5723.34256239899,
                    "max": 5723.34256239899,
                    "percentiles": {
                        "p25": 5723.34256239899,
                        "p50": 5723.34256239899,