{
    "status": "success",
    "data": {
        "Tinc": {
            "status": "success",
            "data": {
                "total_duration_seconds": {
                    "min": 5711.297314701951,
                    "average": 5711.297314701951,
                    "max": 5711.297314701951,
                    "percentiles": {
                        "p25": 5711.297314701951,
                        "p50": 5711.297314701951,
                        "p75": 5711.297314701951
                    }
                },
                "vpn_installation_seconds": {
                    "min": 300.3024334599904,
                    "average": 300.3024334599904,
                    "max": 300.3024334599904,
                    "percentiles": {
                        "p25": 300.3024334599904,
                        "p50": 300.3024334599904,
                        "p75": 300.3024334599904
                    }
                },
                "benchmarking_seconds": {
                    "min": 5410.994881241961,
                    "average": 5410.994881241961,
                    "max": 5410.994881241961,
                    "percentiles": {
                        "p25": 5410.994881241961,
                        "p50": 5410.994881241961,
                        "p75": 5410.994881241961
                    }
                }
            }
        },
        "Mycelium": {
            "status": "success",
            "data": {
                "total_duration_seconds": {
                    "min": 7906.521408768487,
                    "average": 7906.521408768487,
                    "max": 7906.521408768487,
                    "percentiles": {
                        "p25": 7906.521408768487,
                        "p50": 7906.521408768487,
                        "p75": 7906.521408768487
                    }
                },
                "vpn_installation_seconds": {
                    "min": 356.52159520200803,
                    "average": 356.52159520200803,
                    "max": 356.52159520200803,
                    "percentiles": {
                        "p25": 356.52159520200803,
                        "p50": 356.52159520200803,
                        "p75": 356.52159520200803
                    }
                },
                "benchmarking_seconds": {
                    "min": 7549.999813566479,
                    "average": 7549.999813566479,
                    "max": 7549.999813566479,
                    "percentiles": {
                        "p25": 7549.999813566479,
                        "p50": 7549.999813566479,
                        "p75": 7549.999813566479
                    }
                }
            }
        },
        "Headscale": {
            "status": "success",
            "data": {
                "total_duration_seconds": {
                    "min": 3450.217597654817,
                    "average": 3450.217597654817,
                    "max": 3450.217597654817,
                    "percentiles": {
                        "p25": 3450.217597654817,
                        "p50": 3450.217597654817,
                        "p75": 3450.217597654817
                    }
                },
                "vpn_installation_seconds": {
                    "min": 355.3903826769965,
                    "average": 355.3903826769965,
                    "max": 355.3903826769965,
                    "percentiles": {
                        "p25": 355.3903826769965,
                        "p50": 355.3903826769965,
                        "p75": 355.3903826769965
                    }
                },
                "benchmarking_seconds": {
                    "min": 3094.8272149778204,
                    "average": 3094.8272149778204,
                    "max": 3094.8272149778204,
                    "percentiles": {
                        "p25": 3094.8272149778204,
                        "p50": 3094.8272149778204,
                        "p75": 3094.8272149778204
                    }
                }
            }
        },
        "Hyprspace": {
            "status": "success",
            "data": {
                "total_duration_seconds": {
                    "min": 4566.883015271276,
                    "average": 4566.883015271276,
                    "max": 4566.883015271276,
                    "percentiles": {
                        "p25": 4566.883015271276,
                        "p50": 4566.883015271276,
                        "p75": 4566.883015271276
                    }
                },
                "vpn_installation_seconds": {
                    "min": 338.2252622849919,
                    "average": 338.2252622849919,
                    "max": 338.2252622849919,
                    "percentiles": {
                        "p25": 338.2252622849919,
                        "p50": 338.2252622849919,
                        "p75": 338.2252622849919
                    }
                },
                "benchmarking_seconds": {
                    "min": 4228.657752986284,
                    "average": 4228.657752986284,
                    "max": 4228.657752986284,
                    "percentiles": {
                        "p25": 4228.657752986284,
                        "p50": 4228.657752986284,
                        "p75": 4228.657752986284
                    }
                }
            }
        },
        "Zerotier": {
            "status": "success",
            "data": {
                "total_duration_seconds": {
                    "min": 4584.8958971204265,
                    "average": 4584.8958971204265,
                    "max": 4584.8958971204265,
                    "percentiles": {
                        "p25": 4584.8958971204265,
                        "p50": 4584.8958971204265,
                        "p75": 4584.8958971204265
                    }
                },
                "vpn_installation_seconds": {
                    "min": 375.16172543399443,
                    "average": 375.16172543399443,
                    "max": 375.16172543399443,
                    "percentiles": {
                        "p25": 375.16172543399443,
                        "p50": 375.16172543399443,
                        "p75": 375.16172543399443
                    }
                },
                "benchmarking_seconds": {
                    "min": 4209.734171686432,
                    "average": 4209.734171686432,
                    "max": 4209.734171686432,
                    "percentiles": {
                        "p25": 4209.734171686432,
                        "p50": 4209.734171686432,
                        "p75": 4209.734171686432
                    }
                }
            }
        },
        "VpnCloud": {
            "status": "success",
            "data": {
                "total_duration_seconds": {
                    "min": 6088.716016404738,
                    "average": 6088.716016404738,
                    "max": 6088.716016404738,
                    "percentiles": {
                        "p25": 6088.716016404738,
                        "p50": 6088.716016404738,
                        "p75": 6088.716016404738
                    }
                },
                "vpn_installation_seconds": {
                    "min": 411.5077180340013,
                    "average": 411.5077180340013,
                    "max": 411.5077180340013,
                    "percentiles": {
                        "p25": 411.5077180340013,
                        "p50": 411.5077180340013,
                        "p75": 411.5077180340013
                    }
                },
                "benchmarking_seconds": {
                    "min": 5677.208298370737,
                    "average": 5677.208298370737,
                    "max": 5677.208298370737,
                    "percentiles": {
                        "p25": 5677.208298370737,
                        "p50": 5677.208298370737,