{
    "status": "success",
    "data": {
        "VpnCloud": {
            "status": "success",
            "data": {
                "total_duration_seconds": {
                    "min": 5632.754084701301,
                    "average": 5632.754084701301,
                    "max": 5632.754084701301,
                    "percentiles": {
                        "p25": 5632.754084701301,
                        "p50": 5632.754084701301,
                        "p75": 5632.754084701301
                    }
                },
                "vpn_installation_seconds": {
                    "min": 199.86118695198093,
                    "average": 199.86118695198093,
                    "max": 199.86118695198093,
                    "percentiles": {
                        "p25": 199.86118695198093,
                        "p50": 199.86118695198093,
                        "p75": 199.86118695198093
                    }
                },
                "benchmarking_seconds": {
                    "min": 5432.89289774932,
                    "average": 5432.89289774932,
                    "max": 5432.89289774932,
                    "percentiles": {
                        "p25": 5432.89289774932,
                        "p50": 5432.89289774932,
                        "p75": 5432.89289774932
                    }
                }
            }
        },
        "Zerotier": {
            "status": "success",
            "data": {
                "total_duration_seconds": {
                    "min": 4794.59338101343,
                    "average": 4794.59338101343,
                    "max": 4794.59338101343,
                    "percentiles": {
                        "p25": 4794.59338101343,
                        "p50": 4794.59338101343,
                        "p75": 4794.59338101343
                    }
                },
                "vpn_installation_seconds": {
                    "min": 140.36717361898627,
                    "average": 140.36717361898627,
                    "max": 140.36717361898627,
                    "percentiles": {
                        "p25": 140.36717361898627,
                        "p50": 140.36717361898627,
                        "p75": 140.36717361898627
                    }
                },
                "benchmarking_seconds": {
                    "min": 4654.226207394444,
                    "average": 4654.226207394444,
                    "max": 4654.226207394444,
                    "percentiles": {
                        "p25": 4654.226207394444,
                        "p50": 4654.226207394444,
                        "p75": 4654.226207394444
                    }
                }
            }
        },
        "Yggdrasil": {
            "status": "success",
            "data": {
                "total_duration_seconds": {
                    "min": 5796.015828710573,
                    "average": 5796.015828710573,
                    "max": 5796.015828710573,
                    "percentiles": {
                        "p25": 5796.015828710573,
                        "p50": 5796.015828710573,
                        "p75": 5796.015828710573
                    }
                },
                "vpn_installation_seconds": {
                    "min": 105.10492371895816,
                    "average": 105.10492371895816,
                    "max": 105.10492371895816,
                    "percentiles": {
                        "p25": 105.10492371895816,
                        "p50": 105.10492371895816,
                        "p75": 105.10492371895816
                    }
                },
                "benchmarking_seconds": {
                    "min": 5690.910904991615,
                    "average": 5690.910904991615,
                    "max": 5690.910904991615,
                    "percentiles": {
                        "p25": 5690.910904991615,
                        "p50": 5690.910904991615,
                        "p75": 5690.910904991615
                    }
                }
            }
        },
        "Tinc": {
            "status": "success",
            "data": {
                "total_duration_seconds": {
                    "min": 5528.688845474622,
                    "average": 5528.688845474622,
                    "max": 5528.688845474622,
                    "percentiles": {
                        "p25": 5528.688845474622,
                        "p50": 5528.688845474622,
                        "p75": 5528.688845474622
                    }
                },
                "vpn_installation_seconds": {
                    "min": 271.0695731040323,
                    "average": 271.0695731040323,
                    "max": 271.0695731040323,
                    "percentiles": {
                        "p25": 271.0695731040323,
                        "p50": 271.0695731040323,
                        "p75": 271.0695731040323
                    }
                },
                "benchmarking_seconds": {
                    "min": 5257.61927237059,
                    "average": 5257.61927237059,
                    "max": 5257.61927237059,
                    "percentiles": {
                        "p25": 5257.61927237059,
                        "p50": 5257.61927237059,
                        "p75": 5257.61927237059
                    }
                }
            }
        },
        "Mycelium": {
            "status": "success",
            "data": {
                "total_duration_seconds": {
                    "min": 5448.026838907856,
                    "average": 5448.026838907856,
                    "max": 5448.026838907856,
                    "percentiles": {
                        "p25": 5448.026838907856,
                        "p50": 5448.026838907856,
                        "p75": 5448.026838907856
                    }
                },
                "vpn_installation_seconds": {
                    "min": 170.74955472297734,
                    "average": 170.74955472297734,
                    "max": 170.74955472297734,
                    "percentiles": {
                        "p25": 170.74955472297734,
                        "p50": 170.74955472297734,
                        "p75": 170.74955472297734
                    }
                },
                "benchmarking_seconds": {
                    "min": 5277.277284184878,
                    "average": 5277.277284184878,
                    "max": 5277.277284184878,
                    "percentiles": {
                        "p25": 5277.277284184878,
                        "p50": 5277.277284184878,
                        "p75": 5277.277284184878
                    }
                }
            }
        },
        "Easytier": {
            "status": "success",
            "data": {
                "total_duration_seconds": {
                    "min": 3813.021470650041,
                    "average": 3813.021470650041,
                    "max": 3813.021470650041,
                    "percentiles": {
                        "p25": 3813.021470650041,
                        "p50": 3813.021470650041,
                        "p75": 3813.021470650041
                    }
                },
                "vpn_installation_seconds": {
                    "min": 575.0861779090483,
                    "average": 575.0861779090483,
                    "max": 575.0861779090483,
                    "percentiles": {
                        "p25": 575.0861779090483,
                        "p50": 575.0861779090483,
                        "p75": 575.0861779090483
                    }
                },
                "benchmarking_seconds": {
                    "min": 3237.9352927409927,
                    "average": 3237.9352927409927,
                    "max": 3237.9352927409927,
                    "percentiles": {
                        "p25": 3237.9352927409927,
                        "p50": 3237.9352927409927,