{
  "status": "success",
  "data": {
    "VpnCloud": {
      "status": "success",
      "data": {
        "total_duration_seconds": {
          "min": 1520.7087870012328,
          "average": 1520.7087870012328,
          "max": 1520.7087870012328,
          "percentiles": {
            "p25": 1520.7087870012328,
            "p50": 1520.7087870012328,
            "p75": 1520.7087870012328
          }
        },
        "vpn_installation_seconds": {
          "min": 470.8838348010031,
          "average": 470.8838348010031,
          "max": 470.8838348010031,
          "percentiles": {
            "p25": 470.8838348010031,
            "p50": 470.8838348010031,
            "p75": 470.8838348010031
          }
        },
        "benchmarking_seconds": {
          "min": 1049.8249522002297,
          "average": 1049.8249522002297,
          "max": 1049.8249522002297,
          "percentiles": {
            "p25": 1049.8249522002297,
            "p50": 1049.8249522002297,
            "p75": 1049.8249522002297
          }
        }
      }
    },
    "Zerotier": {
      "status": "success",
      "data": {
        "total_duration_seconds": {
          "min": 928.812218773819,
          "average": 928.812218773819,
          "max": 928.812218773819,
          "percentiles": {
            "p25": 928.812218773819,
            "p50": 928.812218773819,
            "p75": 928.812218773819
          }
        },
        "vpn_installation_seconds": {
          "min": 125.449467643979,
          "average": 125.449467643979,
          "max": 125.449467643979,
          "percentiles": {
            "p25": 125.449467643979,
            "p50": 125.449467643979,
            "p75": 125.449467643979
          }
        },
        "benchmarking_seconds": {
          "min": 803.36275112984,
          "average": 803.36275112984,
          "max": 803.36275112984,
          "percentiles": {
            "p25": 803.36275112984,
            "p50": 803.36275112984,
            "p75": 803.36275112984
          }
        }
      }
    },
    "Yggdrasil": {
      "status": "success",
      "data": {
        "total_duration_seconds": {
          "min": 1602.274953017186,
          "average": 1602.274953017186,
          "max": 1602.274953017186,
          "percentiles": {
            "p25": 1602.274953017186,
            "p50": 1602.274953017186,
            "p75": 1602.274953017186
          }
        },
        "vpn_installation_seconds": {
          "min": 117.16207056498388,
          "average": 117.16207056498388,
          "max": 117.16207056498388,
          "percentiles": {
            "p25": 117.16207056498388,
            "p50": 117.16207056498388,
            "p75": 117.16207056498388
          }
        },
        "benchmarking_seconds": {
          "min": 1485.112882452202,
          "average": 1485.112882452202,
          "max": 1485.112882452202,
          "percentiles": {
            "p25": 1485.112882452202,
            "p50": 1485.112882452202,
            "p75": 1485.112882452202
          }
        }
      }
    },
    "Tinc": {
      "status": "success",
      "data": {
        "total_duration_seconds": {
          "min": 5528.688845474622,
          "average": 5528.688845474622,
          "max": 5528.688845474622,
          "percentiles": {
            "p25": 5528.688845474622,
            "p50": 5528.688845474622,
            "p75": 5528.688845474622
          }
        },
        "vpn_installation_seconds": {
          "min": 271.0695731040323,
          "average": 271.0695731040323,
          "max": 271.0695731040323,
          "percentiles": {
            "p25": 271.0695731040323,
            "p50": 271.0695731040323,
            "p75": 271.0695731040323
          }
        },
        "benchmarking_seconds": {
          "min": 5257.61927237059,
          "average": 5257.61927237059,
          "max": 5257.61927237059,
          "percentiles": {
            "p25": 5257.61927237059,
            "p50": 5257.61927237059,
            "p75": 5257.61927237059
          }
        }
      }
    },
    "Mycelium": {
      "status": "success",
      "data": {
        "total_duration_seconds": {
          "min": 1800.9736738002393,
          "average": 1800.9736738002393,
          "max": 1800.9736738002393,
          "percentiles": {
            "p25": 1800.9736738002393,
            "p50": 1800.9736738002393,
            "p75": 1800.9736738002393
          }
        },
        "vpn_installation_seconds": {
          "min": 179.71665217302507,
          "average": 179.71665217302507,
          "max": 179.71665217302507,
          "percentiles": {
            "p25": 179.71665217302507,
            "p50": 179.71665217302507,
            "p75": 179.71665217302507
          }
        },
        "benchmarking_seconds": {
          "min": 1621.2570216272143,
          "average": 1621.2570216272143,
          "max": 1621.2570216272143,
          "percentiles": {
            "p25": 1621.2570216272143,
            "p50": 1621.2570216272143,
            "p75": 1621.2570216272143
          }
        }
      }
    },
    "Easytier": {
      "status": "success",
      "data": {
        "total_duration_seconds": {
          "min": 1562.7518611171981,
          "average": 1562.7518611171981,
          "max": 1562.7518611171981,
          "percentiles": {
            "p25": 1562.7518611171981,
            "p50": 1562.7518611171981,
            "p75": 1562.7518611171981
          }
        },
        "vpn_installation_seconds": {
          "min": 480.9655881350045,
          "average": 480.9655881350045,
          "max": 480.9655881350045,
          "percentiles": {
            "p25": 480.9655881350045,
            "p50": 480.9655881350045,
            "p75": 480.9655881350045
          }
        },
        "benchmarking_seconds": {
          "min": 1081.7862729821936,
          "average": 1081.7862729821936,
          "max": 1081.7862729821936,
          "percentiles": {
            "p25": 1081.7862729821936,
            "p50": 1081.7862729821936,
            "p75": 1081.7862729821936
          }
        }
      }
    },
    "Internal": {
      "status": "success",
      "data": {
        "total_duration_seconds": {
          "min": 644.499687665666,
          "average": 644.499687665666,
          "max": 644.499687665666,
          "percentiles": {
            "p25": 644.499687665666,
            "p50": 644.499687665666,
            "p75": 644.499687665666
          }
        },
        "vpn_installation_seconds": {
          "min": 124.82578271999955,
          "average": 124.82578271999955,
          "max": 124.82578271999955,
          "percentiles": {
            "p25": 124.82578271999955,
            "p50": 124.82578271999955,
            "p75": 124.82578271999955
          }
        },
        "benchmarking_seconds": {
          "min": 519.6739049456664,
          "average": 519.6739049456664,
          "max": 519.6739049456664,
          "percentiles": {
            "p25": 519.6739049456664,
            "p50": 519.6739049456664,
            "p75": 519.6739049456664
          }
        }
      }
    },
    "Hyprspace": {
      "status": "success",
      "data": {
        "total_duration_seconds": {
          "min": 1355.8866793071502,
          "average": 1355.8866793071502,
          "max": 1355.8866793071502,
          "percentiles": {
            "p25": 1355.8866793071502,
            "p50": 1355.8866793071502,
            "p75": 1355.8866793071502
          }
        },
        "vpn_installation_seconds": {
          "min": 117.65267275401857,
          "average": 117.65267275401857,
          "max": 117.65267275401857,
          "percentiles": {
            "p25": 117.65267275401857,
            "p50": 117.65267275401857,
            "p75": 117.65267275401857
          }
        },
        "benchmarking_seconds": {
          "min": 1238.2340065531316,
          "average": 1238.2340065531316,
          "max": 1238.2340065531316,