{
  "status": "success",
  "data": {
    "VpnCloud": {
      "status": "success",
      "data": {
        "bitrate_kbps": {
          "min": 3301.8,
          "average": 3348.063793103448,
          "max": 3498.9,
          "percentiles": {
            "p25": 3320.8999999999996,
            "p50": 3334.25,
            "p75": 3357.35
          }
        },
        "fps": {
          "min": 31.0,
          "average": 32.13793103448276,
          "max": 45.0,
          "percentiles": {
            "p25": 31.0,
            "p50": 31.0,
            "p75": 32.0
          }
        },
        "dropped_frames": {
          "min": 15.0,
          "average": 15.0,
          "max": 15.0,
          "percentiles": {
            "p25": 15.0,
            "p50": 15.0,
            "p75": 15.0
          }
        },
        "quality": {
          "min": 70.0,
          "average": 80.13457661290323,
          "max": 100.0,
          "percentiles": {
            "p25": 77.5,
            "p50": 79.0,
            "p75": 81.375
          }
        },
        "rtt_ms": {
          "min": 6.837635539458161,
          "average": 18.457013360986117,
          "max": 26.440948032895246,
          "percentiles": {
            "p25": 16.54382993149307,
            "p50": 18.220825721711016,
            "p75": 20.359595134112787
          }
        },
        "packets_recovered": {
          "min": 0.0,
          "average": 82.66229838709677,
          "max": 201.0,
          "percentiles": {
            "p25": 69.0,
            "p50": 82.0,
            "p75": 98.375
          }
        },
        "packets_dropped": {
          "min": 0.0,
          "average": 1762.3316532258063,
          "max": 55502.0,
          "percentiles": {
            "p25": 0.0,
            "p50": 0.0,
            "p75": 0.0
          }
        }
      }
    },
    "Zerotier": {
      "status": "success",
      "data": {
        "bitrate_kbps": {
          "min": 3303.8,
          "average": 3351.596551724138,
          "max": 3523.0,
          "percentiles": {
            "p25": 3323.633333333333,
            "p50": 3336.4,
            "p75": 3361.633333333333
          }
        },
        "fps": {
          "min": 30.0,
          "average": 32.1264367816092,
          "max": 45.0,
          "percentiles": {
            "p25": 31.0,
            "p50": 31.0,
            "p75": 32.0
          }
        },
        "dropped_frames": {
          "min": 15.0,
          "average": 15.333333333333334,
          "max": 16.0,
          "percentiles": {
            "p25": 15.333333333333334,
            "p50": 15.333333333333334,
            "p75": 15.333333333333334
          }
        },
        "quality": {
          "min": 70.0,
          "average": 80.15053763440861,
          "max": 100.0,
          "percentiles": {
            "p25": 77.33333333333333,
            "p50": 79.66666666666667,
            "p75": 81.66666666666667
          }
        },
        "rtt_ms": {
          "min": 6.72855140679777,
          "average": 18.2230058621052,
          "max": 24.869370329271447,
          "percentiles": {
            "p25": 16.575510019440586,
            "p50": 18.514234868781685,
            "p75": 20.384738171445786
          }
        },
        "packets_recovered": {
          "min": 0.0,
          "average": 82.56989247311827,
          "max": 203.0,
          "percentiles": {
            "p25": 67.66666666666667,
            "p50": 82.33333333333333,
            "p75": 97.33333333333333
          }
        },
        "packets_dropped": {
          "min": 0.0,
          "average": 596.6774193548387,
          "max": 55491.0,
          "percentiles": {
            "p25": 0.0,
            "p50": 0.0,
            "p75": 0.0
          }
        }
      }
    },
    "Yggdrasil": {
      "status": "success",
      "data": {
        "bitrate_kbps": {
          "min": 3295.8,
          "average": 3350.937931034483,
          "max": 3506.7,
          "percentiles": {
            "p25": 3324.2833333333333,
            "p50": 3338.133333333333,
            "p75": 3358.4833333333336
          }
        },
        "fps": {
          "min": 30.0,
          "average": 32.08045977011494,
          "max": 45.0,
          "percentiles": {
            "p25": 31.0,
            "p50": 31.0,
            "p75": 32.0
          }
        },
        "dropped_frames": {
          "min": 15.0,
          "average": 15.333333333333334,
          "max": 16.0,
          "percentiles": {
            "p25": 15.333333333333334,
            "p50": 15.333333333333334,
            "p75": 15.333333333333334
          }
        },
        "quality": {
          "min": 28.0,
          "average": 43.27956989247312,
          "max": 100.0,
          "percentiles": {
            "p25": 36.666666666666664,
            "p50": 41.0,
            "p75": 47.333333333333336
          }
        },
        "rtt_ms": {
          "min": 7.486332461925785,
          "average": 72.24767534953284,
          "max": 112.62123539016714,
          "percentiles": {
            "p25": 68.80595687153514,
            "p50": 75.89470223713788,
            "p75": 82.47768233725661
          }
        },
        "packets_recovered": {
          "min": 0.0,
          "average": 100.36559139784946,
          "max": 165.0,
          "percentiles": {
            "p25": 85.0,
            "p50": 104.66666666666667,
            "p75": 121.66666666666667
          }
        },
        "packets_dropped": {
          "min": 0.0,
          "average": 2240.7096774193546,
          "max": 65613.0,
          "percentiles": {
            "p25": 99.33333333333333,
            "p50": 139.33333333333334,
            "p75": 174.33333333333334
          }
        }
      }
    },
    "Tinc": {
      "status": "success",
      "data": {
        "bitrate_kbps": {
          "min": 3291.8,
          "average": 3349.4080459770116,
          "max": 3505.5,
          "percentiles": {
            "p25": 3322.233333333333,
            "p50": 3335.733333333333,
            "p75": 3358.0833333333335
          }
        },
        "fps": {
          "min": 31.0,
          "average": 32.13793103448276,
          "max": 45.0,
          "percentiles": {
            "p25": 31.0,
            "p50": 31.0,
            "p75": 32.0
          }
        },
        "dropped_frames": {
          "min": 15.0,
          "average": 15.0,
          "max": 15.0,
          "percentiles": {
            "p25": 15.0,
            "p50": 15.0,
            "p75": 15.0
          }
        },
        "quality": {
          "min": 36.0,
          "average": 77.79569892473118,
          "max": 100.0,
          "percentiles": {
            "p25": 73.33333333333333,
            "p50": 78.66666666666667,
            "p75": 82.0
          }
        },
        "rtt_ms": {
          "min": 5.0,
          "average": 50.910281158143064,
          "max": 385.29469981957953,
          "percentiles": {
            "p25": 16.701486957486132,
            "p50": 21.06799477931573,
            "p75": 90.89846398509387
          }
        },
        "packets_recovered": {
          "min": 0.0,
          "average": 76.0752688172043,
          "max": 201.0,
          "percentiles": {
            "p25": 53.0,
            "p50": 79.66666666666667,
            "p75": 95.33333333333333
          }
        },
        "packets_dropped": {
          "min": 0.0,
          "average": 1838.6774193548388,
          "max": 58803.0,
          "percentiles": {
            "p25": 0.0,
            "p50": 0.0,
            "p75": 34.333333333333336
          }
        }
      }
    },
    "Mycelium": {
      "status": "success",
      "data": {
        "bitrate_kbps": {
          "min": 3305.3,
          "average": 3349.733333333333,
          "max": 3519.4,
          "percentiles": {
            "p25": 3323.3333333333335,
            "p50": 3336.4,
            "p75": 3357.9
          }
        },
        "fps": {
          "min": 31.0,