{
    "status": "success",
    "data": {
        "Tinc": {
            "status": "success",
            "data": {
                "bitrate_kbps": {
                    "min": 1909.1,
                    "average": 1988.596551724138,
                    "max": 2013.2,
                    "percentiles": {
                        "p25": 1981.9333333333334,
                        "p50": 1989.7666666666667,
                        "p75": 1997.9333333333334
                    }
                },
                "fps": {
                    "min": 31.0,
                    "average": 32.13793103448276,
                    "max": 45.0,
                    "percentiles": {
                        "p25": 31.0,
                        "p50": 31.0,
                        "p75": 32.0
                    }
                },
                "dropped_frames": {
                    "min": 15.0,
                    "average": 15.0,
                    "max": 15.0,
                    "percentiles": {
                        "p25": 15.0,
                        "p50": 15.0,
                        "p75": 15.0
                    }
                }
            }
        },
        "Mycelium": {
            "status": "success",
            "data": {
                "bitrate_kbps": {
                    "min": 1908.1,
                    "average": 1988.3333333333333,
                    "max": 2012.4,
                    "percentiles": {
                        "p25": 1981.7833333333333,
                        "p50": 1989.6666666666667,
                        "p75": 1997.7
                    }
                },
                "fps": {
                    "min": 31.0,
                    "average": 32.13793103448276,
                    "max": 45.0,
                    "percentiles": {
                        "p25": 31.0,
                        "p50": 31.0,
                        "p75": 32.0
                    }
                },
                "dropped_frames": {
                    "min": 14.0,
                    "average": 14.666666666666666,
                    "max": 15.0,
                    "percentiles": {
                        "p25": 14.666666666666666,
                        "p50": 14.666666666666666,
                        "p75": 14.666666666666666
                    }
                }
            }
        },
        "Headscale": {
            "status": "success",
            "data": {
                "bitrate_kbps": {
                    "min": 1907.1,
                    "average": 1988.7344827586207,
                    "max": 2014.5,
                    "percentiles": {
                        "p25": 1982.2,
                        "p50": 1989.9,
                        "p75": 1997.7833333333333
                    }
                },
                "fps": {
                    "min": 31.0,
                    "average": 32.14942528735632,
                    "max": 45.0,
                    "percentiles": {
                        "p25": 31.0,
                        "p50": 31.0,
                        "p75": 32.0
                    }
                },
                "dropped_frames": {
                    "min": 15.0,
                    "average": 15.0,
                    "max": 15.0,
                    "percentiles": {
                        "p25": 15.0,
                        "p50": 15.0,
                        "p75": 15.0
                    }
                }
            }
        },
        "Hyprspace": {
            "status": "success",
            "data": {
                "bitrate_kbps": {
                    "min": 1903.1,
                    "average": 1988.4091954022988,
                    "max": 2014.5,
                    "percentiles": {
                        "p25": 1981.8666666666666,
                        "p50": 1989.7,
                        "p75": 1997.7833333333333
                    }
                },
                "fps": {
                    "min": 31.0,
                    "average": 32.13793103448276,
                    "max": 45.0,
                    "percentiles": {
                        "p25": 31.0,
                        "p50": 31.0,
                        "p75": 32.0
                    }
                },
                "dropped_frames": {
                    "min": 15.0,
                    "average": 15.0,
                    "max": 15.0,
                    "percentiles": {
                        "p25": 15.0,
                        "p50": 15.0,
                        "p75": 15.0
                    }
                }
            }
        },
        "Zerotier": {
            "status": "success",
            "data": {
                "bitrate_kbps": {
                    "min": 1900.1,
                    "average": 1987.528735632184,
                    "max": 2011.1,
                    "percentiles": {
                        "p25": 1981.3666666666666,
                        "p50": 1989.2333333333333,
                        "p75": 1997.0
                    }
                },
                "fps": {
                    "min": 31.0,
                    "average": 32.13793103448276,
                    "max": 45.0,
                    "percentiles": {
                        "p25": 31.0,
                        "p50": 31.0,
                        "p75": 32.0
                    }
                },
                "dropped_frames": {
                    "min": 15.0,
                    "average": 15.0,
                    "max": 15.0,
                    "percentiles": {
                        "p25": 15.0,
                        "p50": 15.0,
                        "p75": 15.0
                    }
                }
            }
        },
        "VpnCloud": {
            "status": "success",
            "data": {
                "bitrate_kbps": {
                    "min": 1782.7,
                    "average": 1980.0862068965519,
                    "max": 2011.9,
                    "percentiles": {
                        "p25": 1974.8333333333333,
                        "p50": 1984.6333333333334,
                        "p75": 1992.4
                    }
                },
                "fps": {
                    "min": 31.0,
                    "average": 32.13793103448276,
                    "max": 45.0,
                    "percentiles": {
                        "p25": 31.0,
                        "p50": 31.0,
                        "p75": 32.0
                    }
                },
                "dropped_frames": {
                    "min": 15.0,
                    "average": 15.0,
                    "max": 15.0,
                    "percentiles": {
                        "p25": 15.0,
                        "p50": 15.0,
                        "p75": 15.0
                    }
                }
            }
        },
        "Nebula": {
            "status": "success",
            "data": {
                "bitrate_kbps": {
                    "min": 1767.7,
                    "average": 1970.6022988505747,
                    "max": 2011.9,
                    "percentiles": {
                        "p25": 1966.9666666666667,
                        "p50": 1980.0666666666666,
                        "p75": 1986.8
                    }
                },
                "fps": {
                    "min": 31.0,
                    "average": 32.13793103448276,
                    "max": 45.0,
                    "percentiles": {
                        "p25": 31.0,
                        "p50": 31.0,
                        "p75": 32.0
                    }
                },
                "dropped_frames": {
                    "min": 15.0,
                    "average": 15.0,
                    "max": 15.0,
                    "percentiles": {
                        "p25": 15.0,
                        "p50": 15.0,
                        "p75": 15.0
                    }
                }
            }
        },