{
  "status": "success",
  "data": {
    "rtt_min_ms": {
      "min": 1.612,
      "average": 1.9653333333333334,
      "max": 2.348,
      "percentiles": {
        "p25": 1.612,
        "p50": 1.936,
        "p75": 2.348
      }
    },
    "rtt_avg_ms": {
      "min": 5.122,
      "average": 5.261666666666667,
      "max": 5.409,
      "percentiles": {
        "p25": 5.122,
        "p50": 5.254,
        "p75": 5.409
      }
    },
    "rtt_max_ms": {
      "min": 8.696,
      "average": 8.838333333333333,
      "max": 9.095,
      "percentiles": {
        "p25": 8.696,
        "p50": 8.724,
        "p75": 9.095
      }
    },
    "rtt_mdev_ms": {
      "min": 1.579,
      "average": 1.6546666666666667,
      "max": 1.7,
      "percentiles": {
        "p25": 1.579,
        "p50": 1.685,
        "p75": 1.7
      }
    },
    "packet_loss_percent": {
      "min": 0.0,
      "average": 0.0,
      "max": 0.0,
      "percentiles": {
        "p25": 0.0,
        "p50": 0.0,
        "p75": 0.0
      }
    }
  },
  "meta": {
    "duration_seconds": 60.42243313789368,
    "test_attempts": 1,
    "vpn_restart_attempts": 0
  }
}
