{
  "status": "success",
  "data": {
    "bitrate_kbps": {
      "min": 1777.7,
      "average": 1948.9655172413793,
      "max": 1973.7,
      "percentiles": {
        "p25": 1945.9499999999998,
        "p50": 1962.7,
        "p75": 1968.0
      }
    },
    "fps": {
      "min": 31.0,
      "average": 32.13793103448276,
      "max": 45.0,
      "percentiles": {
        "p25": 31.0,
        "p50": 31.0,
        "p75": 32.0
      }
    },
    "dropped_frames": {
      "min": 14.0,
      "average": 14.0,
      "max": 14.0,
      "percentiles": {
        "p25": 14.0,
        "p50": 14.0,
        "p75": 14.0
      }
    }
  },
  "meta": {
    "duration_seconds": 31.1792733669281,
    "test_attempts": 1,
    "vpn_restart_attempts": 0
  }
}
