{
  "status": "success",
  "data": {
    "rtt_min_ms": {
      "min": 1.234,
      "average": 1.5686666666666667,
      "max": 1.982,
      "percentiles": {
        "p25": 1.234,
        "p50": 1.49,
        "p75": 1.982
      }
    },
    "rtt_avg_ms": {
      "min": 5.025,
      "average": 5.092,
      "max": 5.225,
      "percentiles": {
        "p25": 5.025,
        "p50": 5.026,
        "p75": 5.225
      }
    },
    "rtt_max_ms": {
      "min": 8.593,
      "average": 8.796666666666667,
      "max": 8.959,
      "percentiles": {
        "p25": 8.593,
        "p50": 8.838,
        "p75": 8.959
      }
    },
    "rtt_mdev_ms": {
      "min": 1.652,
      "average": 1.6723333333333332,
      "max": 1.7,
      "percentiles": {
        "p25": 1.652,
        "p50": 1.665,
        "p75": 1.7
      }
    },
    "packet_loss_percent": {
      "min": 0.0,
      "average": 0.6666666666666666,
      "max": 2.0,
      "percentiles": {
        "p25": 0.0,
        "p50": 0.0,
        "p75": 2.0
      }
    }
  },
  "meta": {
    "duration_seconds": 60.686869382858276,
    "test_attempts": 1,
    "vpn_restart_attempts": 0
  }
}
