{
  "status": "success",
  "data": {
    "total_bandwidth_mbps": {
      "min": 44.69,
      "average": 46.28666666666667,
      "max": 49.74,
      "percentiles": {
        "p25": 45.1925,
        "p50": 46.31,
        "p75": 46.8925
      }
    },
    "cpu_usage_percent": {
      "min": 3.19,
      "average": 8.096666666666668,
      "max": 16.67,
      "percentiles": {
        "p25": 5.8950000000000005,
        "p50": 7.78,
        "p75": 9.447500000000002
      }
    },
    "ttfb_ms": {
      "min": 40.0,
      "average": 42.25,
      "max": 45.0,
      "percentiles": {
        "p25": 40.25,
        "p50": 42.0,
        "p75": 44.5
      }
    },
    "conn_time_ms": {
      "min": 35.0,
      "average": 37.75,
      "max": 40.0,
      "percentiles": {
        "p25": 35.25,
        "p50": 38.0,
        "p75": 40.0
      }
    }
  },
  "meta": {
    "duration_seconds": 31.27987051010132,
    "test_attempts": 1,
    "vpn_restart_attempts": 0
  }
}
