{
    "status": "success",
    "data": {
        "rtt_min_ms": {
            "min": 1.026,
            "average": 1.1426666666666667,
            "max": 1.245,
            "percentiles": {
                "p25": 1.026,
                "p50": 1.157,
                "p75": 1.245
            }
        },
        "rtt_avg_ms": {
            "min": 14.297,
            "average": 15.752333333333333,
            "max": 17.173,
            "percentiles": {
                "p25": 14.297,
                "p50": 15.787,
                "p75": 17.173
            }
        },
        "rtt_max_ms": {
            "min": 37.637,
            "average": 39.92133333333333,
            "max": 41.403,
            "percentiles": {
                "p25": 37.637,
                "p50": 40.724,
                "p75": 41.403
            }
        },
        "rtt_mdev_ms": {
            "min": 10.032,
            "average": 10.317333333333334,
            "max": 10.787,
            "percentiles": {
                "p25": 10.032,
                "p50": 10.133,
                "p75": 10.787
            }
        },
        "packet_loss_percent": {
            "min": 2.0,
            "average": 4.666666666666667,
            "max": 8.0,
            "percentiles": {
                "p25": 2.0,
                "p50": 4.0,
                "p75": 8.0
            }
        }
    },
    "meta": {
        "duration_seconds": 61.68686628341675,
        "test_attempts": 1,
        "vpn_restart_attempts": 0,
        "vpn_restart_duration_seconds": 2.0086286067962646,
        "connectivity_wait_duration_seconds": 4.873852729797363,
        "source": "yuki",
        "target": "luna"
    }
}