{
  "status": "success",
  "data": {
    "rtt_min_ms": {
      "min": 1.738,
      "average": 2.285,
      "max": 2.616,
      "percentiles": {
        "p25": 1.738,
        "p50": 2.501,
        "p75": 2.616
      }
    },
    "rtt_avg_ms": {
      "min": 5.747,
      "average": 5.834333333333333,
      "max": 5.998,
      "percentiles": {
        "p25": 5.747,
        "p50": 5.758,
        "p75": 5.998
      }
    },
    "rtt_max_ms": {
      "min": 8.728,
      "average": 9.19,
      "max": 9.658,
      "percentiles": {
        "p25": 8.728,
        "p50": 9.184,
        "p75": 9.658
      }
    },
    "rtt_mdev_ms": {
      "min": 1.513,
      "average": 1.6836666666666666,
      "max": 1.787,
      "percentiles": {
        "p25": 1.513,
        "p50": 1.751,
        "p75": 1.787
      }
    },
    "packet_loss_percent": {
      "min": 0.0,
      "average": 1.0,
      "max": 2.0,
      "percentiles": {
        "p25": 0.0,
        "p50": 1.0,
        "p75": 2.0
      }
    }
  },
  "meta": {
    "duration_seconds": 61.200228452682495,
    "test_attempts": 1,
    "vpn_restart_attempts": 0,
    "vpn_restart_duration_seconds": 4.8954784870147705,
    "connectivity_wait_duration_seconds": 3.8864498138427734,
    "source": "lom",
    "target": "yuki"
  }
}
