{
    "status": "success",
    "data": {
        "bitrate_kbps": {
            "min": 1906.1,
            "average": 1987.9103448275862,
            "max": 2010.2,
            "percentiles": {
                "p25": 1981.6,
                "p50": 1991.8,
                "p75": 1997.05
            }
        },
        "fps": {
            "min": 31.0,
            "average": 32.13793103448276,
            "max": 45.0,
            "percentiles": {
                "p25": 31.0,
                "p50": 31.0,
                "p75": 32.0
            }
        },
        "dropped_frames": {
            "min": 14.0,
            "average": 14.0,
            "max": 14.0,
            "percentiles": {
                "p25": 14.0,
                "p50": 14.0,
                "p75": 14.0
            }
        }
    },
    "meta": {
        "duration_seconds": 30.72964382171631,
        "test_attempts": 1,
        "vpn_restart_attempts": 0,
        "vpn_restart_duration_seconds": 6.184463739395142,
        "connectivity_wait_duration_seconds": 3.9334869384765625,
        "source": "lom",
        "target": "yuki"
    }
}