{
  "status": "success",
  "data": {
    "encoding": {
      "bitrate_kbps": {
        "min": 3309.8,
        "average": 3344.551724137931,
        "max": 3471.8,
        "percentiles": {
          "p25": 3323.0,
          "p50": 3331.5,
          "p75": 3348.7
        }
      },
      "fps": {
        "min": 31.0,
        "average": 32.13793103448276,
        "max": 45.0,
        "percentiles": {
          "p25": 31.0,
          "p50": 31.0,
          "p75": 32.0
        }
      },
      "dropped_frames": {
        "min": 15.0,
        "average": 15.0,
        "max": 15.0,
        "percentiles": {
          "p25": 15.0,
          "p50": 15.0,
          "p75": 15.0
        }
      }
    },
    "network": {
      "packets_dropped": {
        "min": 0.0,
        "average": 288.741935483871,
        "max": 361.0,
        "percentiles": {
          "p25": 268.0,
          "p50": 309.0,
          "p75": 321.0
        }
      },
      "packets_recovered": {
        "min": 0.0,
        "average": 0.16129032258064516,
        "max": 2.0,
        "percentiles": {
          "p25": 0.0,
          "p50": 0.0,
          "p75": 0.0
        }
      },
      "rtt_ms": {
        "min": 5.038594039255715,
        "average": 8.18952239292807,
        "max": 10.6067821941356,
        "percentiles": {
          "p25": 7.621357393432825,
          "p50": 8.23529674383994,
          "p75": 8.81789935755036
        }
      },
      "quality": {
        "min": 8.0,
        "average": 12.96774193548387,
        "max": 100.0,
        "percentiles": {
          "p25": 9.0,
          "p50": 9.0,
          "p75": 12.0
        }
      },
      "bitrate_bps": {
        "min": 0.0,
        "average": 148362.4193548387,
        "max": 255829.0,
        "percentiles": {
          "p25": 144029.0,
          "p50": 148725.0,
          "p75": 165740.0
        }
      }
    }
  },
  "meta": {
    "duration_seconds": 31.565691709518433,
    "test_attempts": 1,
    "vpn_restart_attempts": 0,
    "vpn_restart_duration_seconds": 5.216886281967163,
    "connectivity_wait_duration_seconds": 9.920625925064087,
    "source": "lom",
    "target": "yuki"
  }
}
