{
  "status": "success",
  "data": {
    "encoding": {
      "bitrate_kbps": {
        "min": 3306.8,
        "average": 3348.7655172413793,
        "max": 3498.3,
        "percentiles": {
          "p25": 3321.3,
          "p50": 3335.7,
          "p75": 3358.05
        }
      },
      "fps": {
        "min": 30.0,
        "average": 32.10344827586207,
        "max": 45.0,
        "percentiles": {
          "p25": 31.0,
          "p50": 31.0,
          "p75": 32.0
        }
      },
      "dropped_frames": {
        "min": 15.0,
        "average": 15.0,
        "max": 15.0,
        "percentiles": {
          "p25": 15.0,
          "p50": 15.0,
          "p75": 15.0
        }
      }
    },
    "network": {
      "packets_dropped": {
        "min": 0.0,
        "average": 1790.1935483870968,
        "max": 55496.0,
        "percentiles": {
          "p25": 0.0,
          "p50": 0.0,
          "p75": 0.0
        }
      },
      "packets_recovered": {
        "min": 0.0,
        "average": 38.87096774193548,
        "max": 100.0,
        "percentiles": {
          "p25": 26.0,
          "p50": 39.0,
          "p75": 47.0
        }
      },
      "rtt_ms": {
        "min": 4.99656865815267,
        "average": 12.275011967871443,
        "max": 14.473000170897704,
        "percentiles": {
          "p25": 11.519647240595795,
          "p50": 12.390320781277248,
          "p75": 13.21400769784727
        }
      },
      "quality": {
        "min": 83.0,
        "average": 89.45161290322581,
        "max": 100.0,
        "percentiles": {
          "p25": 88.0,
          "p50": 89.0,
          "p75": 92.0
        }
      },
      "bitrate_bps": {
        "min": 0.0,
        "average": 3155755.8387096776,
        "max": 5150471.0,
        "percentiles": {
          "p25": 2858292.0,
          "p50": 3544911.0,
          "p75": 3624618.0
        }
      }
    }
  },
  "meta": {
    "duration_seconds": 31.62883472442627,
    "test_attempts": 1,
    "vpn_restart_attempts": 0,
    "vpn_restart_duration_seconds": 0.0,
    "connectivity_wait_duration_seconds": 0.0,
    "source": "lom",
    "target": "yuki"
  }
}
