{
  "status": "success",
  "data": {
    "total_bandwidth_mbps": {
      "min": 1.03933,
      "average": 2.2660983333333333,
      "max": 3.8309999999999995,
      "percentiles": {
        "p25": 1.8265550000000002,
        "p50": 2.2368,
        "p75": 2.7791300000000003
      }
    },
    "cpu_usage_percent": {
      "min": 0.0,
      "average": 0.31446808510638297,
      "max": 3.67,
      "percentiles": {
        "p25": 0.0,
        "p50": 0.0,
        "p75": 0.8175000000000001
      }
    },
    "ttfb_ms": {
      "min": 88.0,
      "average": 961.25,
      "max": 4603.0,
      "percentiles": {
        "p25": 244.25,
        "p50": 345.5,
        "p75": 1149.25
      }
    },
    "conn_time_ms": {
      "min": 52.0,
      "average": 302.5,
      "max": 1461.0,
      "percentiles": {
        "p25": 75.75,
        "p50": 102.0,
        "p75": 355.5
      }
    }
  },
  "meta": {
    "duration_seconds": 59.3201789855957,
    "test_attempts": 1,
    "vpn_restart_attempts": 0,
    "vpn_restart_duration_seconds": 1.713747501373291,
    "connectivity_wait_duration_seconds": 70.73169803619385,
    "source": "yuki",
    "target": "luna"
  }
}
