{
  "start": {
    "connected": [
      {
        "socket": 7,
        "local_host": "45a:c364:38ee:d0cc:16a9:64f0:1381:7309",
        "local_port": 38892,
        "remote_host": "467:15fe:df14:f2cb:4fa2:6301:7b90:e1eb",
        "remote_port": 5201
      },
      {
        "socket": 9,
        "local_host": "45a:c364:38ee:d0cc:16a9:64f0:1381:7309",
        "local_port": 38904,
        "remote_host": "467:15fe:df14:f2cb:4fa2:6301:7b90:e1eb",
        "remote_port": 5201
      }
    ],
    "version": "iperf 3.18",
    "system_info": "Linux milo 6.12.18 #1-NixOS SMP PREEMPT_DYNAMIC Fri Mar  7 17:25:47 UTC 2025 x86_64",
    "timestamp": {
      "time": "Mon, 17 Mar 2025 21:25:01 GMT",
      "timesecs": 1742246701
    },
    "connecting_to": {
      "host": "467:15fe:df14:f2cb:4fa2:6301:7b90:e1eb",
      "port": 5201
    },
    "cookie": "p53dii3jjm44pvbqzorsglihyjr67ufpggif",
    "tcp_mss_default": 1328,
    "target_bitrate": 0,
    "fq_rate": 0,
    "sock_bufsize": 0,
    "sndbuf_actual": 16384,
    "rcvbuf_actual": 131072,
    "test_start": {
      "protocol": "TCP",
      "num_streams": 1,
      "blksize": 131072,
      "omit": 0,
      "duration": 10,
      "bytes": 0,
      "blocks": 0,
      "reverse": 0,
      "tos": 0,
      "target_bitrate": 0,
      "bidir": 1,
      "fqrate": 0,
      "interval": 1
    }
  },
  "intervals": [
    {
      "streams": [
        {
          "socket": 7,
          "start": 0,
          "end": 1.000392,
          "seconds": 1.000391960144043,
          "bytes": 393216,
          "bits_per_second": 3144495.4830975025,
          "retransmits": 0,
          "snd_cwnd": 163344,
          "snd_wnd": 291840,
          "rtt": 262965,
          "rttvar": 11860,
          "pmtu": 1400,
          "omitted": false,
          "sender": true
        },
        {
          "socket": 9,
          "start": 0,
          "end": 1.000402,
          "seconds": 1.0004019737243652,
          "bytes": 131072,
          "bits_per_second": 1048154.669363845,
          "omitted": false,
          "sender": false
        }
      ],
      "sum": {
        "start": 0,
        "end": 1.000392,
        "seconds": 1.000391960144043,
        "bytes": 393216,
        "bits_per_second": 3144495.4830975025,
        "retransmits": 0,
        "omitted": false,
        "sender": true
      },
      "sum_bidir_reverse": {
        "start": 0,
        "end": 1.000392,
        "seconds": 1.000391960144043,
        "bytes": 131072,
        "bits_per_second": 1048165.1610325009,
        "omitted": false,
        "sender": false
      }
    },
    {
      "streams": [
        {
          "socket": 7,
          "start": 1.000392,
          "end": 2.00036,
          "seconds": 0.9999679923057556,
          "bytes": 1703936,
          "bits_per_second": 13631924.326465804,
          "retransmits": 0,
          "snd_cwnd": 471440,
          "snd_wnd": 1432192,
          "rtt": 478574,
          "rttvar": 3280,
          "pmtu": 1400,
          "omitted": false,
          "sender": true
        },
        {
          "socket": 9,
          "start": 1.000402,
          "end": 2.000369,
          "seconds": 0.9999669790267944,
          "bytes": 393216,
          "bits_per_second": 3145831.8784301667,
          "omitted": false,
          "sender": false
        }
      ],
      "sum": {
        "start": 1.000392,
        "end": 2.00036,
        "seconds": 0.9999679923057556,
        "bytes": 1703936,
        "bits_per_second": 13631924.326465804,
        "retransmits": 0,
        "omitted": false,
        "sender": true
      },
      "sum_bidir_reverse": {
        "start": 1.000392,
        "end": 2.00036,
        "seconds": 0.9999679923057556,
        "bytes": 393216,
        "bits_per_second": 3145828.690722878,
        "omitted": false,
        "sender": false
      }
    },
    {
      "streams": [
        {
          "socket": 7,
          "start": 2.00036,
          "end": 3.000363,
          "seconds": 1.0000029802322388,
          "bytes": 1179648,
          "bits_per_second": 9437155.87508382,
          "retransmits": 0,
          "snd_cwnd": 525888,
          "snd_wnd": 2625408,
          "rtt": 450595,
          "rttvar": 2366,
          "pmtu": 1400,
          "omitted": false,
          "sender": true
        },
        {
          "socket": 9,
          "start": 2.000369,
          "end": 3.000372,
          "seconds": 1.0000029802322388,
          "bytes": 262144,
          "bits_per_second": 2097145.7500186265,
          "omitted": false,
          "sender": false
        }
      ],
      "sum": {
        "start": 2.00036,
        "end": 3.000363,
        "seconds": 1.0000029802322388,
        "bytes": 1179648,
        "bits_per_second": 9437155.87508382,
        "retransmits": 0,
        "omitted": false,
        "sender": true
      },
      "sum_bidir_reverse": {
        "start": 2.00036,
        "end": 3.000363,
        "seconds": 1.0000029802322388,
        "bytes": 262144,
        "bits_per_second": 2097145.7500186265,
        "omitted": false,
        "sender": false
      }
    },
    {
      "streams": [
        {
          "socket": 7,
          "start": 3.000363,
          "end": 4.001074,
          "seconds": 1.0007109642028809,
          "bytes": 1310720,
          "bits_per_second": 10478310.29647253,
          "retransmits": 0,
          "snd_cwnd": 586976,
          "snd_wnd": 2625408,
          "rtt": 438673,
          "rttvar": 1586,
          "pmtu": 1400,
          "omitted": false,
          "sender": true
        },
        {
          "socket": 9,
          "start": 3.000372,
          "end": 4.001084,
          "seconds": 1.0007120370864868,
          "bytes": 262144,
          "bits_per_second": 2095659.812492845,
          "omitted": false,
          "sender": false
        }
      ],
      "sum": {
        "start": 3.000363,
        "end": 4.001074,
        "seconds": 1.0007109642028809,
        "bytes": 1310720,
        "bits_per_second": 10478310.29647253,
        "retransmits": 0,
        "omitted": false,
        "sender": true
      },
      "sum_bidir_reverse": {
        "start": 3.000363,
        "end": 4.001074,
        "seconds": 1.0007109642028809,
        "bytes": 262144,
        "bits_per_second": 2095662.059294506,
        "omitted": false,
        "sender": false
      }
    },
    {
      "streams": [
        {
          "socket": 7,
          "start": 4.001074,
          "end": 5.001068,
          "seconds": 0.9999939799308777,
          "bytes": 1572864,
          "bits_per_second": 12582987.750456022,
          "retransmits": 0,
          "snd_cwnd": 657360,
          "snd_wnd": 2625408,
          "rtt": 427470,
          "rttvar": 1367,
          "pmtu": 1400,
          "omitted": false,
          "sender": true
        },
        {
          "socket": 9,
          "start": 4.001084,
          "end": 5.001077,
          "seconds": 0.9999930262565613,
          "bytes": 524288,
          "bits_per_second": 4194333.250203984,
          "omitted": false,
          "sender": false
        }
      ],
      "sum": {
        "start": 4.001074,
        "end": 5.001068,
        "seconds": 0.9999939799308777,
        "bytes": 1572864,
        "bits_per_second": 12582987.750456022,
        "retransmits": 0,
        "omitted": false,
        "sender": true
      },
      "sum_bidir_reverse": {
        "start": 4.001074,
        "end": 5.001068,
        "seconds": 0.9999939799308777,
        "bytes": 524288,
        "bits_per_second": 4194329.250152008,
        "omitted": false,
        "sender": false
      }
    },
    {
      "streams": [
        {
          "socket": 7,
          "start": 5.001068,
          "end": 6.001075,
          "seconds": 1.0000070333480835,
          "bytes": 1572864,
          "bits_per_second": 12582823.500622448,
          "retransmits": 0,
          "snd_cwnd": 737040,
          "snd_wnd": 2625408,
          "rtt": 430998,
          "rttvar": 1500,
          "pmtu": 1400,