{
  "start": {
    "connected": [
      {
        "socket": 7,
        "local_host": "5f4:631b:b835:46e5:d170:bbae:cfb1:7d4a",
        "local_port": 36378,
        "remote_host": "4ad:d8ad:8617:57d1:9561:e57b:62b4:5bac",
        "remote_port": 5201
      },
      {
        "socket": 9,
        "local_host": "5f4:631b:b835:46e5:d170:bbae:cfb1:7d4a",
        "local_port": 36382,
        "remote_host": "4ad:d8ad:8617:57d1:9561:e57b:62b4:5bac",
        "remote_port": 5201
      }
    ],
    "version": "iperf 3.18",
    "system_info": "Linux milo 6.12.19 #1-NixOS SMP PREEMPT_DYNAMIC Thu Mar 13 12:02:20 UTC 2025 x86_64",
    "timestamp": {
      "time": "Mon, 31 Mar 2025 13:38:47 GMT",
      "timesecs": 1743428327
    },
    "connecting_to": {
      "host": "vpn.yuki",
      "port": 5201
    },
    "cookie": "bwbys43ssqn7coypyyjgxs7negnyyah5ik3m",
    "tcp_mss_default": 1328,
    "target_bitrate": 0,
    "fq_rate": 0,
    "sock_bufsize": 0,
    "sndbuf_actual": 16384,
    "rcvbuf_actual": 131072,
    "test_start": {
      "protocol": "TCP",
      "num_streams": 1,
      "blksize": 131072,
      "omit": 0,
      "duration": 10,
      "bytes": 0,
      "blocks": 0,
      "reverse": 0,
      "tos": 0,
      "target_bitrate": 0,
      "bidir": 1,
      "fqrate": 0,
      "interval": 1
    }
  },
  "intervals": [
    {
      "streams": [
        {
          "socket": 7,
          "start": 0,
          "end": 1.000307,
          "seconds": 1.0003069639205933,
          "bytes": 32505856,
          "bits_per_second": 259967047.4958756,
          "retransmits": 0,
          "snd_cwnd": 1614848,
          "snd_wnd": 3611392,
          "rtt": 34180,
          "rttvar": 53,
          "pmtu": 1400,
          "omitted": false,
          "sender": true
        },
        {
          "socket": 9,
          "start": 0,
          "end": 1.000314,
          "seconds": 1.0003139972686768,
          "bytes": 14548992,
          "bits_per_second": 116355400.7219775,
          "omitted": false,
          "sender": false
        }
      ],
      "sum": {
        "start": 0,
        "end": 1.000307,
        "seconds": 1.0003069639205933,
        "bytes": 32505856,
        "bits_per_second": 259967047.4958756,
        "retransmits": 0,
        "omitted": false,
        "sender": true
      },
      "sum_bidir_reverse": {
        "start": 0,
        "end": 1.000307,
        "seconds": 1.0003069639205933,
        "bytes": 14548992,
        "bits_per_second": 116356218.83887981,
        "omitted": false,
        "sender": false
      }
    },
    {
      "streams": [
        {
          "socket": 7,
          "start": 1.000307,
          "end": 2.000297,
          "seconds": 0.9999899864196777,
          "bytes": 46137344,
          "bits_per_second": 369102448.03701055,
          "retransmits": 478,
          "snd_cwnd": 1604224,
          "snd_wnd": 3612672,
          "rtt": 55187,
          "rttvar": 45,
          "pmtu": 1400,
          "omitted": false,
          "sender": true
        },
        {
          "socket": 9,
          "start": 1.000314,
          "end": 2.000302,
          "seconds": 0.9999880194664,
          "bytes": 31719424,
          "bits_per_second": 253758432.16142276,
          "omitted": false,
          "sender": false
        }
      ],
      "sum": {
        "start": 1.000307,
        "end": 2.000297,
        "seconds": 0.9999899864196777,
        "bytes": 46137344,
        "bits_per_second": 369102448.03701055,
        "retransmits": 478,
        "omitted": false,
        "sender": true
      },
      "sum_bidir_reverse": {
        "start": 1.000307,
        "end": 2.000297,
        "seconds": 0.9999899864196777,
        "bytes": 31719424,
        "bits_per_second": 253757933.02544478,
        "omitted": false,
        "sender": false
      }
    },
    {
      "streams": [
        {
          "socket": 7,
          "start": 2.000297,
          "end": 3.00028,
          "seconds": 0.999983012676239,
          "bytes": 31195136,
          "bits_per_second": 249565327.44701687,
          "retransmits": 0,
          "snd_cwnd": 1707808,
          "snd_wnd": 3612672,
          "rtt": 32911,
          "rttvar": 48,
          "pmtu": 1400,
          "omitted": false,
          "sender": true
        },
        {
          "socket": 9,
          "start": 2.000302,
          "end": 3.000286,
          "seconds": 0.9999840259552002,
          "bytes": 40894464,
          "bits_per_second": 327160938.08348167,
          "omitted": false,
          "sender": false
        }
      ],
      "sum": {
        "start": 2.000297,
        "end": 3.00028,
        "seconds": 0.999983012676239,
        "bytes": 31195136,
        "bits_per_second": 249565327.44701687,
        "retransmits": 0,
        "omitted": false,
        "sender": true
      },
      "sum_bidir_reverse": {
        "start": 2.000297,
        "end": 3.00028,
        "seconds": 0.999983012676239,
        "bytes": 40894464,
        "bits_per_second": 327161269.59440863,
        "omitted": false,
        "sender": false
      }
    },
    {
      "streams": [
        {
          "socket": 7,
          "start": 3.00028,
          "end": 4.001074,
          "seconds": 1.0007940530776978,
          "bytes": 40763392,
          "bits_per_second": 325848395.0790246,
          "retransmits": 0,
          "snd_cwnd": 1783504,
          "snd_wnd": 3612672,
          "rtt": 44196,
          "rttvar": 4363,
          "pmtu": 1400,
          "omitted": false,
          "sender": true
        },
        {
          "socket": 9,
          "start": 3.000286,
          "end": 4.001083,
          "seconds": 1.0007970333099365,
          "bytes": 15335424,
          "bits_per_second": 122585687.12404068,
          "omitted": false,
          "sender": false
        }
      ],
      "sum": {
        "start": 3.00028,
        "end": 4.001074,
        "seconds": 1.0007940530776978,
        "bytes": 40763392,
        "bits_per_second": 325848395.0790246,
        "retransmits": 0,
        "omitted": false,
        "sender": true
      },
      "sum_bidir_reverse": {
        "start": 3.00028,
        "end": 4.001074,
        "seconds": 1.0007940530776978,
        "bytes": 15335424,
        "bits_per_second": 122586052.16799319,
        "omitted": false,
        "sender": false
      }
    },
    {
      "streams": [
        {
          "socket": 7,
          "start": 4.001074,
          "end": 5.000286,
          "seconds": 0.9992120265960693,
          "bytes": 48889856,
          "bits_per_second": 391427282.28801584,
          "retransmits": 0,
          "snd_cwnd": 1839280,
          "snd_wnd": 3612672,
          "rtt": 28672,
          "rttvar": 253,
          "pmtu": 1400,
          "omitted": false,
          "sender": true
        },
        {
          "socket": 9,
          "start": 4.001083,
          "end": 5.000291,
          "seconds": 0.9992079734802246,
          "bytes": 19398656,
          "bits_per_second": 155312259.42831346,
          "omitted": false,
          "sender": false
        }
      ],
      "sum": {
        "start": 4.001074,
        "end": 5.000286,
        "seconds": 0.9992120265960693,
        "bytes": 48889856,
        "bits_per_second": 391427282.28801584,
        "retransmits": 0,
        "omitted": false,
        "sender": true
      },
      "sum_bidir_reverse": {
        "start": 4.001074,
        "end": 5.000286,
        "seconds": 0.9992120265960693,
        "bytes": 19398656,
        "bits_per_second": 155311629.4333146,
        "omitted": false,
        "sender": false
      }
    },
    {
      "streams": [
        {
          "socket": 7,
          "start": 5.000286,
          "end": 6.000322,
          "seconds": 1.0000360012054443,
          "bytes": 53739520,
          "bits_per_second": 429900683.0571886,
          "retransmits": 0,
          "snd_cwnd": 1877792,
          "snd_wnd": 3612672,
          "rtt": 46581,
          "rttvar": 1689,
          "pmtu": 1400,