{
    "status": "success",
    "data": {
        "rtt_min_ms": {
            "min": 0.781,
            "average": 0.8126666666666666,
            "max": 0.85,
            "percentiles": {
                "p25": 0.781,
                "p50": 0.807,
                "p75": 0.85
            }
        },
        "rtt_avg_ms": {
            "min": 0.978,
            "average": 1.0246666666666666,
            "max": 1.066,
            "percentiles": {
                "p25": 0.978,
                "p50": 1.03,
                "p75": 1.066
            }
        },
        "rtt_max_ms": {
            "min": 1.092,
            "average": 3.408,
            "max": 4.887,
            "percentiles": {
                "p25": 1.092,
                "p50": 4.245,
                "p75": 4.887
            }
        },
        "rtt_mdev_ms": {
            "min": 0.066,
            "average": 0.261,
            "max": 0.388,
            "percentiles": {
                "p25": 0.066,
                "p50": 0.329,
                "p75": 0.388
            }
        },
        "packet_loss_percent": {
            "min": 0.0,
            "average": 0.0,
            "max": 0.0,
            "percentiles": {
                "p25": 0.0,
                "p50": 0.0,
                "p75": 0.0
            }
        }
    },
    "meta": {
        "duration_seconds": 60.69981837272644,
        "test_attempts": 1,
        "vpn_restart_attempts": 0,
        "source": "lom",
        "target": "yuki"
    }
}