{
    "status": "success",
    "data": {
        "rtt_min_ms": {
            "min": 0.819,
            "average": 0.8323333333333333,
            "max": 0.852,
            "percentiles": {
                "p25": 0.819,
                "p50": 0.826,
                "p75": 0.852
            }
        },
        "rtt_avg_ms": {
            "min": 1.051,
            "average": 1.0616666666666665,
            "max": 1.071,
            "percentiles": {
                "p25": 1.051,
                "p50": 1.063,
                "p75": 1.071
            }
        },
        "rtt_max_ms": {
            "min": 1.204,
            "average": 3.4913333333333334,
            "max": 5.019,
            "percentiles": {
                "p25": 1.204,
                "p50": 4.251,
                "p75": 5.019
            }
        },
        "rtt_mdev_ms": {
            "min": 0.056,
            "average": 0.25933333333333336,
            "max": 0.399,
            "percentiles": {
                "p25": 0.056,
                "p50": 0.323,
                "p75": 0.399
            }
        },
        "packet_loss_percent": {
            "min": 0.0,
            "average": 0.0,
            "max": 0.0,
            "percentiles": {
                "p25": 0.0,
                "p50": 0.0,
                "p75": 0.0
            }
        }
    },
    "meta": {
        "duration_seconds": 60.68146252632141,
        "test_attempts": 1,
        "vpn_restart_attempts": 0,
        "vpn_restart_duration_seconds": 34.9867844581604,
        "connectivity_wait_duration_seconds": 2.072817802429199,
        "source": "lom",
        "target": "yuki"
    }
}