{
  "status": "success",
  "data": {
    "encoding": {
      "bitrate_kbps": {
        "min": 3309.8,
        "average": 3350.937931034483,
        "max": 3499.5,
        "percentiles": {
          "p25": 3323.9,
          "p50": 3337.9,
          "p75": 3359.3500000000004
        }
      },
      "fps": {
        "min": 31.0,
        "average": 32.13793103448276,
        "max": 45.0,
        "percentiles": {
          "p25": 31.0,
          "p50": 31.0,
          "p75": 32.0
        }
      },
      "dropped_frames": {
        "min": 14.0,
        "average": 14.0,
        "max": 14.0,
        "percentiles": {
          "p25": 14.0,
          "p50": 14.0,
          "p75": 14.0
        }
      }
    },
    "network": {
      "packets_dropped": {
        "min": 0.0,
        "average": 0.0,
        "max": 0.0,
        "percentiles": {
          "p25": 0.0,
          "p50": 0.0,
          "p75": 0.0
        }
      },
      "packets_recovered": {
        "min": 0.0,
        "average": 17.548387096774192,
        "max": 56.0,
        "percentiles": {
          "p25": 0.0,
          "p50": 18.0,
          "p75": 28.0
        }
      },
      "rtt_ms": {
        "min": 5.423857825915776,
        "average": 12.092560107882312,
        "max": 17.900313262011093,
        "percentiles": {
          "p25": 10.842274835871848,
          "p50": 11.998038809145681,
          "p75": 13.144402477364785
        }
      },
      "quality": {
        "min": 86.0,
        "average": 95.25806451612904,
        "max": 100.0,
        "percentiles": {
          "p25": 92.0,
          "p50": 95.0,
          "p75": 100.0
        }
      },
      "bitrate_bps": {
        "min": 0.0,
        "average": 3150214.4516129033,
        "max": 5138307.0,
        "percentiles": {
          "p25": 2848604.0,
          "p50": 3498773.0,
          "p75": 3642130.0
        }
      }
    }
  },
  "meta": {
    "duration_seconds": 31.55693292617798,
    "test_attempts": 1,
    "vpn_restart_attempts": 0,
    "vpn_restart_duration_seconds": 1.570434808731079,
    "connectivity_wait_duration_seconds": 5.962627649307251,
    "source": "yuki",
    "target": "luna"
  }
}
