{
    "status": "success",
    "data": {
        "rtt_min_ms": {
            "min": 1.159,
            "average": 1.1896666666666667,
            "max": 1.234,
            "percentiles": {
                "p25": 1.159,
                "p50": 1.176,
                "p75": 1.234
            }
        },
        "rtt_avg_ms": {
            "min": 15.3,
            "average": 18.075333333333333,
            "max": 22.713,
            "percentiles": {
                "p25": 15.3,
                "p50": 16.213,
                "p75": 22.713
            }
        },
        "rtt_max_ms": {
            "min": 224.54,
            "average": 230.01966666666667,
            "max": 238.684,
            "percentiles": {
                "p25": 224.54,
                "p50": 226.835,
                "p75": 238.684
            }
        },
        "rtt_mdev_ms": {
            "min": 30.428,
            "average": 38.65466666666667,
            "max": 48.634,
            "percentiles": {
                "p25": 30.428,
                "p50": 36.902,
                "p75": 48.634
            }
        },
        "packet_loss_percent": {
            "min": 0.0,
            "average": 0.0,
            "max": 0.0,
            "percentiles": {
                "p25": 0.0,
                "p50": 0.0,
                "p75": 0.0
            }
        }
    },
    "meta": {
        "duration_seconds": 61.48836636543274,
        "test_attempts": 1,
        "vpn_restart_attempts": 0,
        "vpn_restart_duration_seconds": 2.010748863220215,
        "connectivity_wait_duration_seconds": 2.406002998352051,
        "source": "lom",
        "target": "yuki"
    }
}