{
  "status": "success",
  "data": {
    "rtt_min_ms": {
      "min": 1.16,
      "average": 1.2096666666666667,
      "max": 1.26,
      "percentiles": {
        "p25": 1.16,
        "p50": 1.209,
        "p75": 1.26
      }
    },
    "rtt_avg_ms": {
      "min": 9.51,
      "average": 12.564,
      "max": 14.146,
      "percentiles": {
        "p25": 9.51,
        "p50": 14.036,
        "p75": 14.146
      }
    },
    "rtt_max_ms": {
      "min": 23.492,
      "average": 162.73733333333334,
      "max": 239.756,
      "percentiles": {
        "p25": 23.492,
        "p50": 224.964,
        "p75": 239.756
      }
    },
    "rtt_mdev_ms": {
      "min": 5.353,
      "average": 22.349,
      "max": 31.488,
      "percentiles": {
        "p25": 5.353,
        "p50": 30.206,
        "p75": 31.488
      }
    },
    "packet_loss_percent": {
      "min": 0.0,
      "average": 0.0,
      "max": 0.0,
      "percentiles": {
        "p25": 0.0,
        "p50": 0.0,
        "p75": 0.0
      }
    }
  },
  "meta": {
    "duration_seconds": 61.10857391357422,
    "test_attempts": 1,
    "vpn_restart_attempts": 0,
    "vpn_restart_duration_seconds": 2.2411813735961914,
    "connectivity_wait_duration_seconds": 2.14860463142395,
    "source": "lom",
    "target": "yuki"
  }
}
