{
  "status": "success",
  "data": {
    "total_bandwidth_mbps": {
      "min": 3.8232999999999997,
      "average": 30.286,
      "max": 60.137299999999996,
      "percentiles": {
        "p25": 20.4537,
        "p50": 31.1602,
        "p75": 41.8737
      }
    },
    "cpu_usage_percent": {
      "min": 0.0,
      "average": 2.5046186440677967,
      "max": 12.12,
      "percentiles": {
        "p25": 1.02,
        "p50": 2.02,
        "p75": 3.1425
      }
    },
    "ttfb_ms": {
      "min": 29.0,
      "average": 520.375,
      "max": 1587.0,
      "percentiles": {
        "p25": 143.5,
        "p50": 230.5,
        "p75": 1191.5
      }
    },
    "conn_time_ms": {
      "min": 15.0,
      "average": 171.5,
      "max": 545.0,
      "percentiles": {
        "p25": 55.25,
        "p50": 57.0,
        "p75": 407.25
      }
    }
  },
  "meta": {
    "duration_seconds": 42.6834774017334,
    "test_attempts": 1,
    "vpn_restart_attempts": 0,
    "vpn_restart_duration_seconds": 1.899247646331787,
    "connectivity_wait_duration_seconds": 4.580065488815308,
    "source": "lom",
    "target": "yuki"
  }
}
