{
    "status": "success",
    "data": {
        "total_bandwidth_mbps": {
            "min": 5.05904,
            "average": 32.703451333333334,
            "max": 71.08500000000001,
            "percentiles": {
                "p25": 24.4121075,
                "p50": 32.641850000000005,
                "p75": 40.604499999999994
            }
        },
        "cpu_usage_percent": {
            "min": 0.0,
            "average": 2.3083050847457627,
            "max": 10.1,
            "percentiles": {
                "p25": 1.02,
                "p50": 2.02,
                "p75": 3.0
            }
        },
        "ttfb_ms": {
            "min": 46.0,
            "average": 304.875,
            "max": 1884.0,
            "percentiles": {
                "p25": 54.25,
                "p50": 78.5,
                "p75": 119.25
            }
        },
        "conn_time_ms": {
            "min": 31.0,
            "average": 94.0,
            "max": 504.0,
            "percentiles": {
                "p25": 32.25,
                "p50": 36.5,
                "p75": 40.25
            }
        }
    },
    "meta": {
        "duration_seconds": 42.86845254898071,
        "test_attempts": 1,
        "vpn_restart_attempts": 0,
        "vpn_restart_duration_seconds": 1.8421332836151123,
        "connectivity_wait_duration_seconds": 5.013689994812012,
        "source": "lom",
        "target": "yuki"
    }
}