{
    "status": "success",
    "data": {
        "rtt_min_ms": {
            "min": 2.491,
            "average": 2.6296666666666666,
            "max": 2.763,
            "percentiles": {
                "p25": 2.491,
                "p50": 2.635,
                "p75": 2.763
            }
        },
        "rtt_avg_ms": {
            "min": 26.758,
            "average": 29.520333333333333,
            "max": 31.511,
            "percentiles": {
                "p25": 26.758,
                "p50": 30.292,
                "p75": 31.511
            }
        },
        "rtt_max_ms": {
            "min": 116.009,
            "average": 148.39100000000002,
            "max": 202.145,
            "percentiles": {
                "p25": 116.009,
                "p50": 127.019,
                "p75": 202.145
            }
        },
        "rtt_mdev_ms": {
            "min": 19.02,
            "average": 22.840666666666667,
            "max": 25.62,
            "percentiles": {
                "p25": 19.02,
                "p50": 23.882,
                "p75": 25.62
            }
        },
        "packet_loss_percent": {
            "min": 0.0,
            "average": 0.0,
            "max": 0.0,
            "percentiles": {
                "p25": 0.0,
                "p50": 0.0,
                "p75": 0.0
            }
        }
    },
    "meta": {
        "duration_seconds": 61.04416465759277,
        "test_attempts": 1,
        "vpn_restart_attempts": 0,
        "vpn_restart_duration_seconds": 2.141272783279419,
        "connectivity_wait_duration_seconds": 4.743785381317139,
        "source": "luna",
        "target": "lom"
    }
}