{
    "status": "success",
    "data": {
        "total_bandwidth_mbps": {
            "min": 1.666107,
            "average": 2.0987170666666666,
            "max": 2.6853000000000002,
            "percentiles": {
                "p25": 1.9478875,
                "p50": 2.126765,
                "p75": 2.302975
            }
        },
        "cpu_usage_percent": {
            "min": 0.0,
            "average": 2.959078947368421,
            "max": 7.14,
            "percentiles": {
                "p25": 2.04,
                "p50": 3.03,
                "p75": 4.0
            }
        },
        "ttfb_ms": {
            "min": 54.0,
            "average": 259.625,
            "max": 578.0,
            "percentiles": {
                "p25": 70.75,
                "p50": 131.0,
                "p75": 514.0
            }
        },
        "conn_time_ms": {
            "min": 25.0,
            "average": 139.75,
            "max": 509.0,
            "percentiles": {
                "p25": 33.25,
                "p50": 57.5,
                "p75": 256.5
            }
        }
    },
    "meta": {
        "duration_seconds": 33.05516695976257,
        "test_attempts": 1,
        "vpn_restart_attempts": 0,
        "vpn_restart_duration_seconds": 1.6370360851287842,
        "connectivity_wait_duration_seconds": 4.746392726898193,
        "source": "luna",
        "target": "lom"
    }
}