{
    "status": "success",
    "data": {
        "total_bandwidth_mbps": {
            "min": 1.54835,
            "average": 2.1938699,
            "max": 3.1478,
            "percentiles": {
                "p25": 1.960265,
                "p50": 2.14154,
                "p75": 2.4329525000000003
            }
        },
        "cpu_usage_percent": {
            "min": 0.0,
            "average": 2.6099549549549548,
            "max": 7.14,
            "percentiles": {
                "p25": 2.02,
                "p50": 2.6100000000000003,
                "p75": 3.06
            }
        },
        "ttfb_ms": {
            "min": 28.0,
            "average": 453.25,
            "max": 923.0,
            "percentiles": {
                "p25": 167.5,
                "p50": 393.0,
                "p75": 820.75
            }
        },
        "conn_time_ms": {
            "min": 20.0,
            "average": 351.875,
            "max": 872.0,
            "percentiles": {
                "p25": 117.5,
                "p50": 313.5,
                "p75": 602.5
            }
        }
    },
    "meta": {
        "duration_seconds": 33.870909214019775,
        "test_attempts": 1,
        "vpn_restart_attempts": 0,
        "vpn_restart_duration_seconds": 1.3891234397888184,
        "connectivity_wait_duration_seconds": 245.693021774292,
        "source": "luna",
        "target": "lom"
    }
}