{
  "status": "success",
  "data": {
    "encoding": {
      "bitrate_kbps": {
        "min": 3314.1,
        "average": 3355.6413793103447,
        "max": 3506.7,
        "percentiles": {
          "p25": 3327.65,
          "p50": 3340.7,
          "p75": 3362.65
        }
      },
      "fps": {
        "min": 31.0,
        "average": 32.10344827586207,
        "max": 44.0,
        "percentiles": {
          "p25": 31.0,
          "p50": 31.0,
          "p75": 32.0
        }
      },
      "dropped_frames": {
        "min": 15.0,
        "average": 15.0,
        "max": 15.0,
        "percentiles": {
          "p25": 15.0,
          "p50": 15.0,
          "p75": 15.0
        }
      }
    },
    "network": {
      "packets_dropped": {
        "min": 0.0,
        "average": 2232.5806451612902,
        "max": 65361.0,
        "percentiles": {
          "p25": 94.0,
          "p50": 130.0,
          "p75": 176.0
        }
      },
      "packets_recovered": {
        "min": 0.0,
        "average": 104.80645161290323,
        "max": 165.0,
        "percentiles": {
          "p25": 88.0,
          "p50": 108.0,
          "p75": 127.0
        }
      },
      "rtt_ms": {
        "min": 13.543831623153332,
        "average": 71.76236874763025,
        "max": 101.61028294862335,
        "percentiles": {
          "p25": 67.79537261287456,
          "p50": 72.80800312319047,
          "p75": 81.42750660249543
        }
      },
      "quality": {
        "min": 29.0,
        "average": 43.87096774193548,
        "max": 100.0,
        "percentiles": {
          "p25": 36.0,
          "p50": 41.0,
          "p75": 49.0
        }
      },
      "bitrate_bps": {
        "min": 0.0,
        "average": 1723311.7096774194,
        "max": 2453634.0,
        "percentiles": {
          "p25": 1585017.0,
          "p50": 1966485.0,
          "p75": 2055981.0
        }
      }
    }
  },
  "meta": {
    "duration_seconds": 34.27513074874878,
    "test_attempts": 1,
    "vpn_restart_attempts": 0,
    "vpn_restart_duration_seconds": 2.008652687072754,
    "connectivity_wait_duration_seconds": 7.862593412399292,
    "source": "luna",
    "target": "lom"
  }
}
