{
    "status": "success",
    "data": {
        "rtt_min_ms": {
            "min": 1.308,
            "average": 1.4133333333333333,
            "max": 1.514,
            "percentiles": {
                "p25": 1.308,
                "p50": 1.418,
                "p75": 1.514
            }
        },
        "rtt_avg_ms": {
            "min": 15.14,
            "average": 16.989,
            "max": 18.828,
            "percentiles": {
                "p25": 15.14,
                "p50": 16.999,
                "p75": 18.828
            }
        },
        "rtt_max_ms": {
            "min": 40.053,
            "average": 95.773,
            "max": 204.764,
            "percentiles": {
                "p25": 40.053,
                "p50": 42.502,
                "p75": 204.764
            }
        },
        "rtt_mdev_ms": {
            "min": 9.08,
            "average": 13.160333333333334,
            "max": 21.296,
            "percentiles": {
                "p25": 9.08,
                "p50": 9.105,
                "p75": 21.296
            }
        },
        "packet_loss_percent": {
            "min": 2.0,
            "average": 4.666666666666667,
            "max": 9.0,
            "percentiles": {
                "p25": 2.0,
                "p50": 3.0,
                "p75": 9.0
            }
        }
    },
    "meta": {
        "duration_seconds": 61.89790391921997,
        "test_attempts": 1,
        "vpn_restart_attempts": 0,
        "vpn_restart_duration_seconds": 1.9906697273254395,
        "connectivity_wait_duration_seconds": 2.600118637084961,
        "source": "yuki",
        "target": "luna"
    }
}