{
  "status": "success",
  "data": {
    "total_bandwidth_mbps": {
      "min": 1.2059799999999998,
      "average": 18.259829333333332,
      "max": 26.564,
      "percentiles": {
        "p25": 13.154125,
        "p50": 22.571000000000005,
        "p75": 23.230000000000004
      }
    },
    "cpu_usage_percent": {
      "min": 0.0,
      "average": 3.6411489361702127,
      "max": 19.39,
      "percentiles": {
        "p25": 1.02,
        "p50": 3.0,
        "p75": 5.1
      }
    },
    "ttfb_ms": {
      "min": 44.0,
      "average": 876.625,
      "max": 2190.0,
      "percentiles": {
        "p25": 96.0,
        "p50": 448.0,
        "p75": 1987.75
      }
    },
    "conn_time_ms": {
      "min": 14.0,
      "average": 268.125,
      "max": 751.0,
      "percentiles": {
        "p25": 20.25,
        "p50": 131.0,
        "p75": 570.75
      }
    }
  },
  "meta": {
    "duration_seconds": 44.962852478027344,
    "test_attempts": 1,
    "vpn_restart_attempts": 0,
    "vpn_restart_duration_seconds": 1.7926490306854248,
    "connectivity_wait_duration_seconds": 8.49452018737793,
    "source": "yuki",
    "target": "luna"
  }
}
