{
    "status": "success",
    "data": {
        "rtt_min_ms": {
            "min": 1.125,
            "average": 1.3803333333333334,
            "max": 1.549,
            "percentiles": {
                "p25": 1.125,
                "p50": 1.467,
                "p75": 1.549
            }
        },
        "rtt_avg_ms": {
            "min": 10.017,
            "average": 10.407,
            "max": 10.747,
            "percentiles": {
                "p25": 10.017,
                "p50": 10.457,
                "p75": 10.747
            }
        },
        "rtt_max_ms": {
            "min": 21.82,
            "average": 22.384666666666668,
            "max": 22.991,
            "percentiles": {
                "p25": 21.82,
                "p50": 22.343,
                "p75": 22.991
            }
        },
        "rtt_mdev_ms": {
            "min": 5.231,
            "average": 5.296,
            "max": 5.404,
            "percentiles": {
                "p25": 5.231,
                "p50": 5.253,
                "p75": 5.404
            }
        },
        "packet_loss_percent": {
            "min": 1.0,
            "average": 2.0,
            "max": 3.0,
            "percentiles": {
                "p25": 1.0,
                "p50": 2.0,
                "p75": 3.0
            }
        }
    },
    "meta": {
        "duration_seconds": 61.5293550491333,
        "test_attempts": 1,
        "vpn_restart_attempts": 0,
        "vpn_restart_duration_seconds": 5.360639333724976,
        "connectivity_wait_duration_seconds": 4.311397075653076,
        "source": "lom",
        "target": "yuki"
    }
}