{
    "status": "success",
    "data": {
        "encoding": {
            "bitrate_kbps": {
                "min": 3298.8,
                "average": 3349.7620689655173,
                "max": 3491.7,
                "percentiles": {
                    "p25": 3323.0,
                    "p50": 3337.2,
                    "p75": 3358.1000000000004
                }
            },
            "fps": {
                "min": 31.0,
                "average": 32.13793103448276,
                "max": 45.0,
                "percentiles": {
                    "p25": 31.0,
                    "p50": 31.0,
                    "p75": 32.0
                }
            },
            "dropped_frames": {
                "min": 15.0,
                "average": 15.0,
                "max": 15.0,
                "percentiles": {
                    "p25": 15.0,
                    "p50": 15.0,
                    "p75": 15.0
                }
            }
        },
        "network": {
            "packets_dropped": {
                "min": 0.0,
                "average": 288.61290322580646,
                "max": 350.0,
                "percentiles": {
                    "p25": 258.0,
                    "p50": 313.0,
                    "p75": 330.0
                }
            },
            "packets_recovered": {
                "min": 0.0,
                "average": 0.3870967741935484,
                "max": 2.0,
                "percentiles": {
                    "p25": 0.0,
                    "p50": 0.0,
                    "p75": 1.0
                }
            },
            "rtt_ms": {
                "min": 5.703871473284893,
                "average": 12.148027861034976,
                "max": 16.31138673475256,
                "percentiles": {
                    "p25": 10.6729179176464,
                    "p50": 12.048351710269252,
                    "p75": 13.70499232008069
                }
            },
            "quality": {
                "min": 8.0,
                "average": 13.03225806451613,
                "max": 100.0,
                "percentiles": {
                    "p25": 9.0,
                    "p50": 10.0,
                    "p75": 12.0
                }
            },
            "bitrate_bps": {
                "min": 0.0,
                "average": 148615.09677419355,
                "max": 239040.0,
                "percentiles": {
                    "p25": 146535.0,
                    "p50": 153824.0,
                    "p75": 163495.0
                }
            }
        }
    },
    "meta": {
        "duration_seconds": 31.604636669158936,
        "test_attempts": 1,
        "vpn_restart_attempts": 0,
        "vpn_restart_duration_seconds": 5.051442623138428,
        "connectivity_wait_duration_seconds": 5.983186483383179,
        "source": "lom",
        "target": "yuki"
    }
}