{
    "status": "success",
    "data": {
        "bitrate_kbps": {
            "min": 1779.7,
            "average": 1963.510344827586,
            "max": 1991.4,
            "percentiles": {
                "p25": 1960.55,
                "p50": 1974.8,
                "p75": 1981.9
            }
        },
        "fps": {
            "min": 31.0,
            "average": 32.13793103448276,
            "max": 45.0,
            "percentiles": {
                "p25": 31.0,
                "p50": 31.0,
                "p75": 32.0
            }
        },
        "dropped_frames": {
            "min": 15.0,
            "average": 15.0,
            "max": 15.0,
            "percentiles": {
                "p25": 15.0,
                "p50": 15.0,
                "p75": 15.0
            }
        }
    },
    "meta": {
        "duration_seconds": 31.507598161697388,
        "test_attempts": 1,
        "vpn_restart_attempts": 0,
        "vpn_restart_duration_seconds": 5.209902048110962,
        "connectivity_wait_duration_seconds": 9.331450939178467,
        "source": "lom",
        "target": "yuki"
    }
}