{
  "status": "success",
  "data": {
    "rtt_min_ms": {
      "min": 0.941,
      "average": 1.1320000000000001,
      "max": 1.366,
      "percentiles": {
        "p25": 0.941,
        "p50": 1.089,
        "p75": 1.366
      }
    },
    "rtt_avg_ms": {
      "min": 4.52,
      "average": 4.566666666666666,
      "max": 4.594,
      "percentiles": {
        "p25": 4.52,
        "p50": 4.586,
        "p75": 4.594
      }
    },
    "rtt_max_ms": {
      "min": 7.985,
      "average": 8.562666666666667,
      "max": 9.693,
      "percentiles": {
        "p25": 7.985,
        "p50": 8.01,
        "p75": 9.693
      }
    },
    "rtt_mdev_ms": {
      "min": 1.709,
      "average": 1.7670000000000001,
      "max": 1.826,
      "percentiles": {
        "p25": 1.709,
        "p50": 1.766,
        "p75": 1.826
      }
    },
    "packet_loss_percent": {
      "min": 1.0,
      "average": 1.0,
      "max": 1.0,
      "percentiles": {
        "p25": 1.0,
        "p50": 1.0,
        "p75": 1.0
      }
    }
  },
  "meta": {
    "duration_seconds": 61.164246559143066,
    "test_attempts": 1,
    "vpn_restart_attempts": 0
  }
}
