{
    "status": "success",
    "data": {
        "rtt_min_ms": {
            "min": 1.226,
            "average": 1.33,
            "max": 1.434,
            "percentiles": {
                "p25": 1.174,
                "p50": 1.33,
                "p75": 1.486
            }
        },
        "rtt_avg_ms": {
            "min": 4.405,
            "average": 4.525,
            "max": 4.645,
            "percentiles": {
                "p25": 4.345000000000001,
                "p50": 4.525,
                "p75": 4.704999999999999
            }
        },
        "rtt_max_ms": {
            "min": 7.805,
            "average": 8.189499999999999,
            "max": 8.574,
            "percentiles": {
                "p25": 7.61275,
                "p50": 8.189499999999999,
                "p75": 8.76625
            }
        },
        "rtt_mdev_ms": {
            "min": 1.628,
            "average": 1.665,
            "max": 1.702,
            "percentiles": {
                "p25": 1.6094999999999997,
                "p50": 1.665,
                "p75": 1.7205
            }
        },
        "packet_loss_percent": {
            "min": 0.0,
            "average": 33.333333333333336,
            "max": 100.0,
            "percentiles": {
                "p25": 0.0,
                "p50": 0.0,
                "p75": 100.0
            }
        }
    },
    "meta": {
        "duration_seconds": 85.7097704410553,
        "test_attempts": 1,
        "vpn_restart_attempts": 0,
        "vpn_restart_duration_seconds": 0.0,
        "connectivity_wait_duration_seconds": 0.0,
        "source": "lom",
        "target": "yuki"
    }
}