{
  "status": "success",
  "data": {
    "rtt_min_ms": {
      "min": 0.768,
      "average": 1.2236666666666667,
      "max": 1.711,
      "percentiles": {
        "p25": 0.768,
        "p50": 1.192,
        "p75": 1.711
      }
    },
    "rtt_avg_ms": {
      "min": 4.626,
      "average": 4.699666666666667,
      "max": 4.791,
      "percentiles": {
        "p25": 4.626,
        "p50": 4.682,
        "p75": 4.791
      }
    },
    "rtt_max_ms": {
      "min": 7.618,
      "average": 8.044333333333332,
      "max": 8.29,
      "percentiles": {
        "p25": 7.618,
        "p50": 8.225,
        "p75": 8.29
      }
    },
    "rtt_mdev_ms": {
      "min": 1.54,
      "average": 1.602,
      "max": 1.654,
      "percentiles": {
        "p25": 1.54,
        "p50": 1.612,
        "p75": 1.654
      }
    },
    "packet_loss_percent": {
      "min": 0.0,
      "average": 0.3333333333333333,
      "max": 1.0,
      "percentiles": {
        "p25": 0.0,
        "p50": 0.0,
        "p75": 1.0
      }
    }
  },
  "meta": {
    "duration_seconds": 61.005059242248535,
    "test_attempts": 1,
    "vpn_restart_attempts": 0,
    "vpn_restart_duration_seconds": 0.0,
    "connectivity_wait_duration_seconds": 0.0
  }
}
