{
  "status": "success",
  "data": {
    "total_bandwidth_mbps": {
      "min": 237.51999999999998,
      "average": 255.107,
      "max": 270.02,
      "percentiles": {
        "p25": 252.325,
        "p50": 255.70999999999998,
        "p75": 259.22
      }
    },
    "cpu_usage_percent": {
      "min": 0.0,
      "average": 4.281083333333333,
      "max": 8.16,
      "percentiles": {
        "p25": 3.03,
        "p50": 4.08,
        "p75": 5.1
      }
    },
    "ttfb_ms": {
      "min": 24.0,
      "average": 30.375,
      "max": 42.0,
      "percentiles": {
        "p25": 24.75,
        "p50": 30.5,
        "p75": 32.75
      }
    },
    "conn_time_ms": {
      "min": 18.0,
      "average": 24.75,
      "max": 39.0,
      "percentiles": {
        "p25": 18.75,
        "p50": 24.0,
        "p75": 28.0
      }
    }
  },
  "meta": {
    "duration_seconds": 31.61999249458313,
    "test_attempts": 1,
    "vpn_restart_attempts": 0,
    "vpn_restart_duration_seconds": 0.0,
    "connectivity_wait_duration_seconds": 0.0
  }
}
