{
  "status": "success",
  "data": {
    "total_bandwidth_mbps": {
      "min": 134.65,
      "average": 145.798,
      "max": 157.85,
      "percentiles": {
        "p25": 143.055,
        "p50": 146.43,
        "p75": 148.39499999999998
      }
    },
    "cpu_usage_percent": {
      "min": 2.33,
      "average": 4.6835,
      "max": 7.22,
      "percentiles": {
        "p25": 4.1325,
        "p50": 5.15,
        "p75": 5.21
      }
    },
    "ttfb_ms": {
      "min": 22.0,
      "average": 24.5,
      "max": 26.0,
      "percentiles": {
        "p25": 22.75,
        "p50": 25.0,
        "p75": 25.75
      }
    },
    "conn_time_ms": {
      "min": 19.0,
      "average": 20.25,
      "max": 21.0,
      "percentiles": {
        "p25": 19.25,
        "p50": 20.5,
        "p75": 21.0
      }
    }
  },
  "meta": {
    "duration_seconds": 31.093358993530273,
    "test_attempts": 1,
    "vpn_restart_attempts": 0
  }
}
