{
  "status": "success",
  "data": {
    "encoding": {
      "bitrate_kbps": {
        "min": 3299.8,
        "average": 3347.3206896551724,
        "max": 3492.3,
        "percentiles": {
          "p25": 3320.65,
          "p50": 3334.8,
          "p75": 3355.7
        }
      },
      "fps": {
        "min": 31.0,
        "average": 32.13793103448276,
        "max": 45.0,
        "percentiles": {
          "p25": 31.0,
          "p50": 31.0,
          "p75": 32.0
        }
      },
      "dropped_frames": {
        "min": 15.0,
        "average": 15.0,
        "max": 15.0,
        "percentiles": {
          "p25": 15.0,
          "p50": 15.0,
          "p75": 15.0
        }
      }
    },
    "network": {
      "packets_dropped": {
        "min": 0.0,
        "average": 1790.1612903225807,
        "max": 55495.0,
        "percentiles": {
          "p25": 0.0,
          "p50": 0.0,
          "p75": 0.0
        }
      },
      "packets_recovered": {
        "min": 0.0,
        "average": 1.2903225806451613,
        "max": 6.0,
        "percentiles": {
          "p25": 0.0,
          "p50": 1.0,
          "p75": 2.0
        }
      },
      "rtt_ms": {
        "min": 4.949297776909578,
        "average": 7.366985769660463,
        "max": 8.8586716440429,
        "percentiles": {
          "p25": 7.04118855860825,
          "p50": 7.437277224714416,
          "p75": 7.979157435901137
        }
      },
      "quality": {
        "min": 98.0,
        "average": 99.29032258064517,
        "max": 100.0,
        "percentiles": {
          "p25": 99.0,
          "p50": 99.0,
          "p75": 100.0
        }
      },
      "bitrate_bps": {
        "min": 0.0,
        "average": 3156207.0967741935,
        "max": 5123505.0,
        "percentiles": {
          "p25": 2867478.0,
          "p50": 3561574.0,
          "p75": 3608203.0
        }
      }
    }
  },
  "meta": {
    "duration_seconds": 31.61799716949463,
    "test_attempts": 1,
    "vpn_restart_attempts": 0,
    "vpn_restart_duration_seconds": 0.0,
    "connectivity_wait_duration_seconds": 0.0,
    "source": "lom",
    "target": "yuki"
  }
}
