{
  "status": "success",
  "data": {
    "bitrate_kbps": {
      "min": 1757.7,
      "average": 1945.2896551724139,
      "max": 1972.0,
      "percentiles": {
        "p25": 1942.0500000000002,
        "p50": 1960.5,
        "p75": 1966.1
      }
    },
    "fps": {
      "min": 31.0,
      "average": 32.13793103448276,
      "max": 45.0,
      "percentiles": {
        "p25": 31.0,
        "p50": 31.0,
        "p75": 32.0
      }
    },
    "dropped_frames": {
      "min": 15.0,
      "average": 15.0,
      "max": 15.0,
      "percentiles": {
        "p25": 15.0,
        "p50": 15.0,
        "p75": 15.0
      }
    }
  },
  "meta": {
    "duration_seconds": 34.77689337730408,
    "test_attempts": 1,
    "vpn_restart_attempts": 0
  }
}
