{
  "status": "success",
  "data": {
    "rtt_min_ms": {
      "min": 1.24,
      "average": 1.3066666666666666,
      "max": 1.348,
      "percentiles": {
        "p25": 1.24,
        "p50": 1.332,
        "p75": 1.348
      }
    },
    "rtt_avg_ms": {
      "min": 15.07,
      "average": 15.297333333333333,
      "max": 15.415,
      "percentiles": {
        "p25": 15.07,
        "p50": 15.407,
        "p75": 15.415
      }
    },
    "rtt_max_ms": {
      "min": 37.774,
      "average": 40.745,
      "max": 42.548,
      "percentiles": {
        "p25": 37.774,
        "p50": 41.913,
        "p75": 42.548
      }
    },
    "rtt_mdev_ms": {
      "min": 9.575,
      "average": 9.794333333333332,
      "max": 10.205,
      "percentiles": {
        "p25": 9.575,
        "p50": 9.603,
        "p75": 10.205
      }
    },
    "packet_loss_percent": {
      "min": 3.0,
      "average": 4.333333333333333,
      "max": 7.0,
      "percentiles": {
        "p25": 3.0,
        "p50": 3.0,
        "p75": 7.0
      }
    }
  },
  "meta": {
    "duration_seconds": 61.73231029510498,
    "test_attempts": 1,
    "vpn_restart_attempts": 0,
    "vpn_restart_duration_seconds": 1.8815555572509766,
    "connectivity_wait_duration_seconds": 2.8389954566955566,
    "source": "yuki",
    "target": "luna"
  }
}
