{
  "status": "success",
  "data": {
    "encoding": {
      "bitrate_kbps": {
        "min": 3308.8,
        "average": 3353.479310344828,
        "max": 3494.4,
        "percentiles": {
          "p25": 3326.05,
          "p50": 3338.8,
          "p75": 3362.2
        }
      },
      "fps": {
        "min": 31.0,
        "average": 32.13793103448276,
        "max": 45.0,
        "percentiles": {
          "p25": 31.0,
          "p50": 31.0,
          "p75": 32.0
        }
      },
      "dropped_frames": {
        "min": 15.0,
        "average": 15.0,
        "max": 15.0,
        "percentiles": {
          "p25": 15.0,
          "p50": 15.0,
          "p75": 15.0
        }
      }
    },
    "network": {
      "packets_dropped": {
        "min": 0.0,
        "average": 1789.8387096774193,
        "max": 55485.0,
        "percentiles": {
          "p25": 0.0,
          "p50": 0.0,
          "p75": 0.0
        }
      },
      "packets_recovered": {
        "min": 0.0,
        "average": 57.32258064516129,
        "max": 173.0,
        "percentiles": {
          "p25": 40.0,
          "p50": 51.0,
          "p75": 73.0
        }
      },
      "rtt_ms": {
        "min": 6.26898911563232,
        "average": 11.872377735306795,
        "max": 15.411501008040341,
        "percentiles": {
          "p25": 10.932640227503494,
          "p50": 11.916207796241508,
          "p75": 13.137850418874
        }
      },
      "quality": {
        "min": 74.0,
        "average": 85.58064516129032,
        "max": 100.0,
        "percentiles": {
          "p25": 82.0,
          "p50": 86.0,
          "p75": 88.0
        }
      },
      "bitrate_bps": {
        "min": 0.0,
        "average": 3157275.064516129,
        "max": 5216263.0,
        "percentiles": {
          "p25": 2884164.0,
          "p50": 3496601.0,
          "p75": 3616742.0
        }
      }
    }
  },
  "meta": {
    "duration_seconds": 31.742202043533325,
    "test_attempts": 1,
    "vpn_restart_attempts": 0,
    "vpn_restart_duration_seconds": 1.5010650157928467,
    "connectivity_wait_duration_seconds": 2.666151285171509,
    "source": "yuki",
    "target": "luna"
  }
}
