{
    "status": "success",
    "data": {
        "rtt_min_ms": {
            "min": 0.909,
            "average": 0.96,
            "max": 0.986,
            "percentiles": {
                "p25": 0.909,
                "p50": 0.985,
                "p75": 0.986
            }
        },
        "rtt_avg_ms": {
            "min": 15.008,
            "average": 16.246666666666666,
            "max": 18.112,
            "percentiles": {
                "p25": 15.008,
                "p50": 15.62,
                "p75": 18.112
            }
        },
        "rtt_max_ms": {
            "min": 37.873,
            "average": 38.248,
            "max": 38.592,
            "percentiles": {
                "p25": 37.873,
                "p50": 38.279,
                "p75": 38.592
            }
        },
        "rtt_mdev_ms": {
            "min": 9.41,
            "average": 9.671666666666667,
            "max": 9.986,
            "percentiles": {
                "p25": 9.41,
                "p50": 9.619,
                "p75": 9.986
            }
        },
        "packet_loss_percent": {
            "min": 2.0,
            "average": 4.333333333333333,
            "max": 7.0,
            "percentiles": {
                "p25": 2.0,
                "p50": 4.0,
                "p75": 7.0
            }
        }
    },
    "meta": {
        "duration_seconds": 61.724982261657715,
        "test_attempts": 1,
        "vpn_restart_attempts": 0,
        "vpn_restart_duration_seconds": 0.0,
        "connectivity_wait_duration_seconds": 0.0,
        "source": "lom",
        "target": "yuki"
    }
}