{
    "status": "success",
    "data": {
        "rtt_min_ms": {
            "min": 0.877,
            "average": 0.982,
            "max": 1.045,
            "percentiles": {
                "p25": 0.877,
                "p50": 1.024,
                "p75": 1.045
            }
        },
        "rtt_avg_ms": {
            "min": 14.141,
            "average": 15.422666666666666,
            "max": 17.032,
            "percentiles": {
                "p25": 14.141,
                "p50": 15.095,
                "p75": 17.032
            }
        },
        "rtt_max_ms": {
            "min": 36.109,
            "average": 37.678333333333335,
            "max": 40.152,
            "percentiles": {
                "p25": 36.109,
                "p50": 36.774,
                "p75": 40.152
            }
        },
        "rtt_mdev_ms": {
            "min": 8.949,
            "average": 9.534,
            "max": 10.66,
            "percentiles": {
                "p25": 8.949,
                "p50": 8.993,
                "p75": 10.66
            }
        },
        "packet_loss_percent": {
            "min": 3.0,
            "average": 4.666666666666667,
            "max": 6.0,
            "percentiles": {
                "p25": 3.0,
                "p50": 5.0,
                "p75": 6.0
            }
        }
    },
    "meta": {
        "duration_seconds": 61.830989599227905,
        "test_attempts": 1,
        "vpn_restart_attempts": 0,
        "vpn_restart_duration_seconds": 0.0,
        "connectivity_wait_duration_seconds": 0.0,
        "source": "lom",
        "target": "yuki"
    }
}