{
    "status": "success",
    "data": {
        "rtt_min_ms": {
            "min": 0.842,
            "average": 0.9736666666666667,
            "max": 1.097,
            "percentiles": {
                "p25": 0.842,
                "p50": 0.982,
                "p75": 1.097
            }
        },
        "rtt_avg_ms": {
            "min": 14.673,
            "average": 15.795666666666667,
            "max": 16.751,
            "percentiles": {
                "p25": 14.673,
                "p50": 15.963,
                "p75": 16.751
            }
        },
        "rtt_max_ms": {
            "min": 39.69,
            "average": 40.254666666666665,
            "max": 40.846,
            "percentiles": {
                "p25": 39.69,
                "p50": 40.228,
                "p75": 40.846
            }
        },
        "rtt_mdev_ms": {
            "min": 9.002,
            "average": 9.501666666666667,
            "max": 9.971,
            "percentiles": {
                "p25": 9.002,
                "p50": 9.532,
                "p75": 9.971
            }
        },
        "packet_loss_percent": {
            "min": 6.0,
            "average": 6.333333333333333,
            "max": 7.0,
            "percentiles": {
                "p25": 6.0,
                "p50": 6.0,
                "p75": 7.0
            }
        }
    },
    "meta": {
        "duration_seconds": 61.82760715484619,
        "test_attempts": 1,
        "vpn_restart_attempts": 0,
        "vpn_restart_duration_seconds": 0.0,
        "connectivity_wait_duration_seconds": 0.0,
        "source": "lom",
        "target": "yuki"
    }
}