{
    "status": "success",
    "data": {
        "total_bandwidth_mbps": {
            "min": 21.771,
            "average": 23.211933333333334,
            "max": 24.824,
            "percentiles": {
                "p25": 22.850500000000004,
                "p50": 23.021,
                "p75": 23.6355
            }
        },
        "cpu_usage_percent": {
            "min": 1.01,
            "average": 7.127791666666667,
            "max": 12.63,
            "percentiles": {
                "p25": 6.19,
                "p50": 7.29,
                "p75": 8.25
            }
        },
        "ttfb_ms": {
            "min": 31.0,
            "average": 93.125,
            "max": 335.0,
            "percentiles": {
                "p25": 32.75,
                "p50": 46.0,
                "p75": 132.5
            }
        },
        "conn_time_ms": {
            "min": 19.0,
            "average": 81.125,
            "max": 319.0,
            "percentiles": {
                "p25": 23.5,
                "p50": 39.0,
                "p75": 116.25
            }
        }
    },
    "meta": {
        "duration_seconds": 32.17964172363281,
        "test_attempts": 1,
        "vpn_restart_attempts": 0,
        "vpn_restart_duration_seconds": 0.0,
        "connectivity_wait_duration_seconds": 0.0,
        "source": "lom",
        "target": "yuki"
    }
}