{
  "status": "success",
  "data": {
    "encoding": {
      "bitrate_kbps": {
        "min": 3300.8,
        "average": 3346.6862068965515,
        "max": 3485.7,
        "percentiles": {
          "p25": 3320.35,
          "p50": 3334.8,
          "p75": 3354.45
        }
      },
      "fps": {
        "min": 31.0,
        "average": 32.13793103448276,
        "max": 45.0,
        "percentiles": {
          "p25": 31.0,
          "p50": 31.0,
          "p75": 32.0
        }
      },
      "dropped_frames": {
        "min": 15.0,
        "average": 15.0,
        "max": 15.0,
        "percentiles": {
          "p25": 15.0,
          "p50": 15.0,
          "p75": 15.0
        }
      }
    },
    "network": {
      "packets_dropped": {
        "min": 0.0,
        "average": 0.0,
        "max": 0.0,
        "percentiles": {
          "p25": 0.0,
          "p50": 0.0,
          "p75": 0.0
        }
      },
      "packets_recovered": {
        "min": 0.0,
        "average": 85.96774193548387,
        "max": 177.0,
        "percentiles": {
          "p25": 71.0,
          "p50": 80.0,
          "p75": 108.0
        }
      },
      "rtt_ms": {
        "min": 6.22545510826975,
        "average": 17.770120042681317,
        "max": 22.960232727050055,
        "percentiles": {
          "p25": 16.2599437609183,
          "p50": 17.981291765454774,
          "p75": 19.399435228489534
        }
      },
      "quality": {
        "min": 73.0,
        "average": 79.48387096774194,
        "max": 100.0,
        "percentiles": {
          "p25": 76.0,
          "p50": 78.0,
          "p75": 82.0
        }
      },
      "bitrate_bps": {
        "min": 0.0,
        "average": 3154179.4516129033,
        "max": 5183484.0,
        "percentiles": {
          "p25": 2854593.0,
          "p50": 3569537.0,
          "p75": 3607553.0
        }
      }
    }
  },
  "meta": {
    "duration_seconds": 31.74185061454773,
    "test_attempts": 1,
    "vpn_restart_attempts": 0,
    "vpn_restart_duration_seconds": 0.0,
    "connectivity_wait_duration_seconds": 0.0,
    "source": "lom",
    "target": "yuki"
  }
}
