{
  "status": "success",
  "data": {
    "rtt_min_ms": {
      "min": 0.449,
      "average": 0.456,
      "max": 0.462,
      "percentiles": {
        "p25": 0.449,
        "p50": 0.457,
        "p75": 0.462
      }
    },
    "rtt_avg_ms": {
      "min": 0.611,
      "average": 0.6166666666666667,
      "max": 0.628,
      "percentiles": {
        "p25": 0.611,
        "p50": 0.611,
        "p75": 0.628
      }
    },
    "rtt_max_ms": {
      "min": 1.922,
      "average": 2.7203333333333335,
      "max": 3.19,
      "percentiles": {
        "p25": 1.922,
        "p50": 3.049,
        "p75": 3.19
      }
    },
    "rtt_mdev_ms": {
      "min": 0.157,
      "average": 0.229,
      "max": 0.279,
      "percentiles": {
        "p25": 0.157,
        "p50": 0.251,
        "p75": 0.279
      }
    },
    "packet_loss_percent": {
      "min": 0.0,
      "average": 0.0,
      "max": 0.0,
      "percentiles": {
        "p25": 0.0,
        "p50": 0.0,
        "p75": 0.0
      }
    }
  },
  "meta": {
    "duration_seconds": 62.49638342857361,
    "test_attempts": 1,
    "vpn_restart_attempts": 0
  }
}
