{
  "status": "success",
  "data": {
    "total_bandwidth_mbps": {
      "min": 1112.9,
      "average": 1143.8933333333334,
      "max": 1193.6000000000001,
      "percentiles": {
        "p25": 1125.625,
        "p50": 1142.2,
        "p75": 1154.9499999999998
      }
    },
    "cpu_usage_percent": {
      "min": 14.89,
      "average": 17.9965,
      "max": 20.83,
      "percentiles": {
        "p25": 17.02,
        "p50": 17.89,
        "p75": 18.7325
      }
    },
    "ttfb_ms": {
      "min": 18.0,
      "average": 22.5,
      "max": 27.0,
      "percentiles": {
        "p25": 18.25,
        "p50": 22.5,
        "p75": 26.75
      }
    },
    "conn_time_ms": {
      "min": 16.0,
      "average": 20.0,
      "max": 23.0,
      "percentiles": {
        "p25": 16.5,
        "p50": 20.5,
        "p75": 23.0
      }
    }
  },
  "meta": {
    "duration_seconds": 31.297445058822632,
    "test_attempts": 1,
    "vpn_restart_attempts": 0
  }
}
