{
  "status": "success",
  "data": {
    "total_bandwidth_mbps": {
      "min": 501.19000000000005,
      "average": 546.0646666666667,
      "max": 594.1500000000001,
      "percentiles": {
        "p25": 531.13,
        "p50": 553.05,
        "p75": 557.05
      }
    },
    "cpu_usage_percent": {
      "min": 47.19,
      "average": 57.402791666666666,
      "max": 94.03,
      "percentiles": {
        "p25": 51.66,
        "p50": 53.76,
        "p75": 58.99250000000001
      }
    },
    "ttfb_ms": {
      "min": 12.0,
      "average": 16.75,
      "max": 20.0,
      "percentiles": {
        "p25": 16.25,
        "p50": 17.0,
        "p75": 17.75
      }
    },
    "conn_time_ms": {
      "min": 11.0,
      "average": 15.875,
      "max": 19.0,
      "percentiles": {
        "p25": 16.0,
        "p50": 16.0,
        "p75": 16.75
      }
    }
  },
  "meta": {
    "duration_seconds": 31.18654441833496,
    "test_attempts": 1,
    "vpn_restart_attempts": 0,
    "vpn_restart_duration_seconds": 1.7915427684783936,
    "connectivity_wait_duration_seconds": 1.852771282196045,
    "source": "lom",
    "target": "yuki"
  }
}
