{
    "status": "success",
    "data": {
        "rtt_min_ms": {
            "min": 1.602,
            "average": 1.703,
            "max": 1.898,
            "percentiles": {
                "p25": 1.602,
                "p50": 1.609,
                "p75": 1.898
            }
        },
        "rtt_avg_ms": {
            "min": 16.271,
            "average": 17.883333333333333,
            "max": 20.011,
            "percentiles": {
                "p25": 16.271,
                "p50": 17.368,
                "p75": 20.011
            }
        },
        "rtt_max_ms": {
            "min": 96.866,
            "average": 100.75733333333334,
            "max": 105.493,
            "percentiles": {
                "p25": 96.866,
                "p50": 99.913,
                "p75": 105.493
            }
        },
        "rtt_mdev_ms": {
            "min": 13.055,
            "average": 15.905666666666667,
            "max": 19.731,
            "percentiles": {
                "p25": 13.055,
                "p50": 14.931,
                "p75": 19.731
            }
        },
        "packet_loss_percent": {
            "min": 0.0,
            "average": 0.0,
            "max": 0.0,
            "percentiles": {
                "p25": 0.0,
                "p50": 0.0,
                "p75": 0.0
            }
        }
    },
    "meta": {
        "duration_seconds": 61.06473660469055,
        "test_attempts": 1,
        "vpn_restart_attempts": 0,
        "vpn_restart_duration_seconds": 2.1915769577026367,
        "connectivity_wait_duration_seconds": 4.612135410308838,
        "source": "luna",
        "target": "lom"
    }
}