{
    "status": "success",
    "data": {
        "rtt_min_ms": {
            "min": 0.892,
            "average": 0.9243333333333333,
            "max": 0.962,
            "percentiles": {
                "p25": 0.892,
                "p50": 0.919,
                "p75": 0.962
            }
        },
        "rtt_avg_ms": {
            "min": 1.195,
            "average": 1.218,
            "max": 1.235,
            "percentiles": {
                "p25": 1.195,
                "p50": 1.224,
                "p75": 1.235
            }
        },
        "rtt_max_ms": {
            "min": 1.284,
            "average": 5.946000000000001,
            "max": 8.617,
            "percentiles": {
                "p25": 1.284,
                "p50": 7.937,
                "p75": 8.617
            }
        },
        "rtt_mdev_ms": {
            "min": 0.063,
            "average": 0.4946666666666667,
            "max": 0.744,
            "percentiles": {
                "p25": 0.063,
                "p50": 0.677,
                "p75": 0.744
            }
        },
        "packet_loss_percent": {
            "min": 0.0,
            "average": 0.0,
            "max": 0.0,
            "percentiles": {
                "p25": 0.0,
                "p50": 0.0,
                "p75": 0.0
            }
        }
    },
    "meta": {
        "duration_seconds": 60.70903253555298,
        "test_attempts": 1,
        "vpn_restart_attempts": 0,
        "vpn_restart_duration_seconds": 4.3373496532440186,
        "connectivity_wait_duration_seconds": 1.842428207397461,
        "source": "luna",
        "target": "lom"
    }
}