{
    "status": "success",
    "data": {
        "total_bandwidth_mbps": {
            "min": 832.59,
            "average": 835.2769999999999,
            "max": 835.9799999999999,
            "percentiles": {
                "p25": 835.1275,
                "p50": 835.4649999999999,
                "p75": 835.625
            }
        },
        "cpu_usage_percent": {
            "min": 1.23,
            "average": 20.9385,
            "max": 64.21,
            "percentiles": {
                "p25": 16.16,
                "p50": 19.19,
                "p75": 23.96
            }
        },
        "ttfb_ms": {
            "min": 17.0,
            "average": 18.125,
            "max": 20.0,
            "percentiles": {
                "p25": 17.0,
                "p50": 18.0,
                "p75": 19.0
            }
        },
        "conn_time_ms": {
            "min": 15.0,
            "average": 17.0,
            "max": 19.0,
            "percentiles": {
                "p25": 15.25,
                "p50": 17.5,
                "p75": 18.0
            }
        }
    },
    "meta": {
        "duration_seconds": 31.27414870262146,
        "test_attempts": 1,
        "vpn_restart_attempts": 0,
        "vpn_restart_duration_seconds": 6.874151706695557,
        "connectivity_wait_duration_seconds": 16.5820894241333,
        "source": "luna",
        "target": "lom"
    }
}