{
  "status": "success",
  "data": {
    "total_bandwidth_mbps": {
      "min": 830.69,
      "average": 837.05,
      "max": 870.2,
      "percentiles": {
        "p25": 833.895,
        "p50": 835.895,
        "p75": 837.1925
      }
    },
    "cpu_usage_percent": {
      "min": 0.0,
      "average": 20.516458333333333,
      "max": 52.13,
      "percentiles": {
        "p25": 15.3475,
        "p50": 19.19,
        "p75": 24.4275
      }
    },
    "ttfb_ms": {
      "min": 14.0,
      "average": 18.142857142857142,
      "max": 29.0,
      "percentiles": {
        "p25": 15.0,
        "p50": 17.0,
        "p75": 18.0
      }
    },
    "conn_time_ms": {
      "min": 13.0,
      "average": 16.142857142857142,
      "max": 25.0,
      "percentiles": {
        "p25": 13.0,
        "p50": 15.0,
        "p75": 16.0
      }
    }
  },
  "meta": {
    "duration_seconds": 31.279698848724365,
    "test_attempts": 1,
    "vpn_restart_attempts": 0,
    "source": "luna",
    "target": "lom"
  }
}
