{
    "status": "success",
    "data": {
        "encoding": {
            "bitrate_kbps": {
                "min": 3299.8,
                "average": 3346.362068965517,
                "max": 3493.5,
                "percentiles": {
                    "p25": 3319.3999999999996,
                    "p50": 3333.9,
                    "p75": 3356.05
                }
            },
            "fps": {
                "min": 31.0,
                "average": 32.13793103448276,
                "max": 45.0,
                "percentiles": {
                    "p25": 31.0,
                    "p50": 31.0,
                    "p75": 32.0
                }
            },
            "dropped_frames": {
                "min": 15.0,
                "average": 15.0,
                "max": 15.0,
                "percentiles": {
                    "p25": 15.0,
                    "p50": 15.0,
                    "p75": 15.0
                }
            }
        },
        "network": {
            "packets_dropped": {
                "min": 0.0,
                "average": 0.0,
                "max": 0.0,
                "percentiles": {
                    "p25": 0.0,
                    "p50": 0.0,
                    "p75": 0.0
                }
            },
            "packets_recovered": {
                "min": 0.0,
                "average": 0.0,
                "max": 0.0,
                "percentiles": {
                    "p25": 0.0,
                    "p50": 0.0,
                    "p75": 0.0
                }
            },
            "rtt_ms": {
                "min": 3.4014580612610064,
                "average": 4.284272394274358,
                "max": 5.264617603581121,
                "percentiles": {
                    "p25": 4.00293177456311,
                    "p50": 4.190654578952527,
                    "p75": 4.646055109387336
                }
            },
            "quality": {
                "min": 100.0,
                "average": 100.0,
                "max": 100.0,
                "percentiles": {
                    "p25": 100.0,
                    "p50": 100.0,
                    "p75": 100.0
                }
            },
            "bitrate_bps": {
                "min": 0.0,
                "average": 3170070.6129032257,
                "max": 5065189.0,
                "percentiles": {
                    "p25": 2862847.0,
                    "p50": 3566189.0,
                    "p75": 3602980.0
                }
            }
        }
    },
    "meta": {
        "duration_seconds": 31.4633309841156,
        "test_attempts": 1,
        "vpn_restart_attempts": 0,
        "vpn_restart_duration_seconds": 5.28430438041687,
        "connectivity_wait_duration_seconds": 3.8054678440093994,
        "source": "luna",
        "target": "lom"
    }
}