{
  "status": "success",
  "data": {
    "encoding": {
      "bitrate_kbps": {
        "min": 3302.8,
        "average": 3348.093103448276,
        "max": 3491.9,
        "percentiles": {
          "p25": 3322.3500000000004,
          "p50": 3335.6,
          "p75": 3362.45
        }
      },
      "fps": {
        "min": 31.0,
        "average": 32.10344827586207,
        "max": 45.0,
        "percentiles": {
          "p25": 31.0,
          "p50": 31.0,
          "p75": 32.0
        }
      },
      "dropped_frames": {
        "min": 15.0,
        "average": 15.0,
        "max": 15.0,
        "percentiles": {
          "p25": 15.0,
          "p50": 15.0,
          "p75": 15.0
        }
      }
    },
    "network": {
      "packets_dropped": {
        "min": 0.0,
        "average": 0.0,
        "max": 0.0,
        "percentiles": {
          "p25": 0.0,
          "p50": 0.0,
          "p75": 0.0
        }
      },
      "packets_recovered": {
        "min": 0.0,
        "average": 0.0,
        "max": 0.0,
        "percentiles": {
          "p25": 0.0,
          "p50": 0.0,
          "p75": 0.0
        }
      },
      "rtt_ms": {
        "min": 4.413307046363802,
        "average": 5.1083915656582795,
        "max": 5.75966445143816,
        "percentiles": {
          "p25": 4.8477394587665055,
          "p50": 5.105047343786343,
          "p75": 5.352743193370286
        }
      },
      "quality": {
        "min": 100.0,
        "average": 100.0,
        "max": 100.0,
        "percentiles": {
          "p25": 100.0,
          "p50": 100.0,
          "p75": 100.0
        }
      },
      "bitrate_bps": {
        "min": 0.0,
        "average": 3169293.0322580645,
        "max": 5079098.0,
        "percentiles": {
          "p25": 2855043.0,
          "p50": 3558184.0,
          "p75": 3618461.0
        }
      }
    }
  },
  "meta": {
    "duration_seconds": 31.43266010284424,
    "test_attempts": 1,
    "vpn_restart_attempts": 0,
    "vpn_restart_duration_seconds": 1.5829856395721436,
    "connectivity_wait_duration_seconds": 5.882268190383911,
    "source": "yuki",
    "target": "luna"
  }
}
