{
  "status": "success",
  "data": {
    "total_bandwidth_mbps": {
      "min": 2.7161,
      "average": 3.158141,
      "max": 3.7062000000000004,
      "percentiles": {
        "p25": 3.0198,
        "p50": 3.15215,
        "p75": 3.2552250000000003
      }
    },
    "cpu_usage_percent": {
      "min": 0.0,
      "average": 3.39525,
      "max": 8.08,
      "percentiles": {
        "p25": 2.04,
        "p50": 3.075,
        "p75": 4.26
      }
    },
    "ttfb_ms": {
      "min": 64.0,
      "average": 249.25,
      "max": 655.0,
      "percentiles": {
        "p25": 106.75,
        "p50": 230.0,
        "p75": 265.5
      }
    },
    "conn_time_ms": {
      "min": 55.0,
      "average": 164.75,
      "max": 462.0,
      "percentiles": {
        "p25": 75.25,
        "p50": 146.0,
        "p75": 160.0
      }
    }
  },
  "meta": {
    "duration_seconds": 33.98549461364746,
    "test_attempts": 1,
    "vpn_restart_attempts": 0,
    "vpn_restart_duration_seconds": 2.922902822494507,
    "connectivity_wait_duration_seconds": 2.1046242713928223,
    "source": "lom",
    "target": "yuki"
  }
}
