{
  "status": "success",
  "data": {
    "rtt_min_ms": {
      "min": 0.869,
      "average": 0.9269999999999999,
      "max": 0.962,
      "percentiles": {
        "p25": 0.869,
        "p50": 0.95,
        "p75": 0.962
      }
    },
    "rtt_avg_ms": {
      "min": 1.255,
      "average": 1.278,
      "max": 1.311,
      "percentiles": {
        "p25": 1.255,
        "p50": 1.268,
        "p75": 1.311
      }
    },
    "rtt_max_ms": {
      "min": 1.382,
      "average": 2.5749999999999997,
      "max": 4.93,
      "percentiles": {
        "p25": 1.382,
        "p50": 1.413,
        "p75": 4.93
      }
    },
    "rtt_mdev_ms": {
      "min": 0.085,
      "average": 0.221,
      "max": 0.489,
      "percentiles": {
        "p25": 0.085,
        "p50": 0.089,
        "p75": 0.489
      }
    },
    "packet_loss_percent": {
      "min": 0.0,
      "average": 0.0,
      "max": 0.0,
      "percentiles": {
        "p25": 0.0,
        "p50": 0.0,
        "p75": 0.0
      }
    }
  },
  "meta": {
    "duration_seconds": 60.733776569366455,
    "test_attempts": 1,
    "vpn_restart_attempts": 0,
    "vpn_restart_duration_seconds": 34.95047450065613,
    "connectivity_wait_duration_seconds": 2.097630023956299,
    "source": "yuki",
    "target": "luna"
  }
}
