{
  "status": "success",
  "data": {
    "total_bandwidth_mbps": {
      "min": 664.1,
      "average": 828.699,
      "max": 895.5,
      "percentiles": {
        "p25": 767.7750000000001,
        "p50": 863.995,
        "p75": 884.2749999999999
      }
    },
    "cpu_usage_percent": {
      "min": 35.85,
      "average": 50.97375,
      "max": 85.71,
      "percentiles": {
        "p25": 46.22,
        "p50": 51.510000000000005,
        "p75": 55.015
      }
    },
    "ttfb_ms": {
      "min": 36.0,
      "average": 114.5,
      "max": 296.0,
      "percentiles": {
        "p25": 41.5,
        "p50": 63.0,
        "p75": 239.0
      }
    },
    "conn_time_ms": {
      "min": 35.0,
      "average": 44.75,
      "max": 56.0,
      "percentiles": {
        "p25": 35.75,
        "p50": 44.0,
        "p75": 54.5
      }
    }
  }
}
