{
    "total_bandwidth_mbps_percentiles": {
        "p25": 789.9750000000001,
        "p50": 820.75,
        "p75": 868.8125
    },
    "cpu_usage_percent_percentiles": {
        "p25": 51.519999999999996,
        "p50": 57.31,
        "p75": 65.41499999999999
    },
    "ttfb_ms_percentiles": {
        "p25": 83.75,
        "p50": 239.0,
        "p75": 383.0
    },
    "conn_time_ms_percentiles": {
        "p25": 81.0,
        "p50": 231.5,
        "p75": 377.5
    }
}