{
  "status": "success",
  "data": {
    "total_bandwidth_mbps": {
      "min": 822.0,
      "average": 913.72,
      "max": 1004.6999999999999,
      "percentiles": {
        "p25": 871.3,
        "p50": 912.7,
        "p75": 957.05
      }
    },
    "cpu_usage_percent": {
      "min": 38.55,
      "average": 51.15375,
      "max": 79.57,
      "percentiles": {
        "p25": 45.0975,
        "p50": 49.255,
        "p75": 54.6275
      }
    },
    "ttfb_ms": {
      "min": 22.0,
      "average": 222.0,
      "max": 428.0,
      "percentiles": {
        "p25": 22.0,
        "p50": 219.0,
        "p75": 425.0
      }
    },
    "conn_time_ms": {
      "min": 20.0,
      "average": 218.75,
      "max": 423.0,
      "percentiles": {
        "p25": 20.0,
        "p50": 216.0,
        "p75": 420.25
      }
    }
  }
}
