{
  "start": {
    "connected": [
      {
        "socket": 7,
        "local_host": "fd5a:c496:bf88:964d:d399:93a3:cc0b:b9ca",
        "local_port": 34686,
        "remote_host": "fd5a:c496:bf88:964d:d399:935a:c496:bf88",
        "remote_port": 5201
      },
      {
        "socket": 9,
        "local_host": "fd5a:c496:bf88:964d:d399:93a3:cc0b:b9ca",
        "local_port": 34700,
        "remote_host": "fd5a:c496:bf88:964d:d399:935a:c496:bf88",
        "remote_port": 5201
      }
    ],
    "version": "iperf 3.18",
    "system_info": "Linux yuki 6.12.19 #1-NixOS SMP PREEMPT_DYNAMIC Thu Mar 13 12:02:20 UTC 2025 x86_64",
    "timestamp": {
      "time": "Sun, 23 Mar 2025 01:38:14 GMT",
      "timesecs": 1742693894
    },
    "connecting_to": {
      "host": "fd5a:c496:bf88:964d:d399:935a:c496:bf88",
      "port": 5201
    },
    "cookie": "2vmukzceqxbpcxfkbppg7gq3rkyredgl25d5",
    "tcp_mss_default": 2728,
    "target_bitrate": 0,
    "fq_rate": 0,
    "sock_bufsize": 0,
    "sndbuf_actual": 16384,
    "rcvbuf_actual": 131072,
    "test_start": {
      "protocol": "TCP",
      "num_streams": 1,
      "blksize": 131072,
      "omit": 0,
      "duration": 10,
      "bytes": 0,
      "blocks": 0,
      "reverse": 0,
      "tos": 0,
      "target_bitrate": 0,
      "bidir": 1,
      "fqrate": 0,
      "interval": 1
    }
  },
  "intervals": [
    {
      "streams": [
        {
          "socket": 7,
          "start": 0,
          "end": 1.000214,
          "seconds": 1.0002139806747437,
          "bytes": 107479040,
          "bits_per_second": 859648371.861347,
          "retransmits": 39,
          "snd_cwnd": 240064,
          "snd_wnd": 4964352,
          "rtt": 2311,
          "rttvar": 29,
          "pmtu": 2800,
          "omitted": false,
          "sender": true
        },
        {
          "socket": 9,
          "start": 0,
          "end": 1.00022,
          "seconds": 1.0002199411392212,
          "bytes": 109969408,
          "bits_per_second": 879561812.1730152,
          "omitted": false,
          "sender": false
        }
      ],
      "sum": {
        "start": 0,
        "end": 1.000214,
        "seconds": 1.0002139806747437,
        "bytes": 107479040,
        "bits_per_second": 859648371.861347,
        "retransmits": 39,
        "omitted": false,
        "sender": true
      },
      "sum_bidir_reverse": {
        "start": 0,
        "end": 1.000214,
        "seconds": 1.0002139806747437,
        "bytes": 109969408,
        "bits_per_second": 879567053.648378,
        "omitted": false,
        "sender": false
      }
    },
    {
      "streams": [
        {
          "socket": 7,
          "start": 1.000214,
          "end": 2.00022,
          "seconds": 1.0000059604644775,
          "bytes": 85196800,
          "bits_per_second": 681570337.5242143,
          "retransmits": 24,
          "snd_cwnd": 308264,
          "snd_wnd": 4964352,
          "rtt": 3368,
          "rttvar": 26,
          "pmtu": 2800,
          "omitted": false,
          "sender": true
        },
        {
          "socket": 9,
          "start": 1.00022,
          "end": 2.000225,
          "seconds": 1.0000050067901611,
          "bytes": 135397376,
          "bits_per_second": 1083173584.777153,
          "omitted": false,
          "sender": false
        }
      ],
      "sum": {
        "start": 1.000214,
        "end": 2.00022,
        "seconds": 1.0000059604644775,
        "bytes": 85196800,
        "bits_per_second": 681570337.5242143,
        "retransmits": 24,
        "omitted": false,
        "sender": true
      },
      "sum_bidir_reverse": {
        "start": 1.000214,
        "end": 2.00022,
        "seconds": 1.0000059604644775,
        "bytes": 135397376,
        "bits_per_second": 1083172551.788482,
        "omitted": false,
        "sender": false
      }
    },
    {
      "streams": [
        {
          "socket": 7,
          "start": 2.00022,
          "end": 3.000224,
          "seconds": 1.0000040531158447,
          "bytes": 133955584,
          "bits_per_second": 1071640328.5176046,
          "retransmits": 64,
          "snd_cwnd": 379192,
          "snd_wnd": 4961664,
          "rtt": 2645,
          "rttvar": 19,
          "pmtu": 2800,
          "omitted": false,
          "sender": true
        },
        {
          "socket": 9,
          "start": 2.000225,
          "end": 3.00023,
          "seconds": 1.0000050067901611,
          "bytes": 126615552,
          "bits_per_second": 1012919344.5253918,
          "omitted": false,
          "sender": false
        }
      ],
      "sum": {
        "start": 2.00022,
        "end": 3.000224,
        "seconds": 1.0000040531158447,
        "bytes": 133955584,
        "bits_per_second": 1071640328.5176046,
        "retransmits": 64,
        "omitted": false,
        "sender": true
      },
      "sum_bidir_reverse": {
        "start": 2.00022,
        "end": 3.000224,
        "seconds": 1.0000040531158447,
        "bytes": 126615552,
        "bits_per_second": 1012920310.51664,
        "omitted": false,
        "sender": false
      }
    },
    {
      "streams": [
        {
          "socket": 7,
          "start": 3.000224,
          "end": 4.001042,
          "seconds": 1.0008180141448975,
          "bytes": 141557760,
          "bits_per_second": 1131536467.1643922,
          "retransmits": 72,
          "snd_cwnd": 466488,
          "snd_wnd": 4964352,
          "rtt": 3686,
          "rttvar": 453,
          "pmtu": 2800,
          "omitted": false,
          "sender": true
        },
        {
          "socket": 9,
          "start": 3.00023,
          "end": 4.001048,
          "seconds": 1.0008180141448975,
          "bytes": 127008768,
          "bits_per_second": 1015239663.5947186,
          "omitted": false,
          "sender": false
        }
      ],
      "sum": {
        "start": 3.000224,
        "end": 4.001042,
        "seconds": 1.0008180141448975,
        "bytes": 141557760,
        "bits_per_second": 1131536467.1643922,
        "retransmits": 72,
        "omitted": false,
        "sender": true
      },
      "sum_bidir_reverse": {
        "start": 3.000224,
        "end": 4.001042,
        "seconds": 1.0008180141448975,
        "bytes": 127008768,
        "bits_per_second": 1015239663.5947186,
        "omitted": false,
        "sender": false
      }
    },
    {
      "streams": [
        {
          "socket": 7,
          "start": 4.001042,
          "end": 5.001035,
          "seconds": 0.9999930262565613,
          "bytes": 144048128,
          "bits_per_second": 1152393060.4935443,
          "retransmits": 38,
          "snd_cwnd": 469216,
          "snd_wnd": 4964352,
          "rtt": 4065,
          "rttvar": 170,
          "pmtu": 2800,
          "omitted": false,
          "sender": true
        },
        {
          "socket": 9,
          "start": 4.001048,
          "end": 5.001042,
          "seconds": 0.9999939799308777,
          "bytes": 126091264,
          "bits_per_second": 1008736184.6615578,
          "omitted": false,
          "sender": false
        }
      ],
      "sum": {
        "start": 4.001042,
        "end": 5.001035,
        "seconds": 0.9999930262565613,
        "bytes": 144048128,
        "bits_per_second": 1152393060.4935443,
        "retransmits": 38,
        "omitted": false,
        "sender": true
      },
      "sum_bidir_reverse": {
        "start": 4.001042,
        "end": 5.001035,
        "seconds": 0.9999930262565613,
        "bytes": 126091264,
        "bits_per_second": 1008737146.674058,
        "omitted": false,
        "sender": false
      }
    },
    {
      "streams": [
        {
          "socket": 7,
          "start": 5.001035,
          "end": 6.001092,
          "seconds": 1.0000569820404053,
          "bytes": 143523840,
          "bits_per_second": 1148125297.4779088,
          "retransmits": 34,
          "snd_cwnd": 441936,
          "snd_wnd": 4964352,
          "rtt": 3234,