{
  "status": "success",
  "data": {
    "vpn_installation_seconds": 2780.675418814004,
    "tc_stabilization_seconds": 330.44535822293255,
    "test_execution_seconds": 18520.11279630661,
    "vpn_restart_seconds": 5448.84289765358,
    "connectivity_wait_seconds": 2045.893274307251,
    "other_overhead_seconds": 0.0,
    "total_seconds": 29125.969745304377
  }
}
