{
    "status": "success",
    "data": {
        "rtt_min_ms": {
            "min": 0.863,
            "average": 0.9303333333333333,
            "max": 1.038,
            "percentiles": {
                "p25": 0.863,
                "p50": 0.89,
                "p75": 1.038
            }
        },
        "rtt_avg_ms": {
            "min": 9.939,
            "average": 10.322000000000001,
            "max": 10.65,
            "percentiles": {
                "p25": 9.939,
                "p50": 10.377,
                "p75": 10.65
            }
        },
        "rtt_max_ms": {
            "min": 21.339,
            "average": 21.919999999999998,
            "max": 22.612,
            "percentiles": {
                "p25": 21.339,
                "p50": 21.809,
                "p75": 22.612
            }
        },
        "rtt_mdev_ms": {
            "min": 4.86,
            "average": 4.989,
            "max": 5.143,
            "percentiles": {
                "p25": 4.86,
                "p50": 4.964,
                "p75": 5.143
            }
        },
        "packet_loss_percent": {
            "min": 2.0,
            "average": 2.6666666666666665,
            "max": 4.0,
            "percentiles": {
                "p25": 2.0,
                "p50": 2.0,
                "p75": 4.0
            }
        }
    },
    "meta": {
        "duration_seconds": 62.1299684047699,
        "test_attempts": 1,
        "vpn_restart_attempts": 0,
        "vpn_restart_duration_seconds": 36.564669609069824,
        "connectivity_wait_duration_seconds": 3.3383843898773193,
        "source": "lom",
        "target": "yuki"
    }
}