{
  "status": "success",
  "data": {
    "encoding": {
      "bitrate_kbps": {
        "min": 3311.7,
        "average": 3348.5275862068966,
        "max": 3494.1,
        "percentiles": {
          "p25": 3321.7,
          "p50": 3334.8,
          "p75": 3357.05
        }
      },
      "fps": {
        "min": 31.0,
        "average": 32.13793103448276,
        "max": 45.0,
        "percentiles": {
          "p25": 31.0,
          "p50": 31.0,
          "p75": 32.0
        }
      },
      "dropped_frames": {
        "min": 15.0,
        "average": 15.0,
        "max": 15.0,
        "percentiles": {
          "p25": 15.0,
          "p50": 15.0,
          "p75": 15.0
        }
      }
    },
    "network": {
      "packets_dropped": {
        "min": 0.0,
        "average": 1790.1612903225807,
        "max": 55495.0,
        "percentiles": {
          "p25": 0.0,
          "p50": 0.0,
          "p75": 0.0
        }
      },
      "packets_recovered": {
        "min": 0.0,
        "average": 40.16129032258065,
        "max": 121.0,
        "percentiles": {
          "p25": 25.0,
          "p50": 37.0,
          "p75": 50.0
        }
      },
      "rtt_ms": {
        "min": 5.101557910689419,
        "average": 12.221101922244669,
        "max": 15.052706691343612,
        "percentiles": {
          "p25": 11.172220822651257,
          "p50": 12.100671262433448,
          "p75": 13.73345973903874
        }
      },
      "quality": {
        "min": 80.0,
        "average": 89.3225806451613,
        "max": 100.0,
        "percentiles": {
          "p25": 86.0,
          "p50": 90.0,
          "p75": 92.0
        }
      },
      "bitrate_bps": {
        "min": 0.0,
        "average": 3155973.2580645164,
        "max": 5136258.0,
        "percentiles": {
          "p25": 2852865.0,
          "p50": 3567679.0,
          "p75": 3616514.0
        }
      }
    }
  },
  "meta": {
    "duration_seconds": 31.530735969543457,
    "test_attempts": 1,
    "vpn_restart_attempts": 0,
    "vpn_restart_duration_seconds": 37.56206965446472,
    "connectivity_wait_duration_seconds": 5.750366926193237,
    "source": "lom",
    "target": "yuki"
  }
}
