{
  "status": "success",
  "data": {
    "encoding": {
      "bitrate_kbps": {
        "min": 3311.8,
        "average": 3348.6758620689657,
        "max": 3498.3,
        "percentiles": {
          "p25": 3321.1000000000004,
          "p50": 3334.6,
          "p75": 3358.3
        }
      },
      "fps": {
        "min": 31.0,
        "average": 32.13793103448276,
        "max": 45.0,
        "percentiles": {
          "p25": 31.0,
          "p50": 31.0,
          "p75": 32.0
        }
      },
      "dropped_frames": {
        "min": 15.0,
        "average": 15.0,
        "max": 15.0,
        "percentiles": {
          "p25": 15.0,
          "p50": 15.0,
          "p75": 15.0
        }
      }
    },
    "network": {
      "packets_dropped": {
        "min": 0.0,
        "average": 0.0,
        "max": 0.0,
        "percentiles": {
          "p25": 0.0,
          "p50": 0.0,
          "p75": 0.0
        }
      },
      "packets_recovered": {
        "min": 0.0,
        "average": 0.0,
        "max": 0.0,
        "percentiles": {
          "p25": 0.0,
          "p50": 0.0,
          "p75": 0.0
        }
      },
      "rtt_ms": {
        "min": 3.417226779623685,
        "average": 4.440304928325823,
        "max": 5.227838450213937,
        "percentiles": {
          "p25": 4.08343312067357,
          "p50": 4.495223740950745,
          "p75": 4.820618586824998
        }
      },
      "quality": {
        "min": 100.0,
        "average": 100.0,
        "max": 100.0,
        "percentiles": {
          "p25": 100.0,
          "p50": 100.0,
          "p75": 100.0
        }
      },
      "bitrate_bps": {
        "min": 0.0,
        "average": 3170837.870967742,
        "max": 5193118.0,
        "percentiles": {
          "p25": 2867348.0,
          "p50": 3554825.0,
          "p75": 3583827.0
        }
      }
    }
  },
  "meta": {
    "duration_seconds": 33.966251611709595,
    "test_attempts": 1,
    "vpn_restart_attempts": 0,
    "vpn_restart_duration_seconds": 0.0,
    "connectivity_wait_duration_seconds": 0.0,
    "source": "lom",
    "target": "yuki"
  }
}
