{
  "status": "success",
  "data": {
    "rtt_min_ms": {
      "min": 1.264,
      "average": 1.3493333333333333,
      "max": 1.434,
      "percentiles": {
        "p25": 1.264,
        "p50": 1.35,
        "p75": 1.434
      }
    },
    "rtt_avg_ms": {
      "min": 16.085,
      "average": 17.207,
      "max": 19.445,
      "percentiles": {
        "p25": 16.085,
        "p50": 16.091,
        "p75": 19.445
      }
    },
    "rtt_max_ms": {
      "min": 39.925,
      "average": 41.05266666666667,
      "max": 42.267,
      "percentiles": {
        "p25": 39.925,
        "p50": 40.966,
        "p75": 42.267
      }
    },
    "rtt_mdev_ms": {
      "min": 9.804,
      "average": 10.311666666666667,
      "max": 10.96,
      "percentiles": {
        "p25": 9.804,
        "p50": 10.171,
        "p75": 10.96
      }
    },
    "packet_loss_percent": {
      "min": 2.0,
      "average": 3.0,
      "max": 4.0,
      "percentiles": {
        "p25": 2.0,
        "p50": 3.0,
        "p75": 4.0
      }
    }
  },
  "meta": {
    "duration_seconds": 61.730825662612915,
    "test_attempts": 1,
    "vpn_restart_attempts": 0,
    "vpn_restart_duration_seconds": 5.555927515029907,
    "connectivity_wait_duration_seconds": 4.861987113952637,
    "source": "yuki",
    "target": "luna"
  }
}
