{
    "status": "success",
    "data": {
        "encoding": {
            "bitrate_kbps": {
                "min": 3315.7,
                "average": 3355.493103448276,
                "max": 3523.0,
                "percentiles": {
                    "p25": 3326.95,
                    "p50": 3337.9,
                    "p75": 3366.45
                }
            },
            "fps": {
                "min": 30.0,
                "average": 32.10344827586207,
                "max": 45.0,
                "percentiles": {
                    "p25": 31.0,
                    "p50": 31.0,
                    "p75": 32.0
                }
            },
            "dropped_frames": {
                "min": 16.0,
                "average": 16.0,
                "max": 16.0,
                "percentiles": {
                    "p25": 16.0,
                    "p50": 16.0,
                    "p75": 16.0
                }
            }
        },
        "network": {
            "packets_dropped": {
                "min": 0.0,
                "average": 0.0,
                "max": 0.0,
                "percentiles": {
                    "p25": 0.0,
                    "p50": 0.0,
                    "p75": 0.0
                }
            },
            "packets_recovered": {
                "min": 0.0,
                "average": 79.38709677419355,
                "max": 196.0,
                "percentiles": {
                    "p25": 62.0,
                    "p50": 73.0,
                    "p75": 97.0
                }
            },
            "rtt_ms": {
                "min": 8.45078553572123,
                "average": 18.36810238137922,
                "max": 22.780277415402725,
                "percentiles": {
                    "p25": 16.24068255355629,
                    "p50": 19.12983391374136,
                    "p75": 20.6565794335556
                }
            },
            "quality": {
                "min": 71.0,
                "average": 80.80645161290323,
                "max": 100.0,
                "percentiles": {
                    "p25": 78.0,
                    "p50": 81.0,
                    "p75": 83.0
                }
            },
            "bitrate_bps": {
                "min": 0.0,
                "average": 3157620.935483871,
                "max": 5264127.0,
                "percentiles": {
                    "p25": 2862483.0,
                    "p50": 3558333.0,
                    "p75": 3606357.0
                }
            }
        }
    },
    "meta": {
        "duration_seconds": 31.612150192260742,
        "test_attempts": 1,
        "vpn_restart_attempts": 0,
        "vpn_restart_duration_seconds": 6.776119709014893,
        "connectivity_wait_duration_seconds": 4.9914610385894775,
        "source": "yuki",
        "target": "luna"
    }
}