{
    "status": "success",
    "data": {
        "encoding": {
            "bitrate_kbps": {
                "min": 3319.0,
                "average": 3356.5103448275863,
                "max": 3513.9,
                "percentiles": {
                    "p25": 3328.95,
                    "p50": 3342.4,
                    "p75": 3365.55
                }
            },
            "fps": {
                "min": 30.0,
                "average": 32.06896551724138,
                "max": 45.0,
                "percentiles": {
                    "p25": 31.0,
                    "p50": 31.0,
                    "p75": 32.0
                }
            },
            "dropped_frames": {
                "min": 16.0,
                "average": 16.0,
                "max": 16.0,
                "percentiles": {
                    "p25": 16.0,
                    "p50": 16.0,
                    "p75": 16.0
                }
            }
        },
        "network": {
            "packets_dropped": {
                "min": 0.0,
                "average": 288.6774193548387,
                "max": 387.0,
                "percentiles": {
                    "p25": 256.0,
                    "p50": 307.0,
                    "p75": 329.0
                }
            },
            "packets_recovered": {
                "min": 0.0,
                "average": 0.0,
                "max": 0.0,
                "percentiles": {
                    "p25": 0.0,
                    "p50": 0.0,
                    "p75": 0.0
                }
            },
            "rtt_ms": {
                "min": 3.5004182220724864,
                "average": 5.029476553040022,
                "max": 6.356870902616947,
                "percentiles": {
                    "p25": 4.71759905256548,
                    "p50": 4.994629469795694,
                    "p75": 5.416025257004303
                }
            },
            "quality": {
                "min": 9.0,
                "average": 13.064516129032258,
                "max": 100.0,
                "percentiles": {
                    "p25": 9.0,
                    "p50": 9.0,
                    "p75": 12.0
                }
            },
            "bitrate_bps": {
                "min": 0.0,
                "average": 153064.70967741936,
                "max": 264767.0,
                "percentiles": {
                    "p25": 149762.0,
                    "p50": 154677.0,
                    "p75": 169737.0
                }
            }
        }
    },
    "meta": {
        "duration_seconds": 34.21642088890076,
        "test_attempts": 1,
        "vpn_restart_attempts": 0,
        "vpn_restart_duration_seconds": 5.102392196655273,
        "connectivity_wait_duration_seconds": 3.890059232711792,
        "source": "lom",
        "target": "yuki"
    }
}