{
  "status": "success",
  "data": {
    "rtt_min_ms": {
      "min": 0.919,
      "average": 1.1343333333333334,
      "max": 1.362,
      "percentiles": {
        "p25": 0.919,
        "p50": 1.122,
        "p75": 1.362
      }
    },
    "rtt_avg_ms": {
      "min": 9.814,
      "average": 11.33,
      "max": 12.247,
      "percentiles": {
        "p25": 9.814,
        "p50": 11.929,
        "p75": 12.247
      }
    },
    "rtt_max_ms": {
      "min": 67.797,
      "average": 72.835,
      "max": 76.948,
      "percentiles": {
        "p25": 67.797,
        "p50": 73.76,
        "p75": 76.948
      }
    },
    "rtt_mdev_ms": {
      "min": 8.032,
      "average": 10.053,
      "max": 12.198,
      "percentiles": {
        "p25": 8.032,
        "p50": 9.929,
        "p75": 12.198
      }
    },
    "packet_loss_percent": {
      "min": 0.0,
      "average": 0.0,
      "max": 0.0,
      "percentiles": {
        "p25": 0.0,
        "p50": 0.0,
        "p75": 0.0
      }
    }
  },
  "meta": {
    "duration_seconds": 60.55847644805908,
    "test_attempts": 1,
    "vpn_restart_attempts": 0
  }
}
