{
  "status": "success",
  "data": {
    "total_bandwidth_mbps": {
      "min": 0.63722,
      "average": 3.056973333333333,
      "max": 3.5870999999999995,
      "percentiles": {
        "p25": 3.0132250000000003,
        "p50": 3.1822,
        "p75": 3.330175
      }
    },
    "cpu_usage_percent": {
      "min": 2.06,
      "average": 4.131388888888889,
      "max": 7.41,
      "percentiles": {
        "p25": 3.16,
        "p50": 4.08,
        "p75": 5.1
      }
    },
    "ttfb_ms": {
      "min": 57.0,
      "average": 102.75,
      "max": 135.0,
      "percentiles": {
        "p25": 68.0,
        "p50": 109.5,
        "p75": 130.75
      }
    },
    "conn_time_ms": {
      "min": 53.0,
      "average": 75.0,
      "max": 83.0,
      "percentiles": {
        "p25": 60.0,
        "p50": 82.0,
        "p75": 83.0
      }
    }
  },
  "meta": {
    "duration_seconds": 31.709242343902588,
    "test_attempts": 1,
    "vpn_restart_attempts": 0
  }
}
