{
  "status": "success",
  "data": {
    "rtt_min_ms": {
      "min": 1.279,
      "average": 1.4866666666666666,
      "max": 1.622,
      "percentiles": {
        "p25": 1.279,
        "p50": 1.559,
        "p75": 1.622
      }
    },
    "rtt_avg_ms": {
      "min": 5.077,
      "average": 5.259666666666667,
      "max": 5.431,
      "percentiles": {
        "p25": 5.077,
        "p50": 5.271,
        "p75": 5.431
      }
    },
    "rtt_max_ms": {
      "min": 8.344,
      "average": 8.693666666666667,
      "max": 8.871,
      "percentiles": {
        "p25": 8.344,
        "p50": 8.866,
        "p75": 8.871
      }
    },
    "rtt_mdev_ms": {
      "min": 1.517,
      "average": 1.651,
      "max": 1.747,
      "percentiles": {
        "p25": 1.517,
        "p50": 1.689,
        "p75": 1.747
      }
    },
    "packet_loss_percent": {
      "min": 0.0,
      "average": 0.6666666666666666,
      "max": 2.0,
      "percentiles": {
        "p25": 0.0,
        "p50": 0.0,
        "p75": 2.0
      }
    }
  },
  "meta": {
    "duration_seconds": 60.93757724761963,
    "test_attempts": 1,
    "vpn_restart_attempts": 0,
    "vpn_restart_duration_seconds": 1.7691679000854492,
    "connectivity_wait_duration_seconds": 3.2127888202667236,
    "source": "lom",
    "target": "yuki"
  }
}
