{
  "status": "success",
  "data": {
    "rtt_min_ms": {
      "min": 1.376,
      "average": 1.6853333333333333,
      "max": 2.028,
      "percentiles": {
        "p25": 1.376,
        "p50": 1.652,
        "p75": 2.028
      }
    },
    "rtt_avg_ms": {
      "min": 5.066,
      "average": 5.265,
      "max": 5.396,
      "percentiles": {
        "p25": 5.066,
        "p50": 5.333,
        "p75": 5.396
      }
    },
    "rtt_max_ms": {
      "min": 8.929,
      "average": 9.017666666666667,
      "max": 9.129,
      "percentiles": {
        "p25": 8.929,
        "p50": 8.995,
        "p75": 9.129
      }
    },
    "rtt_mdev_ms": {
      "min": 1.63,
      "average": 1.7146666666666666,
      "max": 1.77,
      "percentiles": {
        "p25": 1.63,
        "p50": 1.744,
        "p75": 1.77
      }
    },
    "packet_loss_percent": {
      "min": 0.0,
      "average": 0.6666666666666666,
      "max": 1.0,
      "percentiles": {
        "p25": 0.0,
        "p50": 1.0,
        "p75": 1.0
      }
    }
  },
  "meta": {
    "duration_seconds": 60.95816254615784,
    "test_attempts": 1,
    "vpn_restart_attempts": 0
  }
}
