{
    "status": "success",
    "data": {
        "bitrate_kbps": {
            "min": 1909.1,
            "average": 1989.0,
            "max": 2013.2,
            "percentiles": {
                "p25": 1982.35,
                "p50": 1990.1,
                "p75": 1998.25
            }
        },
        "fps": {
            "min": 31.0,
            "average": 32.13793103448276,
            "max": 45.0,
            "percentiles": {
                "p25": 31.0,
                "p50": 31.0,
                "p75": 32.0
            }
        },
        "dropped_frames": {
            "min": 15.0,
            "average": 15.0,
            "max": 15.0,
            "percentiles": {
                "p25": 15.0,
                "p50": 15.0,
                "p75": 15.0
            }
        }
    },
    "meta": {
        "duration_seconds": 31.453171730041504,
        "test_attempts": 1,
        "vpn_restart_attempts": 0,
        "vpn_restart_duration_seconds": 1.9379470348358154,
        "connectivity_wait_duration_seconds": 2.021045684814453,
        "source": "lom",
        "target": "yuki"
    }
}