{
    "status": "success",
    "data": {
        "rtt_min_ms": {
            "min": 1.205,
            "average": 1.4606666666666668,
            "max": 1.747,
            "percentiles": {
                "p25": 1.205,
                "p50": 1.43,
                "p75": 1.747
            }
        },
        "rtt_avg_ms": {
            "min": 5.3,
            "average": 5.372,
            "max": 5.436,
            "percentiles": {
                "p25": 5.3,
                "p50": 5.38,
                "p75": 5.436
            }
        },
        "rtt_max_ms": {
            "min": 8.276,
            "average": 8.514666666666667,
            "max": 8.861,
            "percentiles": {
                "p25": 8.276,
                "p50": 8.407,
                "p75": 8.861
            }
        },
        "rtt_mdev_ms": {
            "min": 1.496,
            "average": 1.6036666666666668,
            "max": 1.707,
            "percentiles": {
                "p25": 1.496,
                "p50": 1.608,
                "p75": 1.707
            }
        },
        "packet_loss_percent": {
            "min": 0.0,
            "average": 0.3333333333333333,
            "max": 1.0,
            "percentiles": {
                "p25": 0.0,
                "p50": 0.0,
                "p75": 1.0
            }
        }
    },
    "meta": {
        "duration_seconds": 61.031598806381226,
        "test_attempts": 1,
        "vpn_restart_attempts": 0,
        "vpn_restart_duration_seconds": 35.981040477752686,
        "connectivity_wait_duration_seconds": 2.208357095718384,
        "source": "luna",
        "target": "lom"
    }
}