{
  "status": "success",
  "data": {
    "total_bandwidth_mbps": {
      "min": 91.03999999999999,
      "average": 93.18866666666666,
      "max": 95.81,
      "percentiles": {
        "p25": 92.41499999999999,
        "p50": 93.19999999999999,
        "p75": 93.9375
      }
    },
    "cpu_usage_percent": {
      "min": 0.0,
      "average": 4.330125,
      "max": 23.71,
      "percentiles": {
        "p25": 3.03,
        "p50": 4.0,
        "p75": 4.08
      }
    },
    "ttfb_ms": {
      "min": 20.0,
      "average": 30.0,
      "max": 40.0,
      "percentiles": {
        "p25": 25.0,
        "p50": 29.0,
        "p75": 37.5
      }
    },
    "conn_time_ms": {
      "min": 16.0,
      "average": 26.75,
      "max": 36.0,
      "percentiles": {
        "p25": 21.5,
        "p50": 26.5,
        "p75": 34.25
      }
    }
  },
  "meta": {
    "duration_seconds": 31.468225240707397,
    "test_attempts": 1,
    "vpn_restart_attempts": 0,
    "vpn_restart_duration_seconds": 35.181315422058105,
    "connectivity_wait_duration_seconds": 2.714698076248169,
    "source": "luna",
    "target": "lom"
  }
}
