{
    "status": "success",
    "data": {
        "encoding": {
            "bitrate_kbps": {
                "min": 3308.5,
                "average": 3346.948275862069,
                "max": 3489.9,
                "percentiles": {
                    "p25": 3319.95,
                    "p50": 3334.0,
                    "p75": 3355.3999999999996
                }
            },
            "fps": {
                "min": 31.0,
                "average": 32.06896551724138,
                "max": 43.0,
                "percentiles": {
                    "p25": 31.0,
                    "p50": 31.0,
                    "p75": 32.0
                }
            },
            "dropped_frames": {
                "min": 15.0,
                "average": 15.0,
                "max": 15.0,
                "percentiles": {
                    "p25": 15.0,
                    "p50": 15.0,
                    "p75": 15.0
                }
            }
        },
        "network": {
            "packets_dropped": {
                "min": 0.0,
                "average": 1790.1612903225807,
                "max": 55495.0,
                "percentiles": {
                    "p25": 0.0,
                    "p50": 0.0,
                    "p75": 0.0
                }
            },
            "packets_recovered": {
                "min": 0.0,
                "average": 2.064516129032258,
                "max": 18.0,
                "percentiles": {
                    "p25": 0.0,
                    "p50": 1.0,
                    "p75": 3.0
                }
            },
            "rtt_ms": {
                "min": 5.833471479524755,
                "average": 7.513435584284823,
                "max": 9.38100452809067,
                "percentiles": {
                    "p25": 7.130233975022392,
                    "p50": 7.53716274187904,
                    "p75": 7.896752262590144
                }
            },
            "quality": {
                "min": 95.0,
                "average": 99.03225806451613,
                "max": 100.0,
                "percentiles": {
                    "p25": 99.0,
                    "p50": 99.0,
                    "p75": 100.0
                }
            },
            "bitrate_bps": {
                "min": 0.0,
                "average": 3155116.419354839,
                "max": 5198574.0,
                "percentiles": {
                    "p25": 2882401.0,
                    "p50": 3553347.0,
                    "p75": 3611100.0
                }
            }
        }
    },
    "meta": {
        "duration_seconds": 31.49856162071228,
        "test_attempts": 1,
        "vpn_restart_attempts": 0,
        "vpn_restart_duration_seconds": 35.390400648117065,
        "connectivity_wait_duration_seconds": 2.293018341064453,
        "source": "luna",
        "target": "lom"
    }
}