{
    "status": "success",
    "data": {
        "rtt_min_ms": {
            "min": 0.802,
            "average": 0.9073333333333333,
            "max": 1.036,
            "percentiles": {
                "p25": 0.802,
                "p50": 0.884,
                "p75": 1.036
            }
        },
        "rtt_avg_ms": {
            "min": 1.117,
            "average": 1.1886666666666668,
            "max": 1.25,
            "percentiles": {
                "p25": 1.117,
                "p50": 1.199,
                "p75": 1.25
            }
        },
        "rtt_max_ms": {
            "min": 1.265,
            "average": 3.724666666666667,
            "max": 8.617,
            "percentiles": {
                "p25": 1.265,
                "p50": 1.292,
                "p75": 8.617
            }
        },
        "rtt_mdev_ms": {
            "min": 0.057,
            "average": 0.288,
            "max": 0.744,
            "percentiles": {
                "p25": 0.057,
                "p50": 0.063,
                "p75": 0.744
            }
        },
        "packet_loss_percent": {
            "min": 0.0,
            "average": 0.0,
            "max": 0.0,
            "percentiles": {
                "p25": 0.0,
                "p50": 0.0,
                "p75": 0.0
            }
        }
    },
    "meta": {
        "duration_seconds": 60.688716888427734,
        "test_attempts": 1,
        "vpn_restart_attempts": 0,
        "vpn_restart_duration_seconds": 6.767303705215454,
        "connectivity_wait_duration_seconds": 3.8744399547576904,
        "source": "luna",
        "target": "lom"
    }
}