{
    "status": "success",
    "data": {
        "encoding": {
            "bitrate_kbps": {
                "min": 3310.1,
                "average": 3347.3,
                "max": 3494.7,
                "percentiles": {
                    "p25": 3319.95,
                    "p50": 3333.7,
                    "p75": 3356.05
                }
            },
            "fps": {
                "min": 31.0,
                "average": 32.13793103448276,
                "max": 45.0,
                "percentiles": {
                    "p25": 31.0,
                    "p50": 31.0,
                    "p75": 32.0
                }
            },
            "dropped_frames": {
                "min": 15.0,
                "average": 15.0,
                "max": 15.0,
                "percentiles": {
                    "p25": 15.0,
                    "p50": 15.0,
                    "p75": 15.0
                }
            }
        },
        "network": {
            "packets_dropped": {
                "min": 0.0,
                "average": 0.0,
                "max": 0.0,
                "percentiles": {
                    "p25": 0.0,
                    "p50": 0.0,
                    "p75": 0.0
                }
            },
            "packets_recovered": {
                "min": 0.0,
                "average": 0.0,
                "max": 0.0,
                "percentiles": {
                    "p25": 0.0,
                    "p50": 0.0,
                    "p75": 0.0
                }
            },
            "rtt_ms": {
                "min": 3.4774082082586433,
                "average": 4.27162950919665,
                "max": 5.60249185267314,
                "percentiles": {
                    "p25": 3.7985834058794863,
                    "p50": 4.15147534893749,
                    "p75": 4.513231417144765
                }
            },
            "quality": {
                "min": 100.0,
                "average": 100.0,
                "max": 100.0,
                "percentiles": {
                    "p25": 100.0,
                    "p50": 100.0,
                    "p75": 100.0
                }
            },
            "bitrate_bps": {
                "min": 0.0,
                "average": 3148819.35483871,
                "max": 5152724.0,
                "percentiles": {
                    "p25": 2865019.0,
                    "p50": 3504835.0,
                    "p75": 3606073.0
                }
            }
        }
    },
    "meta": {
        "duration_seconds": 31.386284589767456,
        "test_attempts": 1,
        "vpn_restart_attempts": 0,
        "vpn_restart_duration_seconds": 5.16214919090271,
        "connectivity_wait_duration_seconds": 3.8447606563568115,
        "source": "luna",
        "target": "lom"
    }
}