{
  "status": "success",
  "data": {
    "rtt_min_ms": {
      "min": 1.082,
      "average": 1.3526666666666667,
      "max": 1.5,
      "percentiles": {
        "p25": 1.082,
        "p50": 1.476,
        "p75": 1.5
      }
    },
    "rtt_avg_ms": {
      "min": 1.688,
      "average": 1.699,
      "max": 1.709,
      "percentiles": {
        "p25": 1.688,
        "p50": 1.7,
        "p75": 1.709
      }
    },
    "rtt_max_ms": {
      "min": 1.864,
      "average": 1.8880000000000001,
      "max": 1.919,
      "percentiles": {
        "p25": 1.864,
        "p50": 1.881,
        "p75": 1.919
      }
    },
    "rtt_mdev_ms": {
      "min": 0.068,
      "average": 0.08366666666666667,
      "max": 0.103,
      "percentiles": {
        "p25": 0.068,
        "p50": 0.08,
        "p75": 0.103
      }
    },
    "packet_loss_percent": {
      "min": 0.0,
      "average": 0.0,
      "max": 0.0,
      "percentiles": {
        "p25": 0.0,
        "p50": 0.0,
        "p75": 0.0
      }
    }
  },
  "meta": {
    "duration_seconds": 60.82625341415405,
    "test_attempts": 1,
    "vpn_restart_attempts": 0,
    "vpn_restart_duration_seconds": 1.8572752475738525,
    "connectivity_wait_duration_seconds": 1.760685920715332,
    "source": "lom",
    "target": "yuki"
  }
}
