{
    "status": "success",
    "data": {
        "encoding": {
            "bitrate_kbps": {
                "min": 3305.8,
                "average": 3344.537931034483,
                "max": 3462.2,
                "percentiles": {
                    "p25": 3323.2,
                    "p50": 3336.5,
                    "p75": 3355.1
                }
            },
            "fps": {
                "min": 30.0,
                "average": 32.10344827586207,
                "max": 45.0,
                "percentiles": {
                    "p25": 31.0,
                    "p50": 31.0,
                    "p75": 32.0
                }
            },
            "dropped_frames": {
                "min": 15.0,
                "average": 15.0,
                "max": 15.0,
                "percentiles": {
                    "p25": 15.0,
                    "p50": 15.0,
                    "p75": 15.0
                }
            }
        },
        "network": {
            "packets_dropped": {
                "min": 0.0,
                "average": 288.4516129032258,
                "max": 365.0,
                "percentiles": {
                    "p25": 256.0,
                    "p50": 303.0,
                    "p75": 330.0
                }
            },
            "packets_recovered": {
                "min": 0.0,
                "average": 0.3870967741935484,
                "max": 2.0,
                "percentiles": {
                    "p25": 0.0,
                    "p50": 0.0,
                    "p75": 1.0
                }
            },
            "rtt_ms": {
                "min": 6.491452757378578,
                "average": 12.424200373329693,
                "max": 15.70462901694006,
                "percentiles": {
                    "p25": 11.73093300251201,
                    "p50": 12.350156852194674,
                    "p75": 13.51828838265812
                }
            },
            "quality": {
                "min": 8.0,
                "average": 13.129032258064516,
                "max": 100.0,
                "percentiles": {
                    "p25": 9.0,
                    "p50": 10.0,
                    "p75": 12.0
                }
            },
            "bitrate_bps": {
                "min": 0.0,
                "average": 152035.12903225806,
                "max": 251854.0,
                "percentiles": {
                    "p25": 142863.0,
                    "p50": 157565.0,
                    "p75": 168223.0
                }
            }
        }
    },
    "meta": {
        "duration_seconds": 31.42707324028015,
        "test_attempts": 1,
        "vpn_restart_attempts": 0,
        "vpn_restart_duration_seconds": 5.038899660110474,
        "connectivity_wait_duration_seconds": 4.172564268112183,
        "source": "yuki",
        "target": "luna"
    }
}