{
    "status": "success",
    "data": {
        "encoding": {
            "bitrate_kbps": {
                "min": 3301.8,
                "average": 3348.155172413793,
                "max": 3494.7,
                "percentiles": {
                    "p25": 3321.7,
                    "p50": 3335.9,
                    "p75": 3356.25
                }
            },
            "fps": {
                "min": 31.0,
                "average": 32.13793103448276,
                "max": 45.0,
                "percentiles": {
                    "p25": 31.0,
                    "p50": 31.0,
                    "p75": 32.0
                }
            },
            "dropped_frames": {
                "min": 15.0,
                "average": 15.0,
                "max": 15.0,
                "percentiles": {
                    "p25": 15.0,
                    "p50": 15.0,
                    "p75": 15.0
                }
            }
        },
        "network": {
            "packets_dropped": {
                "min": 0.0,
                "average": 1789.9354838709678,
                "max": 55488.0,
                "percentiles": {
                    "p25": 0.0,
                    "p50": 0.0,
                    "p75": 0.0
                }
            },
            "packets_recovered": {
                "min": 0.0,
                "average": 1.3548387096774193,
                "max": 7.0,
                "percentiles": {
                    "p25": 0.0,
                    "p50": 0.0,
                    "p75": 2.0
                }
            },
            "rtt_ms": {
                "min": 4.941680401735334,
                "average": 7.469297354134164,
                "max": 9.06540096815645,
                "percentiles": {
                    "p25": 7.04803683590584,
                    "p50": 7.500722269810222,
                    "p75": 8.07082871649538
                }
            },
            "quality": {
                "min": 98.0,
                "average": 99.3225806451613,
                "max": 100.0,
                "percentiles": {
                    "p25": 99.0,
                    "p50": 100.0,
                    "p75": 100.0
                }
            },
            "bitrate_bps": {
                "min": 0.0,
                "average": 3155489.064516129,
                "max": 5094846.0,
                "percentiles": {
                    "p25": 2869391.0,
                    "p50": 3498003.0,
                    "p75": 3621869.0
                }
            }
        }
    },
    "meta": {
        "duration_seconds": 31.24986171722412,
        "test_attempts": 1,
        "vpn_restart_attempts": 0,
        "vpn_restart_duration_seconds": 0.0,
        "connectivity_wait_duration_seconds": 0.0,
        "source": "yuki",
        "target": "luna"
    }
}