{
  "status": "success",
  "data": {
    "total_bandwidth_mbps": {
      "min": 875.6999999999999,
      "average": 881.6133333333333,
      "max": 882.1999999999999,
      "percentiles": {
        "p25": 881.7,
        "p50": 881.8,
        "p75": 881.9250000000001
      }
    },
    "cpu_usage_percent": {
      "min": 3.23,
      "average": 7.910041666666666,
      "max": 13.86,
      "percentiles": {
        "p25": 7.07,
        "p50": 8.0,
        "p75": 8.91
      }
    },
    "ttfb_ms": {
      "min": 16.0,
      "average": 18.375,
      "max": 20.0,
      "percentiles": {
        "p25": 17.25,
        "p50": 18.0,
        "p75": 20.0
      }
    },
    "conn_time_ms": {
      "min": 15.0,
      "average": 17.625,
      "max": 20.0,
      "percentiles": {
        "p25": 16.25,
        "p50": 17.0,
        "p75": 19.75
      }
    }
  },
  "meta": {
    "duration_seconds": 31.42981791496277,
    "test_attempts": 1,
    "vpn_restart_attempts": 0,
    "vpn_restart_duration_seconds": 0.0,
    "connectivity_wait_duration_seconds": 0.0,
    "source": "yuki",
    "target": "luna"
  }
}
