{
    "status": "success",
    "data": {
        "total_bandwidth_mbps": {
            "min": 848.0,
            "average": 848.6633333333334,
            "max": 849.2,
            "percentiles": {
                "p25": 848.6,
                "p50": 848.6,
                "p75": 848.8000000000001
            }
        },
        "cpu_usage_percent": {
            "min": 24.18,
            "average": 28.178375,
            "max": 36.84,
            "percentiles": {
                "p25": 26.09,
                "p50": 27.270000000000003,
                "p75": 29.03
            }
        },
        "ttfb_ms": {
            "min": 13.0,
            "average": 15.5,
            "max": 20.0,
            "percentiles": {
                "p25": 14.0,
                "p50": 14.5,
                "p75": 17.5
            }
        },
        "conn_time_ms": {
            "min": 12.0,
            "average": 14.625,
            "max": 19.0,
            "percentiles": {
                "p25": 13.0,
                "p50": 14.0,
                "p75": 16.5
            }
        }
    },
    "meta": {
        "duration_seconds": 31.46971106529236,
        "test_attempts": 1,
        "vpn_restart_attempts": 0,
        "source": "luna",
        "target": "lom"
    }
}