{
    "status": "success",
    "data": {
        "rtt_min_ms": {
            "min": 1.241,
            "average": 1.313,
            "max": 1.404,
            "percentiles": {
                "p25": 1.241,
                "p50": 1.294,
                "p75": 1.404
            }
        },
        "rtt_avg_ms": {
            "min": 1.555,
            "average": 1.572,
            "max": 1.585,
            "percentiles": {
                "p25": 1.555,
                "p50": 1.576,
                "p75": 1.585
            }
        },
        "rtt_max_ms": {
            "min": 1.703,
            "average": 1.7363333333333333,
            "max": 1.759,
            "percentiles": {
                "p25": 1.703,
                "p50": 1.747,
                "p75": 1.759
            }
        },
        "rtt_mdev_ms": {
            "min": 0.055,
            "average": 0.06333333333333334,
            "max": 0.07,
            "percentiles": {
                "p25": 0.055,
                "p50": 0.065,
                "p75": 0.07
            }
        },
        "packet_loss_percent": {
            "min": 0.0,
            "average": 0.0,
            "max": 0.0,
            "percentiles": {
                "p25": 0.0,
                "p50": 0.0,
                "p75": 0.0
            }
        }
    },
    "meta": {
        "duration_seconds": 60.82046031951904,
        "test_attempts": 1,
        "vpn_restart_attempts": 0,
        "vpn_restart_duration_seconds": 5.274962425231934,
        "connectivity_wait_duration_seconds": 3.802657127380371,
        "source": "lom",
        "target": "yuki"
    }
}