{
    "status": "success",
    "data": {
        "rtt_min_ms": {
            "min": 1.068,
            "average": 1.14,
            "max": 1.212,
            "percentiles": {
                "p25": 1.068,
                "p50": 1.14,
                "p75": 1.212
            }
        },
        "rtt_avg_ms": {
            "min": 1.561,
            "average": 1.5656666666666665,
            "max": 1.571,
            "percentiles": {
                "p25": 1.561,
                "p50": 1.565,
                "p75": 1.571
            }
        },
        "rtt_max_ms": {
            "min": 1.739,
            "average": 1.7813333333333334,
            "max": 1.814,
            "percentiles": {
                "p25": 1.739,
                "p50": 1.791,
                "p75": 1.814
            }
        },
        "rtt_mdev_ms": {
            "min": 0.075,
            "average": 0.07733333333333334,
            "max": 0.081,
            "percentiles": {
                "p25": 0.075,
                "p50": 0.076,
                "p75": 0.081
            }
        },
        "packet_loss_percent": {
            "min": 0.0,
            "average": 0.0,
            "max": 0.0,
            "percentiles": {
                "p25": 0.0,
                "p50": 0.0,
                "p75": 0.0
            }
        }
    },
    "meta": {
        "duration_seconds": 60.89673185348511,
        "test_attempts": 1,
        "vpn_restart_attempts": 0,
        "vpn_restart_duration_seconds": 5.240804433822632,
        "connectivity_wait_duration_seconds": 3.7564778327941895,
        "source": "lom",
        "target": "yuki"
    }
}