{
    "status": "success",
    "data": {
        "bitrate_kbps": {
            "min": 1907.1,
            "average": 1988.203448275862,
            "max": 2011.1,
            "percentiles": {
                "p25": 1981.75,
                "p50": 1989.7,
                "p75": 1997.5
            }
        },
        "fps": {
            "min": 30.0,
            "average": 32.10344827586207,
            "max": 45.0,
            "percentiles": {
                "p25": 31.0,
                "p50": 31.0,
                "p75": 32.0
            }
        },
        "dropped_frames": {
            "min": 15.0,
            "average": 15.0,
            "max": 15.0,
            "percentiles": {
                "p25": 15.0,
                "p50": 15.0,
                "p75": 15.0
            }
        }
    },
    "meta": {
        "duration_seconds": 31.56537652015686,
        "test_attempts": 1,
        "vpn_restart_attempts": 0,
        "vpn_restart_duration_seconds": 5.31007719039917,
        "connectivity_wait_duration_seconds": 3.7810285091400146,
        "source": "lom",
        "target": "yuki"
    }
}