{
    "status": "success",
    "data": {
        "encoding": {
            "bitrate_kbps": {
                "min": 3314.6,
                "average": 3352.310344827586,
                "max": 3500.7,
                "percentiles": {
                    "p25": 3325.1499999999996,
                    "p50": 3339.2,
                    "p75": 3361.5
                }
            },
            "fps": {
                "min": 31.0,
                "average": 32.13793103448276,
                "max": 45.0,
                "percentiles": {
                    "p25": 31.0,
                    "p50": 31.0,
                    "p75": 32.0
                }
            },
            "dropped_frames": {
                "min": 15.0,
                "average": 15.0,
                "max": 15.0,
                "percentiles": {
                    "p25": 15.0,
                    "p50": 15.0,
                    "p75": 15.0
                }
            }
        },
        "network": {
            "packets_dropped": {
                "min": 0.0,
                "average": 288.61290322580646,
                "max": 389.0,
                "percentiles": {
                    "p25": 256.0,
                    "p50": 324.0,
                    "p75": 329.0
                }
            },
            "packets_recovered": {
                "min": 0.0,
                "average": 0.0,
                "max": 0.0,
                "percentiles": {
                    "p25": 0.0,
                    "p50": 0.0,
                    "p75": 0.0
                }
            },
            "rtt_ms": {
                "min": 4.17517509447686,
                "average": 5.1270817727263776,
                "max": 6.593353773148897,
                "percentiles": {
                    "p25": 4.805316664831185,
                    "p50": 5.120128367691766,
                    "p75": 5.4412470747738
                }
            },
            "quality": {
                "min": 8.0,
                "average": 13.0,
                "max": 100.0,
                "percentiles": {
                    "p25": 9.0,
                    "p50": 10.0,
                    "p75": 12.0
                }
            },
            "bitrate_bps": {
                "min": 0.0,
                "average": 151532.12903225806,
                "max": 245641.0,
                "percentiles": {
                    "p25": 148863.0,
                    "p50": 158971.0,
                    "p75": 163913.0
                }
            }
        }
    },
    "meta": {
        "duration_seconds": 33.48914408683777,
        "test_attempts": 1,
        "vpn_restart_attempts": 0,
        "vpn_restart_duration_seconds": 4.8822712898254395,
        "connectivity_wait_duration_seconds": 3.793551445007324,
        "source": "lom",
        "target": "yuki"
    }
}