{
  "status": "success",
  "data": {
    "total_bandwidth_mbps": {
      "min": 1.00983,
      "average": 2.3385936666666667,
      "max": 3.8397000000000006,
      "percentiles": {
        "p25": 1.8842700000000001,
        "p50": 2.2968599999999997,
        "p75": 2.9350974999999995
      }
    },
    "cpu_usage_percent": {
      "min": 0.0,
      "average": 0.39541284403669724,
      "max": 2.91,
      "percentiles": {
        "p25": 0.0,
        "p50": 0.0,
        "p75": 1.0
      }
    },
    "ttfb_ms": {
      "min": 27.0,
      "average": 380.875,
      "max": 630.0,
      "percentiles": {
        "p25": 263.25,
        "p50": 401.5,
        "p75": 522.5
      }
    },
    "conn_time_ms": {
      "min": 22.0,
      "average": 129.125,
      "max": 176.0,
      "percentiles": {
        "p25": 104.5,
        "p50": 147.0,
        "p75": 154.75
      }
    }
  },
  "meta": {
    "duration_seconds": 35.10410499572754,
    "test_attempts": 1,
    "vpn_restart_attempts": 0,
    "vpn_restart_duration_seconds": 1.3384146690368652,
    "connectivity_wait_duration_seconds": 10.224801540374756,
    "source": "luna",
    "target": "lom"
  }
}
