{
    "status": "success",
    "data": {
        "rtt_min_ms": {
            "min": 2.311,
            "average": 2.546,
            "max": 2.836,
            "percentiles": {
                "p25": 2.311,
                "p50": 2.491,
                "p75": 2.836
            }
        },
        "rtt_avg_ms": {
            "min": 6.309,
            "average": 6.349666666666667,
            "max": 6.389,
            "percentiles": {
                "p25": 6.309,
                "p50": 6.351,
                "p75": 6.389
            }
        },
        "rtt_max_ms": {
            "min": 9.654,
            "average": 20.798666666666666,
            "max": 42.952,
            "percentiles": {
                "p25": 9.654,
                "p50": 9.79,
                "p75": 42.952
            }
        },
        "rtt_mdev_ms": {
            "min": 1.569,
            "average": 2.4643333333333333,
            "max": 4.025,
            "percentiles": {
                "p25": 1.569,
                "p50": 1.799,
                "p75": 4.025
            }
        },
        "packet_loss_percent": {
            "min": 0.0,
            "average": 0.0,
            "max": 0.0,
            "percentiles": {
                "p25": 0.0,
                "p50": 0.0,
                "p75": 0.0
            }
        }
    },
    "meta": {
        "duration_seconds": 60.831791639328,
        "test_attempts": 1,
        "vpn_restart_attempts": 0,
        "vpn_restart_duration_seconds": 3.572328567504883,
        "connectivity_wait_duration_seconds": 2.1458446979522705,
        "source": "yuki",
        "target": "luna"
    }
}