{
    "status": "success",
    "data": {
        "total_bandwidth_mbps": {
            "min": 5.304099999999999,
            "average": 6.58402,
            "max": 7.4193,
            "percentiles": {
                "p25": 6.351924999999999,
                "p50": 6.550749999999999,
                "p75": 6.7977750000000015
            }
        },
        "cpu_usage_percent": {
            "min": 0.0,
            "average": 2.5457916666666667,
            "max": 52.04,
            "percentiles": {
                "p25": 1.02,
                "p50": 2.02,
                "p75": 3.0
            }
        },
        "ttfb_ms": {
            "min": 34.0,
            "average": 118.875,
            "max": 234.0,
            "percentiles": {
                "p25": 43.75,
                "p50": 80.5,
                "p75": 222.75
            }
        },
        "conn_time_ms": {
            "min": 27.0,
            "average": 82.625,
            "max": 172.0,
            "percentiles": {
                "p25": 29.75,
                "p50": 50.0,
                "p75": 160.25
            }
        }
    },
    "meta": {
        "duration_seconds": 31.992241621017456,
        "test_attempts": 1,
        "vpn_restart_attempts": 0,
        "vpn_restart_duration_seconds": 3.62194561958313,
        "connectivity_wait_duration_seconds": 1.9504449367523193,
        "source": "yuki",
        "target": "luna"
    }
}