{
  "status": "success",
  "data": {
    "encoding": {
      "bitrate_kbps": {
        "min": 3312.0,
        "average": 3350.1793103448276,
        "max": 3498.3,
        "percentiles": {
          "p25": 3322.7,
          "p50": 3335.6,
          "p75": 3358.8999999999996
        }
      },
      "fps": {
        "min": 31.0,
        "average": 32.13793103448276,
        "max": 45.0,
        "percentiles": {
          "p25": 31.0,
          "p50": 31.0,
          "p75": 32.0
        }
      },
      "dropped_frames": {
        "min": 15.0,
        "average": 15.0,
        "max": 15.0,
        "percentiles": {
          "p25": 15.0,
          "p50": 15.0,
          "p75": 15.0
        }
      }
    },
    "network": {
      "packets_dropped": {
        "min": 0.0,
        "average": 0.0,
        "max": 0.0,
        "percentiles": {
          "p25": 0.0,
          "p50": 0.0,
          "p75": 0.0
        }
      },
      "packets_recovered": {
        "min": 0.0,
        "average": 82.40625,
        "max": 207.0,
        "percentiles": {
          "p25": 63.5,
          "p50": 85.5,
          "p75": 101.0
        }
      },
      "rtt_ms": {
        "min": 4.80234289343783,
        "average": 17.75243834364007,
        "max": 27.568721890063415,
        "percentiles": {
          "p25": 15.274672512035597,
          "p50": 18.444842795066876,
          "p75": 20.3765328988558
        }
      },
      "quality": {
        "min": 70.0,
        "average": 80.53125,
        "max": 100.0,
        "percentiles": {
          "p25": 77.0,
          "p50": 79.0,
          "p75": 82.0
        }
      },
      "bitrate_bps": {
        "min": 0.0,
        "average": 3148052.25,
        "max": 5226272.0,
        "percentiles": {
          "p25": 2871014.0,
          "p50": 3562021.0,
          "p75": 3596189.5
        }
      }
    }
  },
  "meta": {
    "duration_seconds": 33.16473603248596,
    "test_attempts": 1,
    "vpn_restart_attempts": 0,
    "vpn_restart_duration_seconds": 0.0,
    "connectivity_wait_duration_seconds": 0.0,
    "source": "yuki",
    "target": "luna"
  }
}
