{
  "status": "success",
  "data": {
    "rtt_min_ms": {
      "min": 1.808,
      "average": 2.107666666666667,
      "max": 2.493,
      "percentiles": {
        "p25": 1.808,
        "p50": 2.022,
        "p75": 2.493
      }
    },
    "rtt_avg_ms": {
      "min": 5.479,
      "average": 5.681666666666667,
      "max": 5.89,
      "percentiles": {
        "p25": 5.479,
        "p50": 5.676,
        "p75": 5.89
      }
    },
    "rtt_max_ms": {
      "min": 9.18,
      "average": 9.847333333333333,
      "max": 11.025,
      "percentiles": {
        "p25": 9.18,
        "p50": 9.337,
        "p75": 11.025
      }
    },
    "rtt_mdev_ms": {
      "min": 1.598,
      "average": 1.637,
      "max": 1.702,
      "percentiles": {
        "p25": 1.598,
        "p50": 1.611,
        "p75": 1.702
      }
    },
    "packet_loss_percent": {
      "min": 0.0,
      "average": 0.0,
      "max": 0.0,
      "percentiles": {
        "p25": 0.0,
        "p50": 0.0,
        "p75": 0.0
      }
    }
  },
  "meta": {
    "duration_seconds": 60.780420541763306,
    "test_attempts": 1,
    "vpn_restart_attempts": 0,
    "vpn_restart_duration_seconds": 5.654682159423828,
    "connectivity_wait_duration_seconds": 1.9264769554138184,
    "source": "yuki",
    "target": "luna"
  }
}
