{
    "status": "success",
    "data": {
        "rtt_min_ms": {
            "min": 1.531,
            "average": 2.034,
            "max": 2.532,
            "percentiles": {
                "p25": 1.531,
                "p50": 2.039,
                "p75": 2.532
            }
        },
        "rtt_avg_ms": {
            "min": 5.354,
            "average": 5.587,
            "max": 5.767,
            "percentiles": {
                "p25": 5.354,
                "p50": 5.64,
                "p75": 5.767
            }
        },
        "rtt_max_ms": {
            "min": 8.973,
            "average": 10.556333333333333,
            "max": 13.181,
            "percentiles": {
                "p25": 8.973,
                "p50": 9.515,
                "p75": 13.181
            }
        },
        "rtt_mdev_ms": {
            "min": 1.583,
            "average": 1.6363333333333334,
            "max": 1.737,
            "percentiles": {
                "p25": 1.583,
                "p50": 1.589,
                "p75": 1.737
            }
        },
        "packet_loss_percent": {
            "min": 0.0,
            "average": 0.0,
            "max": 0.0,
            "percentiles": {
                "p25": 0.0,
                "p50": 0.0,
                "p75": 0.0
            }
        }
    },
    "meta": {
        "duration_seconds": 60.82018423080444,
        "test_attempts": 1,
        "vpn_restart_attempts": 0,
        "vpn_restart_duration_seconds": 6.753463983535767,
        "connectivity_wait_duration_seconds": 3.9547574520111084,
        "source": "yuki",
        "target": "luna"
    }
}