{
  "status": "success",
  "data": {
    "total_bandwidth_mbps": {
      "min": 90.51,
      "average": 92.87633333333333,
      "max": 94.83000000000001,
      "percentiles": {
        "p25": 92.01500000000001,
        "p50": 93.14500000000001,
        "p75": 93.6675
      }
    },
    "cpu_usage_percent": {
      "min": 1.15,
      "average": 5.118875,
      "max": 14.43,
      "percentiles": {
        "p25": 4.0,
        "p50": 4.12,
        "p75": 5.15
      }
    },
    "ttfb_ms": {
      "min": 21.0,
      "average": 33.5,
      "max": 49.0,
      "percentiles": {
        "p25": 24.75,
        "p50": 31.5,
        "p75": 43.5
      }
    },
    "conn_time_ms": {
      "min": 18.0,
      "average": 30.625,
      "max": 45.0,
      "percentiles": {
        "p25": 21.0,
        "p50": 29.0,
        "p75": 41.5
      }
    }
  },
  "meta": {
    "duration_seconds": 31.682286500930786,
    "test_attempts": 1,
    "vpn_restart_attempts": 0,
    "vpn_restart_duration_seconds": 6.95399022102356,
    "connectivity_wait_duration_seconds": 2.336421489715576,
    "source": "yuki",
    "target": "luna"
  }
}
