{
  "status": "success",
  "data": {
    "total_bandwidth_mbps": {
      "min": 91.13,
      "average": 93.189,
      "max": 96.02999999999999,
      "percentiles": {
        "p25": 92.1875,
        "p50": 92.945,
        "p75": 94.04
      }
    },
    "cpu_usage_percent": {
      "min": 2.04,
      "average": 4.751083333333334,
      "max": 18.56,
      "percentiles": {
        "p25": 3.09,
        "p50": 4.08,
        "p75": 5.1
      }
    },
    "ttfb_ms": {
      "min": 23.0,
      "average": 31.125,
      "max": 41.0,
      "percentiles": {
        "p25": 25.5,
        "p50": 29.5,
        "p75": 38.0
      }
    },
    "conn_time_ms": {
      "min": 19.0,
      "average": 27.375,
      "max": 37.0,
      "percentiles": {
        "p25": 21.5,
        "p50": 25.5,
        "p75": 34.0
      }
    }
  },
  "meta": {
    "duration_seconds": 31.472181797027588,
    "test_attempts": 1,
    "vpn_restart_attempts": 0,
    "vpn_restart_duration_seconds": 6.939459562301636,
    "connectivity_wait_duration_seconds": 3.9591259956359863,
    "source": "yuki",
    "target": "luna"
  }
}
