{
  "status": "success",
  "data": {
    "bitrate_kbps": {
      "min": 1915.1,
      "average": 1989.7413793103449,
      "max": 2015.8,
      "percentiles": {
        "p25": 1982.95,
        "p50": 1990.3,
        "p75": 1998.9
      }
    },
    "fps": {
      "min": 31.0,
      "average": 32.13793103448276,
      "max": 45.0,
      "percentiles": {
        "p25": 31.0,
        "p50": 31.0,
        "p75": 32.0
      }
    },
    "dropped_frames": {
      "min": 15.0,
      "average": 15.0,
      "max": 15.0,
      "percentiles": {
        "p25": 15.0,
        "p50": 15.0,
        "p75": 15.0
      }
    }
  },
  "meta": {
    "duration_seconds": 31.663304567337036,
    "test_attempts": 1,
    "vpn_restart_attempts": 0,
    "vpn_restart_duration_seconds": 6.93898606300354,
    "connectivity_wait_duration_seconds": 1.9642267227172852,
    "source": "yuki",
    "target": "luna"
  }
}
