{
    "status": "success",
    "data": {
        "rtt_min_ms": {
            "min": 1.038,
            "average": 1.122,
            "max": 1.221,
            "percentiles": {
                "p25": 1.038,
                "p50": 1.107,
                "p75": 1.221
            }
        },
        "rtt_avg_ms": {
            "min": 1.608,
            "average": 1.618,
            "max": 1.625,
            "percentiles": {
                "p25": 1.608,
                "p50": 1.621,
                "p75": 1.625
            }
        },
        "rtt_max_ms": {
            "min": 1.82,
            "average": 1.8803333333333334,
            "max": 1.949,
            "percentiles": {
                "p25": 1.82,
                "p50": 1.872,
                "p75": 1.949
            }
        },
        "rtt_mdev_ms": {
            "min": 0.141,
            "average": 0.14533333333333331,
            "max": 0.151,
            "percentiles": {
                "p25": 0.141,
                "p50": 0.144,
                "p75": 0.151
            }
        },
        "packet_loss_percent": {
            "min": 0.0,
            "average": 0.0,
            "max": 0.0,
            "percentiles": {
                "p25": 0.0,
                "p50": 0.0,
                "p75": 0.0
            }
        }
    },
    "meta": {
        "duration_seconds": 60.78654384613037,
        "test_attempts": 1,
        "vpn_restart_attempts": 0,
        "vpn_restart_duration_seconds": 2.4435768127441406,
        "connectivity_wait_duration_seconds": 1.827009916305542,
        "source": "luna",
        "target": "lom"
    }
}