{
    "status": "success",
    "data": {
        "total_bandwidth_mbps": {
            "min": 212.55,
            "average": 521.1168421052631,
            "max": 586.24,
            "percentiles": {
                "p25": 547.09,
                "p50": 563.51,
                "p75": 574.9499999999999
            }
        },
        "cpu_usage_percent": {
            "min": 23.47,
            "average": 48.012394366197185,
            "max": 92.19,
            "percentiles": {
                "p25": 47.31,
                "p50": 48.42,
                "p75": 50.0
            }
        },
        "ttfb_ms": {
            "min": 11.0,
            "average": 15.4,
            "max": 20.0,
            "percentiles": {
                "p25": 11.5,
                "p50": 14.0,
                "p75": 20.0
            }
        },
        "conn_time_ms": {
            "min": 10.0,
            "average": 14.2,
            "max": 19.0,
            "percentiles": {
                "p25": 10.5,
                "p50": 13.0,
                "p75": 18.5
            }
        }
    },
    "meta": {
        "duration_seconds": 31.182377576828003,
        "test_attempts": 1,
        "vpn_restart_attempts": 0,
        "source": "luna",
        "target": "lom"
    }
}