{
    "status": "success",
    "data": {
        "rtt_min_ms": {
            "min": 1.488,
            "average": 1.5676666666666668,
            "max": 1.651,
            "percentiles": {
                "p25": 1.488,
                "p50": 1.564,
                "p75": 1.651
            }
        },
        "rtt_avg_ms": {
            "min": 2.059,
            "average": 2.0823333333333336,
            "max": 2.108,
            "percentiles": {
                "p25": 2.059,
                "p50": 2.08,
                "p75": 2.108
            }
        },
        "rtt_max_ms": {
            "min": 2.369,
            "average": 3.0223333333333335,
            "max": 4.238,
            "percentiles": {
                "p25": 2.369,
                "p50": 2.46,
                "p75": 4.238
            }
        },
        "rtt_mdev_ms": {
            "min": 0.137,
            "average": 0.19133333333333336,
            "max": 0.279,
            "percentiles": {
                "p25": 0.137,
                "p50": 0.158,
                "p75": 0.279
            }
        },
        "packet_loss_percent": {
            "min": 0.0,
            "average": 0.0,
            "max": 0.0,
            "percentiles": {
                "p25": 0.0,
                "p50": 0.0,
                "p75": 0.0
            }
        }
    },
    "meta": {
        "duration_seconds": 60.68927264213562,
        "test_attempts": 1,
        "vpn_restart_attempts": 0,
        "vpn_restart_duration_seconds": 1.94077730178833,
        "connectivity_wait_duration_seconds": 5.826577425003052,
        "source": "luna",
        "target": "lom"
    }
}