{
    "status": "success",
    "data": {
        "rtt_min_ms": {
            "min": 1.27,
            "average": 1.4906666666666666,
            "max": 1.648,
            "percentiles": {
                "p25": 1.27,
                "p50": 1.554,
                "p75": 1.648
            }
        },
        "rtt_avg_ms": {
            "min": 2.038,
            "average": 2.0486666666666666,
            "max": 2.061,
            "percentiles": {
                "p25": 2.038,
                "p50": 2.047,
                "p75": 2.061
            }
        },
        "rtt_max_ms": {
            "min": 2.339,
            "average": 3.0133333333333336,
            "max": 4.291,
            "percentiles": {
                "p25": 2.339,
                "p50": 2.41,
                "p75": 4.291
            }
        },
        "rtt_mdev_ms": {
            "min": 0.145,
            "average": 0.188,
            "max": 0.272,
            "percentiles": {
                "p25": 0.145,
                "p50": 0.147,
                "p75": 0.272
            }
        },
        "packet_loss_percent": {
            "min": 0.0,
            "average": 0.0,
            "max": 0.0,
            "percentiles": {
                "p25": 0.0,
                "p50": 0.0,
                "p75": 0.0
            }
        }
    },
    "meta": {
        "duration_seconds": 60.688920974731445,
        "test_attempts": 1,
        "vpn_restart_attempts": 0,
        "source": "luna",
        "target": "lom"
    }
}