{
  "status": "success",
  "data": {
    "total_bandwidth_mbps": {
      "min": 679.74,
      "average": 714.6563333333334,
      "max": 741.94,
      "percentiles": {
        "p25": 704.6299999999999,
        "p50": 716.135,
        "p75": 730.6350000000001
      }
    },
    "cpu_usage_percent": {
      "min": 40.43,
      "average": 47.470416666666665,
      "max": 59.57,
      "percentiles": {
        "p25": 44.120000000000005,
        "p50": 46.32,
        "p75": 50.0
      }
    },
    "ttfb_ms": {
      "min": 15.0,
      "average": 22.5,
      "max": 37.0,
      "percentiles": {
        "p25": 18.0,
        "p50": 19.5,
        "p75": 28.75
      }
    },
    "conn_time_ms": {
      "min": 14.0,
      "average": 18.5,
      "max": 24.0,
      "percentiles": {
        "p25": 16.25,
        "p50": 18.0,
        "p75": 20.75
      }
    }
  },
  "meta": {
    "duration_seconds": 31.401188611984253,
    "test_attempts": 1,
    "vpn_restart_attempts": 0,
    "source": "luna",
    "target": "lom"
  }
}
