{
    "status": "success",
    "data": {
        "rtt_min_ms": {
            "min": 0.798,
            "average": 0.895,
            "max": 1.003,
            "percentiles": {
                "p25": 0.798,
                "p50": 0.884,
                "p75": 1.003
            }
        },
        "rtt_avg_ms": {
            "min": 1.226,
            "average": 1.235,
            "max": 1.245,
            "percentiles": {
                "p25": 1.226,
                "p50": 1.234,
                "p75": 1.245
            }
        },
        "rtt_max_ms": {
            "min": 1.369,
            "average": 1.4586666666666668,
            "max": 1.622,
            "percentiles": {
                "p25": 1.369,
                "p50": 1.385,
                "p75": 1.622
            }
        },
        "rtt_mdev_ms": {
            "min": 0.075,
            "average": 0.08566666666666667,
            "max": 0.092,
            "percentiles": {
                "p25": 0.075,
                "p50": 0.09,
                "p75": 0.092
            }
        },
        "packet_loss_percent": {
            "min": 0.0,
            "average": 0.0,
            "max": 0.0,
            "percentiles": {
                "p25": 0.0,
                "p50": 0.0,
                "p75": 0.0
            }
        }
    },
    "meta": {
        "duration_seconds": 60.69710612297058,
        "test_attempts": 1,
        "vpn_restart_attempts": 0,
        "vpn_restart_duration_seconds": 1.6389822959899902,
        "connectivity_wait_duration_seconds": 1.820265769958496,
        "source": "luna",
        "target": "lom"
    }
}