{
  "status": "success",
  "data": {
    "rtt_min_ms": {
      "min": 0.933,
      "average": 0.9573333333333334,
      "max": 0.984,
      "percentiles": {
        "p25": 0.933,
        "p50": 0.955,
        "p75": 0.984
      }
    },
    "rtt_avg_ms": {
      "min": 1.223,
      "average": 1.2346666666666668,
      "max": 1.254,
      "percentiles": {
        "p25": 1.223,
        "p50": 1.227,
        "p75": 1.254
      }
    },
    "rtt_max_ms": {
      "min": 1.347,
      "average": 1.3803333333333332,
      "max": 1.41,
      "percentiles": {
        "p25": 1.347,
        "p50": 1.384,
        "p75": 1.41
      }
    },
    "rtt_mdev_ms": {
      "min": 0.069,
      "average": 0.07866666666666666,
      "max": 0.087,
      "percentiles": {
        "p25": 0.069,
        "p50": 0.08,
        "p75": 0.087
      }
    },
    "packet_loss_percent": {
      "min": 0.0,
      "average": 0.0,
      "max": 0.0,
      "percentiles": {
        "p25": 0.0,
        "p50": 0.0,
        "p75": 0.0
      }
    }
  },
  "meta": {
    "duration_seconds": 60.717747926712036,
    "test_attempts": 1,
    "vpn_restart_attempts": 0,
    "vpn_restart_duration_seconds": 1.8084352016448975,
    "connectivity_wait_duration_seconds": 7.812657356262207,
    "source": "luna",
    "target": "lom"
  }
}
