{
  "status": "success",
  "data": {
    "total_bandwidth_mbps": {
      "min": 809.5799999999999,
      "average": 816.6116666666667,
      "max": 818.94,
      "percentiles": {
        "p25": 815.7925,
        "p50": 816.88,
        "p75": 817.5550000000001
      }
    },
    "cpu_usage_percent": {
      "min": 4.4,
      "average": 16.631,
      "max": 44.21,
      "percentiles": {
        "p25": 11.85,
        "p50": 16.08,
        "p75": 20.7775
      }
    },
    "ttfb_ms": {
      "min": 14.0,
      "average": 17.5,
      "max": 19.0,
      "percentiles": {
        "p25": 16.0,
        "p50": 18.5,
        "p75": 19.0
      }
    },
    "conn_time_ms": {
      "min": 12.0,
      "average": 15.875,
      "max": 18.0,
      "percentiles": {
        "p25": 13.5,
        "p50": 16.5,
        "p75": 18.0
      }
    }
  },
  "meta": {
    "duration_seconds": 31.415568590164185,
    "test_attempts": 1,
    "vpn_restart_attempts": 0,
    "vpn_restart_duration_seconds": 2.0181386470794678,
    "connectivity_wait_duration_seconds": 1.8782601356506348,
    "source": "luna",
    "target": "lom"
  }
}
