{
    "status": "success",
    "data": {
        "total_bandwidth_mbps": {
            "min": 807.02,
            "average": 816.7506666666667,
            "max": 819.95,
            "percentiles": {
                "p25": 816.6625,
                "p50": 817.02,
                "p75": 817.5
            }
        },
        "cpu_usage_percent": {
            "min": 3.37,
            "average": 15.659458333333333,
            "max": 38.54,
            "percentiles": {
                "p25": 11.11,
                "p50": 14.14,
                "p75": 20.5675
            }
        },
        "ttfb_ms": {
            "min": 14.0,
            "average": 17.25,
            "max": 19.0,
            "percentiles": {
                "p25": 16.25,
                "p50": 17.5,
                "p75": 18.75
            }
        },
        "conn_time_ms": {
            "min": 13.0,
            "average": 15.875,
            "max": 19.0,
            "percentiles": {
                "p25": 14.25,
                "p50": 15.5,
                "p75": 17.75
            }
        }
    },
    "meta": {
        "duration_seconds": 31.450517654418945,
        "test_attempts": 1,
        "vpn_restart_attempts": 0,
        "vpn_restart_duration_seconds": 2.017678737640381,
        "connectivity_wait_duration_seconds": 1.7838642597198486,
        "source": "luna",
        "target": "lom"
    }
}