{
  "status": "success",
  "data": {
    "bitrate_kbps": {
      "min": 1908.1,
      "average": 1988.5758620689655,
      "max": 2012.8,
      "percentiles": {
        "p25": 1982.0,
        "p50": 1989.7,
        "p75": 1998.05
      }
    },
    "fps": {
      "min": 31.0,
      "average": 32.13793103448276,
      "max": 45.0,
      "percentiles": {
        "p25": 31.0,
        "p50": 31.0,
        "p75": 32.0
      }
    },
    "dropped_frames": {
      "min": 15.0,
      "average": 15.0,
      "max": 15.0,
      "percentiles": {
        "p25": 15.0,
        "p50": 15.0,
        "p75": 15.0
      }
    }
  },
  "meta": {
    "duration_seconds": 31.370720386505127,
    "test_attempts": 1,
    "vpn_restart_attempts": 0,
    "vpn_restart_duration_seconds": 1.7546489238739014,
    "connectivity_wait_duration_seconds": 1.7525193691253662,
    "source": "luna",
    "target": "lom"
  }
}
