{
  "status": "success",
  "data": {
    "rtt_min_ms": {
      "min": 1.372,
      "average": 1.532,
      "max": 1.629,
      "percentiles": {
        "p25": 1.372,
        "p50": 1.595,
        "p75": 1.629
      }
    },
    "rtt_avg_ms": {
      "min": 18.77,
      "average": 21.409333333333333,
      "max": 24.39,
      "percentiles": {
        "p25": 18.77,
        "p50": 21.068,
        "p75": 24.39
      }
    },
    "rtt_max_ms": {
      "min": 154.994,
      "average": 204.66933333333333,
      "max": 230.407,
      "percentiles": {
        "p25": 154.994,
        "p50": 228.607,
        "p75": 230.407
      }
    },
    "rtt_mdev_ms": {
      "min": 19.796,
      "average": 27.151,
      "max": 37.461,
      "percentiles": {
        "p25": 19.796,
        "p50": 24.196,
        "p75": 37.461
      }
    },
    "packet_loss_percent": {
      "min": 0.0,
      "average": 0.0,
      "max": 0.0,
      "percentiles": {
        "p25": 0.0,
        "p50": 0.0,
        "p75": 0.0
      }
    }
  },
  "meta": {
    "duration_seconds": 61.08733916282654,
    "test_attempts": 1,
    "vpn_restart_attempts": 0,
    "vpn_restart_duration_seconds": 2.3811893463134766,
    "connectivity_wait_duration_seconds": 72.43041396141052,
    "source": "luna",
    "target": "lom"
  }
}
