{
    "status": "success",
    "data": {
        "rtt_min_ms": {
            "min": 50.264,
            "average": 50.591,
            "max": 50.756,
            "percentiles": {
                "p25": 50.264,
                "p50": 50.753,
                "p75": 50.756
            }
        },
        "rtt_avg_ms": {
            "min": 81.347,
            "average": 87.33566666666667,
            "max": 90.469,
            "percentiles": {
                "p25": 81.347,
                "p50": 90.191,
                "p75": 90.469
            }
        },
        "rtt_max_ms": {
            "min": 455.011,
            "average": 492.578,
            "max": 517.478,
            "percentiles": {
                "p25": 455.011,
                "p50": 505.245,
                "p75": 517.478
            }
        },
        "rtt_mdev_ms": {
            "min": 65.406,
            "average": 71.402,
            "max": 79.914,
            "percentiles": {
                "p25": 65.406,
                "p50": 68.886,
                "p75": 79.914
            }
        },
        "packet_loss_percent": {
            "min": 0.0,
            "average": 0.0,
            "max": 0.0,
            "percentiles": {
                "p25": 0.0,
                "p50": 0.0,
                "p75": 0.0
            }
        }
    },
    "meta": {
        "duration_seconds": 62.3924515247345,
        "test_attempts": 1,
        "vpn_restart_attempts": 0,
        "vpn_restart_duration_seconds": 1.4200644493103027,
        "connectivity_wait_duration_seconds": 10.92203164100647,
        "source": "luna",
        "target": "lom"
    }
}