{
    "status": "success",
    "data": {
        "rtt_min_ms": {
            "min": 0.914,
            "average": 1.0113333333333334,
            "max": 1.069,
            "percentiles": {
                "p25": 0.914,
                "p50": 1.051,
                "p75": 1.069
            }
        },
        "rtt_avg_ms": {
            "min": 21.701,
            "average": 25.741333333333333,
            "max": 29.407,
            "percentiles": {
                "p25": 21.701,
                "p50": 26.116,
                "p75": 29.407
            }
        },
        "rtt_max_ms": {
            "min": 222.725,
            "average": 236.24133333333333,
            "max": 245.635,
            "percentiles": {
                "p25": 222.725,
                "p50": 240.364,
                "p75": 245.635
            }
        },
        "rtt_mdev_ms": {
            "min": 35.737,
            "average": 44.42733333333334,
            "max": 50.957,
            "percentiles": {
                "p25": 35.737,
                "p50": 46.588,
                "p75": 50.957
            }
        },
        "packet_loss_percent": {
            "min": 0.0,
            "average": 0.0,
            "max": 0.0,
            "percentiles": {
                "p25": 0.0,
                "p50": 0.0,
                "p75": 0.0
            }
        }
    },
    "meta": {
        "duration_seconds": 60.77898955345154,
        "test_attempts": 1,
        "vpn_restart_attempts": 0,
        "vpn_restart_duration_seconds": 2.174777030944824,
        "connectivity_wait_duration_seconds": 71.7194766998291,
        "source": "luna",
        "target": "lom"
    }
}