{
    "status": "success",
    "data": {
        "total_bandwidth_mbps": {
            "min": 0.42160000000000003,
            "average": 2.316707,
            "max": 3.4145,
            "percentiles": {
                "p25": 2.0366500000000003,
                "p50": 2.44365,
                "p75": 2.61214
            }
        },
        "cpu_usage_percent": {
            "min": 0.0,
            "average": 0.8772,
            "max": 57.01,
            "percentiles": {
                "p25": 0.0,
                "p50": 0.0,
                "p75": 0.99
            }
        },
        "ttfb_ms": {
            "min": 63.0,
            "average": 692.25,
            "max": 1623.0,
            "percentiles": {
                "p25": 137.5,
                "p50": 482.5,
                "p75": 1399.25
            }
        },
        "conn_time_ms": {
            "min": 31.0,
            "average": 226.375,
            "max": 539.0,
            "percentiles": {
                "p25": 32.25,
                "p50": 141.0,
                "p75": 474.5
            }
        }
    },
    "meta": {
        "duration_seconds": 121.05794215202332,
        "test_attempts": 1,
        "vpn_restart_attempts": 0,
        "vpn_restart_duration_seconds": 2.332841396331787,
        "connectivity_wait_duration_seconds": 15.578784465789795,
        "source": "luna",
        "target": "lom"
    }
}