{
    "status": "success",
    "data": {
        "bitrate_kbps": {
            "min": 1908.1,
            "average": 1988.1655172413793,
            "max": 2011.1,
            "percentiles": {
                "p25": 1981.75,
                "p50": 1989.7,
                "p75": 1997.5
            }
        },
        "fps": {
            "min": 31.0,
            "average": 32.13793103448276,
            "max": 45.0,
            "percentiles": {
                "p25": 31.0,
                "p50": 31.0,
                "p75": 32.0
            }
        },
        "dropped_frames": {
            "min": 14.0,
            "average": 14.0,
            "max": 14.0,
            "percentiles": {
                "p25": 14.0,
                "p50": 14.0,
                "p75": 14.0
            }
        }
    },
    "meta": {
        "duration_seconds": 31.36655616760254,
        "test_attempts": 1,
        "vpn_restart_attempts": 0,
        "vpn_restart_duration_seconds": 2.1754446029663086,
        "connectivity_wait_duration_seconds": 10.475139617919922,
        "source": "luna",
        "target": "lom"
    }
}