{
  "status": "success",
  "data": {
    "rtt_min_ms": {
      "min": 1.789,
      "average": 1.9556666666666667,
      "max": 2.145,
      "percentiles": {
        "p25": 1.789,
        "p50": 1.933,
        "p75": 2.145
      }
    },
    "rtt_avg_ms": {
      "min": 5.005,
      "average": 5.159666666666666,
      "max": 5.237,
      "percentiles": {
        "p25": 5.005,
        "p50": 5.237,
        "p75": 5.237
      }
    },
    "rtt_max_ms": {
      "min": 8.41,
      "average": 8.629333333333333,
      "max": 8.861,
      "percentiles": {
        "p25": 8.41,
        "p50": 8.617,
        "p75": 8.861
      }
    },
    "rtt_mdev_ms": {
      "min": 1.544,
      "average": 1.6016666666666668,
      "max": 1.659,
      "percentiles": {
        "p25": 1.544,
        "p50": 1.602,
        "p75": 1.659
      }
    },
    "packet_loss_percent": {
      "min": 0.0,
      "average": 0.6666666666666666,
      "max": 1.0,
      "percentiles": {
        "p25": 0.0,
        "p50": 1.0,
        "p75": 1.0
      }
    }
  },
  "meta": {
    "duration_seconds": 61.16977500915527,
    "test_attempts": 1,
    "vpn_restart_attempts": 0,
    "vpn_restart_duration_seconds": 1.8608207702636719,
    "connectivity_wait_duration_seconds": 3.8618316650390625,
    "source": "lom",
    "target": "yuki"
  }
}
