{
  "status": "success",
  "data": {
    "encoding": {
      "bitrate_kbps": {
        "min": 3296.8,
        "average": 3347.544827586207,
        "max": 3490.5,
        "percentiles": {
          "p25": 3319.35,
          "p50": 3333.7,
          "p75": 3360.1
        }
      },
      "fps": {
        "min": 30.0,
        "average": 32.06896551724138,
        "max": 45.0,
        "percentiles": {
          "p25": 31.0,
          "p50": 31.0,
          "p75": 32.0
        }
      },
      "dropped_frames": {
        "min": 15.0,
        "average": 15.0,
        "max": 15.0,
        "percentiles": {
          "p25": 15.0,
          "p50": 15.0,
          "p75": 15.0
        }
      }
    },
    "network": {
      "packets_dropped": {
        "min": 0.0,
        "average": 1790.1935483870968,
        "max": 55496.0,
        "percentiles": {
          "p25": 0.0,
          "p50": 0.0,
          "p75": 0.0
        }
      },
      "packets_recovered": {
        "min": 0.0,
        "average": 1.0,
        "max": 6.0,
        "percentiles": {
          "p25": 0.0,
          "p50": 1.0,
          "p75": 1.0
        }
      },
      "rtt_ms": {
        "min": 5.019257423863793,
        "average": 7.743249382020488,
        "max": 9.09348994998099,
        "percentiles": {
          "p25": 7.22621719212278,
          "p50": 7.788756758783013,
          "p75": 8.362593647401715
        }
      },
      "quality": {
        "min": 98.0,
        "average": 99.38709677419355,
        "max": 100.0,
        "percentiles": {
          "p25": 99.0,
          "p50": 99.0,
          "p75": 100.0
        }
      },
      "bitrate_bps": {
        "min": 0.0,
        "average": 3153970.580645161,
        "max": 5142446.0,
        "percentiles": {
          "p25": 2859229.0,
          "p50": 3524007.0,
          "p75": 3627080.0
        }
      }
    }
  },
  "meta": {
    "duration_seconds": 31.51481318473816,
    "test_attempts": 1,
    "vpn_restart_attempts": 0,
    "vpn_restart_duration_seconds": 1.5909879207611084,
    "connectivity_wait_duration_seconds": 3.9359848499298096,
    "source": "lom",
    "target": "yuki"
  }
}
