{
  "status": "success",
  "data": {
    "total_bandwidth_mbps": {
      "min": 21.732,
      "average": 23.209833333333332,
      "max": 24.93,
      "percentiles": {
        "p25": 22.62525,
        "p50": 23.1985,
        "p75": 23.696250000000003
      }
    },
    "cpu_usage_percent": {
      "min": 0.0,
      "average": 4.430625,
      "max": 13.92,
      "percentiles": {
        "p25": 2.13,
        "p50": 4.02,
        "p75": 6.06
      }
    },
    "ttfb_ms": {
      "min": 13.0,
      "average": 80.5,
      "max": 166.0,
      "percentiles": {
        "p25": 29.25,
        "p50": 73.0,
        "p75": 132.5
      }
    },
    "conn_time_ms": {
      "min": 12.0,
      "average": 74.5,
      "max": 164.0,
      "percentiles": {
        "p25": 25.75,
        "p50": 62.5,
        "p75": 127.5
      }
    }
  },
  "meta": {
    "duration_seconds": 32.88458323478699,
    "test_attempts": 1,
    "vpn_restart_attempts": 0,
    "vpn_restart_duration_seconds": 6.1096251010894775,
    "connectivity_wait_duration_seconds": 4.734788179397583,
    "source": "yuki",
    "target": "luna"
  }
}
