{
    "status": "success",
    "data": {
        "VpnCloud": {
            "status": "success",
            "data": {
                "mean_seconds": {
                    "min": 9.17008397052,
                    "average": 9.386247513426666,
                    "max": 9.504960722059998,
                    "percentiles": {
                        "p25": 9.386247513426666,
                        "p50": 9.386247513426666,
                        "p75": 9.386247513426666
                    }
                },
                "stddev_seconds": {
                    "min": 0.003408890374315635,
                    "average": 0.05121438793053494,
                    "max": 0.10226655849439795,
                    "percentiles": {
                        "p25": 0.05121438793053494,
                        "p50": 0.05121438793053494,
                        "p75": 0.05121438793053494
                    }
                },
                "min_seconds": {
                    "min": 9.09777059352,
                    "average": 9.350033472426666,
                    "max": 9.502550272559999,
                    "percentiles": {
                        "p25": 9.350033472426666,
                        "p50": 9.350033472426666,
                        "p75": 9.350033472426666
                    }
                },
                "max_seconds": {
                    "min": 9.242397347519999,
                    "average": 9.422461554426667,
                    "max": 9.5176161442,
                    "percentiles": {
                        "p25": 9.422461554426667,
                        "p50": 9.422461554426667,
                        "p75": 9.422461554426667
                    }
                }
            }
        },
        "Zerotier": {
            "status": "success",
            "data": {
                "mean_seconds": {
                    "min": 8.959465601360002,
                    "average": 9.2193141211,
                    "max": 9.41539674976,
                    "percentiles": {
                        "p25": 9.2193141211,
                        "p50": 9.2193141211,
                        "p75": 9.2193141211
                    }
                },
                "stddev_seconds": {
                    "min": 0.012413413693008168,
                    "average": 0.0698752444203075,
                    "max": 0.15440860971066842,
                    "percentiles": {
                        "p25": 0.0698752444203075,
                        "p50": 0.0698752444203075,
                        "p75": 0.0698752444203075
                    }
                },
                "min_seconds": {
                    "min": 8.95068799236,
                    "average": 9.169904861933333,
                    "max": 9.306213374759999,
                    "percentiles": {
                        "p25": 9.169904861933333,
                        "p50": 9.169904861933333,
                        "p75": 9.169904861933333
                    }
                },
                "max_seconds": {
                    "min": 8.96824321036,
                    "average": 9.268723380266668,
                    "max": 9.52458012476,
                    "percentiles": {
                        "p25": 9.268723380266668,
                        "p50": 9.268723380266668,
                        "p75": 9.268723380266668
                    }
                }
            }
        },
        "Yggdrasil": {
            "status": "success",
            "data": {
                "mean_seconds": {
                    "min": 10.29286918552,
                    "average": 10.593610171653333,
                    "max": 10.76521618834,
                    "percentiles": {
                        "p25": 10.593610171653333,
                        "p50": 10.593610171653333,
                        "p75": 10.593610171653333
                    }
                },
                "stddev_seconds": {
                    "min": 0.006094801541527126,
                    "average": 0.011526934663233505,
                    "max": 0.01867376590257405,
                    "percentiles": {
                        "p25": 0.011526934663233505,
                        "p50": 0.011526934663233505,
                        "p75": 0.011526934663233505
                    }
                },
                "min_seconds": {
                    "min": 10.28855951002,
                    "average": 10.585459397986666,
                    "max": 10.75201184184,
                    "percentiles": {
                        "p25": 10.585459397986666,
                        "p50": 10.585459397986666,
                        "p75": 10.585459397986666
                    }
                },
                "max_seconds": {
                    "min": 10.29717886102,
                    "average": 10.60176094532,
                    "max": 10.77842053484,
                    "percentiles": {
                        "p25": 10.60176094532,
                        "p50": 10.60176094532,
                        "p75": 10.60176094532
                    }
                }
            }
        },
        "Tinc": {
            "status": "success",
            "data": {
                "mean_seconds": {
                    "min": 9.75702229846,
                    "average": 9.99811078248,
                    "max": 10.16495004206,
                    "percentiles": {
                        "p25": 9.99811078248,
                        "p50": 9.99811078248,
                        "p75": 9.99811078248
                    }
                },
                "stddev_seconds": {
                    "min": 0.12716247586979185,
                    "average": 0.1859145563268445,
                    "max": 0.26145807594967124,
                    "percentiles": {
                        "p25": 0.1859145563268445,
                        "p50": 0.1859145563268445,
                        "p75": 0.1859145563268445
                    }
                },
                "min_seconds": {
                    "min": 9.637434195460001,
                    "average": 9.86664933898,
                    "max": 10.07503259306,
                    "percentiles": {
                        "p25": 9.86664933898,
                        "p50": 9.86664933898,
                        "p75": 9.86664933898
                    }
                },
                "max_seconds": {
                    "min": 9.87661040146,
                    "average": 10.12957222598,
                    "max": 10.25723878542,
                    "percentiles": {
                        "p25": 10.12957222598,
                        "p50": 10.12957222598,
                        "p75": 10.12957222598
                    }
                }
            }
        },
        "Mycelium": {
            "status": "success",
            "data": {
                "mean_seconds": {
                    "min": 9.89878485542,
                    "average": 10.071250672773333,
                    "max": 10.362357874,
                    "percentiles": {
                        "p25": 10.071250672773333,
                        "p50": 10.071250672773333,
                        "p75": 10.071250672773333
                    }
                },
                "stddev_seconds": {
                    "min": 0.03470662798455754,
                    "average": 0.35469768122687306,
                    "max": 0.9926529340054835,
                    "percentiles": {
                        "p25": 0.35469768122687306,
                        "p50": 0.35469768122687306,
                        "p75": 0.35469768122687306
                    }
                },
                "min_seconds": {
                    "min": 9.660446253,
                    "average": 9.820441537106667,
                    "max": 9.928067996900001,
                    "percentiles": {
                        "p25": 9.820441537106667,