{
  "status": "success",
  "data": {
    "Tinc": {
      "status": "success",
      "data": {
        "mean_seconds": {
          "min": 9.975936047240001,
          "average": 10.123552470666667,
          "max": 10.25616095804,
          "percentiles": {
            "p25": 10.123552470666667,
            "p50": 10.123552470666667,
            "p75": 10.123552470666667
          }
        },
        "stddev_seconds": {
          "min": 0.008169128275515252,
          "average": 0.10317069515901074,
          "max": 0.1701348575644082,
          "percentiles": {
            "p25": 0.10317069515901074,
            "p50": 0.10317069515901074,
            "p75": 0.10317069515901074
          }
        },
        "min_seconds": {
          "min": 9.85563253574,
          "average": 10.0505997725,
          "max": 10.16338282104,
          "percentiles": {
            "p25": 10.0505997725,
            "p50": 10.0505997725,
            "p75": 10.0505997725
          }
        },
        "max_seconds": {
          "min": 10.09623955874,
          "average": 10.196505168833333,
          "max": 10.34893909504,
          "percentiles": {
            "p25": 10.196505168833333,
            "p50": 10.196505168833333,
            "p75": 10.196505168833333
          }
        }
      }
    },
    "Mycelium": {
      "status": "success",
      "data": {
        "mean_seconds": {
          "min": 19.74878018252,
          "average": 28.20949338582667,
          "max": 42.99891554852,
          "percentiles": {
            "p25": 28.20949338582667,
            "p50": 28.20949338582667,
            "p75": 28.20949338582667
          }
        },
        "stddev_seconds": {
          "min": 0.06541644661133122,
          "average": 0.49826493306822073,
          "max": 1.2306296215117623,
          "percentiles": {
            "p25": 0.49826493306822073,
            "p50": 0.49826493306822073,
            "p75": 0.49826493306822073
          }
        },
        "min_seconds": {
          "min": 19.702523769520003,
          "average": 27.857166872826667,
          "max": 42.12872899802,
          "percentiles": {
            "p25": 27.857166872826667,
            "p50": 27.857166872826667,
            "p75": 27.857166872826667
          }
        },
        "max_seconds": {
          "min": 19.795036595520003,
          "average": 28.56181989882667,
          "max": 43.869102099020004,
          "percentiles": {
            "p25": 28.56181989882667,
            "p50": 28.56181989882667,
            "p75": 28.56181989882667
          }
        }
      }
    },
    "Hyprspace": {
      "status": "success",
      "data": {
        "mean_seconds": {
          "min": 11.436597970239998,
          "average": 11.69794702588,
          "max": 12.04740254576,
          "percentiles": {
            "p25": 11.69794702588,
            "p50": 11.69794702588,
            "p75": 11.69794702588
          }
        },
        "stddev_seconds": {
          "min": 0.0032478984236942996,
          "average": 0.04321421315659113,
          "max": 0.09561719573180424,
          "percentiles": {
            "p25": 0.04321421315659113,
            "p50": 0.04321421315659113,
            "p75": 0.04321421315659113
          }
        },
        "min_seconds": {
          "min": 11.414834959239998,
          "average": 11.667389962713333,
          "max": 12.04510593476,
          "percentiles": {
            "p25": 11.667389962713333,
            "p50": 11.667389962713333,
            "p75": 11.667389962713333
          }
        },
        "max_seconds": {
          "min": 11.458360981239998,
          "average": 11.728504089046666,
          "max": 12.04969915676,
          "percentiles": {
            "p25": 11.728504089046666,
            "p50": 11.728504089046666,
            "p75": 11.728504089046666
          }
        }
      }
    },
    "Zerotier": {
      "status": "success",
      "data": {
        "mean_seconds": {
          "min": 8.75400616984,
          "average": 9.026848384946666,
          "max": 9.220440695479999,
          "percentiles": {
            "p25": 9.026848384946666,
            "p50": 9.026848384946666,
            "p75": 9.026848384946666
          }
        },
        "stddev_seconds": {
          "min": 0.005454167040412786,
          "average": 0.08542486477828165,
          "max": 0.12680810364954562,
          "percentiles": {
            "p25": 0.08542486477828165,
            "p50": 0.08542486477828165,
            "p75": 0.08542486477828165
          }
        },
        "min_seconds": {
          "min": 8.66433929984,
          "average": 8.96644388378,
          "max": 9.132750740479999,
          "percentiles": {
            "p25": 8.96644388378,
            "p50": 8.96644388378,
            "p75": 8.96644388378
          }
        },
        "max_seconds": {
          "min": 8.84367303984,
          "average": 9.087252886113333,
          "max": 9.308130650479999,
          "percentiles": {
            "p25": 9.087252886113333,
            "p50": 9.087252886113333,
            "p75": 9.087252886113333
          }
        }
      }
    },
    "VpnCloud": {
      "status": "success",
      "data": {
        "mean_seconds": {
          "min": 8.94548781682,
          "average": 9.123177933686666,
          "max": 9.25432297708,
          "percentiles": {
            "p25": 9.123177933686666,
            "p50": 9.123177933686666,
            "p75": 9.123177933686666
          }
        },
        "stddev_seconds": {
          "min": 0.02132321581572071,
          "average": 0.06122763301371609,
          "max": 0.11442150556699963,
          "percentiles": {
            "p25": 0.06122763301371609,
            "p50": 0.06122763301371609,
            "p75": 0.06122763301371609
          }
        },
        "min_seconds": {
          "min": 8.91159040632,
          "average": 9.079883459186666,
          "max": 9.17341475458,
          "percentiles": {
            "p25": 9.079883459186666,
            "p50": 9.079883459186666,
            "p75": 9.079883459186666
          }
        },
        "max_seconds": {
          "min": 8.97938522732,
          "average": 9.166472408186666,
          "max": 9.335231199579999,
          "percentiles": {
            "p25": 9.166472408186666,
            "p50": 9.166472408186666,
            "p75": 9.166472408186666
          }
        }
      }
    },
    "Nebula": {
      "status": "success",
      "data": {
        "mean_seconds": {
          "min": 8.955945486000001,
          "average": 9.110155132546666,
          "max": 9.2571849731,
          "percentiles": {
            "p25": 9.110155132546666,
            "p50": 9.110155132546666,
            "p75": 9.110155132546666
          }
        },
        "stddev_seconds": {
          "min": 0.04567081289449516,
          "average": 0.08307542212331814,
          "max": 0.12435128376572975,
          "percentiles": {
            "p25": 0.08307542212331814,
            "p50": 0.08307542212331814,
            "p75": 0.08307542212331814
          }
        },
        "min_seconds": {
          "min": 8.899939680500001,
          "average": 9.051411938213333,
          "max": 9.1692553371,
          "percentiles": {
            "p25": 9.051411938213333,
            "p50": 9.051411938213333,
            "p75": 9.051411938213333
          }
        },
        "max_seconds": {
          "min": 9.0119512915,
          "average": 9.168898326879999,
          "max": 9.3451146091,
          "percentiles": {
            "p25": 9.168898326879999,
            "p50": 9.168898326879999,
            "p75": 9.168898326879999
          }
        }
      }
    },
    "Wireguard": {
      "status": "success",
      "data": {
        "mean_seconds": {
          "min": 9.15379346116,
          "average": 9.289892351166666,
          "max": 9.41126361328,
          "percentiles": {
            "p25": 9.289892351166666,
            "p50": 9.289892351166666,