{
  "status": "success",
  "data": {
    "Tinc": {
      "status": "success",
      "data": {
        "mean_seconds": {
          "min": 9.75702229846,
          "average": 9.99811078248,
          "max": 10.16495004206,
          "percentiles": {
            "p25": 9.99811078248,
            "p50": 9.99811078248,
            "p75": 9.99811078248
          }
        },
        "stddev_seconds": {
          "min": 0.12716247586979185,
          "average": 0.1859145563268445,
          "max": 0.26145807594967124,
          "percentiles": {
            "p25": 0.1859145563268445,
            "p50": 0.1859145563268445,
            "p75": 0.1859145563268445
          }
        },
        "min_seconds": {
          "min": 9.637434195460001,
          "average": 9.86664933898,
          "max": 10.07503259306,
          "percentiles": {
            "p25": 9.86664933898,
            "p50": 9.86664933898,
            "p75": 9.86664933898
          }
        },
        "max_seconds": {
          "min": 9.87661040146,
          "average": 10.12957222598,
          "max": 10.25723878542,
          "percentiles": {
            "p25": 10.12957222598,
            "p50": 10.12957222598,
            "p75": 10.12957222598
          }
        }
      }
    },
    "Nebula": {
      "status": "success",
      "data": {
        "mean_seconds": {
          "min": 9.01175900446,
          "average": 9.147224513533333,
          "max": 9.275380303079999,
          "percentiles": {
            "p25": 9.147224513533333,
            "p50": 9.147224513533333,
            "p75": 9.147224513533333
          }
        },
        "stddev_seconds": {
          "min": 0.03411097678843661,
          "average": 0.043908445880315686,
          "max": 0.0627245547349645,
          "percentiles": {
            "p25": 0.043908445880315686,
            "p50": 0.043908445880315686,
            "p75": 0.043908445880315686
          }
        },
        "min_seconds": {
          "min": 8.98763890146,
          "average": 9.116176553699999,
          "max": 9.23102734508,
          "percentiles": {
            "p25": 9.116176553699999,
            "p50": 9.116176553699999,
            "p75": 9.116176553699999
          }
        },
        "max_seconds": {
          "min": 9.035879107460001,
          "average": 9.178272473366667,
          "max": 9.31973326108,
          "percentiles": {
            "p25": 9.178272473366667,
            "p50": 9.178272473366667,
            "p75": 9.178272473366667
          }
        }
      }
    },
    "Headscale": {
      "status": "success",
      "data": {
        "mean_seconds": {
          "min": 9.51264273582,
          "average": 9.790652908453332,
          "max": 10.091008620939999,
          "percentiles": {
            "p25": 9.790652908453332,
            "p50": 9.790652908453332,
            "p75": 9.790652908453332
          }
        },
        "stddev_seconds": {
          "min": 0.04068642567919305,
          "average": 0.08622321449719182,
          "max": 0.13383598491474896,
          "percentiles": {
            "p25": 0.08622321449719182,
            "p50": 0.08622321449719182,
            "p75": 0.08622321449719182
          }
        },
        "min_seconds": {
          "min": 9.45314165682,
          "average": 9.729683888786667,
          "max": 9.99637228844,
          "percentiles": {
            "p25": 9.729683888786667,
            "p50": 9.729683888786667,
            "p75": 9.729683888786667
          }
        },
        "max_seconds": {
          "min": 9.57214381482,
          "average": 9.85162192812,
          "max": 10.185644953439999,
          "percentiles": {
            "p25": 9.85162192812,
            "p50": 9.85162192812,
            "p75": 9.85162192812
          }
        }
      }
    }
  }
}
