{
    "status": "success",
    "data": {
        "Mycelium": {
            "status": "success",
            "data": {
                "total_throughput_mbps": {
                    "min": 534.4071812626285,
                    "average": 534.4071812626285,
                    "max": 534.4071812626285,
                    "percentiles": {
                        "p25": 534.4071812626285,
                        "p50": 534.4071812626285,
                        "p75": 534.4071812626285
                    }
                },
                "avg_throughput_mbps": {
                    "min": 178.13572708754282,
                    "average": 178.13572708754282,
                    "max": 178.13572708754282,
                    "percentiles": {
                        "p25": 178.13572708754282,
                        "p50": 178.13572708754282,
                        "p75": 178.13572708754282
                    }
                },
                "total_retransmits": {
                    "min": 895.0,
                    "average": 895.0,
                    "max": 895.0,
                    "percentiles": {
                        "p25": 895.0,
                        "p50": 895.0,
                        "p75": 895.0
                    }
                }
            }
        },
        "Headscale": {
            "status": "success",
            "data": {
                "total_throughput_mbps": {
                    "min": 1169.4395442547227,
                    "average": 1169.4395442547227,
                    "max": 1169.4395442547227,
                    "percentiles": {
                        "p25": 1169.4395442547227,
                        "p50": 1169.4395442547227,
                        "p75": 1169.4395442547227
                    }
                },
                "avg_throughput_mbps": {
                    "min": 389.8131814182409,
                    "average": 389.8131814182409,
                    "max": 389.8131814182409,
                    "percentiles": {
                        "p25": 389.8131814182409,
                        "p50": 389.8131814182409,
                        "p75": 389.8131814182409
                    }
                },
                "total_retransmits": {
                    "min": 1603.0,
                    "average": 1603.0,
                    "max": 1603.0,
                    "percentiles": {
                        "p25": 1603.0,
                        "p50": 1603.0,
                        "p75": 1603.0
                    }
                }
            }
        },
        "Hyprspace": {
            "status": "success",
            "data": {
                "total_throughput_mbps": {
                    "min": 853.7178388242648,
                    "average": 853.7178388242648,
                    "max": 853.7178388242648,
                    "percentiles": {
                        "p25": 853.7178388242648,
                        "p50": 853.7178388242648,
                        "p75": 853.7178388242648
                    }
                },
                "avg_throughput_mbps": {
                    "min": 284.5726129414216,
                    "average": 284.5726129414216,
                    "max": 284.5726129414216,
                    "percentiles": {
                        "p25": 284.5726129414216,
                        "p50": 284.5726129414216,
                        "p75": 284.5726129414216
                    }
                },
                "total_retransmits": {
                    "min": 9501.0,
                    "average": 9501.0,
                    "max": 9501.0,
                    "percentiles": {
                        "p25": 9501.0,
                        "p50": 9501.0,
                        "p75": 9501.0
                    }
                }
            }
        },
        "Zerotier": {
            "status": "success",
            "data": {
                "total_throughput_mbps": {
                    "min": 1181.6486183210636,
                    "average": 1181.6486183210636,
                    "max": 1181.6486183210636,
                    "percentiles": {
                        "p25": 1181.6486183210636,
                        "p50": 1181.6486183210636,
                        "p75": 1181.6486183210636
                    }
                },
                "avg_throughput_mbps": {
                    "min": 393.8828727736879,
                    "average": 393.8828727736879,
                    "max": 393.8828727736879,
                    "percentiles": {
                        "p25": 393.8828727736879,
                        "p50": 393.8828727736879,
                        "p75": 393.8828727736879
                    }
                },
                "total_retransmits": {
                    "min": 1778.0,
                    "average": 1778.0,
                    "max": 1778.0,
                    "percentiles": {
                        "p25": 1778.0,
                        "p50": 1778.0,
                        "p75": 1778.0
                    }
                }
            }
        },
        "VpnCloud": {
            "status": "success",
            "data": {
                "total_throughput_mbps": {
                    "min": 667.5021704542596,
                    "average": 667.5021704542596,
                    "max": 667.5021704542596,
                    "percentiles": {
                        "p25": 667.5021704542596,
                        "p50": 667.5021704542596,
                        "p75": 667.5021704542596
                    }
                },
                "avg_throughput_mbps": {
                    "min": 222.5007234847532,
                    "average": 222.5007234847532,
                    "max": 222.5007234847532,
                    "percentiles": {
                        "p25": 222.5007234847532,
                        "p50": 222.5007234847532,
                        "p75": 222.5007234847532
                    }
                },
                "total_retransmits": {
                    "min": 3084.0,
                    "average": 3084.0,
                    "max": 3084.0,
                    "percentiles": {
                        "p25": 3084.0,
                        "p50": 3084.0,
                        "p75": 3084.0
                    }
                }
            }
        },
        "Yggdrasil": {
            "status": "success",
            "data": {
                "total_throughput_mbps": {
                    "min": 1257.2473834887805,
                    "average": 1257.2473834887805,
                    "max": 1257.2473834887805,
                    "percentiles": {
                        "p25": 1257.2473834887805,
                        "p50": 1257.2473834887805,
                        "p75": 1257.2473834887805
                    }
                },
                "avg_throughput_mbps": {
                    "min": 419.08246116292685,
                    "average": 419.08246116292685,
                    "max": 419.08246116292685,
                    "percentiles": {
                        "p25": 419.08246116292685,
                        "p50": 419.08246116292685,
                        "p75": 419.08246116292685
                    }
                },
                "total_retransmits": {
                    "min": 366.0,
                    "average": 366.0,
                    "max": 366.0,
                    "percentiles": {
                        "p25": 366.0,
                        "p50": 366.0,
                        "p75": 366.0
                    }
                }
            }
        },
        "Easytier": {
            "status": "success",
            "data": {
                "total_throughput_mbps": {
                    "min": 1014.3484819585087,
                    "average": 1014.3484819585087,
                    "max": 1014.3484819585087,