{
    "status": "success",
    "data": {
        "VpnCloud": {
            "status": "success",
            "data": {
                "rtt_min_ms": {
                    "min": 0.698,
                    "average": 0.8522222222222222,
                    "max": 1.046,
                    "percentiles": {
                        "p25": 0.8071666666666666,
                        "p50": 0.845,
                        "p75": 0.9045
                    }
                },
                "rtt_avg_ms": {
                    "min": 1.018,
                    "average": 1.1381666666666665,
                    "max": 1.319,
                    "percentiles": {
                        "p25": 1.10875,
                        "p50": 1.1384999999999998,
                        "p75": 1.16725
                    }
                },
                "rtt_max_ms": {
                    "min": 1.204,
                    "average": 3.0875555555555554,
                    "max": 5.116,
                    "percentiles": {
                        "p25": 0.9608333333333333,
                        "p50": 2.95,
                        "p75": 5.351833333333333
                    }
                },
                "rtt_mdev_ms": {
                    "min": 0.056,
                    "average": 0.23705555555555555,
                    "max": 0.484,
                    "percentiles": {
                        "p25": 0.03691666666666667,
                        "p50": 0.21416666666666667,
                        "p75": 0.46008333333333334
                    }
                },
                "packet_loss_percent": {
                    "min": 0.0,
                    "average": 11.111111111111112,
                    "max": 100.0,
                    "percentiles": {
                        "p25": 0.0,
                        "p50": 0.0,
                        "p75": 33.333333333333336
                    }
                }
            }
        },
        "Zerotier": {
            "status": "success",
            "data": {
                "rtt_min_ms": {
                    "min": 0.892,
                    "average": 1.0162222222222224,
                    "max": 1.102,
                    "percentiles": {
                        "p25": 0.9996666666666667,
                        "p50": 1.0123333333333333,
                        "p75": 1.0366666666666666
                    }
                },
                "rtt_avg_ms": {
                    "min": 1.186,
                    "average": 1.2923333333333333,
                    "max": 1.506,
                    "percentiles": {
                        "p25": 1.26,
                        "p50": 1.2826666666666666,
                        "p75": 1.3343333333333334
                    }
                },
                "rtt_max_ms": {
                    "min": 1.255,
                    "average": 4.6065555555555555,
                    "max": 9.123,
                    "percentiles": {
                        "p25": 1.3616666666666666,
                        "p50": 3.590666666666667,
                        "p75": 8.867333333333333
                    }
                },
                "rtt_mdev_ms": {
                    "min": 0.046,
                    "average": 0.3665555555555556,
                    "max": 0.769,
                    "percentiles": {
                        "p25": 0.066,
                        "p50": 0.2743333333333334,
                        "p75": 0.7593333333333333
                    }
                },
                "packet_loss_percent": {
                    "min": 0.0,
                    "average": 0.0,
                    "max": 0.0,
                    "percentiles": {
                        "p25": 0.0,
                        "p50": 0.0,
                        "p75": 0.0
                    }
                }
            }
        },
        "Yggdrasil": {
            "status": "success",
            "data": {
                "rtt_min_ms": {
                    "min": 1.364,
                    "average": 1.5882222222222222,
                    "max": 1.81,
                    "percentiles": {
                        "p25": 1.409,
                        "p50": 1.61,
                        "p75": 1.7456666666666667
                    }
                },
                "rtt_avg_ms": {
                    "min": 2.056,
                    "average": 2.194777777777778,
                    "max": 2.444,
                    "percentiles": {
                        "p25": 2.1670000000000003,
                        "p50": 2.1923333333333335,
                        "p75": 2.225
                    }
                },
                "rtt_max_ms": {
                    "min": 2.369,
                    "average": 3.1735555555555557,
                    "max": 4.675,
                    "percentiles": {
                        "p25": 2.5006666666666666,
                        "p50": 2.6426666666666665,
                        "p75": 4.3773333333333335
                    }
                },
                "rtt_mdev_ms": {
                    "min": 0.126,
                    "average": 0.194,
                    "max": 0.295,
                    "percentiles": {
                        "p25": 0.14,
                        "p50": 0.17033333333333334,
                        "p75": 0.27166666666666667
                    }
                },
                "packet_loss_percent": {
                    "min": 0.0,
                    "average": 0.0,
                    "max": 0.0,
                    "percentiles": {
                        "p25": 0.0,
                        "p50": 0.0,
                        "p75": 0.0
                    }
                }
            }
        },
        "Mycelium": {
            "status": "success",
            "data": {
                "rtt_min_ms": {
                    "min": 1.15,
                    "average": 17.797666666666668,
                    "max": 50.965,
                    "percentiles": {
                        "p25": 17.733,
                        "p50": 17.784666666666666,
                        "p75": 17.875333333333334
                    }
                },
                "rtt_avg_ms": {
                    "min": 1.596,
                    "average": 18.305555555555557,
                    "max": 51.715,
                    "percentiles": {
                        "p25": 18.179333333333332,
                        "p50": 18.19033333333333,
                        "p75": 18.547
                    }
                },
                "rtt_max_ms": {
                    "min": 1.74,
                    "average": 20.290222222222223,
                    "max": 56.285,
                    "percentiles": {
                        "p25": 18.376333333333335,
                        "p50": 18.677666666666667,
                        "p75": 23.816666666666666
                    }
                },
                "rtt_mdev_ms": {
                    "min": 0.067,
                    "average": 0.3501111111111111,
                    "max": 1.671,
                    "percentiles": {
                        "p25": 0.08233333333333333,
                        "p50": 0.11399999999999999,
                        "p75": 0.854
                    }
                },
                "packet_loss_percent": {
                    "min": 0.0,
                    "average": 0.0,
                    "max": 0.0,
                    "percentiles": {
                        "p25": 0.0,
                        "p50": 0.0,
                        "p75": 0.0
                    }
                }
            }
        },
        "Easytier": {
            "status": "success",
            "data": {
                "rtt_min_ms": {
                    "min": 0.798,
                    "average": 1.0183333333333333,
                    "max": 1.175,