{
  "status": "success",
  "data": {
    "Tinc": {
      "status": "success",
      "data": {
        "rtt_min_ms": {
          "min": 0.797,
          "average": 0.9186111111111112,
          "max": 1.117,
          "percentiles": {
            "p25": 0.8574166666666667,
            "p50": 0.9231666666666667,
            "p75": 0.9752500000000001
          }
        },
        "rtt_avg_ms": {
          "min": 1.056,
          "average": 1.1665555555555556,
          "max": 1.34,
          "percentiles": {
            "p25": 1.1383333333333334,
            "p50": 1.1686666666666667,
            "p75": 1.1926666666666668
          }
        },
        "rtt_max_ms": {
          "min": 1.19,
          "average": 1.3388333333333333,
          "max": 1.651,
          "percentiles": {
            "p25": 1.3145833333333332,
            "p50": 1.3228333333333333,
            "p75": 1.3790833333333332
          }
        },
        "rtt_mdev_ms": {
          "min": 0.048,
          "average": 0.07405555555555556,
          "max": 0.095,
          "percentiles": {
            "p25": 0.06891666666666667,
            "p50": 0.07583333333333334,
            "p75": 0.07741666666666666
          }
        },
        "packet_loss_percent": {
          "min": 0.0,
          "average": 11.111111111111112,
          "max": 100.0,
          "percentiles": {
            "p25": 0.0,
            "p50": 0.0,
            "p75": 33.333333333333336
          }
        }
      }
    },
    "Mycelium": {
      "status": "success",
      "data": {
        "rtt_min_ms": {
          "min": 1.254,
          "average": 26.286222222222225,
          "max": 51.563,
          "percentiles": {
            "p25": 26.218666666666667,
            "p50": 26.302333333333333,
            "p75": 26.337666666666667
          }
        },
        "rtt_avg_ms": {
          "min": 1.577,
          "average": 27.66611111111111,
          "max": 52.147,
          "percentiles": {
            "p25": 26.67,
            "p50": 26.696,
            "p75": 29.63233333333333
          }
        },
        "rtt_max_ms": {
          "min": 1.818,
          "average": 33.16988888888889,
          "max": 60.213,
          "percentiles": {
            "p25": 28.760333333333335,
            "p50": 30.192,
            "p75": 40.55733333333333
          }
        },
        "rtt_mdev_ms": {
          "min": 0.077,
          "average": 1.7271111111111113,
          "max": 11.772,
          "percentiles": {
            "p25": 0.2713333333333333,
            "p50": 0.3666666666666667,
            "p75": 4.543333333333333
          }
        },
        "packet_loss_percent": {
          "min": 0.0,
          "average": 0.1111111111111111,
          "max": 1.0,
          "percentiles": {
            "p25": 0.0,
            "p50": 0.0,
            "p75": 0.3333333333333333
          }
        }
      }
    },
    "Hyprspace": {
      "status": "success",
      "data": {
        "rtt_min_ms": {
          "min": 0.786,
          "average": 1.1802222222222223,
          "max": 1.538,
          "percentiles": {
            "p25": 0.9243333333333333,
            "p50": 1.2853333333333334,
            "p75": 1.331
          }
        },
        "rtt_avg_ms": {
          "min": 1.065,
          "average": 1.5894444444444444,
          "max": 1.985,
          "percentiles": {
            "p25": 1.5676666666666665,
            "p50": 1.5963333333333334,
            "p75": 1.6043333333333334
          }
        },
        "rtt_max_ms": {
          "min": 1.219,
          "average": 1.9284444444444444,
          "max": 2.769,
          "percentiles": {
            "p25": 1.7496666666666667,
            "p50": 1.8006666666666666,
            "p75": 2.2350000000000003
          }
        },
        "rtt_mdev_ms": {
          "min": 0.055,
          "average": 0.09966666666666667,
          "max": 0.162,
          "percentiles": {
            "p25": 0.08566666666666667,
            "p50": 0.08966666666666667,
            "p75": 0.12366666666666666
          }
        },
        "packet_loss_percent": {
          "min": 0.0,
          "average": 0.0,
          "max": 0.0,
          "percentiles": {
            "p25": 0.0,
            "p50": 0.0,
            "p75": 0.0
          }
        }
      }
    },
    "Zerotier": {
      "status": "success",
      "data": {
        "rtt_min_ms": {
          "min": 0.798,
          "average": 0.939,
          "max": 1.056,
          "percentiles": {
            "p25": 0.8796666666666667,
            "p50": 0.9349999999999999,
            "p75": 1.0023333333333333
          }
        },
        "rtt_avg_ms": {
          "min": 1.117,
          "average": 1.2313333333333334,
          "max": 1.347,
          "percentiles": {
            "p25": 1.1993333333333334,
            "p50": 1.2106666666666666,
            "p75": 1.284
          }
        },
        "rtt_max_ms": {
          "min": 1.193,
          "average": 2.9566666666666666,
          "max": 8.561,
          "percentiles": {
            "p25": 1.3216666666666668,
            "p50": 1.3653333333333333,
            "p75": 6.183
          }
        },
        "rtt_mdev_ms": {
          "min": 0.059,
          "average": 0.2587777777777778,
          "max": 1.037,
          "percentiles": {
            "p25": 0.06933333333333333,
            "p50": 0.086,
            "p75": 0.621
          }
        },
        "packet_loss_percent": {
          "min": 0.0,
          "average": 0.0,
          "max": 0.0,
          "percentiles": {
            "p25": 0.0,
            "p50": 0.0,
            "p75": 0.0
          }
        }
      }
    },
    "VpnCloud": {
      "status": "success",
      "data": {
        "rtt_min_ms": {
          "min": 0.781,
          "average": 0.8581111111111112,
          "max": 0.975,
          "percentiles": {
            "p25": 0.8250000000000001,
            "p50": 0.8603333333333333,
            "p75": 0.889
          }
        },
        "rtt_avg_ms": {
          "min": 0.978,
          "average": 1.1025555555555555,
          "max": 1.267,
          "percentiles": {
            "p25": 1.0713333333333332,
            "p50": 1.1,
            "p75": 1.1363333333333334
          }
        },
        "rtt_max_ms": {
          "min": 1.092,
          "average": 3.096888888888889,
          "max": 5.151,
          "percentiles": {
            "p25": 1.188,
            "p50": 3.141,
            "p75": 4.961666666666667
          }
        },
        "rtt_mdev_ms": {
          "min": 0.061,
          "average": 0.2421111111111111,
          "max": 0.467,
          "percentiles": {
            "p25": 0.068,
            "p50": 0.23533333333333334,
            "p75": 0.423
          }
        },
        "packet_loss_percent": {
          "min": 0.0,
          "average": 0.0,
          "max": 0.0,
          "percentiles": {
            "p25": 0.0,
            "p50": 0.0,
            "p75": 0.0
          }
        }
      }
    },
    "Nebula": {
      "status": "success",
      "data": {
        "rtt_min_ms": {
          "min": 0.76,
          "average": 0.8927777777777778,
          "max": 1.05,
          "percentiles": {
            "p25": 0.8386666666666667,
            "p50": 0.8866666666666666,
            "p75": 0.953
          }
        },
        "rtt_avg_ms": {
          "min": 1.057,
          "average": 1.200888888888889,
          "max": 1.366,
          "percentiles": {
            "p25": 1.172,
            "p50": 1.1946666666666668,
            "p75": 1.236
          }
        },
        "rtt_max_ms": {
          "min": 1.286,
          "average": 1.5136666666666667,
          "max": 1.703,
          "percentiles": {
            "p25": 1.435,
            "p50": 1.508,
            "p75": 1.598
          }
        },
        "rtt_mdev_ms": {
          "min": 0.084,
          "average": 0.10444444444444445,
          "max": 0.121,
          "percentiles": {
            "p25": 0.09766666666666667,