{
  "status": "success",
  "data": {
    "Zerotier": {
      "status": "success",
      "data": {
        "rtt_min_ms": {
          "min": 0.812,
          "average": 0.9349999999999999,
          "max": 1.023,
          "percentiles": {
            "p25": 0.8673333333333334,
            "p50": 0.955,
            "p75": 0.9826666666666667
          }
        },
        "rtt_avg_ms": {
          "min": 1.169,
          "average": 1.2684444444444445,
          "max": 1.42,
          "percentiles": {
            "p25": 1.2106666666666668,
            "p50": 1.2690000000000001,
            "p75": 1.3256666666666665
          }
        },
        "rtt_max_ms": {
          "min": 1.578,
          "average": 4.265333333333333,
          "max": 10.315,
          "percentiles": {
            "p25": 1.701,
            "p50": 2.8723333333333336,
            "p75": 8.222666666666667
          }
        },
        "rtt_mdev_ms": {
          "min": 0.115,
          "average": 0.38077777777777777,
          "max": 0.902,
          "percentiles": {
            "p25": 0.12466666666666668,
            "p50": 0.23133333333333334,
            "p75": 0.7863333333333333
          }
        },
        "packet_loss_percent": {
          "min": 0.0,
          "average": 0.0,
          "max": 0.0,
          "percentiles": {
            "p25": 0.0,
            "p50": 0.0,
            "p75": 0.0
          }
        }
      }
    },
    "Internal": {
      "status": "success",
      "data": {
        "rtt_min_ms": {
          "min": 0.401,
          "average": 0.4467777777777778,
          "max": 0.48,
          "percentiles": {
            "p25": 0.428,
            "p50": 0.443,
            "p75": 0.4693333333333333
          }
        },
        "rtt_avg_ms": {
          "min": 0.557,
          "average": 0.5983333333333334,
          "max": 0.634,
          "percentiles": {
            "p25": 0.5763333333333334,
            "p50": 0.594,
            "p75": 0.6246666666666667
          }
        },
        "rtt_max_ms": {
          "min": 0.78,
          "average": 2.0468888888888888,
          "max": 4.712,
          "percentiles": {
            "p25": 1.18,
            "p50": 1.8659999999999999,
            "p75": 3.0946666666666665
          }
        },
        "rtt_mdev_ms": {
          "min": 0.06,
          "average": 0.17144444444444445,
          "max": 0.426,
          "percentiles": {
            "p25": 0.09666666666666666,
            "p50": 0.14633333333333334,
            "p75": 0.2713333333333333
          }
        },
        "packet_loss_percent": {
          "min": 0.0,
          "average": 0.0,
          "max": 0.0,
          "percentiles": {
            "p25": 0.0,
            "p50": 0.0,
            "p75": 0.0
          }
        }
      }
    },
    "Hyprspace": {
      "status": "success",
      "data": {
        "rtt_min_ms": {
          "min": 1.03,
          "average": 1.163888888888889,
          "max": 1.311,
          "percentiles": {
            "p25": 1.0906666666666667,
            "p50": 1.1743333333333332,
            "p75": 1.2266666666666666
          }
        },
        "rtt_avg_ms": {
          "min": 1.517,
          "average": 1.6393333333333333,
          "max": 1.768,
          "percentiles": {
            "p25": 1.6096666666666666,
            "p50": 1.6353333333333333,
            "p75": 1.673
          }
        },
        "rtt_max_ms": {
          "min": 2.021,
          "average": 3.556888888888889,
          "max": 5.07,
          "percentiles": {
            "p25": 2.550666666666667,
            "p50": 3.7343333333333333,
            "p75": 4.385666666666667
          }
        },
        "rtt_mdev_ms": {
          "min": 0.182,
          "average": 0.2777777777777778,
          "max": 0.391,
          "percentiles": {
            "p25": 0.20433333333333334,
            "p50": 0.292,
            "p75": 0.337
          }
        },
        "packet_loss_percent": {
          "min": 0.0,
          "average": 0.0,
          "max": 0.0,
          "percentiles": {
            "p25": 0.0,
            "p50": 0.0,
            "p75": 0.0
          }
        }
      }
    }
  }
}
