{
  "status": "success",
  "data": {
    "Tinc": {
      "status": "success",
      "data": {
        "total_bandwidth_mbps": {
          "min": 571.11,
          "average": 654.122888888889,
          "max": 713.87,
          "percentiles": {
            "p25": 640.3591666666666,
            "p50": 656.7116666666667,
            "p75": 669.1941666666667
          }
        },
        "cpu_usage_percent": {
          "min": 0.0,
          "average": 16.136805555555554,
          "max": 84.0,
          "percentiles": {
            "p25": 11.011666666666667,
            "p50": 13.896666666666667,
            "p75": 17.2925
          }
        },
        "ttfb_ms": {
          "min": 15.0,
          "average": 19.291666666666668,
          "max": 24.0,
          "percentiles": {
            "p25": 17.75,
            "p50": 19.166666666666668,
            "p75": 21.0
          }
        },
        "conn_time_ms": {
          "min": 14.0,
          "average": 17.916666666666668,
          "max": 23.0,
          "percentiles": {
            "p25": 16.333333333333332,
            "p50": 17.666666666666668,
            "p75": 19.916666666666668
          }
        }
      }
    },
    "Mycelium": {
      "status": "success",
      "data": {
        "total_bandwidth_mbps": {
          "min": 13.773,
          "average": 307.63457777777774,
          "max": 663.3,
          "percentiles": {
            "p25": 266.0683333333333,
            "p50": 302.515,
            "p75": 337.3808333333333
          }
        },
        "cpu_usage_percent": {
          "min": 1.22,
          "average": 15.206362044817928,
          "max": 32.05,
          "percentiles": {
            "p25": 12.452499999999999,
            "p50": 14.903333333333334,
            "p75": 18.1
          }
        },
        "ttfb_ms": {
          "min": 112.0,
          "average": 155.41666666666666,
          "max": 293.0,
          "percentiles": {
            "p25": 129.08333333333334,
            "p50": 155.66666666666666,
            "p75": 179.25
          }
        },
        "conn_time_ms": {
          "min": 60.0,
          "average": 73.70833333333333,
          "max": 95.0,
          "percentiles": {
            "p25": 65.08333333333333,
            "p50": 71.83333333333333,
            "p75": 82.66666666666667
          }
        }
      }
    },
    "Hyprspace": {
      "status": "success",
      "data": {
        "total_bandwidth_mbps": {
          "min": 212.55,
          "average": 580.6756219715957,
          "max": 664.79,
          "percentiles": {
            "p25": 581.7033333333334,
            "p50": 598.0133333333333,
            "p75": 614.2341666666666
          }
        },
        "cpu_usage_percent": {
          "min": 23.47,
          "average": 53.670329278221885,
          "max": 92.19,
          "percentiles": {
            "p25": 50.89666666666667,
            "p50": 52.31333333333333,
            "p75": 56.083333333333336
          }
        },
        "ttfb_ms": {
          "min": 11.0,
          "average": 16.96666666666667,
          "max": 25.0,
          "percentiles": {
            "p25": 13.75,
            "p50": 16.666666666666668,
            "p75": 19.916666666666668
          }
        },
        "conn_time_ms": {
          "min": 10.0,
          "average": 15.775,
          "max": 24.0,
          "percentiles": {
            "p25": 12.833333333333334,
            "p50": 15.5,
            "p75": 18.5
          }
        }
      }
    },
    "Zerotier": {
      "status": "success",
      "data": {
        "total_bandwidth_mbps": {
          "min": 829.64,
          "average": 833.9877777777778,
          "max": 870.2,
          "percentiles": {
            "p25": 832.885,
            "p50": 833.65,
            "p75": 834.2
          }
        },
        "cpu_usage_percent": {
          "min": 0.0,
          "average": 22.829694444444442,
          "max": 73.47,
          "percentiles": {
            "p25": 16.7125,
            "p50": 20.515,
            "p75": 27.27333333333333
          }
        },
        "ttfb_ms": {
          "min": 14.0,
          "average": 19.50793650793651,
          "max": 29.0,
          "percentiles": {
            "p25": 17.25,
            "p50": 19.333333333333332,
            "p75": 20.583333333333332
          }
        },
        "conn_time_ms": {
          "min": 13.0,
          "average": 18.333333333333332,
          "max": 25.0,
          "percentiles": {
            "p25": 15.916666666666666,
            "p50": 18.166666666666668,
            "p75": 19.5
          }
        }
      }
    },
    "VpnCloud": {
      "status": "success",
      "data": {
        "total_bandwidth_mbps": {
          "min": 752.6999999999999,
          "average": 838.4143333333334,
          "max": 855.6600000000001,
          "percentiles": {
            "p25": 817.78,
            "p50": 849.56,
            "p75": 852.3658333333333
          }
        },
        "cpu_usage_percent": {
          "min": 2.0,
          "average": 15.047527777777779,
          "max": 62.63,
          "percentiles": {
            "p25": 10.5725,
            "p50": 14.621666666666666,
            "p75": 18.524166666666666
          }
        },
        "ttfb_ms": {
          "min": 15.0,
          "average": 19.708333333333332,
          "max": 24.0,
          "percentiles": {
            "p25": 18.5,
            "p50": 19.666666666666668,
            "p75": 21.166666666666668
          }
        },
        "conn_time_ms": {
          "min": 13.0,
          "average": 18.625,
          "max": 23.0,
          "percentiles": {
            "p25": 17.5,
            "p50": 18.333333333333332,
            "p75": 20.333333333333332
          }
        }
      }
    },
    "Nebula": {
      "status": "error",
      "error_type": "ClanError",
      "error": {
        "description": "list index out of range",
        "msg": "Unexpected general Exception occured",
        "location": "NoneType: None\n"
      },
      "machine": "0_lom"
    },
    "Wireguard": {
      "status": "success",
      "data": {
        "total_bandwidth_mbps": {
          "min": 841.8,
          "average": 844.3311111111111,
          "max": 850.1999999999999,
          "percentiles": {
            "p25": 844.1666666666666,
            "p50": 844.1666666666666,
            "p75": 844.3166666666666
          }
        },
        "cpu_usage_percent": {
          "min": 18.75,
          "average": 30.537944444444445,
          "max": 43.43,
          "percentiles": {
            "p25": 28.61,
            "p50": 30.003333333333334,
            "p75": 31.770000000000003
          }
        },
        "ttfb_ms": {
          "min": 13.0,
          "average": 20.125,
          "max": 32.0,
          "percentiles": {
            "p25": 17.416666666666668,
            "p50": 19.333333333333332,
            "p75": 23.333333333333332
          }
        },
        "conn_time_ms": {
          "min": 12.0,
          "average": 18.708333333333332,
          "max": 27.0,
          "percentiles": {
            "p25": 16.416666666666668,
            "p50": 18.333333333333332,
            "p75": 21.25
          }
        }
      }
    },
    "Yggdrasil": {
      "status": "success",
      "data": {
        "total_bandwidth_mbps": {
          "min": 679.74,
          "average": 744.4688888888888,
          "max": 767.36,
          "percentiles": {
            "p25": 741.095,
            "p50": 745.85,
            "p75": 752.2041666666667
          }
        },
        "cpu_usage_percent": {
          "min": 40.43,
          "average": 52.74597222222222,
          "max": 88.52,
          "percentiles": {
            "p25": 50.36666666666667,
            "p50": 51.67333333333333,
            "p75": 53.71083333333333
          }
        },
        "ttfb_ms": {
          "min": 15.0,
          "average": 23.75,
          "max": 37.0,
          "percentiles": {
            "p25": 20.833333333333332,