{
  "status": "success",
  "data": {
    "Zerotier": {
      "status": "success",
      "data": {
        "total_bandwidth_mbps": {
          "min": 646.1,
          "average": 779.2311111111111,
          "max": 1011.8000000000001,
          "percentiles": {
            "p25": 747.1416666666667,
            "p50": 779.2,
            "p75": 806.1083333333333
          }
        },
        "cpu_usage_percent": {
          "min": 23.19,
          "average": 40.20236111111111,
          "max": 68.09,
          "percentiles": {
            "p25": 31.470833333333335,
            "p50": 36.18833333333333,
            "p75": 48.5525
          }
        },
        "ttfb_ms": {
          "min": 18.0,
          "average": 26.333333333333332,
          "max": 81.0,
          "percentiles": {
            "p25": 20.25,
            "p50": 21.166666666666668,
            "p75": 37.583333333333336
          }
        },
        "conn_time_ms": {
          "min": 13.0,
          "average": 19.5,
          "max": 23.0,
          "percentiles": {
            "p25": 17.75,
            "p50": 19.5,
            "p75": 21.25
          }
        }
      }
    },
    "Yggdrasil": {
      "status": "success",
      "data": {
        "total_bandwidth_mbps": {
          "min": 436.03999999999996,
          "average": 581.4456666666667,
          "max": 772.7,
          "percentiles": {
            "p25": 560.4833333333333,
            "p50": 580.355,
            "p75": 600.6999999999999
          }
        },
        "cpu_usage_percent": {
          "min": 53.95,
          "average": 65.2268888888889,
          "max": 78.72,
          "percentiles": {
            "p25": 63.4,
            "p50": 65.55333333333333,
            "p75": 66.99083333333333
          }
        },
        "ttfb_ms": {
          "min": 13.0,
          "average": 24.166666666666668,
          "max": 38.0,
          "percentiles": {
            "p25": 20.25,
            "p50": 24.166666666666668,
            "p75": 28.083333333333332
          }
        },
        "conn_time_ms": {
          "min": 11.0,
          "average": 20.416666666666668,
          "max": 32.0,
          "percentiles": {
            "p25": 17.75,
            "p50": 19.666666666666668,
            "p75": 23.833333333333332
          }
        }
      }
    },
    "Internal": {
      "status": "success",
      "data": {
        "total_bandwidth_mbps": {
          "min": 1080.5,
          "average": 1171.378888888889,
          "max": 1292.7,
          "percentiles": {
            "p25": 1148.3666666666666,
            "p50": 1175.9666666666667,
            "p75": 1190.6166666666666
          }
        },
        "cpu_usage_percent": {
          "min": 14.89,
          "average": 25.071166666666667,
          "max": 39.53,
          "percentiles": {
            "p25": 23.78333333333333,
            "p50": 24.956666666666667,
            "p75": 26.400833333333335
          }
        },
        "ttfb_ms": {
          "min": 13.0,
          "average": 20.5,
          "max": 33.0,
          "percentiles": {
            "p25": 16.666666666666668,
            "p50": 20.0,
            "p75": 24.833333333333332
          }
        },
        "conn_time_ms": {
          "min": 12.0,
          "average": 18.083333333333332,
          "max": 27.0,
          "percentiles": {
            "p25": 14.5,
            "p50": 18.333333333333332,
            "p75": 21.416666666666668
          }
        }
      }
    },
    "Hyprspace": {
      "status": "success",
      "data": {
        "total_bandwidth_mbps": {
          "min": 70.89,
          "average": 315.50211507936507,
          "max": 380.12999999999994,
          "percentiles": {
            "p25": 308.00083333333333,
            "p50": 324.735,
            "p75": 342.9841666666667
          }
        },
        "cpu_usage_percent": {
          "min": 12.09,
          "average": 57.23645238095238,
          "max": 96.91,
          "percentiles": {
            "p25": 53.145,
            "p50": 58.75666666666667,
            "p75": 63.49166666666667
          }
        },
        "ttfb_ms": {
          "min": 12.0,
          "average": 24.0,
          "max": 31.0,
          "percentiles": {
            "p25": 20.583333333333332,
            "p50": 23.833333333333332,
            "p75": 27.583333333333332
          }
        },
        "conn_time_ms": {
          "min": 10.0,
          "average": 22.666666666666668,
          "max": 30.0,
          "percentiles": {
            "p25": 19.333333333333332,
            "p50": 22.5,
            "p75": 26.166666666666668
          }
        }
      }
    }
  }
}
