{
    "status": "success",
    "data": {
        "VpnCloud": {
            "status": "success",
            "data": {
                "total_bandwidth_mbps": {
                    "min": 758.26,
                    "average": 820.6085555555555,
                    "max": 852.5799999999999,
                    "percentiles": {
                        "p25": 806.4908333333333,
                        "p50": 820.6583333333333,
                        "p75": 841.1033333333334
                    }
                },
                "cpu_usage_percent": {
                    "min": 0.0,
                    "average": 15.118083333333333,
                    "max": 83.67,
                    "percentiles": {
                        "p25": 11.195833333333333,
                        "p50": 14.751666666666667,
                        "p75": 18.01
                    }
                },
                "ttfb_ms": {
                    "min": 17.0,
                    "average": 19.75,
                    "max": 24.0,
                    "percentiles": {
                        "p25": 18.75,
                        "p50": 19.833333333333332,
                        "p75": 21.083333333333332
                    }
                },
                "conn_time_ms": {
                    "min": 14.0,
                    "average": 18.291666666666668,
                    "max": 23.0,
                    "percentiles": {
                        "p25": 17.083333333333332,
                        "p50": 18.333333333333332,
                        "p75": 19.916666666666668
                    }
                }
            }
        },
        "Zerotier": {
            "status": "success",
            "data": {
                "total_bandwidth_mbps": {
                    "min": 816.48,
                    "average": 832.9388888888889,
                    "max": 835.9799999999999,
                    "percentiles": {
                        "p25": 833.1416666666668,
                        "p50": 833.475,
                        "p75": 833.63
                    }
                },
                "cpu_usage_percent": {
                    "min": 0.0,
                    "average": 22.939375000000002,
                    "max": 78.12,
                    "percentiles": {
                        "p25": 17.146666666666665,
                        "p50": 20.44333333333333,
                        "p75": 26.05
                    }
                },
                "ttfb_ms": {
                    "min": 17.0,
                    "average": 20.444444444444443,
                    "max": 25.0,
                    "percentiles": {
                        "p25": 19.416666666666668,
                        "p50": 20.0,
                        "p75": 22.0
                    }
                },
                "conn_time_ms": {
                    "min": 15.0,
                    "average": 19.375,
                    "max": 24.0,
                    "percentiles": {
                        "p25": 17.583333333333332,
                        "p50": 19.333333333333332,
                        "p75": 21.25
                    }
                }
            }
        },
        "Yggdrasil": {
            "status": "success",
            "data": {
                "total_bandwidth_mbps": {
                    "min": 675.1999999999999,
                    "average": 745.3997777777778,
                    "max": 764.95,
                    "percentiles": {
                        "p25": 742.4258333333333,
                        "p50": 746.8366666666667,
                        "p75": 751.3891666666667
                    }
                },
                "cpu_usage_percent": {
                    "min": 41.49,
                    "average": 52.75190277777777,
                    "max": 88.71,
                    "percentiles": {
                        "p25": 50.836666666666666,
                        "p50": 52.11833333333333,
                        "p75": 53.47
                    }
                },
                "ttfb_ms": {
                    "min": 16.0,
                    "average": 20.25,
                    "max": 23.0,
                    "percentiles": {
                        "p25": 18.833333333333332,
                        "p50": 20.5,
                        "p75": 21.583333333333332
                    }
                },
                "conn_time_ms": {
                    "min": 14.0,
                    "average": 18.541666666666668,
                    "max": 22.0,
                    "percentiles": {
                        "p25": 17.083333333333332,
                        "p50": 18.666666666666668,
                        "p75": 20.166666666666668
                    }
                }
            }
        },
        "Mycelium": {
            "status": "success",
            "data": {
                "total_bandwidth_mbps": {
                    "min": 358.31559999999996,
                    "average": 752.5769388888889,
                    "max": 801.9259999999999,
                    "percentiles": {
                        "p25": 741.4465833333333,
                        "p50": 773.9268333333333,
                        "p75": 779.9644166666667
                    }
                },
                "cpu_usage_percent": {
                    "min": 1.16,
                    "average": 21.693722222222224,
                    "max": 67.68,
                    "percentiles": {
                        "p25": 18.8,
                        "p50": 21.756666666666668,
                        "p75": 24.794166666666666
                    }
                },
                "ttfb_ms": {
                    "min": 14.0,
                    "average": 93.70833333333333,
                    "max": 202.0,
                    "percentiles": {
                        "p25": 68.25,
                        "p50": 86.5,
                        "p75": 121.33333333333333
                    }
                },
                "conn_time_ms": {
                    "min": 11.0,
                    "average": 47.25,
                    "max": 72.0,
                    "percentiles": {
                        "p25": 39.833333333333336,
                        "p50": 46.5,
                        "p75": 55.25
                    }
                }
            }
        },
        "Easytier": {
            "status": "success",
            "data": {
                "total_bandwidth_mbps": {
                    "min": 801.45,
                    "average": 813.0395555555556,
                    "max": 819.95,
                    "percentiles": {
                        "p25": 812.8983333333334,
                        "p50": 813.3183333333334,
                        "p75": 813.705
                    }
                },
                "cpu_usage_percent": {
                    "min": 3.3,
                    "average": 15.375666666666666,
                    "max": 47.25,
                    "percentiles": {
                        "p25": 10.715,
                        "p50": 14.173333333333334,
                        "p75": 19.1025
                    }
                },
                "ttfb_ms": {
                    "min": 14.0,
                    "average": 19.916666666666668,
                    "max": 25.0,
                    "percentiles": {
                        "p25": 18.25,
                        "p50": 20.0,
                        "p75": 21.5
                    }
                },
                "conn_time_ms": {
                    "min": 13.0,
                    "average": 18.583333333333332,
                    "max": 24.0,
                    "percentiles": {
                        "p25": 16.833333333333332,
                        "p50": 18.5,
                        "p75": 20.416666666666668
                    }
                }
            }
        },
        "Internal": {
            "status": "success",