{
  "status": "success",
  "data": {
    "Tinc": {
      "status": "success",
      "data": {
        "sender_throughput_mbps": {
          "min": 306.5834594278183,
          "average": 351.2497349573404,
          "max": 384.67983697928213,
          "percentiles": {
            "p25": 351.2497349573404,
            "p50": 351.2497349573404,
            "p75": 351.2497349573404
          }
        },
        "receiver_throughput_mbps": {
          "min": 309.1414992793692,
          "average": 351.84198963073413,
          "max": 384.28419269899,
          "percentiles": {
            "p25": 351.84198963073413,
            "p50": 351.84198963073413,
            "p75": 351.84198963073413
          }
        },
        "retransmits": {
          "min": 152.0,
          "average": 207.66666666666666,
          "max": 270.0,
          "percentiles": {
            "p25": 207.66666666666666,
            "p50": 207.66666666666666,
            "p75": 207.66666666666666
          }
        }
      }
    },
    "Mycelium": {
      "status": "success",
      "data": {
        "sender_throughput_mbps": {
          "min": 204.53191665806708,
          "average": 210.1227769499106,
          "max": 219.48165117692972,
          "percentiles": {
            "p25": 210.1227769499106,
            "p50": 210.1227769499106,
            "p75": 210.1227769499106
          }
        },
        "receiver_throughput_mbps": {
          "min": 203.51202237255325,
          "average": 209.19583572843675,
          "max": 218.42587004864663,
          "percentiles": {
            "p25": 209.19583572843675,
            "p50": 209.19583572843675,
            "p75": 209.19583572843675
          }
        },
        "retransmits": {
          "min": 473.0,
          "average": 735.6666666666666,
          "max": 1065.0,
          "percentiles": {
            "p25": 735.6666666666666,
            "p50": 735.6666666666666,
            "p75": 735.6666666666666
          }
        }
      }
    },
    "Hyprspace": {
      "status": "success",
      "data": {
        "sender_throughput_mbps": {
          "min": 340.2371787280489,
          "average": 402.3944983206127,
          "max": 458.67711064206435,
          "percentiles": {
            "p25": 402.3944983206127,
            "p50": 402.3944983206127,
            "p75": 402.3944983206127
          }
        },
        "receiver_throughput_mbps": {
          "min": 340.75416722589677,
          "average": 402.3561554306643,
          "max": 458.3950639464662,
          "percentiles": {
            "p25": 402.3561554306643,
            "p50": 402.3561554306643,
            "p75": 402.3561554306643
          }
        },
        "retransmits": {
          "min": 4666.0,
          "average": 5377.0,
          "max": 6079.0,
          "percentiles": {
            "p25": 5377.0,
            "p50": 5377.0,
            "p75": 5377.0
          }
        }
      }
    },
    "Zerotier": {
      "status": "success",
      "data": {
        "sender_throughput_mbps": {
          "min": 812.87331999918,
          "average": 817.9786652132177,
          "max": 827.7885850772607,
          "percentiles": {
            "p25": 817.9786652132177,
            "p50": 817.9786652132177,
            "p75": 817.9786652132177
          }
        },
        "receiver_throughput_mbps": {
          "min": 812.5888687080956,
          "average": 816.7391025186076,
          "max": 824.6272756569235,
          "percentiles": {
            "p25": 816.7391025186076,
            "p50": 816.7391025186076,
            "p75": 816.7391025186076
          }
        },
        "retransmits": {
          "min": 1146.0,
          "average": 1206.0,
          "max": 1291.0,
          "percentiles": {
            "p25": 1206.0,
            "p50": 1206.0,
            "p75": 1206.0
          }
        }
      }
    },
    "VpnCloud": {
      "status": "success",
      "data": {
        "sender_throughput_mbps": {
          "min": 415.98522310436533,
          "average": 455.6891692753936,
          "max": 513.076423846556,
          "percentiles": {
            "p25": 455.6891692753936,
            "p50": 455.6891692753936,
            "p75": 455.6891692753936
          }
        },
        "receiver_throughput_mbps": {
          "min": 415.5622012294673,
          "average": 455.372611006681,
          "max": 512.8815588749235,
          "percentiles": {
            "p25": 455.372611006681,
            "p50": 455.372611006681,
            "p75": 455.372611006681
          }
        },
        "retransmits": {
          "min": 459.0,
          "average": 932.6666666666666,
          "max": 1433.0,
          "percentiles": {
            "p25": 932.6666666666666,
            "p50": 932.6666666666666,
            "p75": 932.6666666666666
          }
        }
      }
    },
    "Nebula": {
      "status": "success",
      "data": {
        "sender_throughput_mbps": {
          "min": 655.1269404433556,
          "average": 688.8694683653804,
          "max": 708.2565336423907,
          "percentiles": {
            "p25": 688.8694683653804,
            "p50": 688.8694683653804,
            "p75": 688.8694683653804
          }
        },
        "receiver_throughput_mbps": {
          "min": 654.858947452345,
          "average": 687.3100973146361,
          "max": 707.7711537749448,
          "percentiles": {
            "p25": 687.3100973146361,
            "p50": 687.3100973146361,
            "p75": 687.3100973146361
          }
        },
        "retransmits": {
          "min": 1073.0,
          "average": 1151.6666666666667,
          "max": 1225.0,
          "percentiles": {
            "p25": 1151.6666666666667,
            "p50": 1151.6666666666667,
            "p75": 1151.6666666666667
          }
        }
      }
    },
    "Wireguard": {
      "status": "success",
      "data": {
        "sender_throughput_mbps": {
          "min": 809.2541896846486,
          "average": 858.8512238105712,
          "max": 883.7085989725497,
          "percentiles": {
            "p25": 858.8512238105712,
            "p50": 858.8512238105712,
            "p75": 858.8512238105712
          }
        },
        "receiver_throughput_mbps": {
          "min": 800.9522002532077,
          "average": 855.9015496587483,
          "max": 883.4425907844287,
          "percentiles": {
            "p25": 855.9015496587483,
            "p50": 855.9015496587483,
            "p75": 855.9015496587483
          }
        },
        "retransmits": {
          "min": 0.0,
          "average": 3.6666666666666665,
          "max": 11.0,
          "percentiles": {
            "p25": 3.6666666666666665,
            "p50": 3.6666666666666665,
            "p75": 3.6666666666666665
          }
        }
      }
    },
    "Yggdrasil": {
      "status": "success",
      "data": {
        "sender_throughput_mbps": {
          "min": 572.650776764361,
          "average": 766.6879488834373,
          "max": 872.2472527738075,
          "percentiles": {
            "p25": 766.6879488834373,
            "p50": 766.6879488834373,
            "p75": 766.6879488834373
          }
        },
        "receiver_throughput_mbps": {
          "min": 571.796627328495,
          "average": 768.9555160809506,
          "max": 880.1230511341612,
          "percentiles": {
            "p25": 768.9555160809506,
            "p50": 768.9555160809506,
            "p75": 768.9555160809506
          }
        },
        "retransmits": {
          "min": 32.0,
          "average": 67.33333333333333,
          "max": 115.0,
          "percentiles": {
            "p25": 67.33333333333333,
            "p50": 67.33333333333333,
            "p75": 67.33333333333333
          }
        }
      }
    },
    "Easytier": {
      "status": "success",
      "data": {
        "sender_throughput_mbps": {
          "min": 595.2980741535883,
          "average": 622.8681709278869,
          "max": 650.4413431650843,