{
  "status": "success",
  "data": {
    "Zerotier": {
      "status": "success",
      "data": {
        "sender_throughput_mbps": {
          "min": 621.2696622573158,
          "average": 648.2381187531687,
          "max": 670.0925164056113,
          "percentiles": {
            "p25": 648.2381187531687,
            "p50": 648.2381187531687,
            "p75": 648.2381187531687
          }
        },
        "receiver_throughput_mbps": {
          "min": 620.8052954327865,
          "average": 647.3823045551062,
          "max": 668.5004562756338,
          "percentiles": {
            "p25": 647.3823045551062,
            "p50": 647.3823045551062,
            "p75": 647.3823045551062
          }
        },
        "retransmits": {
          "min": 1187.0,
          "average": 1242.0,
          "max": 1332.0,
          "percentiles": {
            "p25": 1242.0,
            "p50": 1242.0,
            "p75": 1242.0
          }
        }
      }
    },
    "Internal": {
      "status": "success",
      "data": {
        "sender_throughput_mbps": {
          "min": 6344.643002838569,
          "average": 6906.663372929371,
          "max": 7437.236410791158,
          "percentiles": {
            "p25": 6906.663372929371,
            "p50": 6906.663372929371,
            "p75": 6906.663372929371
          }
        },
        "receiver_throughput_mbps": {
          "min": 6343.76259675234,
          "average": 6906.104615155723,
          "max": 7436.976155810205,
          "percentiles": {
            "p25": 6906.104615155723,
            "p50": 6906.104615155723,
            "p75": 6906.104615155723
          }
        },
        "retransmits": {
          "min": 1763.0,
          "average": 2388.6666666666665,
          "max": 3546.0,
          "percentiles": {
            "p25": 2388.6666666666665,
            "p50": 2388.6666666666665,
            "p75": 2388.6666666666665
          }
        }
      }
    },
    "Hyprspace": {
      "status": "success",
      "data": {
        "sender_throughput_mbps": {
          "min": 201.45871984081674,
          "average": 280.98437276822926,
          "max": 377.26319561960776,
          "percentiles": {
            "p25": 280.98437276822926,
            "p50": 280.98437276822926,
            "p75": 280.98437276822926
          }
        },
        "receiver_throughput_mbps": {
          "min": 201.17638924186488,
          "average": 280.2514423739996,
          "max": 376.84278378341634,
          "percentiles": {
            "p25": 280.2514423739996,
            "p50": 280.2514423739996,
            "p75": 280.2514423739996
          }
        },
        "retransmits": {
          "min": 2819.0,
          "average": 2938.6666666666665,
          "max": 3061.0,
          "percentiles": {
            "p25": 2938.6666666666665,
            "p50": 2938.6666666666665,
            "p75": 2938.6666666666665
          }
        }
      }
    }
  }
}
