{
    "status": "success",
    "data": {
        "vpn_installation_seconds": 1989.186778607982,
        "tc_stabilization_seconds": 240.07297368891886,
        "test_execution_seconds": 11169.178250312805,
        "vpn_restart_seconds": 110.47125053405762,
        "connectivity_wait_seconds": 115.94602513313293,
        "other_overhead_seconds": 0.0,
        "total_seconds": 13624.855278276897
    }
}