{
  "status": "success",
  "data": {
    "vpn_installation_seconds": 2456.2640799340443,
    "tc_stabilization_seconds": 330.4040312578436,
    "test_execution_seconds": 8403.028772830963,
    "vpn_restart_seconds": 1017.639680147171,
    "connectivity_wait_seconds": 1043.1914854049683,
    "other_overhead_seconds": 0.0,
    "total_seconds": 13250.52804957499
  }
}
