{
    "status": "success",
    "data": {
        "vpn_installation_seconds": 2805.4228011780942,
        "tc_stabilization_seconds": 240.15847099301754,
        "test_execution_seconds": 5002.495893478394,
        "vpn_restart_seconds": 752.2386209964752,
        "connectivity_wait_seconds": 513.2386281490326,
        "other_overhead_seconds": 0.0,
        "total_seconds": 9313.554414795013
    }
}