{
    "status": "success",
    "data": {
        "vpn_installation_seconds": 2563.9355182549334,
        "tc_stabilization_seconds": 330.4866425358923,
        "test_execution_seconds": 8991.62142419815,
        "vpn_restart_seconds": 1163.966727733612,
        "connectivity_wait_seconds": 1297.9458937644958,
        "other_overhead_seconds": 0.0,
        "total_seconds": 14347.956206487084
    }
}