{
    "status": "success",
    "data": {
        "Tinc": {
            "status": "success",
            "data": {
                "total_duration_seconds": {
                    "min": 699.2402906417847,
                    "average": 699.2402906417847,
                    "max": 699.2402906417847,
                    "percentiles": {
                        "p25": 699.2402906417847,
                        "p50": 699.2402906417847,
                        "p75": 699.2402906417847
                    }
                },
                "vpn_installation_seconds": {
                    "min": 0.0,
                    "average": 0.0,
                    "max": 0.0,
                    "percentiles": {
                        "p25": 0.0,
                        "p50": 0.0,
                        "p75": 0.0
                    }
                },
                "benchmarking_seconds": {
                    "min": 699.2402906417847,
                    "average": 699.2402906417847,
                    "max": 699.2402906417847,
                    "percentiles": {
                        "p25": 699.2402906417847,
                        "p50": 699.2402906417847,
                        "p75": 699.2402906417847
                    }
                }
            }
        },
        "Mycelium": {
            "status": "success",
            "data": {
                "total_duration_seconds": {
                    "min": 1390.0435468337964,
                    "average": 1390.0435468337964,
                    "max": 1390.0435468337964,
                    "percentiles": {
                        "p25": 1390.0435468337964,
                        "p50": 1390.0435468337964,
                        "p75": 1390.0435468337964
                    }
                },
                "vpn_installation_seconds": {
                    "min": 172.43665180899552,
                    "average": 172.43665180899552,
                    "max": 172.43665180899552,
                    "percentiles": {
                        "p25": 172.43665180899552,
                        "p50": 172.43665180899552,
                        "p75": 172.43665180899552
                    }
                },
                "benchmarking_seconds": {
                    "min": 1217.606895024801,
                    "average": 1217.606895024801,
                    "max": 1217.606895024801,
                    "percentiles": {
                        "p25": 1217.606895024801,
                        "p50": 1217.606895024801,
                        "p75": 1217.606895024801
                    }
                }
            }
        },
        "Headscale": {
            "status": "success",
            "data": {
                "total_duration_seconds": {
                    "min": 1393.2431715166313,
                    "average": 1393.2431715166313,
                    "max": 1393.2431715166313,
                    "percentiles": {
                        "p25": 1393.2431715166313,
                        "p50": 1393.2431715166313,
                        "p75": 1393.2431715166313
                    }
                },
                "vpn_installation_seconds": {
                    "min": 231.98866133199772,
                    "average": 231.98866133199772,
                    "max": 231.98866133199772,
                    "percentiles": {
                        "p25": 231.98866133199772,
                        "p50": 231.98866133199772,
                        "p75": 231.98866133199772
                    }
                },
                "benchmarking_seconds": {
                    "min": 1161.2545101846335,
                    "average": 1161.2545101846335,
                    "max": 1161.2545101846335,
                    "percentiles": {
                        "p25": 1161.2545101846335,
                        "p50": 1161.2545101846335,
                        "p75": 1161.2545101846335
                    }
                }
            }
        },
        "Hyprspace": {
            "status": "success",
            "data": {
                "total_duration_seconds": {
                    "min": 1113.92882609574,
                    "average": 1113.92882609574,
                    "max": 1113.92882609574,
                    "percentiles": {
                        "p25": 1113.92882609574,
                        "p50": 1113.92882609574,
                        "p75": 1113.92882609574
                    }
                },
                "vpn_installation_seconds": {
                    "min": 92.07885687300586,
                    "average": 92.07885687300586,
                    "max": 92.07885687300586,
                    "percentiles": {
                        "p25": 92.07885687300586,
                        "p50": 92.07885687300586,
                        "p75": 92.07885687300586
                    }
                },
                "benchmarking_seconds": {
                    "min": 1021.8499692227342,
                    "average": 1021.8499692227342,
                    "max": 1021.8499692227342,
                    "percentiles": {
                        "p25": 1021.8499692227342,
                        "p50": 1021.8499692227342,
                        "p75": 1021.8499692227342
                    }
                }
            }
        },
        "Zerotier": {
            "status": "success",
            "data": {
                "total_duration_seconds": {
                    "min": 861.5764834074362,
                    "average": 861.5764834074362,
                    "max": 861.5764834074362,
                    "percentiles": {
                        "p25": 861.5764834074362,
                        "p50": 861.5764834074362,
                        "p75": 861.5764834074362
                    }
                },
                "vpn_installation_seconds": {
                    "min": 123.45916728902375,
                    "average": 123.45916728902375,
                    "max": 123.45916728902375,
                    "percentiles": {
                        "p25": 123.45916728902375,
                        "p50": 123.45916728902375,
                        "p75": 123.45916728902375
                    }
                },
                "benchmarking_seconds": {
                    "min": 738.1173161184124,
                    "average": 738.1173161184124,
                    "max": 738.1173161184124,
                    "percentiles": {
                        "p25": 738.1173161184124,
                        "p50": 738.1173161184124,
                        "p75": 738.1173161184124
                    }
                }
            }
        },
        "VpnCloud": {
            "status": "success",
            "data": {
                "total_duration_seconds": {
                    "min": 1647.4203045332688,
                    "average": 1647.4203045332688,
                    "max": 1647.4203045332688,
                    "percentiles": {
                        "p25": 1647.4203045332688,
                        "p50": 1647.4203045332688,
                        "p75": 1647.4203045332688
                    }
                },
                "vpn_installation_seconds": {
                    "min": 881.4746727229794,
                    "average": 881.4746727229794,
                    "max": 881.4746727229794,
                    "percentiles": {
                        "p25": 881.4746727229794,
                        "p50": 881.4746727229794,
                        "p75": 881.4746727229794
                    }
                },
                "benchmarking_seconds": {
                    "min": 765.9456318102893,
                    "average": 765.9456318102893,
                    "max": 765.9456318102893,
                    "percentiles": {
                        "p25": 765.9456318102893,
                        "p50": 765.9456318102893,