{
  "status": "success",
  "data": {
    "VpnCloud": {
      "status": "success",
      "data": {
        "total_duration_seconds": {
          "min": 1251.3639098935528,
          "average": 1251.3639098935528,
          "max": 1251.3639098935528,
          "percentiles": {
            "p25": 1251.3639098935528,
            "p50": 1251.3639098935528,
            "p75": 1251.3639098935528
          }
        },
        "vpn_installation_seconds": {
          "min": 125.13260471599642,
          "average": 125.13260471599642,
          "max": 125.13260471599642,
          "percentiles": {
            "p25": 125.13260471599642,
            "p50": 125.13260471599642,
            "p75": 125.13260471599642
          }
        },
        "benchmarking_seconds": {
          "min": 1126.2313051775564,
          "average": 1126.2313051775564,
          "max": 1126.2313051775564,
          "percentiles": {
            "p25": 1126.2313051775564,
            "p50": 1126.2313051775564,
            "p75": 1126.2313051775564
          }
        }
      }
    },
    "Zerotier": {
      "status": "success",
      "data": {
        "total_duration_seconds": {
          "min": 923.4181655530701,
          "average": 923.4181655530701,
          "max": 923.4181655530701,
          "percentiles": {
            "p25": 923.4181655530701,
            "p50": 923.4181655530701,
            "p75": 923.4181655530701
          }
        },
        "vpn_installation_seconds": {
          "min": 125.449467643979,
          "average": 125.449467643979,
          "max": 125.449467643979,
          "percentiles": {
            "p25": 125.449467643979,
            "p50": 125.449467643979,
            "p75": 125.449467643979
          }
        },
        "benchmarking_seconds": {
          "min": 797.9686979090911,
          "average": 797.9686979090911,
          "max": 797.9686979090911,
          "percentiles": {
            "p25": 797.9686979090911,
            "p50": 797.9686979090911,
            "p75": 797.9686979090911
          }
        }
      }
    },
    "Yggdrasil": {
      "status": "success",
      "data": {
        "total_duration_seconds": {
          "min": 1110.441433081578,
          "average": 1110.441433081578,
          "max": 1110.441433081578,
          "percentiles": {
            "p25": 1110.441433081578,
            "p50": 1110.441433081578,
            "p75": 1110.441433081578
          }
        },
        "vpn_installation_seconds": {
          "min": 117.16207056498388,
          "average": 117.16207056498388,
          "max": 117.16207056498388,
          "percentiles": {
            "p25": 117.16207056498388,
            "p50": 117.16207056498388,
            "p75": 117.16207056498388
          }
        },
        "benchmarking_seconds": {
          "min": 993.2793625165941,
          "average": 993.2793625165941,
          "max": 993.2793625165941,
          "percentiles": {
            "p25": 993.2793625165941,
            "p50": 993.2793625165941,
            "p75": 993.2793625165941
          }
        }
      }
    },
    "Tinc": {
      "status": "success",
      "data": {
        "total_duration_seconds": {
          "min": 1141.4720240425086,
          "average": 1141.4720240425086,
          "max": 1141.4720240425086,
          "percentiles": {
            "p25": 1141.4720240425086,
            "p50": 1141.4720240425086,
            "p75": 1141.4720240425086
          }
        },
        "vpn_installation_seconds": {
          "min": 271.0695731040323,
          "average": 271.0695731040323,
          "max": 271.0695731040323,
          "percentiles": {
            "p25": 271.0695731040323,
            "p50": 271.0695731040323,
            "p75": 271.0695731040323
          }
        },
        "benchmarking_seconds": {
          "min": 870.4024509384762,
          "average": 870.4024509384762,
          "max": 870.4024509384762,
          "percentiles": {
            "p25": 870.4024509384762,
            "p50": 870.4024509384762,
            "p75": 870.4024509384762
          }
        }
      }
    },
    "Mycelium": {
      "status": "success",
      "data": {
        "total_duration_seconds": {
          "min": 1575.4031657970045,
          "average": 1575.4031657970045,
          "max": 1575.4031657970045,
          "percentiles": {
            "p25": 1575.4031657970045,
            "p50": 1575.4031657970045,
            "p75": 1575.4031657970045
          }
        },
        "vpn_installation_seconds": {
          "min": 179.71665217302507,
          "average": 179.71665217302507,
          "max": 179.71665217302507,
          "percentiles": {
            "p25": 179.71665217302507,
            "p50": 179.71665217302507,
            "p75": 179.71665217302507
          }
        },
        "benchmarking_seconds": {
          "min": 1395.6865136239794,
          "average": 1395.6865136239794,
          "max": 1395.6865136239794,
          "percentiles": {
            "p25": 1395.6865136239794,
            "p50": 1395.6865136239794,
            "p75": 1395.6865136239794
          }
        }
      }
    },
    "Easytier": {
      "status": "success",
      "data": {
        "total_duration_seconds": {
          "min": 1213.3660478809616,
          "average": 1213.3660478809616,
          "max": 1213.3660478809616,
          "percentiles": {
            "p25": 1213.3660478809616,
            "p50": 1213.3660478809616,
            "p75": 1213.3660478809616
          }
        },
        "vpn_installation_seconds": {
          "min": 480.9655881350045,
          "average": 480.9655881350045,
          "max": 480.9655881350045,
          "percentiles": {
            "p25": 480.9655881350045,
            "p50": 480.9655881350045,
            "p75": 480.9655881350045
          }
        },
        "benchmarking_seconds": {
          "min": 732.400459745957,
          "average": 732.400459745957,
          "max": 732.400459745957,
          "percentiles": {
            "p25": 732.400459745957,
            "p50": 732.400459745957,
            "p75": 732.400459745957
          }
        }
      }
    },
    "Internal": {
      "status": "success",
      "data": {
        "total_duration_seconds": {
          "min": 926.0773347592913,
          "average": 926.0773347592913,
          "max": 926.0773347592913,
          "percentiles": {
            "p25": 926.0773347592913,
            "p50": 926.0773347592913,
            "p75": 926.0773347592913
          }
        },
        "vpn_installation_seconds": {
          "min": 243.73075336101465,
          "average": 243.73075336101465,
          "max": 243.73075336101465,
          "percentiles": {
            "p25": 243.73075336101465,
            "p50": 243.73075336101465,
            "p75": 243.73075336101465
          }
        },
        "benchmarking_seconds": {
          "min": 682.3465813982766,
          "average": 682.3465813982766,
          "max": 682.3465813982766,
          "percentiles": {
            "p25": 682.3465813982766,
            "p50": 682.3465813982766,
            "p75": 682.3465813982766
          }
        }
      }
    },
    "Hyprspace": {
      "status": "success",
      "data": {
        "total_duration_seconds": {
          "min": 1384.5739084636443,
          "average": 1384.5739084636443,
          "max": 1384.5739084636443,
          "percentiles": {
            "p25": 1384.5739084636443,
            "p50": 1384.5739084636443,
            "p75": 1384.5739084636443
          }
        },
        "vpn_installation_seconds": {
          "min": 117.65267275401857,
          "average": 117.65267275401857,
          "max": 117.65267275401857,
          "percentiles": {
            "p25": 117.65267275401857,
            "p50": 117.65267275401857,
            "p75": 117.65267275401857
          }
        },
        "benchmarking_seconds": {
          "min": 1266.9212357096258,
          "average": 1266.9212357096258,
          "max": 1266.9212357096258,