{
  "status": "success",
  "data": {
    "VpnCloud": {
      "status": "success",
      "data": {
        "total_duration_seconds": {
          "min": 1541.4682565877447,
          "average": 1541.4682565877447,
          "max": 1541.4682565877447,
          "percentiles": {
            "p25": 1541.4682565877447,
            "p50": 1541.4682565877447,
            "p75": 1541.4682565877447
          }
        },
        "vpn_installation_seconds": {
          "min": 199.86118695198093,
          "average": 199.86118695198093,
          "max": 199.86118695198093,
          "percentiles": {
            "p25": 199.86118695198093,
            "p50": 199.86118695198093,
            "p75": 199.86118695198093
          }
        },
        "benchmarking_seconds": {
          "min": 1341.6070696357638,
          "average": 1341.6070696357638,
          "max": 1341.6070696357638,
          "percentiles": {
            "p25": 1341.6070696357638,
            "p50": 1341.6070696357638,
            "p75": 1341.6070696357638
          }
        }
      }
    },
    "Zerotier": {
      "status": "success",
      "data": {
        "total_duration_seconds": {
          "min": 1081.530375804461,
          "average": 1081.530375804461,
          "max": 1081.530375804461,
          "percentiles": {
            "p25": 1081.530375804461,
            "p50": 1081.530375804461,
            "p75": 1081.530375804461
          }
        },
        "vpn_installation_seconds": {
          "min": 140.36717361898627,
          "average": 140.36717361898627,
          "max": 140.36717361898627,
          "percentiles": {
            "p25": 140.36717361898627,
            "p50": 140.36717361898627,
            "p75": 140.36717361898627
          }
        },
        "benchmarking_seconds": {
          "min": 941.1632021854748,
          "average": 941.1632021854748,
          "max": 941.1632021854748,
          "percentiles": {
            "p25": 941.1632021854748,
            "p50": 941.1632021854748,
            "p75": 941.1632021854748
          }
        }
      }
    },
    "Yggdrasil": {
      "status": "success",
      "data": {
        "total_duration_seconds": {
          "min": 1246.3217822132283,
          "average": 1246.3217822132283,
          "max": 1246.3217822132283,
          "percentiles": {
            "p25": 1246.3217822132283,
            "p50": 1246.3217822132283,
            "p75": 1246.3217822132283
          }
        },
        "vpn_installation_seconds": {
          "min": 105.10492371895816,
          "average": 105.10492371895816,
          "max": 105.10492371895816,
          "percentiles": {
            "p25": 105.10492371895816,
            "p50": 105.10492371895816,
            "p75": 105.10492371895816
          }
        },
        "benchmarking_seconds": {
          "min": 1141.2168584942701,
          "average": 1141.2168584942701,
          "max": 1141.2168584942701,
          "percentiles": {
            "p25": 1141.2168584942701,
            "p50": 1141.2168584942701,
            "p75": 1141.2168584942701
          }
        }
      }
    },
    "Tinc": {
      "status": "success",
      "data": {
        "total_duration_seconds": {
          "min": 1141.4720240425086,
          "average": 1141.4720240425086,
          "max": 1141.4720240425086,
          "percentiles": {
            "p25": 1141.4720240425086,
            "p50": 1141.4720240425086,
            "p75": 1141.4720240425086
          }
        },
        "vpn_installation_seconds": {
          "min": 271.0695731040323,
          "average": 271.0695731040323,
          "max": 271.0695731040323,
          "percentiles": {
            "p25": 271.0695731040323,
            "p50": 271.0695731040323,
            "p75": 271.0695731040323
          }
        },
        "benchmarking_seconds": {
          "min": 870.4024509384762,
          "average": 870.4024509384762,
          "max": 870.4024509384762,
          "percentiles": {
            "p25": 870.4024509384762,
            "p50": 870.4024509384762,
            "p75": 870.4024509384762
          }
        }
      }
    },
    "Mycelium": {
      "status": "success",
      "data": {
        "total_duration_seconds": {
          "min": 1891.8847190233646,
          "average": 1891.8847190233646,
          "max": 1891.8847190233646,
          "percentiles": {
            "p25": 1891.8847190233646,
            "p50": 1891.8847190233646,
            "p75": 1891.8847190233646
          }
        },
        "vpn_installation_seconds": {
          "min": 170.74955472297734,
          "average": 170.74955472297734,
          "max": 170.74955472297734,
          "percentiles": {
            "p25": 170.74955472297734,
            "p50": 170.74955472297734,
            "p75": 170.74955472297734
          }
        },
        "benchmarking_seconds": {
          "min": 1721.1351643003873,
          "average": 1721.1351643003873,
          "max": 1721.1351643003873,
          "percentiles": {
            "p25": 1721.1351643003873,
            "p50": 1721.1351643003873,
            "p75": 1721.1351643003873
          }
        }
      }
    },
    "Easytier": {
      "status": "success",
      "data": {
        "total_duration_seconds": {
          "min": 1428.196266277635,
          "average": 1428.196266277635,
          "max": 1428.196266277635,
          "percentiles": {
            "p25": 1428.196266277635,
            "p50": 1428.196266277635,
            "p75": 1428.196266277635
          }
        },
        "vpn_installation_seconds": {
          "min": 575.0861779090483,
          "average": 575.0861779090483,
          "max": 575.0861779090483,
          "percentiles": {
            "p25": 575.0861779090483,
            "p50": 575.0861779090483,
            "p75": 575.0861779090483
          }
        },
        "benchmarking_seconds": {
          "min": 853.1100883685867,
          "average": 853.1100883685867,
          "max": 853.1100883685867,
          "percentiles": {
            "p25": 853.1100883685867,
            "p50": 853.1100883685867,
            "p75": 853.1100883685867
          }
        }
      }
    },
    "Internal": {
      "status": "success",
      "data": {
        "total_duration_seconds": {
          "min": 926.0773347592913,
          "average": 926.0773347592913,
          "max": 926.0773347592913,
          "percentiles": {
            "p25": 926.0773347592913,
            "p50": 926.0773347592913,
            "p75": 926.0773347592913
          }
        },
        "vpn_installation_seconds": {
          "min": 243.73075336101465,
          "average": 243.73075336101465,
          "max": 243.73075336101465,
          "percentiles": {
            "p25": 243.73075336101465,
            "p50": 243.73075336101465,
            "p75": 243.73075336101465
          }
        },
        "benchmarking_seconds": {
          "min": 682.3465813982766,
          "average": 682.3465813982766,
          "max": 682.3465813982766,
          "percentiles": {
            "p25": 682.3465813982766,
            "p50": 682.3465813982766,
            "p75": 682.3465813982766
          }
        }
      }
    },
    "Hyprspace": {
      "status": "success",
      "data": {
        "total_duration_seconds": {
          "min": 1581.423606072145,
          "average": 1581.423606072145,
          "max": 1581.423606072145,
          "percentiles": {
            "p25": 1581.423606072145,
            "p50": 1581.423606072145,
            "p75": 1581.423606072145
          }
        },
        "vpn_installation_seconds": {
          "min": 156.70206715998938,
          "average": 156.70206715998938,
          "max": 156.70206715998938,
          "percentiles": {
            "p25": 156.70206715998938,
            "p50": 156.70206715998938,
            "p75": 156.70206715998938
          }
        },
        "benchmarking_seconds": {
          "min": 1424.7215389121557,
          "average": 1424.7215389121557,