{
    "status": "success",
    "data": {
        "Mycelium": {
            "status": "success",
            "data": {
                "total_duration_seconds": {
                    "min": 311.1288880679931,
                    "average": 311.1288880679931,
                    "max": 311.1288880679931,
                    "percentiles": {
                        "p25": 311.1288880679931,
                        "p50": 311.1288880679931,
                        "p75": 311.1288880679931
                    }
                },
                "vpn_installation_seconds": {
                    "min": 172.43665180899552,
                    "average": 172.43665180899552,
                    "max": 172.43665180899552,
                    "percentiles": {
                        "p25": 172.43665180899552,
                        "p50": 172.43665180899552,
                        "p75": 172.43665180899552
                    }
                },
                "benchmarking_seconds": {
                    "min": 138.66395640399423,
                    "average": 138.66395640399423,
                    "max": 138.66395640399423,
                    "percentiles": {
                        "p25": 138.66395640399423,
                        "p50": 138.66395640399423,
                        "p75": 138.66395640399423
                    }
                }
            }
        },
        "Headscale": {
            "status": "success",
            "data": {
                "total_duration_seconds": {
                    "min": 1407.2451839660062,
                    "average": 1407.2451839660062,
                    "max": 1407.2451839660062,
                    "percentiles": {
                        "p25": 1407.2451839660062,
                        "p50": 1407.2451839660062,
                        "p75": 1407.2451839660062
                    }
                },
                "vpn_installation_seconds": {
                    "min": 231.98866133199772,
                    "average": 231.98866133199772,
                    "max": 231.98866133199772,
                    "percentiles": {
                        "p25": 231.98866133199772,
                        "p50": 231.98866133199772,
                        "p75": 231.98866133199772
                    }
                },
                "benchmarking_seconds": {
                    "min": 1175.228343101,
                    "average": 1175.228343101,
                    "max": 1175.228343101,
                    "percentiles": {
                        "p25": 1175.228343101,
                        "p50": 1175.228343101,
                        "p75": 1175.228343101
                    }
                }
            }
        },
        "Hyprspace": {
            "status": "success",
            "data": {
                "total_duration_seconds": {
                    "min": 163.63602782398812,
                    "average": 163.63602782398812,
                    "max": 163.63602782398812,
                    "percentiles": {
                        "p25": 163.63602782398812,
                        "p50": 163.63602782398812,
                        "p75": 163.63602782398812
                    }
                },
                "vpn_installation_seconds": {
                    "min": 92.07885687300586,
                    "average": 92.07885687300586,
                    "max": 92.07885687300586,
                    "percentiles": {
                        "p25": 92.07885687300586,
                        "p50": 92.07885687300586,
                        "p75": 92.07885687300586
                    }
                },
                "benchmarking_seconds": {
                    "min": 71.52173664799193,
                    "average": 71.52173664799193,
                    "max": 71.52173664799193,
                    "percentiles": {
                        "p25": 71.52173664799193,
                        "p50": 71.52173664799193,
                        "p75": 71.52173664799193
                    }
                }
            }
        },
        "Zerotier": {
            "status": "success",
            "data": {
                "total_duration_seconds": {
                    "min": 204.33173799701035,
                    "average": 204.33173799701035,
                    "max": 204.33173799701035,
                    "percentiles": {
                        "p25": 204.33173799701035,
                        "p50": 204.33173799701035,
                        "p75": 204.33173799701035
                    }
                },
                "vpn_installation_seconds": {
                    "min": 123.45916728902375,
                    "average": 123.45916728902375,
                    "max": 123.45916728902375,
                    "percentiles": {
                        "p25": 123.45916728902375,
                        "p50": 123.45916728902375,
                        "p75": 123.45916728902375
                    }
                },
                "benchmarking_seconds": {
                    "min": 80.83759656597977,
                    "average": 80.83759656597977,
                    "max": 80.83759656597977,
                    "percentiles": {
                        "p25": 80.83759656597977,
                        "p50": 80.83759656597977,
                        "p75": 80.83759656597977
                    }
                }
            }
        },
        "VpnCloud": {
            "status": "success",
            "data": {
                "total_duration_seconds": {
                    "min": 987.5981433340057,
                    "average": 987.5981433340057,
                    "max": 987.5981433340057,
                    "percentiles": {
                        "p25": 987.5981433340057,
                        "p50": 987.5981433340057,
                        "p75": 987.5981433340057
                    }
                },
                "vpn_installation_seconds": {
                    "min": 881.4746727229794,
                    "average": 881.4746727229794,
                    "max": 881.4746727229794,
                    "percentiles": {
                        "p25": 881.4746727229794,
                        "p50": 881.4746727229794,
                        "p75": 881.4746727229794
                    }
                },
                "benchmarking_seconds": {
                    "min": 106.09678451600485,
                    "average": 106.09678451600485,
                    "max": 106.09678451600485,
                    "percentiles": {
                        "p25": 106.09678451600485,
                        "p50": 106.09678451600485,
                        "p75": 106.09678451600485
                    }
                }
            }
        },
        "Yggdrasil": {
            "status": "success",
            "data": {
                "total_duration_seconds": {
                    "min": 168.36564919698867,
                    "average": 168.36564919698867,
                    "max": 168.36564919698867,
                    "percentiles": {
                        "p25": 168.36564919698867,
                        "p50": 168.36564919698867,
                        "p75": 168.36564919698867
                    }
                },
                "vpn_installation_seconds": {
                    "min": 92.84800930001074,
                    "average": 92.84800930001074,
                    "max": 92.84800930001074,
                    "percentiles": {
                        "p25": 92.84800930001074,
                        "p50": 92.84800930001074,
                        "p75": 92.84800930001074
                    }
                },
                "benchmarking_seconds": {
                    "min": 75.4978016060195,
                    "average": 75.4978016060195,
                    "max": 75.4978016060195,
                    "percentiles": {
                        "p25": 75.4978016060195,
                        "p50": 75.4978016060195,