{
    "status": "success",
    "data": {
        "Tinc": {
            "status": "success",
            "data": {
                "sender_throughput_mbps": {
                    "min": 4636.55857868928,
                    "average": 4704.030154512434,
                    "max": 4826.391189507723,
                    "percentiles": {
                        "p25": 4704.030154512434,
                        "p50": 4704.030154512434,
                        "p75": 4704.030154512434
                    }
                },
                "receiver_throughput_mbps": {
                    "min": 4636.55857868928,
                    "average": 4704.030154512434,
                    "max": 4826.391189507723,
                    "percentiles": {
                        "p25": 4704.030154512434,
                        "p50": 4704.030154512434,
                        "p75": 4704.030154512434
                    }
                },
                "jitter_ms": {
                    "min": 0.014871559336280567,
                    "average": 0.0256400411103389,
                    "max": 0.04443581438057228,
                    "percentiles": {
                        "p25": 0.0256400411103389,
                        "p50": 0.0256400411103389,
                        "p75": 0.0256400411103389
                    }
                },
                "lost_percent": {
                    "min": 84.3211209238076,
                    "average": 87.56657982229974,
                    "max": 93.4744571709648,
                    "percentiles": {
                        "p25": 87.56657982229974,
                        "p50": 87.56657982229974,
                        "p75": 87.56657982229974
                    }
                }
            }
        },
        "Mycelium": {
            "status": "error",
            "error_type": "CmdOut",
            "error": {
                "stdout": "",
                "stderr": "Warning: Permanently added '138.201.33.111' (ED25519) to the list of known hosts.\r\n",
                "cwd": "/home/lhebendanz/Projects/vpn-benchmark-suite/pkgs/vpn-bench",
                "command_list": [
                    "ssh",
                    "root@138.201.33.111",
                    "-A",
                    "-o",
                    "StrictHostKeyChecking=no",
                    "-o",
                    "UserKnownHostsFile=/dev/null",
                    "-o",
                    "ControlMaster=auto",
                    "-o",
                    "ControlPersist=1m",
                    "-o",
                    "ControlPath=/tmp/clan-ssh6u9sojx6/socket",
                    "--",
                    "bash",
                    "-c",
                    "'export IPERF3_PASSWORD=mambaBudo; exec \"$@\"'",
                    "--",
                    "iperf --bidir --connect-timeout 600 --time 30 --json -Z -c vpn.yuki --username mario --rsa-public-key-path /tmp/iperf3.public -u --udp-counters-64bit -b 0"
                ],
                "returncode": -1,
                "msg": "Command timed out after 120 seconds"
            },
            "machine": "0_lom"
        },
        "Headscale": {
            "status": "success",
            "data": {
                "sender_throughput_mbps": {
                    "min": 2817.422706721404,
                    "average": 2929.8380289428746,
                    "max": 3118.3435407796146,
                    "percentiles": {
                        "p25": 2929.8380289428746,
                        "p50": 2929.8380289428746,
                        "p75": 2929.8380289428746
                    }
                },
                "receiver_throughput_mbps": {
                    "min": 2817.422706721404,
                    "average": 2929.8380289428746,
                    "max": 3118.3435407796146,
                    "percentiles": {
                        "p25": 2929.8380289428746,
                        "p50": 2929.8380289428746,
                        "p75": 2929.8380289428746
                    }
                },
                "jitter_ms": {
                    "min": 0.00835486278801681,
                    "average": 0.01459262594692248,
                    "max": 0.018805667938337312,
                    "percentiles": {
                        "p25": 0.01459262594692248,
                        "p50": 0.01459262594692248,
                        "p75": 0.01459262594692248
                    }
                },
                "lost_percent": {
                    "min": 68.89570580204935,
                    "average": 69.91538291043544,
                    "max": 71.72669941273998,
                    "percentiles": {
                        "p25": 69.91538291043544,
                        "p50": 69.91538291043544,
                        "p75": 69.91538291043544
                    }
                }
            }
        },
        "Hyprspace": {
            "status": "error",
            "error_type": "CmdOut",
            "error": {
                "stdout": "",
                "stderr": "Warning: Permanently added '138.201.33.111' (ED25519) to the list of known hosts.\r\n",
                "cwd": "/home/lhebendanz/Projects/vpn-benchmark-suite/pkgs/vpn-bench",
                "command_list": [
                    "ssh",
                    "root@138.201.33.111",
                    "-A",
                    "-o",
                    "StrictHostKeyChecking=no",
                    "-o",
                    "UserKnownHostsFile=/dev/null",
                    "-o",
                    "ControlMaster=auto",
                    "-o",
                    "ControlPersist=1m",
                    "-o",
                    "ControlPath=/tmp/clan-ssh6zfa89ye/socket",
                    "--",
                    "bash",
                    "-c",
                    "'export IPERF3_PASSWORD=mambaBudo; exec \"$@\"'",
                    "--",
                    "iperf --bidir --connect-timeout 600 --time 30 --json -Z -c vpn.yuki --username mario --rsa-public-key-path /tmp/iperf3.public -u --udp-counters-64bit -b 0"
                ],
                "returncode": -1,
                "msg": "Command timed out after 120 seconds"
            },
            "machine": "0_lom"
        },
        "Zerotier": {
            "status": "success",
            "data": {
                "sender_throughput_mbps": {
                    "min": 7813.9067969993175,
                    "average": 8278.276104217286,
                    "max": 8896.702649461571,
                    "percentiles": {
                        "p25": 8278.276104217286,
                        "p50": 8278.276104217286,
                        "p75": 8278.276104217286
                    }
                },
                "receiver_throughput_mbps": {
                    "min": 7813.9067969993175,
                    "average": 8278.276104217286,
                    "max": 8896.702649461571,
                    "percentiles": {
                        "p25": 8278.276104217286,
                        "p50": 8278.276104217286,
                        "p75": 8278.276104217286
                    }
                },
                "jitter_ms": {
                    "min": 0.03414072790086451,
                    "average": 0.036852337983181965,
                    "max": 0.042236840994448334,
                    "percentiles": {
                        "p25": 0.036852337983181965,
                        "p50": 0.036852337983181965,
                        "p75": 0.036852337983181965
                    }
                },
                "lost_percent": {
                    "min": 88.6859876667337,
                    "average": 89.56708776795308,
                    "max": 90.9085876834293,
                    "percentiles": {
                        "p25": 89.56708776795308,
                        "p50": 89.56708776795308,