{
    "status": "success",
    "data": {
        "Tinc": {
            "status": "success",
            "data": {
                "bitrate_kbps": {
                    "min": 1899.1,
                    "average": 1987.6678160919541,
                    "max": 2012.8,
                    "percentiles": {
                        "p25": 1981.4833333333333,
                        "p50": 1989.2333333333333,
                        "p75": 1997.0333333333333
                    }
                },
                "fps": {
                    "min": 31.0,
                    "average": 32.13793103448276,
                    "max": 45.0,
                    "percentiles": {
                        "p25": 31.0,
                        "p50": 31.0,
                        "p75": 32.0
                    }
                },
                "dropped_frames": {
                    "min": 15.0,
                    "average": 15.0,
                    "max": 15.0,
                    "percentiles": {
                        "p25": 15.0,
                        "p50": 15.0,
                        "p75": 15.0
                    }
                }
            }
        },
        "Mycelium": {
            "status": "success",
            "data": {
                "bitrate_kbps": {
                    "min": 1909.1,
                    "average": 1962.422577996716,
                    "max": 2013.6,
                    "percentiles": {
                        "p25": 1957.7416666666666,
                        "p50": 1963.4166666666667,
                        "p75": 1968.8166666666666
                    }
                },
                "fps": {
                    "min": 31.0,
                    "average": 36.4388341543514,
                    "max": 45.0,
                    "percentiles": {
                        "p25": 35.666666666666664,
                        "p50": 35.666666666666664,
                        "p75": 36.333333333333336
                    }
                },
                "dropped_frames": {
                    "min": 15.0,
                    "average": 305.0,
                    "max": 855.0,
                    "percentiles": {
                        "p25": 305.0,
                        "p50": 305.0,
                        "p75": 305.0
                    }
                }
            }
        },
        "Headscale": {
            "status": "success",
            "data": {
                "bitrate_kbps": {
                    "min": 1907.1,
                    "average": 1988.4379310344827,
                    "max": 2013.2,
                    "percentiles": {
                        "p25": 1981.8333333333333,
                        "p50": 1989.7333333333333,
                        "p75": 1997.7333333333333
                    }
                },
                "fps": {
                    "min": 30.0,
                    "average": 32.1264367816092,
                    "max": 45.0,
                    "percentiles": {
                        "p25": 31.0,
                        "p50": 31.0,
                        "p75": 32.0
                    }
                },
                "dropped_frames": {
                    "min": 15.0,
                    "average": 15.0,
                    "max": 15.0,
                    "percentiles": {
                        "p25": 15.0,
                        "p50": 15.0,
                        "p75": 15.0
                    }
                }
            }
        },
        "Hyprspace": {
            "status": "success",
            "data": {
                "bitrate_kbps": {
                    "min": 1766.7,
                    "average": 1978.9919540229885,
                    "max": 2011.1,
                    "percentiles": {
                        "p25": 1974.1333333333334,
                        "p50": 1984.3999999999999,
                        "p75": 1991.85
                    }
                },
                "fps": {
                    "min": 31.0,
                    "average": 32.13793103448276,
                    "max": 45.0,
                    "percentiles": {
                        "p25": 31.0,
                        "p50": 31.0,
                        "p75": 32.0
                    }
                },
                "dropped_frames": {
                    "min": 15.0,
                    "average": 15.0,
                    "max": 15.0,
                    "percentiles": {
                        "p25": 15.0,
                        "p50": 15.0,
                        "p75": 15.0
                    }
                }
            }
        },
        "Zerotier": {
            "status": "success",
            "data": {
                "bitrate_kbps": {
                    "min": 1902.1,
                    "average": 1987.967816091954,
                    "max": 2011.9,
                    "percentiles": {
                        "p25": 1981.6833333333334,
                        "p50": 1989.4666666666667,
                        "p75": 1997.3500000000001
                    }
                },
                "fps": {
                    "min": 31.0,
                    "average": 32.13793103448276,
                    "max": 45.0,
                    "percentiles": {
                        "p25": 31.0,
                        "p50": 31.0,
                        "p75": 32.0
                    }
                },
                "dropped_frames": {
                    "min": 15.0,
                    "average": 15.0,
                    "max": 15.0,
                    "percentiles": {
                        "p25": 15.0,
                        "p50": 15.0,
                        "p75": 15.0
                    }
                }
            }
        },
        "VpnCloud": {
            "status": "success",
            "data": {
                "bitrate_kbps": {
                    "min": 1906.1,
                    "average": 1988.4,
                    "max": 2013.2,
                    "percentiles": {
                        "p25": 1982.5,
                        "p50": 1989.7666666666667,
                        "p75": 1997.0166666666667
                    }
                },
                "fps": {
                    "min": 31.0,
                    "average": 32.13793103448276,
                    "max": 45.0,
                    "percentiles": {
                        "p25": 31.0,
                        "p50": 31.0,
                        "p75": 32.0
                    }
                },
                "dropped_frames": {
                    "min": 15.0,
                    "average": 15.0,
                    "max": 15.0,
                    "percentiles": {
                        "p25": 15.0,
                        "p50": 15.0,
                        "p75": 15.0
                    }
                }
            }
        },
        "Nebula": {
            "status": "success",
            "data": {
                "bitrate_kbps": {
                    "min": 1902.1,
                    "average": 1988.0022988505748,
                    "max": 2012.4,
                    "percentiles": {
                        "p25": 1981.6166666666668,
                        "p50": 1989.4,
                        "p75": 1997.3666666666666
                    }
                },
                "fps": {
                    "min": 31.0,
                    "average": 32.13793103448276,
                    "max": 45.0,
                    "percentiles": {
                        "p25": 31.0,
                        "p50": 31.0,
                        "p75": 32.0
                    }
                },
                "dropped_frames": {
                    "min": 15.0,
                    "average": 15.0,
                    "max": 15.0,
                    "percentiles": {
                        "p25": 15.0,
                        "p50": 15.0,