{
  "status": "success",
  "data": {
    "Zerotier": {
      "status": "success",
      "data": {
        "bitrate_kbps": {
          "min": 1750.7,
          "average": 1946.2862068965517,
          "max": 1972.4,
          "percentiles": {
            "p25": 1943.2666666666667,
            "p50": 1960.2666666666667,
            "p75": 1966.0166666666667
          }
        },
        "fps": {
          "min": 31.0,
          "average": 32.13793103448276,
          "max": 45.0,
          "percentiles": {
            "p25": 31.0,
            "p50": 31.0,
            "p75": 32.0
          }
        },
        "dropped_frames": {
          "min": 14.0,
          "average": 14.666666666666666,
          "max": 15.0,
          "percentiles": {
            "p25": 14.666666666666666,
            "p50": 14.666666666666666,
            "p75": 14.666666666666666
          }
        }
      }
    },
    "Internal": {
      "status": "success",
      "data": {
        "bitrate_kbps": {
          "min": 1753.7,
          "average": 1946.364367816092,
          "max": 1973.4,
          "percentiles": {
            "p25": 1942.35,
            "p50": 1960.9666666666667,
            "p75": 1966.75
          }
        },
        "fps": {
          "min": 31.0,
          "average": 32.13793103448276,
          "max": 45.0,
          "percentiles": {
            "p25": 31.0,
            "p50": 31.0,
            "p75": 32.0
          }
        },
        "dropped_frames": {
          "min": 14.0,
          "average": 14.666666666666666,
          "max": 15.0,
          "percentiles": {
            "p25": 14.666666666666666,
            "p50": 14.666666666666666,
            "p75": 14.666666666666666
          }
        }
      }
    },
    "Hyprspace": {
      "status": "success",
      "data": {
        "bitrate_kbps": {
          "min": 1758.7,
          "average": 1947.3275862068965,
          "max": 1975.1,
          "percentiles": {
            "p25": 1944.6333333333332,
            "p50": 1961.5,
            "p75": 1966.6166666666666
          }
        },
        "fps": {
          "min": 31.0,
          "average": 32.13793103448276,
          "max": 45.0,
          "percentiles": {
            "p25": 31.0,
            "p50": 31.0,
            "p75": 32.0
          }
        },
        "dropped_frames": {
          "min": 15.0,
          "average": 15.0,
          "max": 15.0,
          "percentiles": {
            "p25": 15.0,
            "p50": 15.0,
            "p75": 15.0
          }
        }
      }
    }
  }
}
