{
  "status": "success",
  "data": {
    "total_bandwidth_mbps": {
      "min": 777.68,
      "average": 810.0336666666667,
      "max": 833.93,
      "percentiles": {
        "p25": 805.7849999999999,
        "p50": 815.085,
        "p75": 820.31
      }
    },
    "cpu_usage_percent": {
      "min": 0.0,
      "average": 14.9825,
      "max": 52.04,
      "percentiles": {
        "p25": 11.22,
        "p50": 14.29,
        "p75": 18.37
      }
    },
    "ttfb_ms": {
      "min": 17.0,
      "average": 18.25,
      "max": 20.0,
      "percentiles": {
        "p25": 17.25,
        "p50": 18.0,
        "p75": 19.0
      }
    },
    "conn_time_ms": {
      "min": 14.0,
      "average": 15.875,
      "max": 18.0,
      "percentiles": {
        "p25": 15.0,
        "p50": 16.0,
        "p75": 16.75
      }
    }
  },
  "meta": {
    "duration_seconds": 31.30155849456787,
    "test_attempts": 1,
    "vpn_restart_attempts": 0,
    "vpn_restart_duration_seconds": 35.12579870223999,
    "connectivity_wait_duration_seconds": 2.099965810775757,
    "source": "luna",
    "target": "lom"
  }
}
