{
    "status": "success",
    "data": {
        "rtt_min_ms": {
            "min": 1.188,
            "average": 1.434,
            "max": 1.601,
            "percentiles": {
                "p25": 1.188,
                "p50": 1.513,
                "p75": 1.601
            }
        },
        "rtt_avg_ms": {
            "min": 19.274,
            "average": 20.78066666666667,
            "max": 23.303,
            "percentiles": {
                "p25": 19.274,
                "p50": 19.765,
                "p75": 23.303
            }
        },
        "rtt_max_ms": {
            "min": 106.479,
            "average": 120.69166666666668,
            "max": 145.497,
            "percentiles": {
                "p25": 106.479,
                "p50": 110.099,
                "p75": 145.497
            }
        },
        "rtt_mdev_ms": {
            "min": 18.783,
            "average": 21.272666666666666,
            "max": 24.382,
            "percentiles": {
                "p25": 18.783,
                "p50": 20.653,
                "p75": 24.382
            }
        },
        "packet_loss_percent": {
            "min": 0.0,
            "average": 0.0,
            "max": 0.0,
            "percentiles": {
                "p25": 0.0,
                "p50": 0.0,
                "p75": 0.0
            }
        }
    },
    "meta": {
        "duration_seconds": 61.17420029640198,
        "test_attempts": 1,
        "vpn_restart_attempts": 0,
        "vpn_restart_duration_seconds": 2.5352158546447754,
        "connectivity_wait_duration_seconds": 4.832174062728882,
        "source": "luna",
        "target": "lom"
    }
}