{
    "status": "success",
    "data": {
        "rtt_min_ms": {
            "min": 1.089,
            "average": 1.4046666666666667,
            "max": 1.569,
            "percentiles": {
                "p25": 1.089,
                "p50": 1.556,
                "p75": 1.569
            }
        },
        "rtt_avg_ms": {
            "min": 18.292,
            "average": 20.056333333333335,
            "max": 21.252,
            "percentiles": {
                "p25": 18.292,
                "p50": 20.625,
                "p75": 21.252
            }
        },
        "rtt_max_ms": {
            "min": 92.704,
            "average": 98.53633333333333,
            "max": 102.268,
            "percentiles": {
                "p25": 92.704,
                "p50": 100.637,
                "p75": 102.268
            }
        },
        "rtt_mdev_ms": {
            "min": 16.647,
            "average": 18.353666666666665,
            "max": 21.316,
            "percentiles": {
                "p25": 16.647,
                "p50": 17.098,
                "p75": 21.316
            }
        },
        "packet_loss_percent": {
            "min": 0.0,
            "average": 0.0,
            "max": 0.0,
            "percentiles": {
                "p25": 0.0,
                "p50": 0.0,
                "p75": 0.0
            }
        }
    },
    "meta": {
        "duration_seconds": 61.16993474960327,
        "test_attempts": 1,
        "vpn_restart_attempts": 0,
        "vpn_restart_duration_seconds": 4.199667930603027,
        "connectivity_wait_duration_seconds": 2.592181921005249,
        "source": "luna",
        "target": "lom"
    }
}