{
    "status": "success",
    "data": {
        "total_bandwidth_mbps": {
            "min": 1.7648000000000001,
            "average": 2.0532136666666667,
            "max": 2.3728,
            "percentiles": {
                "p25": 1.95126,
                "p50": 2.05412,
                "p75": 2.1476750000000004
            }
        },
        "cpu_usage_percent": {
            "min": 0.0,
            "average": 1.8565,
            "max": 64.65,
            "percentiles": {
                "p25": 0.0,
                "p50": 1.01,
                "p75": 2.0
            }
        },
        "ttfb_ms": {
            "min": 68.0,
            "average": 327.0,
            "max": 606.0,
            "percentiles": {
                "p25": 155.25,
                "p50": 363.5,
                "p75": 473.0
            }
        },
        "conn_time_ms": {
            "min": 38.0,
            "average": 211.875,
            "max": 392.0,
            "percentiles": {
                "p25": 97.25,
                "p50": 232.0,
                "p75": 321.0
            }
        }
    },
    "meta": {
        "duration_seconds": 35.02317810058594,
        "test_attempts": 1,
        "vpn_restart_attempts": 0,
        "vpn_restart_duration_seconds": 3.4114456176757812,
        "connectivity_wait_duration_seconds": 2.4261057376861572,
        "source": "luna",
        "target": "lom"
    }
}