{
    "status": "success",
    "data": {
        "bitrate_kbps": {
            "min": 1916.1,
            "average": 1989.5241379310344,
            "max": 2014.5,
            "percentiles": {
                "p25": 1982.6,
                "p50": 1990.2,
                "p75": 1998.6999999999998
            }
        },
        "fps": {
            "min": 31.0,
            "average": 32.13793103448276,
            "max": 45.0,
            "percentiles": {
                "p25": 31.0,
                "p50": 31.0,
                "p75": 32.0
            }
        },
        "dropped_frames": {
            "min": 15.0,
            "average": 15.0,
            "max": 15.0,
            "percentiles": {
                "p25": 15.0,
                "p50": 15.0,
                "p75": 15.0
            }
        }
    },
    "meta": {
        "duration_seconds": 31.658790349960327,
        "test_attempts": 1,
        "vpn_restart_attempts": 0,
        "vpn_restart_duration_seconds": 3.352222204208374,
        "connectivity_wait_duration_seconds": 4.507168531417847,
        "source": "luna",
        "target": "lom"
    }
}