{
  "status": "success",
  "data": {
    "encoding": {
      "bitrate_kbps": {
        "min": 3313.8,
        "average": 3351.0241379310346,
        "max": 3506.3,
        "percentiles": {
          "p25": 3325.0,
          "p50": 3337.0,
          "p75": 3358.6000000000004
        }
      },
      "fps": {
        "min": 30.0,
        "average": 32.10344827586207,
        "max": 45.0,
        "percentiles": {
          "p25": 31.0,
          "p50": 31.0,
          "p75": 32.0
        }
      },
      "dropped_frames": {
        "min": 14.0,
        "average": 14.0,
        "max": 14.0,
        "percentiles": {
          "p25": 14.0,
          "p50": 14.0,
          "p75": 14.0
        }
      }
    },
    "network": {
      "packets_dropped": {
        "min": 0.0,
        "average": 288.51612903225805,
        "max": 359.0,
        "percentiles": {
          "p25": 257.0,
          "p50": 313.0,
          "p75": 330.0
        }
      },
      "packets_recovered": {
        "min": 0.0,
        "average": 0.0,
        "max": 0.0,
        "percentiles": {
          "p25": 0.0,
          "p50": 0.0,
          "p75": 0.0
        }
      },
      "rtt_ms": {
        "min": 4.34887884470358,
        "average": 5.0243490736347765,
        "max": 6.427914812849552,
        "percentiles": {
          "p25": 4.57024300186707,
          "p50": 4.9604539743844365,
          "p75": 5.299587022438123
        }
      },
      "quality": {
        "min": 8.0,
        "average": 13.193548387096774,
        "max": 100.0,
        "percentiles": {
          "p25": 9.0,
          "p50": 10.0,
          "p75": 12.0
        }
      },
      "bitrate_bps": {
        "min": 0.0,
        "average": 148851.4516129032,
        "max": 254264.0,
        "percentiles": {
          "p25": 144609.0,
          "p50": 153857.0,
          "p75": 163787.0
        }
      }
    }
  },
  "meta": {
    "duration_seconds": 33.599143981933594,
    "test_attempts": 1,
    "vpn_restart_attempts": 0,
    "vpn_restart_duration_seconds": 5.231220960617065,
    "connectivity_wait_duration_seconds": 3.8689019680023193,
    "source": "yuki",
    "target": "luna"
  }
}
