{
    "status": "success",
    "data": {
        "rtt_min_ms": {
            "min": 1.189,
            "average": 1.3170000000000002,
            "max": 1.445,
            "percentiles": {
                "p25": 1.125,
                "p50": 1.3170000000000002,
                "p75": 1.5090000000000001
            }
        },
        "rtt_avg_ms": {
            "min": 10.372,
            "average": 10.4165,
            "max": 10.461,
            "percentiles": {
                "p25": 10.34975,
                "p50": 10.4165,
                "p75": 10.48325
            }
        },
        "rtt_max_ms": {
            "min": 21.215,
            "average": 41.666,
            "max": 62.117,
            "percentiles": {
                "p25": 10.989500000000001,
                "p50": 41.666,
                "p75": 72.3425
            }
        },
        "rtt_mdev_ms": {
            "min": 5.216,
            "average": 6.436,
            "max": 7.656,
            "percentiles": {
                "p25": 4.606000000000001,
                "p50": 6.436,
                "p75": 8.266
            }
        },
        "packet_loss_percent": {
            "min": 0.0,
            "average": 33.333333333333336,
            "max": 100.0,
            "percentiles": {
                "p25": 0.0,
                "p50": 0.0,
                "p75": 100.0
            }
        }
    },
    "meta": {
        "duration_seconds": 62.37791585922241,
        "test_attempts": 1,
        "vpn_restart_attempts": 0,
        "vpn_restart_duration_seconds": 2.942472219467163,
        "connectivity_wait_duration_seconds": 2.158658981323242,
        "source": "luna",
        "target": "lom"
    }
}