{
    "status": "success",
    "data": {
        "encoding": {
            "bitrate_kbps": {
                "min": 3314.8,
                "average": 3356.8241379310343,
                "max": 3498.9,
                "percentiles": {
                    "p25": 3330.45,
                    "p50": 3345.2,
                    "p75": 3361.6499999999996
                }
            },
            "fps": {
                "min": 31.0,
                "average": 32.13793103448276,
                "max": 45.0,
                "percentiles": {
                    "p25": 31.0,
                    "p50": 31.0,
                    "p75": 32.0
                }
            },
            "dropped_frames": {
                "min": 15.0,
                "average": 15.0,
                "max": 15.0,
                "percentiles": {
                    "p25": 15.0,
                    "p50": 15.0,
                    "p75": 15.0
                }
            }
        },
        "network": {
            "packets_dropped": {
                "min": 0.0,
                "average": 444719.5,
                "max": 2818098.0,
                "percentiles": {
                    "p25": 0.0,
                    "p50": 0.0,
                    "p75": 524295.25
                }
            },
            "packets_recovered": {
                "min": 0.0,
                "average": 2.8214285714285716,
                "max": 50.0,
                "percentiles": {
                    "p25": 0.0,
                    "p50": 0.0,
                    "p75": 0.0
                }
            },
            "rtt_ms": {
                "min": 6.270890498110928,
                "average": 2114.9848173101714,
                "max": 3496.4595980597755,
                "percentiles": {
                    "p25": 1356.6576682879636,
                    "p50": 1575.699135479388,
                    "p75": 3390.903884098527
                }
            },
            "quality": {
                "min": 38.0,
                "average": 89.75,
                "max": 100.0,
                "percentiles": {
                    "p25": 86.75,
                    "p50": 100.0,
                    "p75": 100.0
                }
            },
            "bitrate_bps": {
                "min": 0.0,
                "average": 2667404.0,
                "max": 3401636.0,
                "percentiles": {
                    "p25": 2741652.5,
                    "p50": 2952800.0,
                    "p75": 3203292.25
                }
            }
        }
    },
    "meta": {
        "duration_seconds": 31.693395376205444,
        "test_attempts": 1,
        "vpn_restart_attempts": 0,
        "vpn_restart_duration_seconds": 1.8581175804138184,
        "connectivity_wait_duration_seconds": 4.403041839599609,
        "source": "luna",
        "target": "lom"
    }
}