{
  "status": "success",
  "data": {
    "encoding": {
      "bitrate_kbps": {
        "min": 3306.8,
        "average": 3349.9655172413795,
        "max": 3494.1,
        "percentiles": {
          "p25": 3324.45,
          "p50": 3336.0,
          "p75": 3358.2
        }
      },
      "fps": {
        "min": 30.0,
        "average": 32.06896551724138,
        "max": 45.0,
        "percentiles": {
          "p25": 31.0,
          "p50": 31.0,
          "p75": 32.0
        }
      },
      "dropped_frames": {
        "min": 16.0,
        "average": 16.0,
        "max": 16.0,
        "percentiles": {
          "p25": 16.0,
          "p50": 16.0,
          "p75": 16.0
        }
      }
    },
    "network": {
      "packets_dropped": {
        "min": 0.0,
        "average": 288.0,
        "max": 379.0,
        "percentiles": {
          "p25": 256.0,
          "p50": 303.0,
          "p75": 332.0
        }
      },
      "packets_recovered": {
        "min": 0.0,
        "average": 0.0,
        "max": 0.0,
        "percentiles": {
          "p25": 0.0,
          "p50": 0.0,
          "p75": 0.0
        }
      },
      "rtt_ms": {
        "min": 3.778560725844925,
        "average": 5.0029047239590865,
        "max": 5.835683981972387,
        "percentiles": {
          "p25": 4.724551288752626,
          "p50": 5.04557473899101,
          "p75": 5.392715677442923
        }
      },
      "quality": {
        "min": 8.0,
        "average": 13.161290322580646,
        "max": 100.0,
        "percentiles": {
          "p25": 9.0,
          "p50": 10.0,
          "p75": 12.0
        }
      },
      "bitrate_bps": {
        "min": 0.0,
        "average": 149008.90322580645,
        "max": 240949.0,
        "percentiles": {
          "p25": 149762.0,
          "p50": 152169.0,
          "p75": 164173.0
        }
      }
    }
  },
  "meta": {
    "duration_seconds": 33.62682366371155,
    "test_attempts": 1,
    "vpn_restart_attempts": 0,
    "vpn_restart_duration_seconds": 4.844391107559204,
    "connectivity_wait_duration_seconds": 3.8140034675598145,
    "source": "luna",
    "target": "lom"
  }
}
