{
    "status": "success",
    "data": {
        "rtt_min_ms": {
            "min": 1.159,
            "average": 1.2146666666666666,
            "max": 1.293,
            "percentiles": {
                "p25": 1.159,
                "p50": 1.192,
                "p75": 1.293
            }
        },
        "rtt_avg_ms": {
            "min": 1.596,
            "average": 1.599,
            "max": 1.602,
            "percentiles": {
                "p25": 1.596,
                "p50": 1.599,
                "p75": 1.602
            }
        },
        "rtt_max_ms": {
            "min": 1.804,
            "average": 1.8436666666666666,
            "max": 1.876,
            "percentiles": {
                "p25": 1.804,
                "p50": 1.851,
                "p75": 1.876
            }
        },
        "rtt_mdev_ms": {
            "min": 0.088,
            "average": 0.092,
            "max": 0.098,
            "percentiles": {
                "p25": 0.088,
                "p50": 0.09,
                "p75": 0.098
            }
        },
        "packet_loss_percent": {
            "min": 0.0,
            "average": 0.0,
            "max": 0.0,
            "percentiles": {
                "p25": 0.0,
                "p50": 0.0,
                "p75": 0.0
            }
        }
    },
    "meta": {
        "duration_seconds": 62.503013610839844,
        "test_attempts": 1,
        "vpn_restart_attempts": 0,
        "vpn_restart_duration_seconds": 1.8374292850494385,
        "connectivity_wait_duration_seconds": 9.869370937347412,
        "source": "luna",
        "target": "lom"
    }
}