{
    "status": "success",
    "data": {
        "rtt_min_ms": {
            "min": 26.03,
            "average": 26.062333333333335,
            "max": 26.09,
            "percentiles": {
                "p25": 26.03,
                "p50": 26.067,
                "p75": 26.09
            }
        },
        "rtt_avg_ms": {
            "min": 26.36,
            "average": 26.470666666666666,
            "max": 26.653,
            "percentiles": {
                "p25": 26.36,
                "p50": 26.399,
                "p75": 26.653
            }
        },
        "rtt_max_ms": {
            "min": 26.546,
            "average": 30.322333333333333,
            "max": 34.952,
            "percentiles": {
                "p25": 26.546,
                "p50": 29.469,
                "p75": 34.952
            }
        },
        "rtt_mdev_ms": {
            "min": 0.081,
            "average": 0.435,
            "max": 0.908,
            "percentiles": {
                "p25": 0.081,
                "p50": 0.316,
                "p75": 0.908
            }
        },
        "packet_loss_percent": {
            "min": 0.0,
            "average": 0.0,
            "max": 0.0,
            "percentiles": {
                "p25": 0.0,
                "p50": 0.0,
                "p75": 0.0
            }
        }
    },
    "meta": {
        "duration_seconds": 60.8247287273407,
        "test_attempts": 1,
        "vpn_restart_attempts": 0,
        "source": "luna",
        "target": "lom"
    }
}