{
    "status": "success",
    "data": {
        "total_bandwidth_mbps": {
            "min": 292.4,
            "average": 397.9786,
            "max": 577.42,
            "percentiles": {
                "p25": 362.215,
                "p50": 389.32,
                "p75": 429.74749999999995
            }
        },
        "cpu_usage_percent": {
            "min": 1.22,
            "average": 16.145336134453782,
            "max": 24.74,
            "percentiles": {
                "p25": 13.54,
                "p50": 16.67,
                "p75": 19.44
            }
        },
        "ttfb_ms": {
            "min": 112.0,
            "average": 132.875,
            "max": 160.0,
            "percentiles": {
                "p25": 118.25,
                "p50": 137.5,
                "p75": 139.75
            }
        },
        "conn_time_ms": {
            "min": 61.0,
            "average": 72.5,
            "max": 87.0,
            "percentiles": {
                "p25": 62.75,
                "p50": 67.5,
                "p75": 85.5
            }
        }
    },
    "meta": {
        "duration_seconds": 39.569705963134766,
        "test_attempts": 1,
        "vpn_restart_attempts": 0,
        "source": "luna",
        "target": "lom"
    }
}