{
    "status": "success",
    "data": {
        "total_bandwidth_mbps": {
            "min": 358.31559999999996,
            "average": 734.70115,
            "max": 801.9259999999999,
            "percentiles": {
                "p25": 702.02225,
                "p50": 784.6255,
                "p75": 794.27575
            }
        },
        "cpu_usage_percent": {
            "min": 4.55,
            "average": 20.671375,
            "max": 67.68,
            "percentiles": {
                "p25": 17.35,
                "p50": 20.62,
                "p75": 24.412499999999998
            }
        },
        "ttfb_ms": {
            "min": 14.0,
            "average": 80.5,
            "max": 202.0,
            "percentiles": {
                "p25": 15.25,
                "p50": 58.0,
                "p75": 152.75
            }
        },
        "conn_time_ms": {
            "min": 11.0,
            "average": 30.625,
            "max": 54.0,
            "percentiles": {
                "p25": 13.0,
                "p50": 29.0,
                "p75": 49.0
            }
        }
    },
    "meta": {
        "duration_seconds": 33.26469278335571,
        "test_attempts": 1,
        "vpn_restart_attempts": 0,
        "vpn_restart_duration_seconds": 1.850010633468628,
        "connectivity_wait_duration_seconds": 69.96578121185303,
        "source": "luna",
        "target": "lom"
    }
}