{
    "status": "success",
    "data": {
        "rtt_min_ms": {
            "min": 1.228,
            "average": 1.286,
            "max": 1.37,
            "percentiles": {
                "p25": 1.228,
                "p50": 1.26,
                "p75": 1.37
            }
        },
        "rtt_avg_ms": {
            "min": 10.022,
            "average": 10.485,
            "max": 10.956,
            "percentiles": {
                "p25": 10.022,
                "p50": 10.477,
                "p75": 10.956
            }
        },
        "rtt_max_ms": {
            "min": 21.065,
            "average": 22.200333333333333,
            "max": 23.072,
            "percentiles": {
                "p25": 21.065,
                "p50": 22.464,
                "p75": 23.072
            }
        },
        "rtt_mdev_ms": {
            "min": 5.233,
            "average": 5.321,
            "max": 5.415,
            "percentiles": {
                "p25": 5.233,
                "p50": 5.315,
                "p75": 5.415
            }
        },
        "packet_loss_percent": {
            "min": 0.0,
            "average": 2.0,
            "max": 6.0,
            "percentiles": {
                "p25": 0.0,
                "p50": 0.0,
                "p75": 6.0
            }
        }
    },
    "meta": {
        "duration_seconds": 61.10339331626892,
        "test_attempts": 1,
        "vpn_restart_attempts": 0,
        "vpn_restart_duration_seconds": 1.9613244533538818,
        "connectivity_wait_duration_seconds": 2.3561508655548096,
        "source": "yuki",
        "target": "luna"
    }
}