{
  "status": "success",
  "data": {
    "bitrate_kbps": {
      "min": 1909.1,
      "average": 1987.8896551724138,
      "max": 2011.9,
      "percentiles": {
        "p25": 1983.1,
        "p50": 1989.7,
        "p75": 1995.35
      }
    },
    "fps": {
      "min": 31.0,
      "average": 32.13793103448276,
      "max": 45.0,
      "percentiles": {
        "p25": 31.0,
        "p50": 31.0,
        "p75": 32.0
      }
    },
    "dropped_frames": {
      "min": 15.0,
      "average": 15.0,
      "max": 15.0,
      "percentiles": {
        "p25": 15.0,
        "p50": 15.0,
        "p75": 15.0
      }
    }
  },
  "meta": {
    "duration_seconds": 32.515093088150024,
    "test_attempts": 1,
    "vpn_restart_attempts": 0,
    "vpn_restart_duration_seconds": 1.8766896724700928,
    "connectivity_wait_duration_seconds": 2.8496601581573486,
    "source": "yuki",
    "target": "luna"
  }
}
