{
  "status": "success",
  "data": {
    "total_bandwidth_mbps": {
      "min": 91.90999999999998,
      "average": 93.58733333333333,
      "max": 94.91,
      "percentiles": {
        "p25": 93.07749999999999,
        "p50": 93.555,
        "p75": 94.29500000000002
      }
    },
    "cpu_usage_percent": {
      "min": 1.14,
      "average": 5.534625,
      "max": 20.83,
      "percentiles": {
        "p25": 4.04,
        "p50": 5.0,
        "p75": 6.06
      }
    },
    "ttfb_ms": {
      "min": 16.0,
      "average": 23.75,
      "max": 36.0,
      "percentiles": {
        "p25": 17.25,
        "p50": 22.0,
        "p75": 32.25
      }
    },
    "conn_time_ms": {
      "min": 13.0,
      "average": 20.875,
      "max": 34.0,
      "percentiles": {
        "p25": 14.5,
        "p50": 19.0,
        "p75": 29.0
      }
    }
  },
  "meta": {
    "duration_seconds": 31.45161771774292,
    "test_attempts": 1,
    "vpn_restart_attempts": 0,
    "vpn_restart_duration_seconds": 7.0357396602630615,
    "connectivity_wait_duration_seconds": 3.947617769241333,
    "source": "luna",
    "target": "lom"
  }
}
