{
    "status": "success",
    "data": {
        "rtt_min_ms": {
            "min": 0.451,
            "average": 0.49233333333333335,
            "max": 0.552,
            "percentiles": {
                "p25": 0.451,
                "p50": 0.474,
                "p75": 0.552
            }
        },
        "rtt_avg_ms": {
            "min": 8.92,
            "average": 9.881666666666666,
            "max": 10.464,
            "percentiles": {
                "p25": 8.92,
                "p50": 10.261,
                "p75": 10.464
            }
        },
        "rtt_max_ms": {
            "min": 20.296,
            "average": 21.418666666666667,
            "max": 22.609,
            "percentiles": {
                "p25": 20.296,
                "p50": 21.351,
                "p75": 22.609
            }
        },
        "rtt_mdev_ms": {
            "min": 5.077,
            "average": 5.215333333333334,
            "max": 5.426,
            "percentiles": {
                "p25": 5.077,
                "p50": 5.143,
                "p75": 5.426
            }
        },
        "packet_loss_percent": {
            "min": 1.0,
            "average": 3.0,
            "max": 5.0,
            "percentiles": {
                "p25": 1.0,
                "p50": 3.0,
                "p75": 5.0
            }
        }
    },
    "meta": {
        "duration_seconds": 61.623616456985474,
        "test_attempts": 1,
        "vpn_restart_attempts": 0,
        "vpn_restart_duration_seconds": 0.0,
        "connectivity_wait_duration_seconds": 0.0,
        "source": "luna",
        "target": "lom"
    }
}