{
  "status": "success",
  "data": {
    "encoding": {
      "bitrate_kbps": {
        "min": 3307.8,
        "average": 3348.2034482758622,
        "max": 3494.7,
        "percentiles": {
          "p25": 3321.7,
          "p50": 3335.9,
          "p75": 3356.3999999999996
        }
      },
      "fps": {
        "min": 31.0,
        "average": 32.13793103448276,
        "max": 45.0,
        "percentiles": {
          "p25": 31.0,
          "p50": 31.0,
          "p75": 32.0
        }
      },
      "dropped_frames": {
        "min": 15.0,
        "average": 15.0,
        "max": 15.0,
        "percentiles": {
          "p25": 15.0,
          "p50": 15.0,
          "p75": 15.0
        }
      }
    },
    "network": {
      "packets_dropped": {
        "min": 0.0,
        "average": 0.0,
        "max": 0.0,
        "percentiles": {
          "p25": 0.0,
          "p50": 0.0,
          "p75": 0.0
        }
      },
      "packets_recovered": {
        "min": 0.0,
        "average": 40.74193548387097,
        "max": 133.0,
        "percentiles": {
          "p25": 26.0,
          "p50": 35.0,
          "p75": 53.0
        }
      },
      "rtt_ms": {
        "min": 5.958228375212196,
        "average": 12.329333085416248,
        "max": 15.925343722082149,
        "percentiles": {
          "p25": 11.527234114953618,
          "p50": 12.418356008323231,
          "p75": 13.514113234164547
        }
      },
      "quality": {
        "min": 78.0,
        "average": 89.12903225806451,
        "max": 100.0,
        "percentiles": {
          "p25": 86.0,
          "p50": 90.0,
          "p75": 92.0
        }
      },
      "bitrate_bps": {
        "min": 0.0,
        "average": 3157209.64516129,
        "max": 5210992.0,
        "percentiles": {
          "p25": 2863769.0,
          "p50": 3518821.0,
          "p75": 3615041.0
        }
      }
    }
  },
  "meta": {
    "duration_seconds": 32.05144119262695,
    "test_attempts": 1,
    "vpn_restart_attempts": 0,
    "vpn_restart_duration_seconds": 0.0,
    "connectivity_wait_duration_seconds": 0.0,
    "source": "luna",
    "target": "lom"
  }
}
