{
    "status": "success",
    "data": {
        "rtt_min_ms": {
            "min": 1.285,
            "average": 1.297,
            "max": 1.31,
            "percentiles": {
                "p25": 1.285,
                "p50": 1.296,
                "p75": 1.31
            }
        },
        "rtt_avg_ms": {
            "min": 9.669,
            "average": 10.237,
            "max": 10.553,
            "percentiles": {
                "p25": 9.669,
                "p50": 10.489,
                "p75": 10.553
            }
        },
        "rtt_max_ms": {
            "min": 20.479,
            "average": 22.369,
            "max": 23.455,
            "percentiles": {
                "p25": 20.479,
                "p50": 23.173,
                "p75": 23.455
            }
        },
        "rtt_mdev_ms": {
            "min": 4.725,
            "average": 5.0136666666666665,
            "max": 5.439,
            "percentiles": {
                "p25": 4.725,
                "p50": 4.877,
                "p75": 5.439
            }
        },
        "packet_loss_percent": {
            "min": 2.0,
            "average": 3.6666666666666665,
            "max": 5.0,
            "percentiles": {
                "p25": 2.0,
                "p50": 4.0,
                "p75": 5.0
            }
        }
    },
    "meta": {
        "duration_seconds": 61.49591135978699,
        "test_attempts": 1,
        "vpn_restart_attempts": 0,
        "vpn_restart_duration_seconds": 6.846679210662842,
        "connectivity_wait_duration_seconds": 2.379777193069458,
        "source": "yuki",
        "target": "luna"
    }
}