{
  "status": "success",
  "data": {
    "rtt_min_ms": {
      "min": 1.12,
      "average": 1.256,
      "max": 1.335,
      "percentiles": {
        "p25": 1.12,
        "p50": 1.313,
        "p75": 1.335
      }
    },
    "rtt_avg_ms": {
      "min": 9.937,
      "average": 10.121,
      "max": 10.23,
      "percentiles": {
        "p25": 9.937,
        "p50": 10.196,
        "p75": 10.23
      }
    },
    "rtt_max_ms": {
      "min": 20.856,
      "average": 21.587,
      "max": 22.0,
      "percentiles": {
        "p25": 20.856,
        "p50": 21.905,
        "p75": 22.0
      }
    },
    "rtt_mdev_ms": {
      "min": 5.058,
      "average": 5.242333333333333,
      "max": 5.449,
      "percentiles": {
        "p25": 5.058,
        "p50": 5.22,
        "p75": 5.449
      }
    },
    "packet_loss_percent": {
      "min": 0.0,
      "average": 1.0,
      "max": 2.0,
      "percentiles": {
        "p25": 0.0,
        "p50": 1.0,
        "p75": 2.0
      }
    }
  },
  "meta": {
    "duration_seconds": 61.3337037563324,
    "test_attempts": 1,
    "vpn_restart_attempts": 0,
    "vpn_restart_duration_seconds": 5.700855016708374,
    "connectivity_wait_duration_seconds": 2.5697567462921143,
    "source": "yuki",
    "target": "luna"
  }
}
