{
  "status": "success",
  "data": {
    "rtt_min_ms": {
      "min": 1.352,
      "average": 1.3966666666666667,
      "max": 1.473,
      "percentiles": {
        "p25": 1.352,
        "p50": 1.365,
        "p75": 1.473
      }
    },
    "rtt_avg_ms": {
      "min": 10.222,
      "average": 10.534,
      "max": 10.842,
      "percentiles": {
        "p25": 10.222,
        "p50": 10.538,
        "p75": 10.842
      }
    },
    "rtt_max_ms": {
      "min": 22.629,
      "average": 23.060666666666666,
      "max": 23.729,
      "percentiles": {
        "p25": 22.629,
        "p50": 22.824,
        "p75": 23.729
      }
    },
    "rtt_mdev_ms": {
      "min": 4.965,
      "average": 5.204666666666666,
      "max": 5.36,
      "percentiles": {
        "p25": 4.965,
        "p50": 5.289,
        "p75": 5.36
      }
    },
    "packet_loss_percent": {
      "min": 0.0,
      "average": 2.0,
      "max": 4.0,
      "percentiles": {
        "p25": 0.0,
        "p50": 2.0,
        "p75": 4.0
      }
    }
  },
  "meta": {
    "duration_seconds": 61.256938457489014,
    "test_attempts": 1,
    "vpn_restart_attempts": 0,
    "vpn_restart_duration_seconds": 6.814849376678467,
    "connectivity_wait_duration_seconds": 2.435842752456665,
    "source": "yuki",
    "target": "luna"
  }
}
