{
    "status": "success",
    "data": {
        "total_bandwidth_mbps": {
            "min": 36.897999999999996,
            "average": 38.75483333333334,
            "max": 40.24,
            "percentiles": {
                "p25": 38.2865,
                "p50": 38.751,
                "p75": 39.246500000000005
            }
        },
        "cpu_usage_percent": {
            "min": 0.0,
            "average": 3.0212499999999998,
            "max": 23.16,
            "percentiles": {
                "p25": 2.02,
                "p50": 3.0,
                "p75": 3.19
            }
        },
        "ttfb_ms": {
            "min": 33.0,
            "average": 51.25,
            "max": 87.0,
            "percentiles": {
                "p25": 39.25,
                "p50": 49.0,
                "p75": 58.25
            }
        },
        "conn_time_ms": {
            "min": 32.0,
            "average": 46.75,
            "max": 77.0,
            "percentiles": {
                "p25": 38.25,
                "p50": 43.0,
                "p75": 51.0
            }
        }
    },
    "meta": {
        "duration_seconds": 32.13677954673767,
        "test_attempts": 1,
        "vpn_restart_attempts": 0,
        "vpn_restart_duration_seconds": 7.235799789428711,
        "connectivity_wait_duration_seconds": 6.089167833328247,
        "source": "yuki",
        "target": "luna"
    }
}