{
  "status": "success",
  "data": {
    "rtt_min_ms": {
      "min": 1.795,
      "average": 2.0403333333333333,
      "max": 2.287,
      "percentiles": {
        "p25": 1.795,
        "p50": 2.039,
        "p75": 2.287
      }
    },
    "rtt_avg_ms": {
      "min": 5.244,
      "average": 5.617666666666667,
      "max": 5.805,
      "percentiles": {
        "p25": 5.244,
        "p50": 5.804,
        "p75": 5.805
      }
    },
    "rtt_max_ms": {
      "min": 8.938,
      "average": 9.278333333333334,
      "max": 9.49,
      "percentiles": {
        "p25": 8.938,
        "p50": 9.407,
        "p75": 9.49
      }
    },
    "rtt_mdev_ms": {
      "min": 1.608,
      "average": 1.6646666666666667,
      "max": 1.702,
      "percentiles": {
        "p25": 1.608,
        "p50": 1.684,
        "p75": 1.702
      }
    },
    "packet_loss_percent": {
      "min": 0.0,
      "average": 0.3333333333333333,
      "max": 1.0,
      "percentiles": {
        "p25": 0.0,
        "p50": 0.0,
        "p75": 1.0
      }
    }
  },
  "meta": {
    "duration_seconds": 60.990219593048096,
    "test_attempts": 1,
    "vpn_restart_attempts": 0,
    "vpn_restart_duration_seconds": 6.856770277023315,
    "connectivity_wait_duration_seconds": 1.9465916156768799,
    "source": "yuki",
    "target": "luna"
  }
}
