{
    "status": "success",
    "data": {
        "encoding": {
            "bitrate_kbps": {
                "min": 3313.7,
                "average": 3350.4862068965517,
                "max": 3499.5,
                "percentiles": {
                    "p25": 3323.25,
                    "p50": 3335.9,
                    "p75": 3358.8
                }
            },
            "fps": {
                "min": 30.0,
                "average": 32.06896551724138,
                "max": 44.0,
                "percentiles": {
                    "p25": 31.0,
                    "p50": 31.0,
                    "p75": 32.0
                }
            },
            "dropped_frames": {
                "min": 16.0,
                "average": 16.0,
                "max": 16.0,
                "percentiles": {
                    "p25": 16.0,
                    "p50": 16.0,
                    "p75": 16.0
                }
            }
        },
        "network": {
            "packets_dropped": {
                "min": 0.0,
                "average": 1790.1290322580646,
                "max": 55494.0,
                "percentiles": {
                    "p25": 0.0,
                    "p50": 0.0,
                    "p75": 0.0
                }
            },
            "packets_recovered": {
                "min": 0.0,
                "average": 1.2903225806451613,
                "max": 4.0,
                "percentiles": {
                    "p25": 0.0,
                    "p50": 1.0,
                    "p75": 3.0
                }
            },
            "rtt_ms": {
                "min": 5.52779020188048,
                "average": 7.830736062886269,
                "max": 9.206321142863263,
                "percentiles": {
                    "p25": 7.183611829846423,
                    "p50": 7.842976936726172,
                    "p75": 8.494674726255173
                }
            },
            "quality": {
                "min": 98.0,
                "average": 99.25806451612904,
                "max": 100.0,
                "percentiles": {
                    "p25": 99.0,
                    "p50": 99.0,
                    "p75": 100.0
                }
            },
            "bitrate_bps": {
                "min": 0.0,
                "average": 3153779.64516129,
                "max": 5121609.0,
                "percentiles": {
                    "p25": 2906317.0,
                    "p50": 3500048.0,
                    "p75": 3601196.0
                }
            }
        }
    },
    "meta": {
        "duration_seconds": 31.76524019241333,
        "test_attempts": 1,
        "vpn_restart_attempts": 0,
        "vpn_restart_duration_seconds": 6.5560832023620605,
        "connectivity_wait_duration_seconds": 3.9550020694732666,
        "source": "yuki",
        "target": "luna"
    }
}