{
  "status": "success",
  "data": {
    "total_bandwidth_mbps": {
      "min": 119.18,
      "average": 293.87142857142857,
      "max": 372.48999999999995,
      "percentiles": {
        "p25": 281.29999999999995,
        "p50": 313.65,
        "p75": 340.23
      }
    },
    "cpu_usage_percent": {
      "min": 19.79,
      "average": 57.274857142857144,
      "max": 76.4,
      "percentiles": {
        "p25": 52.59250000000001,
        "p50": 60.44,
        "p75": 66.67
      }
    },
    "ttfb_ms": {
      "min": 23.0,
      "average": 27.5,
      "max": 31.0,
      "percentiles": {
        "p25": 24.25,
        "p50": 28.0,
        "p75": 30.25
      }
    },
    "conn_time_ms": {
      "min": 22.0,
      "average": 26.5,
      "max": 30.0,
      "percentiles": {
        "p25": 23.25,
        "p50": 27.0,
        "p75": 29.25
      }
    }
  },
  "meta": {
    "duration_seconds": 31.010030031204224,
    "test_attempts": 1,
    "vpn_restart_attempts": 0
  }
}
