{
    "status": "success",
    "data": {
        "rtt_min_ms": {
            "min": 1.812,
            "average": 1.9046666666666667,
            "max": 2.031,
            "percentiles": {
                "p25": 1.812,
                "p50": 1.871,
                "p75": 2.031
            }
        },
        "rtt_avg_ms": {
            "min": 11.721,
            "average": 12.080666666666666,
            "max": 12.587,
            "percentiles": {
                "p25": 11.721,
                "p50": 11.934,
                "p75": 12.587
            }
        },
        "rtt_max_ms": {
            "min": 61.689,
            "average": 68.05133333333333,
            "max": 72.636,
            "percentiles": {
                "p25": 61.689,
                "p50": 69.829,
                "p75": 72.636
            }
        },
        "rtt_mdev_ms": {
            "min": 8.046,
            "average": 8.558,
            "max": 9.4,
            "percentiles": {
                "p25": 8.046,
                "p50": 8.228,
                "p75": 9.4
            }
        },
        "packet_loss_percent": {
            "min": 0.0,
            "average": 0.0,
            "max": 0.0,
            "percentiles": {
                "p25": 0.0,
                "p50": 0.0,
                "p75": 0.0
            }
        }
    },
    "meta": {
        "duration_seconds": 61.22108054161072,
        "test_attempts": 1,
        "vpn_restart_attempts": 0,
        "vpn_restart_duration_seconds": 1.6696627140045166,
        "connectivity_wait_duration_seconds": 4.372253656387329,
        "source": "luna",
        "target": "lom"
    }
}