{
    "status": "success",
    "data": {
        "rtt_min_ms": {
            "min": 1.719,
            "average": 1.9523333333333333,
            "max": 2.076,
            "percentiles": {
                "p25": 1.719,
                "p50": 2.062,
                "p75": 2.076
            }
        },
        "rtt_avg_ms": {
            "min": 12.182,
            "average": 12.301333333333334,
            "max": 12.371,
            "percentiles": {
                "p25": 12.182,
                "p50": 12.351,
                "p75": 12.371
            }
        },
        "rtt_max_ms": {
            "min": 64.477,
            "average": 69.59866666666667,
            "max": 74.769,
            "percentiles": {
                "p25": 64.477,
                "p50": 69.55,
                "p75": 74.769
            }
        },
        "rtt_mdev_ms": {
            "min": 7.2,
            "average": 9.050333333333333,
            "max": 10.258,
            "percentiles": {
                "p25": 7.2,
                "p50": 9.693,
                "p75": 10.258
            }
        },
        "packet_loss_percent": {
            "min": 0.0,
            "average": 0.0,
            "max": 0.0,
            "percentiles": {
                "p25": 0.0,
                "p50": 0.0,
                "p75": 0.0
            }
        }
    },
    "meta": {
        "duration_seconds": 60.92801642417908,
        "test_attempts": 1,
        "vpn_restart_attempts": 0,
        "vpn_restart_duration_seconds": 1.4313476085662842,
        "connectivity_wait_duration_seconds": 6.339979887008667,
        "source": "luna",
        "target": "lom"
    }
}