{
  "status": "success",
  "data": {
    "rtt_min_ms": {
      "min": 1.897,
      "average": 1.9473333333333334,
      "max": 2.041,
      "percentiles": {
        "p25": 1.897,
        "p50": 1.904,
        "p75": 2.041
      }
    },
    "rtt_avg_ms": {
      "min": 11.222,
      "average": 11.719,
      "max": 12.267,
      "percentiles": {
        "p25": 11.222,
        "p50": 11.668,
        "p75": 12.267
      }
    },
    "rtt_max_ms": {
      "min": 56.835,
      "average": 62.569,
      "max": 69.501,
      "percentiles": {
        "p25": 56.835,
        "p50": 61.371,
        "p75": 69.501
      }
    },
    "rtt_mdev_ms": {
      "min": 6.725,
      "average": 7.774666666666667,
      "max": 9.769,
      "percentiles": {
        "p25": 6.725,
        "p50": 6.83,
        "p75": 9.769
      }
    },
    "packet_loss_percent": {
      "min": 0.0,
      "average": 0.0,
      "max": 0.0,
      "percentiles": {
        "p25": 0.0,
        "p50": 0.0,
        "p75": 0.0
      }
    }
  },
  "meta": {
    "duration_seconds": 60.918124198913574,
    "test_attempts": 1,
    "vpn_restart_attempts": 0,
    "vpn_restart_duration_seconds": 2.2492117881774902,
    "connectivity_wait_duration_seconds": 6.244696140289307,
    "source": "luna",
    "target": "lom"
  }
}
