{
  "status": "success",
  "data": {
    "total_bandwidth_mbps": {
      "min": 2.5482,
      "average": 3.187518,
      "max": 3.6366,
      "percentiles": {
        "p25": 3.043225,
        "p50": 3.23955,
        "p75": 3.3421975
      }
    },
    "cpu_usage_percent": {
      "min": 0.0,
      "average": 3.7046666666666668,
      "max": 8.25,
      "percentiles": {
        "p25": 3.06,
        "p50": 3.9699999999999998,
        "p75": 4.199999999999999
      }
    },
    "ttfb_ms": {
      "min": 80.0,
      "average": 222.625,
      "max": 509.0,
      "percentiles": {
        "p25": 98.75,
        "p50": 150.5,
        "p75": 369.0
      }
    },
    "conn_time_ms": {
      "min": 36.0,
      "average": 81.25,
      "max": 320.0,
      "percentiles": {
        "p25": 39.5,
        "p50": 43.5,
        "p75": 66.25
      }
    }
  },
  "meta": {
    "duration_seconds": 32.8071722984314,
    "test_attempts": 1,
    "vpn_restart_attempts": 0,
    "vpn_restart_duration_seconds": 1.682774543762207,
    "connectivity_wait_duration_seconds": 246.55879664421082,
    "source": "luna",
    "target": "lom"
  }
}
