{
    "status": "success",
    "data": {
        "rtt_min_ms": {
            "min": 1.617,
            "average": 1.7446666666666666,
            "max": 1.849,
            "percentiles": {
                "p25": 1.617,
                "p50": 1.768,
                "p75": 1.849
            }
        },
        "rtt_avg_ms": {
            "min": 10.687,
            "average": 11.228666666666667,
            "max": 11.526,
            "percentiles": {
                "p25": 10.687,
                "p50": 11.473,
                "p75": 11.526
            }
        },
        "rtt_max_ms": {
            "min": 23.058,
            "average": 53.192,
            "max": 75.131,
            "percentiles": {
                "p25": 23.058,
                "p50": 61.387,
                "p75": 75.131
            }
        },
        "rtt_mdev_ms": {
            "min": 5.465,
            "average": 8.783666666666667,
            "max": 11.193,
            "percentiles": {
                "p25": 5.465,
                "p50": 9.693,
                "p75": 11.193
            }
        },
        "packet_loss_percent": {
            "min": 0.0,
            "average": 0.0,
            "max": 0.0,
            "percentiles": {
                "p25": 0.0,
                "p50": 0.0,
                "p75": 0.0
            }
        }
    },
    "meta": {
        "duration_seconds": 60.91863656044006,
        "test_attempts": 1,
        "vpn_restart_attempts": 0,
        "vpn_restart_duration_seconds": 3.179849624633789,
        "connectivity_wait_duration_seconds": 2.1303932666778564,
        "source": "yuki",
        "target": "luna"
    }
}