{
  "status": "success",
  "data": {
    "encoding": {
      "bitrate_kbps": {
        "min": 3319.4,
        "average": 3360.520689655172,
        "max": 3510.3,
        "percentiles": {
          "p25": 3330.3,
          "p50": 3341.7,
          "p75": 3374.9
        }
      },
      "fps": {
        "min": 30.0,
        "average": 32.10344827586207,
        "max": 45.0,
        "percentiles": {
          "p25": 31.0,
          "p50": 31.0,
          "p75": 32.0
        }
      },
      "dropped_frames": {
        "min": 15.0,
        "average": 15.0,
        "max": 15.0,
        "percentiles": {
          "p25": 15.0,
          "p50": 15.0,
          "p75": 15.0
        }
      }
    },
    "network": {
      "packets_dropped": {
        "min": 0.0,
        "average": 54609.833333333336,
        "max": 917535.0,
        "percentiles": {
          "p25": 0.0,
          "p50": 0.0,
          "p75": 2.0
        }
      },
      "packets_recovered": {
        "min": 0.0,
        "average": 5.666666666666667,
        "max": 69.0,
        "percentiles": {
          "p25": 0.0,
          "p50": 0.0,
          "p75": 0.0
        }
      },
      "rtt_ms": {
        "min": 5.898922244338548,
        "average": 1767.7765089590134,
        "max": 3381.459447010885,
        "percentiles": {
          "p25": 868.4225374214168,
          "p50": 1754.7423773279284,
          "p75": 2533.046143966298
        }
      },
      "quality": {
        "min": 21.0,
        "average": 90.44444444444444,
        "max": 100.0,
        "percentiles": {
          "p25": 98.0,
          "p50": 100.0,
          "p75": 100.0
        }
      },
      "bitrate_bps": {
        "min": 0.0,
        "average": 1575129.0555555555,
        "max": 3509459.0,
        "percentiles": {
          "p25": 0.0,
          "p50": 1898610.0,
          "p75": 2774501.0
        }
      }
    }
  },
  "meta": {
    "duration_seconds": 33.274003982543945,
    "test_attempts": 1,
    "vpn_restart_attempts": 0,
    "vpn_restart_duration_seconds": 4.406987905502319,
    "connectivity_wait_duration_seconds": 2.3168811798095703,
    "source": "yuki",
    "target": "luna"
  }
}
