{
    "status": "success",
    "data": {
        "encoding": {
            "bitrate_kbps": {
                "min": 3318.6,
                "average": 3356.744827586207,
                "max": 3503.9,
                "percentiles": {
                    "p25": 3331.2,
                    "p50": 3341.5,
                    "p75": 3369.35
                }
            },
            "fps": {
                "min": 31.0,
                "average": 32.10344827586207,
                "max": 45.0,
                "percentiles": {
                    "p25": 31.0,
                    "p50": 31.0,
                    "p75": 32.0
                }
            },
            "dropped_frames": {
                "min": 15.0,
                "average": 15.0,
                "max": 15.0,
                "percentiles": {
                    "p25": 15.0,
                    "p50": 15.0,
                    "p75": 15.0
                }
            }
        },
        "network": {
            "packets_dropped": {
                "min": 0.0,
                "average": 288.64516129032256,
                "max": 371.0,
                "percentiles": {
                    "p25": 257.0,
                    "p50": 323.0,
                    "p75": 330.0
                }
            },
            "packets_recovered": {
                "min": 0.0,
                "average": 0.0,
                "max": 0.0,
                "percentiles": {
                    "p25": 0.0,
                    "p50": 0.0,
                    "p75": 0.0
                }
            },
            "rtt_ms": {
                "min": 4.403081676762592,
                "average": 5.022108272873657,
                "max": 5.9566326993897745,
                "percentiles": {
                    "p25": 4.652382864641335,
                    "p50": 4.963685431110414,
                    "p75": 5.394784843515677
                }
            },
            "quality": {
                "min": 8.0,
                "average": 13.064516129032258,
                "max": 100.0,
                "percentiles": {
                    "p25": 9.0,
                    "p50": 10.0,
                    "p75": 12.0
                }
            },
            "bitrate_bps": {
                "min": 0.0,
                "average": 152851.1935483871,
                "max": 283910.0,
                "percentiles": {
                    "p25": 147012.0,
                    "p50": 154830.0,
                    "p75": 165300.0
                }
            }
        }
    },
    "meta": {
        "duration_seconds": 33.428520917892456,
        "test_attempts": 1,
        "vpn_restart_attempts": 0,
        "vpn_restart_duration_seconds": 6.492221117019653,
        "connectivity_wait_duration_seconds": 3.864863157272339,
        "source": "luna",
        "target": "lom"
    }
}