{
    "status": "success",
    "data": {
        "rtt_min_ms": {
            "min": 1.145,
            "average": 1.2353333333333334,
            "max": 1.321,
            "percentiles": {
                "p25": 1.145,
                "p50": 1.24,
                "p75": 1.321
            }
        },
        "rtt_avg_ms": {
            "min": 15.702,
            "average": 15.983666666666668,
            "max": 16.19,
            "percentiles": {
                "p25": 15.702,
                "p50": 16.059,
                "p75": 16.19
            }
        },
        "rtt_max_ms": {
            "min": 34.452,
            "average": 36.407333333333334,
            "max": 38.691,
            "percentiles": {
                "p25": 34.452,
                "p50": 36.079,
                "p75": 38.691
            }
        },
        "rtt_mdev_ms": {
            "min": 8.872,
            "average": 9.027666666666667,
            "max": 9.125,
            "percentiles": {
                "p25": 8.872,
                "p50": 9.086,
                "p75": 9.125
            }
        },
        "packet_loss_percent": {
            "min": 1.0,
            "average": 3.0,
            "max": 6.0,
            "percentiles": {
                "p25": 1.0,
                "p50": 2.0,
                "p75": 6.0
            }
        }
    },
    "meta": {
        "duration_seconds": 61.63850140571594,
        "test_attempts": 1,
        "vpn_restart_attempts": 0,
        "vpn_restart_duration_seconds": 2.528045177459717,
        "connectivity_wait_duration_seconds": 4.66766619682312,
        "source": "yuki",
        "target": "luna"
    }
}