{
    "status": "success",
    "data": {
        "total_bandwidth_mbps": {
            "min": 21.962999999999997,
            "average": 23.649266666666666,
            "max": 25.426,
            "percentiles": {
                "p25": 23.13075,
                "p50": 23.58,
                "p75": 24.197000000000003
            }
        },
        "cpu_usage_percent": {
            "min": 0.0,
            "average": 2.6079166666666667,
            "max": 15.46,
            "percentiles": {
                "p25": 1.02,
                "p50": 2.02,
                "p75": 3.03
            }
        },
        "ttfb_ms": {
            "min": 32.0,
            "average": 94.625,
            "max": 228.0,
            "percentiles": {
                "p25": 49.25,
                "p50": 80.0,
                "p75": 125.0
            }
        },
        "conn_time_ms": {
            "min": 32.0,
            "average": 90.625,
            "max": 226.0,
            "percentiles": {
                "p25": 42.0,
                "p50": 74.0,
                "p75": 123.75
            }
        }
    },
    "meta": {
        "duration_seconds": 32.008169412612915,
        "test_attempts": 1,
        "vpn_restart_attempts": 0,
        "vpn_restart_duration_seconds": 2.1238505840301514,
        "connectivity_wait_duration_seconds": 4.665865182876587,
        "source": "yuki",
        "target": "luna"
    }
}