{
    "status": "success",
    "data": {
        "bitrate_kbps": {
            "min": 1910.1,
            "average": 1988.7758620689656,
            "max": 2013.2,
            "percentiles": {
                "p25": 1982.1,
                "p50": 1989.8,
                "p75": 1998.2
            }
        },
        "fps": {
            "min": 31.0,
            "average": 32.13793103448276,
            "max": 45.0,
            "percentiles": {
                "p25": 31.0,
                "p50": 31.0,
                "p75": 32.0
            }
        },
        "dropped_frames": {
            "min": 15.0,
            "average": 15.0,
            "max": 15.0,
            "percentiles": {
                "p25": 15.0,
                "p50": 15.0,
                "p75": 15.0
            }
        }
    },
    "meta": {
        "duration_seconds": 31.70646381378174,
        "test_attempts": 1,
        "vpn_restart_attempts": 0,
        "vpn_restart_duration_seconds": 2.177417755126953,
        "connectivity_wait_duration_seconds": 2.4808826446533203,
        "source": "yuki",
        "target": "luna"
    }
}