{
  "status": "success",
  "data": {
    "total_bandwidth_mbps": {
      "min": 2.931,
      "average": 3.7853566666666665,
      "max": 5.426799999999999,
      "percentiles": {
        "p25": 3.479425,
        "p50": 3.7474999999999996,
        "p75": 4.08535
      }
    },
    "cpu_usage_percent": {
      "min": 2.06,
      "average": 3.4928333333333335,
      "max": 5.1,
      "percentiles": {
        "p25": 3.06,
        "p50": 3.12,
        "p75": 4.08
      }
    },
    "ttfb_ms": {
      "min": 33.0,
      "average": 269.75,
      "max": 906.0,
      "percentiles": {
        "p25": 35.25,
        "p50": 70.0,
        "p75": 704.0
      }
    },
    "conn_time_ms": {
      "min": 22.0,
      "average": 230.5,
      "max": 851.0,
      "percentiles": {
        "p25": 22.25,
        "p50": 24.5,
        "p75": 644.75
      }
    }
  },
  "meta": {
    "duration_seconds": 32.384509563446045,
    "test_attempts": 1,
    "vpn_restart_attempts": 0
  }
}
