{
  "status": "success",
  "data": {
    "total_bandwidth_mbps": {
      "min": 17.861,
      "average": 18.954533333333334,
      "max": 20.262,
      "percentiles": {
        "p25": 18.545250000000003,
        "p50": 18.967,
        "p75": 19.38125
      }
    },
    "cpu_usage_percent": {
      "min": 4.44,
      "average": 7.974,
      "max": 11.58,
      "percentiles": {
        "p25": 6.67,
        "p50": 7.825,
        "p75": 9.355
      }
    },
    "ttfb_ms": {
      "min": 43.0,
      "average": 63.0,
      "max": 87.0,
      "percentiles": {
        "p25": 45.0,
        "p50": 61.0,
        "p75": 83.0
      }
    },
    "conn_time_ms": {
      "min": 32.0,
      "average": 54.25,
      "max": 75.0,
      "percentiles": {
        "p25": 33.75,
        "p50": 55.0,
        "p75": 74.0
      }
    }
  },
  "meta": {
    "duration_seconds": 31.665580987930298,
    "test_attempts": 1,
    "vpn_restart_attempts": 0
  }
}
