{
  "status": "success",
  "data": {
    "bitrate_kbps": {
      "min": 1751.7,
      "average": 1944.9965517241378,
      "max": 1972.4,
      "percentiles": {
        "p25": 1941.4499999999998,
        "p50": 1960.7,
        "p75": 1966.15
      }
    },
    "fps": {
      "min": 31.0,
      "average": 32.13793103448276,
      "max": 45.0,
      "percentiles": {
        "p25": 31.0,
        "p50": 31.0,
        "p75": 32.0
      }
    },
    "dropped_frames": {
      "min": 15.0,
      "average": 15.0,
      "max": 15.0,
      "percentiles": {
        "p25": 15.0,
        "p50": 15.0,
        "p75": 15.0
      }
    }
  },
  "meta": {
    "duration_seconds": 121.09191656112671,
    "test_attempts": 1,
    "vpn_restart_attempts": 0
  }
}
