{
    "status": "success",
    "data": {
        "encoding": {
            "bitrate_kbps": {
                "min": 3310.1,
                "average": 3348.3275862068967,
                "max": 3495.3,
                "percentiles": {
                    "p25": 3321.1,
                    "p50": 3335.1,
                    "p75": 3356.2
                }
            },
            "fps": {
                "min": 31.0,
                "average": 32.13793103448276,
                "max": 45.0,
                "percentiles": {
                    "p25": 31.0,
                    "p50": 31.0,
                    "p75": 32.0
                }
            },
            "dropped_frames": {
                "min": 15.0,
                "average": 15.0,
                "max": 15.0,
                "percentiles": {
                    "p25": 15.0,
                    "p50": 15.0,
                    "p75": 15.0
                }
            }
        },
        "network": {
            "packets_dropped": {
                "min": 0.0,
                "average": 0.0,
                "max": 0.0,
                "percentiles": {
                    "p25": 0.0,
                    "p50": 0.0,
                    "p75": 0.0
                }
            },
            "packets_recovered": {
                "min": 0.0,
                "average": 0.0,
                "max": 0.0,
                "percentiles": {
                    "p25": 0.0,
                    "p50": 0.0,
                    "p75": 0.0
                }
            },
            "rtt_ms": {
                "min": 3.9700299501719107,
                "average": 4.717643279124823,
                "max": 5.792143659078172,
                "percentiles": {
                    "p25": 4.276817464488086,
                    "p50": 4.656897509340584,
                    "p75": 5.166120775782445
                }
            },
            "quality": {
                "min": 100.0,
                "average": 100.0,
                "max": 100.0,
                "percentiles": {
                    "p25": 100.0,
                    "p50": 100.0,
                    "p75": 100.0
                }
            },
            "bitrate_bps": {
                "min": 0.0,
                "average": 3169361.7419354836,
                "max": 5087029.0,
                "percentiles": {
                    "p25": 2851139.0,
                    "p50": 3560494.0,
                    "p75": 3585068.0
                }
            }
        }
    },
    "meta": {
        "duration_seconds": 31.928219318389893,
        "test_attempts": 1,
        "vpn_restart_attempts": 0,
        "vpn_restart_duration_seconds": 0.0,
        "connectivity_wait_duration_seconds": 0.0,
        "source": "luna",
        "target": "lom"
    }
}