{
  "status": "success",
  "data": {
    "rtt_min_ms": {
      "min": 0.919,
      "average": 0.9923333333333334,
      "max": 1.074,
      "percentiles": {
        "p25": 0.919,
        "p50": 0.984,
        "p75": 1.074
      }
    },
    "rtt_avg_ms": {
      "min": 15.391,
      "average": 16.592333333333332,
      "max": 17.211,
      "percentiles": {
        "p25": 15.391,
        "p50": 17.175,
        "p75": 17.211
      }
    },
    "rtt_max_ms": {
      "min": 37.57,
      "average": 39.719,
      "max": 43.149,
      "percentiles": {
        "p25": 37.57,
        "p50": 38.438,
        "p75": 43.149
      }
    },
    "rtt_mdev_ms": {
      "min": 9.511,
      "average": 9.759666666666666,
      "max": 9.981,
      "percentiles": {
        "p25": 9.511,
        "p50": 9.787,
        "p75": 9.981
      }
    },
    "packet_loss_percent": {
      "min": 7.0,
      "average": 9.0,
      "max": 10.0,
      "percentiles": {
        "p25": 7.0,
        "p50": 10.0,
        "p75": 10.0
      }
    }
  },
  "meta": {
    "duration_seconds": 61.90402102470398,
    "test_attempts": 1,
    "vpn_restart_attempts": 0,
    "vpn_restart_duration_seconds": 2.1115846633911133,
    "connectivity_wait_duration_seconds": 6.866572618484497,
    "source": "lom",
    "target": "yuki"
  }
}
