{
    "status": "success",
    "data": {
        "rtt_min_ms": {
            "min": 0.833,
            "average": 0.8485,
            "max": 0.864,
            "percentiles": {
                "p25": 0.82525,
                "p50": 0.8485,
                "p75": 0.87175
            }
        },
        "rtt_avg_ms": {
            "min": 1.056,
            "average": 1.088,
            "max": 1.12,
            "percentiles": {
                "p25": 1.04,
                "p50": 1.088,
                "p75": 1.1360000000000001
            }
        },
        "rtt_max_ms": {
            "min": 1.248,
            "average": 1.2505,
            "max": 1.253,
            "percentiles": {
                "p25": 1.24675,
                "p50": 1.2505,
                "p75": 1.2542499999999999
            }
        },
        "rtt_mdev_ms": {
            "min": 0.073,
            "average": 0.0735,
            "max": 0.074,
            "percentiles": {
                "p25": 0.07275,
                "p50": 0.0735,
                "p75": 0.07425
            }
        },
        "packet_loss_percent": {
            "min": 0.0,
            "average": 33.333333333333336,
            "max": 100.0,
            "percentiles": {
                "p25": 0.0,
                "p50": 0.0,
                "p75": 100.0
            }
        }
    },
    "meta": {
        "duration_seconds": 75.77359914779663,
        "test_attempts": 1,
        "vpn_restart_attempts": 0,
        "source": "luna",
        "target": "lom"
    }
}