{
    "status": "success",
    "data": {
        "total_bandwidth_mbps": {
            "min": 593.8700000000001,
            "average": 632.8983333333333,
            "max": 658.69,
            "percentiles": {
                "p25": 614.9625000000001,
                "p50": 636.75,
                "p75": 647.37
            }
        },
        "cpu_usage_percent": {
            "min": 0.0,
            "average": 16.136083333333332,
            "max": 73.47,
            "percentiles": {
                "p25": 10.76,
                "p50": 14.0,
                "p75": 16.7975
            }
        },
        "ttfb_ms": {
            "min": 15.0,
            "average": 17.0,
            "max": 19.0,
            "percentiles": {
                "p25": 15.25,
                "p50": 17.0,
                "p75": 18.75
            }
        },
        "conn_time_ms": {
            "min": 14.0,
            "average": 15.625,
            "max": 18.0,
            "percentiles": {
                "p25": 14.0,
                "p50": 15.5,
                "p75": 17.5
            }
        }
    },
    "meta": {
        "duration_seconds": 31.57725238800049,
        "test_attempts": 1,
        "vpn_restart_attempts": 0,
        "source": "luna",
        "target": "lom"
    }
}