{
  "status": "success",
  "data": {
    "bitrate_kbps": {
      "min": 1906.1,
      "average": 1987.8724137931035,
      "max": 2010.2,
      "percentiles": {
        "p25": 1981.6,
        "p50": 1989.5,
        "p75": 1997.1999999999998
      }
    },
    "fps": {
      "min": 31.0,
      "average": 32.13793103448276,
      "max": 45.0,
      "percentiles": {
        "p25": 31.0,
        "p50": 31.0,
        "p75": 32.0
      }
    },
    "dropped_frames": {
      "min": 15.0,
      "average": 15.0,
      "max": 15.0,
      "percentiles": {
        "p25": 15.0,
        "p50": 15.0,
        "p75": 15.0
      }
    }
  },
  "meta": {
    "duration_seconds": 31.468713760375977,
    "test_attempts": 1,
    "vpn_restart_attempts": 0,
    "source": "luna",
    "target": "lom"
  }
}
