{
    "status": "success",
    "data": {
        "rtt_min_ms": {
            "min": 1.029,
            "average": 1.0816666666666666,
            "max": 1.13,
            "percentiles": {
                "p25": 1.029,
                "p50": 1.086,
                "p75": 1.13
            }
        },
        "rtt_avg_ms": {
            "min": 15.089,
            "average": 16.188666666666666,
            "max": 17.164,
            "percentiles": {
                "p25": 15.089,
                "p50": 16.313,
                "p75": 17.164
            }
        },
        "rtt_max_ms": {
            "min": 39.09,
            "average": 40.36666666666667,
            "max": 41.122,
            "percentiles": {
                "p25": 39.09,
                "p50": 40.888,
                "p75": 41.122
            }
        },
        "rtt_mdev_ms": {
            "min": 10.035,
            "average": 10.086333333333334,
            "max": 10.138,
            "percentiles": {
                "p25": 10.035,
                "p50": 10.086,
                "p75": 10.138
            }
        },
        "packet_loss_percent": {
            "min": 5.0,
            "average": 5.666666666666667,
            "max": 6.0,
            "percentiles": {
                "p25": 5.0,
                "p50": 6.0,
                "p75": 6.0
            }
        }
    },
    "meta": {
        "duration_seconds": 61.83996796607971,
        "test_attempts": 1,
        "vpn_restart_attempts": 0,
        "vpn_restart_duration_seconds": 2.891341209411621,
        "connectivity_wait_duration_seconds": 4.619034051895142,
        "source": "lom",
        "target": "yuki"
    }
}