{
  "status": "success",
  "data": {
    "encoding": {
      "bitrate_kbps": {
        "min": 3317.5,
        "average": 3354.951724137931,
        "max": 3506.7,
        "percentiles": {
          "p25": 3325.8,
          "p50": 3339.6,
          "p75": 3364.7
        }
      },
      "fps": {
        "min": 30.0,
        "average": 32.06896551724138,
        "max": 45.0,
        "percentiles": {
          "p25": 31.0,
          "p50": 31.0,
          "p75": 32.0
        }
      },
      "dropped_frames": {
        "min": 15.0,
        "average": 15.0,
        "max": 15.0,
        "percentiles": {
          "p25": 15.0,
          "p50": 15.0,
          "p75": 15.0
        }
      }
    },
    "network": {
      "packets_dropped": {
        "min": 0.0,
        "average": 1790.2903225806451,
        "max": 55499.0,
        "percentiles": {
          "p25": 0.0,
          "p50": 0.0,
          "p75": 0.0
        }
      },
      "packets_recovered": {
        "min": 0.0,
        "average": 129.4516129032258,
        "max": 280.0,
        "percentiles": {
          "p25": 114.0,
          "p50": 127.0,
          "p75": 149.0
        }
      },
      "rtt_ms": {
        "min": 5.0,
        "average": 17.158819303932916,
        "max": 21.76781256410119,
        "percentiles": {
          "p25": 16.508674222642455,
          "p50": 17.66231422732701,
          "p75": 18.7895783308696
        }
      },
      "quality": {
        "min": 63.0,
        "average": 72.19354838709677,
        "max": 100.0,
        "percentiles": {
          "p25": 69.0,
          "p50": 72.0,
          "p75": 74.0
        }
      },
      "bitrate_bps": {
        "min": 0.0,
        "average": 3157595.3225806453,
        "max": 5172751.0,
        "percentiles": {
          "p25": 2883735.0,
          "p50": 3470643.0,
          "p75": 3586663.0
        }
      }
    }
  },
  "meta": {
    "duration_seconds": 31.603021383285522,
    "test_attempts": 1,
    "vpn_restart_attempts": 0,
    "vpn_restart_duration_seconds": 2.1153483390808105,
    "connectivity_wait_duration_seconds": 8.68811297416687,
    "source": "lom",
    "target": "yuki"
  }
}
