{
  "status": "success",
  "data": {
    "total_bandwidth_mbps": {
      "min": 2.5296000000000003,
      "average": 3.1741466666666667,
      "max": 3.5004,
      "percentiles": {
        "p25": 3.0541,
        "p50": 3.1963999999999997,
        "p75": 3.3239
      }
    },
    "cpu_usage_percent": {
      "min": 0.0,
      "average": 1.4977916666666666,
      "max": 17.0,
      "percentiles": {
        "p25": 1.01,
        "p50": 1.03,
        "p75": 2.0
      }
    },
    "ttfb_ms": {
      "min": 87.0,
      "average": 244.5,
      "max": 377.0,
      "percentiles": {
        "p25": 174.5,
        "p50": 245.5,
        "p75": 325.25
      }
    },
    "conn_time_ms": {
      "min": 49.0,
      "average": 180.5,
      "max": 276.0,
      "percentiles": {
        "p25": 142.25,
        "p50": 169.0,
        "p75": 250.0
      }
    }
  },
  "meta": {
    "duration_seconds": 32.416548013687134,
    "test_attempts": 1,
    "vpn_restart_attempts": 0,
    "vpn_restart_duration_seconds": 3.4745893478393555,
    "connectivity_wait_duration_seconds": 2.591481924057007,
    "source": "luna",
    "target": "lom"
  }
}
