{
    "status": "success",
    "data": {
        "rtt_min_ms": {
            "min": 1.078,
            "average": 1.1413333333333333,
            "max": 1.189,
            "percentiles": {
                "p25": 1.078,
                "p50": 1.157,
                "p75": 1.189
            }
        },
        "rtt_avg_ms": {
            "min": 16.151,
            "average": 16.514,
            "max": 17.046,
            "percentiles": {
                "p25": 16.151,
                "p50": 16.345,
                "p75": 17.046
            }
        },
        "rtt_max_ms": {
            "min": 36.606,
            "average": 39.87233333333334,
            "max": 42.235,
            "percentiles": {
                "p25": 36.606,
                "p50": 40.776,
                "p75": 42.235
            }
        },
        "rtt_mdev_ms": {
            "min": 9.41,
            "average": 9.906666666666666,
            "max": 10.37,
            "percentiles": {
                "p25": 9.41,
                "p50": 9.94,
                "p75": 10.37
            }
        },
        "packet_loss_percent": {
            "min": 5.0,
            "average": 5.666666666666667,
            "max": 6.0,
            "percentiles": {
                "p25": 5.0,
                "p50": 6.0,
                "p75": 6.0
            }
        }
    },
    "meta": {
        "duration_seconds": 62.601775884628296,
        "test_attempts": 1,
        "vpn_restart_attempts": 0,
        "vpn_restart_duration_seconds": 35.95517039299011,
        "connectivity_wait_duration_seconds": 5.825835943222046,
        "source": "yuki",
        "target": "luna"
    }
}