{
    "status": "success",
    "data": {
        "rtt_min_ms": {
            "min": 1.112,
            "average": 1.1560000000000001,
            "max": 1.229,
            "percentiles": {
                "p25": 1.112,
                "p50": 1.127,
                "p75": 1.229
            }
        },
        "rtt_avg_ms": {
            "min": 16.449,
            "average": 16.777333333333335,
            "max": 17.308,
            "percentiles": {
                "p25": 16.449,
                "p50": 16.575,
                "p75": 17.308
            }
        },
        "rtt_max_ms": {
            "min": 36.418,
            "average": 38.05166666666667,
            "max": 40.06,
            "percentiles": {
                "p25": 36.418,
                "p50": 37.677,
                "p75": 40.06
            }
        },
        "rtt_mdev_ms": {
            "min": 9.328,
            "average": 9.662333333333333,
            "max": 9.995,
            "percentiles": {
                "p25": 9.328,
                "p50": 9.664,
                "p75": 9.995
            }
        },
        "packet_loss_percent": {
            "min": 4.0,
            "average": 4.333333333333333,
            "max": 5.0,
            "percentiles": {
                "p25": 4.0,
                "p50": 4.0,
                "p75": 5.0
            }
        }
    },
    "meta": {
        "duration_seconds": 62.04449510574341,
        "test_attempts": 1,
        "vpn_restart_attempts": 0,
        "vpn_restart_duration_seconds": 36.50724792480469,
        "connectivity_wait_duration_seconds": 5.849113941192627,
        "source": "yuki",
        "target": "luna"
    }
}