{
    "status": "success",
    "data": {
        "bitrate_kbps": {
            "min": 1910.1,
            "average": 1988.5103448275863,
            "max": 2011.9,
            "percentiles": {
                "p25": 1981.85,
                "p50": 1989.7,
                "p75": 1997.75
            }
        },
        "fps": {
            "min": 31.0,
            "average": 32.13793103448276,
            "max": 45.0,
            "percentiles": {
                "p25": 31.0,
                "p50": 31.0,
                "p75": 32.0
            }
        },
        "dropped_frames": {
            "min": 15.0,
            "average": 15.0,
            "max": 15.0,
            "percentiles": {
                "p25": 15.0,
                "p50": 15.0,
                "p75": 15.0
            }
        }
    },
    "meta": {
        "duration_seconds": 32.42090177536011,
        "test_attempts": 1,
        "vpn_restart_attempts": 0,
        "vpn_restart_duration_seconds": 35.443381786346436,
        "connectivity_wait_duration_seconds": 3.0033137798309326,
        "source": "yuki",
        "target": "luna"
    }
}