{
  "status": "success",
  "data": {
    "encoding": {
      "bitrate_kbps": {
        "min": 3299.8,
        "average": 3347.9241379310347,
        "max": 3493.5,
        "percentiles": {
          "p25": 3320.85,
          "p50": 3335.5,
          "p75": 3357.0
        }
      },
      "fps": {
        "min": 31.0,
        "average": 32.13793103448276,
        "max": 45.0,
        "percentiles": {
          "p25": 31.0,
          "p50": 31.0,
          "p75": 32.0
        }
      },
      "dropped_frames": {
        "min": 15.0,
        "average": 15.0,
        "max": 15.0,
        "percentiles": {
          "p25": 15.0,
          "p50": 15.0,
          "p75": 15.0
        }
      }
    },
    "network": {
      "packets_dropped": {
        "min": 0.0,
        "average": 0.0,
        "max": 0.0,
        "percentiles": {
          "p25": 0.0,
          "p50": 0.0,
          "p75": 0.0
        }
      },
      "packets_recovered": {
        "min": 0.0,
        "average": 0.0,
        "max": 0.0,
        "percentiles": {
          "p25": 0.0,
          "p50": 0.0,
          "p75": 0.0
        }
      },
      "rtt_ms": {
        "min": 3.555989283503226,
        "average": 4.783068256065387,
        "max": 5.405625380823648,
        "percentiles": {
          "p25": 4.585175945472922,
          "p50": 4.869219746042286,
          "p75": 5.023358852349738
        }
      },
      "quality": {
        "min": 100.0,
        "average": 100.0,
        "max": 100.0,
        "percentiles": {
          "p25": 100.0,
          "p50": 100.0,
          "p75": 100.0
        }
      },
      "bitrate_bps": {
        "min": 0.0,
        "average": 3173107.3225806453,
        "max": 5125386.0,
        "percentiles": {
          "p25": 2874141.0,
          "p50": 3561075.0,
          "p75": 3597953.0
        }
      }
    }
  },
  "meta": {
    "duration_seconds": 31.335325956344604,
    "test_attempts": 1,
    "vpn_restart_attempts": 0,
    "vpn_restart_duration_seconds": 0.0,
    "connectivity_wait_duration_seconds": 0.0,
    "source": "lom",
    "target": "yuki"
  }
}
