{
  "status": "success",
  "data": {
    "total_bandwidth_mbps": {
      "min": 20.882,
      "average": 23.4638,
      "max": 25.331,
      "percentiles": {
        "p25": 22.674750000000003,
        "p50": 23.6,
        "p75": 24.2575
      }
    },
    "cpu_usage_percent": {
      "min": 0.0,
      "average": 4.188041666666667,
      "max": 25.0,
      "percentiles": {
        "p25": 2.0,
        "p50": 3.96,
        "p75": 5.1
      }
    },
    "ttfb_ms": {
      "min": 10.0,
      "average": 59.875,
      "max": 113.0,
      "percentiles": {
        "p25": 27.5,
        "p50": 44.0,
        "p75": 104.5
      }
    },
    "conn_time_ms": {
      "min": 10.0,
      "average": 51.75,
      "max": 107.0,
      "percentiles": {
        "p25": 19.75,
        "p50": 34.5,
        "p75": 99.25
      }
    }
  },
  "meta": {
    "duration_seconds": 32.30797076225281,
    "test_attempts": 1,
    "vpn_restart_attempts": 0,
    "vpn_restart_duration_seconds": 2.010322093963623,
    "connectivity_wait_duration_seconds": 4.366376876831055,
    "source": "lom",
    "target": "yuki"
  }
}
