{
    "status": "success",
    "data": {
        "encoding": {
            "bitrate_kbps": {
                "min": 3313.8,
                "average": 3354.689655172414,
                "max": 3498.9,
                "percentiles": {
                    "p25": 3328.4,
                    "p50": 3340.9,
                    "p75": 3360.55
                }
            },
            "fps": {
                "min": 30.0,
                "average": 32.10344827586207,
                "max": 45.0,
                "percentiles": {
                    "p25": 31.0,
                    "p50": 31.0,
                    "p75": 32.0
                }
            },
            "dropped_frames": {
                "min": 15.0,
                "average": 15.0,
                "max": 15.0,
                "percentiles": {
                    "p25": 15.0,
                    "p50": 15.0,
                    "p75": 15.0
                }
            }
        },
        "network": {
            "packets_dropped": {
                "min": 0.0,
                "average": 288.83870967741933,
                "max": 371.0,
                "percentiles": {
                    "p25": 257.0,
                    "p50": 315.0,
                    "p75": 329.0
                }
            },
            "packets_recovered": {
                "min": 0.0,
                "average": 1.7741935483870968,
                "max": 4.0,
                "percentiles": {
                    "p25": 0.0,
                    "p50": 2.0,
                    "p75": 3.0
                }
            },
            "rtt_ms": {
                "min": 9.209053206928015,
                "average": 18.622386486172033,
                "max": 23.291646711138874,
                "percentiles": {
                    "p25": 16.753879686386416,
                    "p50": 19.015170518190246,
                    "p75": 20.227969388356186
                }
            },
            "quality": {
                "min": 8.0,
                "average": 12.935483870967742,
                "max": 100.0,
                "percentiles": {
                    "p25": 9.0,
                    "p50": 9.0,
                    "p75": 12.0
                }
            },
            "bitrate_bps": {
                "min": 0.0,
                "average": 150843.12903225806,
                "max": 248312.0,
                "percentiles": {
                    "p25": 142841.0,
                    "p50": 155420.0,
                    "p75": 166433.0
                }
            }
        }
    },
    "meta": {
        "duration_seconds": 31.999719619750977,
        "test_attempts": 1,
        "vpn_restart_attempts": 0,
        "vpn_restart_duration_seconds": 6.409486770629883,
        "connectivity_wait_duration_seconds": 6.761040210723877,
        "source": "yuki",
        "target": "luna"
    }
}