{
  "status": "success",
  "data": {
    "encoding": {
      "bitrate_kbps": {
        "min": 3304.8,
        "average": 3345.9172413793103,
        "max": 3518.9,
        "percentiles": {
          "p25": 3319.85,
          "p50": 3333.9,
          "p75": 3355.1
        }
      },
      "fps": {
        "min": 31.0,
        "average": 32.13793103448276,
        "max": 45.0,
        "percentiles": {
          "p25": 31.0,
          "p50": 31.0,
          "p75": 32.0
        }
      },
      "dropped_frames": {
        "min": 15.0,
        "average": 15.0,
        "max": 15.0,
        "percentiles": {
          "p25": 15.0,
          "p50": 15.0,
          "p75": 15.0
        }
      }
    },
    "network": {
      "packets_dropped": {
        "min": 0.0,
        "average": 1790.3225806451612,
        "max": 55500.0,
        "percentiles": {
          "p25": 0.0,
          "p50": 0.0,
          "p75": 0.0
        }
      },
      "packets_recovered": {
        "min": 0.0,
        "average": 34.58064516129032,
        "max": 124.0,
        "percentiles": {
          "p25": 23.0,
          "p50": 32.0,
          "p75": 38.0
        }
      },
      "rtt_ms": {
        "min": 4.9921527918608,
        "average": 12.75718874895107,
        "max": 15.422448822074768,
        "percentiles": {
          "p25": 11.445589948653854,
          "p50": 13.191793324605287,
          "p75": 14.080029020013425
        }
      },
      "quality": {
        "min": 80.0,
        "average": 90.48387096774194,
        "max": 100.0,
        "percentiles": {
          "p25": 88.0,
          "p50": 91.0,
          "p75": 93.0
        }
      },
      "bitrate_bps": {
        "min": 0.0,
        "average": 3154607.7741935486,
        "max": 5197592.0,
        "percentiles": {
          "p25": 2838951.0,
          "p50": 3571214.0,
          "p75": 3609859.0
        }
      }
    }
  },
  "meta": {
    "duration_seconds": 31.900102376937866,
    "test_attempts": 1,
    "vpn_restart_attempts": 0,
    "vpn_restart_duration_seconds": 0.0,
    "connectivity_wait_duration_seconds": 0.0,
    "source": "yuki",
    "target": "luna"
  }
}
